date,trailing_pe
2003-06-09,32.21208
2003-06-10,32.505041
2003-06-11,32.922943
2003-06-12,32.957718
2003-06-13,32.626976
2003-06-16,33.357447
2003-06-17,33.407636
2003-06-18,33.417466
2003-06-19,33.266049
2003-06-20,33.299124
2003-06-23,32.970303
2003-06-24,33.023963
2003-06-25,32.745069
2003-06-26,33.096773
2003-06-27,32.767448
2003-06-30,32.71465
2003-07-01,32.98337
2003-07-02,33.357991
2003-07-03,33.086126
2003-07-07,33.709011
2003-07-08,33.821488
2003-07-09,33.622923
2003-07-10,33.196632
2003-07-11,33.590276
2003-07-14,33.7039
2003-07-15,33.091682
2003-07-16,32.601374
2003-07-17,32.034479
2003-07-18,32.417647
2003-07-21,31.802223
2003-07-22,32.08664
2003-07-23,31.022322
2003-07-24,29.243885
2003-07-25,30.507033
2003-07-28,30.431202
2003-07-29,29.705706
2003-07-30,29.5219
2003-07-31,29.314696
2003-08-01,28.89176
2003-08-04,28.901328
2003-08-05,28.389385
2003-08-06,28.330927
2003-08-07,28.574775
2003-08-08,28.687017
2003-08-11,28.76823
2003-08-12,30.304476
2003-08-13,30.077907
2003-08-14,30.243316
2003-08-15,30.262805
2003-08-18,30.663484
2003-08-19,30.499989
2003-08-20,30.274456
2003-08-21,30.33868
2003-08-22,30.020498
2003-08-25,30.045
2003-08-26,30.133135
2003-08-27,30.141752
2003-08-28,30.332976
2003-08-29,30.480621
2003-09-02,30.897789
2003-09-03,30.908753
2003-09-04,30.973996
2003-09-05,30.772813
2003-09-08,31.085494
2003-09-09,30.839555
2003-09-10,30.488761
2003-09-11,30.649405
2003-09-12,30.714013
2003-09-15,30.592901
2003-09-16,31.032802
2003-09-17,30.954324
2003-09-18,31.336884
2003-09-19,31.24006
2003-09-22,30.872186
2003-09-23,30.94539
2003-09-24,30.32281
2003-09-25,29.890668
2003-09-26,29.700783
2003-09-29,30.095989
2003-09-30,29.770133
2003-10-01,30.420923
2003-10-02,30.490042
2003-10-03,30.775711
2003-10-06,30.904819
2003-10-07,31.033253
2003-10-08,30.875931
2003-10-09,31.028774
2003-10-10,31.001701
2003-10-13,31.211795
2003-10-14,31.072373
2003-10-15,30.862351
2003-10-16,31.009023
2003-10-17,30.697873
2003-10-20,30.791801
2003-10-21,30.550165
2003-10-22,29.574556
2003-10-23,29.124896
2003-10-24,28.972293
2003-10-27,28.93613
2003-10-28,29.981569
2003-10-29,29.832106
2003-10-30,29.653384
2003-10-31,29.363207
2003-11-03,29.572947
2003-11-04,29.163462
2003-11-05,29.052171
2003-11-06,29.099248
2003-11-07,28.950945
2003-11-10,28.856992
2003-11-11,28.873492
2003-11-12,29.231228
2003-11-13,29.223627
2003-11-14,28.974666
2003-11-17,28.749914
2003-11-18,28.468269
2003-11-19,27.414527
2003-11-20,27.152224
2003-11-21,27.191707
2003-11-24,27.627677
2003-11-25,27.680536
2003-11-26,27.790654
2003-11-28,27.798671
2003-12-01,28.105367
2003-12-02,27.936368
2003-12-03,27.88431
2003-12-04,28.012858
2003-12-05,27.809665
2003-12-08,28.003009
2003-12-09,27.773655
2003-12-10,27.747415
2003-12-11,28.006947
2003-12-12,28.082006
2003-12-15,27.921424
2003-12-16,28.101478
2003-12-17,28.104066
2003-12-18,28.373906
2003-12-19,28.382824
2003-12-22,28.53724
2003-12-23,28.585676
2003-12-24,28.536398
2003-12-26,28.583327
2003-12-29,28.941582
2003-12-30,28.937918
2003-12-31,28.992973
2004-01-02,28.90422
2004-01-05,29.266743
2004-01-06,29.310608
2004-01-07,29.387501
2004-01-08,29.489295
2004-01-09,29.234176
2004-01-12,29.377731
2004-01-13,29.228093
2004-01-14,29.340455
2004-01-15,29.04445
2004-01-16,29.099373
2004-01-20,28.606146
2004-01-21,28.366147
2004-01-22,28.380703
2004-01-23,27.99553
2004-01-26,28.236718
2004-01-27,27.797603
2004-01-28,24.179533
2004-01-29,24.092925
2004-01-30,23.96328
2004-02-02,24.030791
2004-02-03,23.829821
2004-02-04,23.527042
2004-02-05,23.41811
2004-02-06,23.729845
2004-02-09,23.651019
2004-02-10,23.806836
2004-02-11,23.852022
2004-02-12,23.718562
2004-02-13,23.595615
2004-02-17,23.810866
2004-02-18,23.693347
2004-02-19,23.585091
2004-02-20,23.527654
2004-02-23,23.452131
2004-02-24,23.382092
2004-02-25,23.483904
2004-02-26,23.535643
2004-02-27,23.519031
2004-03-01,23.783007
2004-03-02,23.641328
2004-03-03,23.678545
2004-03-04,23.847645
2004-03-05,23.891322
2004-03-08,23.692871
2004-03-09,23.608995
2004-03-10,23.208897
2004-03-11,22.786597
2004-03-12,23.061571
2004-03-15,22.746235
2004-03-16,22.860663
2004-03-17,23.118741
2004-03-18,23.058997
2004-03-19,22.805428
2004-03-22,22.54184
2004-03-23,22.482897
2004-03-24,22.397249
2004-03-25,22.772011
2004-03-26,22.753517
2004-03-29,23.045897
2004-03-30,23.138146
2004-03-31,23.112268
2004-04-01,23.150624
2004-04-02,23.277161
2004-04-05,23.456731
2004-04-06,23.397208
2004-04-07,23.242129
2004-04-08,23.215993
2004-04-12,23.336267
2004-04-13,22.920239
2004-04-14,22.833338
2004-04-15,22.794958
2004-04-16,22.907661
2004-04-19,22.901516
2004-04-20,22.293276
2004-04-21,22.302679
2004-04-22,22.483404
2004-04-23,22.407188
2004-04-26,22.297065
2004-04-27,22.315484
2004-04-28,21.841886
2004-04-29,21.661231
2004-04-30,21.527108
2004-05-03,21.689009
2004-05-04,21.481749
2004-05-05,21.502065
2004-05-06,21.475644
2004-05-07,21.197822
2004-05-10,20.954256
2004-05-11,21.096699
2004-05-12,21.122538
2004-05-13,21.073664
2004-05-14,21.061336
2004-05-17,20.824408
2004-05-18,20.903356
2004-05-19,20.818838
2004-05-20,20.819465
2004-05-21,20.901206
2004-05-24,20.927776
2004-05-25,21.257168
2004-05-26,21.292134
2004-05-27,21.411529
2004-05-28,21.404535
2004-06-01,21.415141
2004-06-02,21.494851
2004-06-03,21.333337
2004-06-04,21.447682
2004-06-07,21.791699
2004-06-08,21.827839
2004-06-09,21.615284
2004-06-10,21.708186
2004-06-14,21.493188
2004-06-15,21.613584
2004-06-16,21.63838
2004-06-17,21.463592
2004-06-18,21.513145
2004-06-21,21.440958
2004-06-22,21.481034
2004-06-23,21.645673
2004-06-24,21.574076
2004-06-25,21.471885
2004-06-28,21.43066
2004-06-29,21.49288
2004-06-30,21.573496
2004-07-01,21.262829
2004-07-02,21.194007
2004-07-06,21.022306
2004-07-07,21.051779
2004-07-08,20.878956
2004-07-09,20.955103
2004-07-12,20.976359
2004-07-13,20.881352
2004-07-14,20.789096
2004-07-15,20.784722
2004-07-16,20.686216
2004-07-19,20.633545
2004-07-20,20.620153
2004-07-21,19.943621
2004-07-22,20.096467
2004-07-23,19.878056
2004-07-26,19.811468
2004-07-27,19.940311
2004-07-28,19.82801
2004-07-29,19.841118
2004-07-30,19.780755
2004-08-02,19.960943
2004-08-03,19.858725
2004-08-04,19.824383
2004-08-05,19.513553
2004-08-06,19.183931
2004-08-09,19.200571
2004-08-10,19.422665
2004-08-11,19.367565
2004-08-12,19.031357
2004-08-13,19.058363
2004-08-16,19.306283
2004-08-17,19.312347
2004-08-18,19.55183
2004-08-19,19.476347
2004-08-20,19.601048
2004-08-23,19.548952
2004-08-24,19.560837
2004-08-25,19.71855
2004-08-26,19.724005
2004-08-27,19.773105
2004-08-30,19.620052
2004-08-31,19.713588
2004-09-01,19.749418
2004-09-02,19.972307
2004-09-03,19.888188
2004-09-07,20.026653
2004-09-08,19.93289
2004-09-09,19.969622
2004-09-10,20.065409
2004-09-13,20.10454
2004-09-14,20.147038
2004-09-15,20.003966
2004-09-16,20.054822
2004-09-17,20.136018
2004-09-20,20.036119
2004-09-21,20.158666
2004-09-22,19.886329
2004-09-23,19.790776
2004-09-24,19.820452
2004-09-27,19.704908
2004-09-28,19.816093
2004-09-29,19.893012
2004-09-30,19.810629
2004-10-01,20.101982
2004-10-04,20.16545
2004-10-05,20.158483
2004-10-06,20.284874
2004-10-07,20.079473
2004-10-08,19.938374
2004-10-11,19.980859
2004-10-12,19.910983
2004-10-13,19.759119
2004-10-14,19.54591
2004-10-15,19.629661
2004-10-18,19.702325
2004-10-19,19.45667
2004-10-20,19.514022
2004-10-21,19.758546
2004-10-22,19.515221
2004-10-25,19.230477
2004-10-26,19.417421
2004-10-27,19.515199
2004-10-28,19.312911
2004-10-29,19.323842
2004-11-01,19.291923
2004-11-02,19.274181
2004-11-03,19.475505
2004-11-04,19.764038
2004-11-05,19.852714
2004-11-08,19.825773
2004-11-09,19.820296
2004-11-10,19.801112
2004-11-11,19.970534
2004-11-12,20.145857
2004-11-15,20.082264
2004-11-16,19.902845
2004-11-17,19.995097
2004-11-18,20.015604
2004-11-19,19.795968
2004-11-22,19.908921
2004-11-23,19.875345
2004-11-24,19.958229
2004-11-26,19.971361
2004-11-29,19.903154
2004-11-30,19.823692
2004-12-01,20.114694
2004-12-02,20.086346
2004-12-03,20.065486
2004-12-06,20.05072
2004-12-07,19.832196
2004-12-08,19.925571
2004-12-09,20.044781
2004-12-10,20.024948
2004-12-13,20.201269
2004-12-14,20.279885
2004-12-15,20.314355
2004-12-16,20.242978
2004-12-17,20.094231
2004-12-20,20.196889
2004-12-21,20.363613
2004-12-22,20.424232
2004-12-23,20.434551
2004-12-27,20.345095
2004-12-28,20.491939
2004-12-29,20.473223
2004-12-30,20.473698
2004-12-31,20.446383
2005-01-03,20.278553
2005-01-04,20.040862
2005-01-05,19.965441
2005-01-06,20.034018
2005-01-07,20.006394
2005-01-10,20.074476
2005-01-11,19.944297
2005-01-12,20.014098
2005-01-13,19.834627
2005-01-14,19.947934
2005-01-18,20.076693
2005-01-19,19.806605
2005-01-20,19.58745
2005-01-21,19.427652
2005-01-24,19.338115
2005-01-25,19.476592
2005-01-26,19.577001
2005-01-27,19.415643
2005-01-28,19.276704
2005-01-31,19.427013
2005-02-01,19.51791
2005-02-02,19.513295
2005-02-03,19.445984
2005-02-04,19.667256
2005-02-07,19.611876
2005-02-08,19.599731
2005-02-09,19.401229
2005-02-10,19.485778
2005-02-11,19.620373
2005-02-14,19.633571
2005-02-15,19.655548
2005-02-16,19.64848
2005-02-17,19.486334
2005-02-18,19.497663
2005-02-22,19.197326
2005-02-23,19.295859
2005-02-24,19.406128
2005-02-25,19.595659
2005-02-28,19.466573
2005-03-01,19.65016
2005-03-02,19.641155
2005-03-03,19.64729
2005-03-04,19.827085
2005-03-07,19.877844
2005-03-08,19.817541
2005-03-09,19.624379
2005-03-10,19.679165
2005-03-11,19.53055
2005-03-14,19.640488
2005-03-15,19.492304
2005-03-16,19.358227
2005-03-17,19.371118
2005-03-18,19.364019
2005-03-21,19.233853
2005-03-22,19.049808
2005-03-23,19.062192
2005-03-24,19.044029
2005-03-28,19.068622
2005-03-29,18.916616
2005-03-30,19.175199
2005-03-31,19.161939
2005-04-01,19.034969
2005-04-04,19.087771
2005-04-05,19.172721
2005-04-06,19.213625
2005-04-07,19.326091
2005-04-08,19.164991
2005-04-11,19.166515
2005-04-12,19.267702
2005-04-13,19.030336
2005-04-14,18.795512
2005-04-15,18.465377
2005-04-18,18.470038
2005-04-19,18.673492
2005-04-20,18.401258
2005-04-21,18.714006
2005-04-22,18.588431
2005-04-25,18.774206
2005-04-26,18.517462
2005-04-27,18.543352
2005-04-28,18.128156
2005-04-29,18.3429
2005-05-02,18.420306
2005-05-03,18.371006
2005-05-04,18.599678
2005-05-05,18.53911
2005-05-06,18.519766
2005-05-09,18.632809
2005-05-10,18.432137
2005-05-11,18.504566
2005-05-12,18.297561
2005-05-13,18.214867
2005-05-16,18.39699
2005-05-17,18.509547
2005-05-18,18.693032
2005-05-19,18.778662
2005-05-20,18.748049
2005-05-23,18.81995
2005-05-24,18.840261
2005-05-25,18.777257
2005-05-26,18.897318
2005-05-27,18.916842
2005-05-31,18.845378
2005-06-01,19.010255
2005-06-02,19.045684
2005-06-03,18.9114
2005-06-06,18.93861
2005-06-07,18.933899
2005-06-08,18.890095
2005-06-09,18.990871
2005-06-10,18.940563
2005-06-13,18.97907
2005-06-14,19.024356
2005-06-15,19.06954
2005-06-16,19.144174
2005-06-17,19.241226
2005-06-20,19.233676
2005-06-21,19.192197
2005-06-22,19.205048
2005-06-23,19.004282
2005-06-24,18.858649
2005-06-27,18.841287
2005-06-28,18.978578
2005-06-29,18.950337
2005-06-30,18.995735
2005-07-01,19.044583
2005-07-05,19.200409
2005-07-06,19.039006
2005-07-07,19.08357
2005-07-08,19.30737
2005-07-11,19.431147
2005-07-12,19.468595
2005-07-13,19.47292
2005-07-14,19.515359
2005-07-15,19.576699
2005-07-18,19.329786
2005-07-19,19.371758
2005-07-20,19.4177
2005-07-21,19.299354
2005-07-22,19.385075
2005-07-25,19.24612
2005-07-26,19.225821
2005-07-27,19.288292
2005-07-28,19.212476
2005-07-29,19.052457
2005-08-01,19.063046
2005-08-02,19.135934
2005-08-03,19.152153
2005-08-04,18.998116
2005-08-05,18.854896
2005-08-08,18.789415
2005-08-09,18.813398
2005-08-10,18.722941
2005-08-11,18.841632
2005-08-12,18.723434
2005-08-15,18.764083
2005-08-16,18.541006
2005-08-17,18.555635
2005-08-18,18.536749
2005-08-19,18.555187
2005-08-22,18.586294
2005-08-23,18.521138
2005-08-24,18.400649
2005-08-25,18.442302
2005-08-26,18.335095
2005-08-29,18.444055
2005-08-30,18.377935
2005-08-31,18.560336
2005-09-01,18.575725
2005-09-02,18.521655
2005-09-06,18.758883
2005-09-07,18.799182
2005-09-08,18.734807
2005-09-09,18.884931
2005-09-12,18.871066
2005-09-13,18.72988
2005-09-14,18.659263
2005-09-15,18.665954
2005-09-16,18.821188
2005-09-19,18.689774
2005-09-20,18.525529
2005-09-21,18.343249
2005-09-22,18.400554
2005-09-23,18.409263
2005-09-26,18.418196
2005-09-27,18.41941
2005-09-28,18.4409
2005-09-29,18.624518
2005-09-30,18.633972
2005-10-03,18.564652
2005-10-04,18.36365
2005-10-05,18.086625
2005-10-06,18.009679
2005-10-07,18.075528
2005-10-10,17.943276
2005-10-11,17.729681
2005-10-12,17.620744
2005-10-13,17.607471
2005-10-14,17.734103
2005-10-17,17.863883
2005-10-18,17.593322
2005-10-19,17.773651
2005-10-20,17.597174
2005-10-21,17.417176
2005-10-24,17.688871
2005-10-25,17.6143
2005-10-26,17.394121
2005-10-27,17.00521
2005-10-28,17.258135
2005-10-31,17.329607
2005-11-01,17.295415
2005-11-02,17.414028
2005-11-03,17.472029
2005-11-04,17.470753
2005-11-07,17.515849
2005-11-08,17.451685
2005-11-09,17.513773
2005-11-10,17.660864
2005-11-11,17.71627
2005-11-14,17.722953
2005-11-15,17.645895
2005-11-16,17.660042
2005-11-17,17.845121
2005-11-18,17.921091
2005-11-21,18.054377
2005-11-22,18.151817
2005-11-23,18.215742
2005-11-25,18.252398
2005-11-28,18.092091
2005-11-29,18.092224
2005-11-30,17.980965
2005-12-01,18.201144
2005-12-02,18.198675
2005-12-05,18.157718
2005-12-06,18.194132
2005-12-07,18.101755
2005-12-08,18.781095
2005-12-09,18.824194
2005-12-12,18.830348
2005-12-13,18.93437
2005-12-14,19.017152
2005-12-15,18.957986
2005-12-16,18.906106
2005-12-19,18.795962
2005-12-20,18.765731
2005-12-21,18.806957
2005-12-22,18.894442
2005-12-23,18.894115
2005-12-27,18.697819
2005-12-28,18.731556
2005-12-29,18.674041
2005-12-30,18.577165
2006-01-03,18.634906
2006-01-04,18.698453
2006-01-05,18.69278
2006-01-06,18.866726
2006-01-09,18.936609
2006-01-10,18.931225
2006-01-11,18.99304
2006-01-12,18.875425
2006-01-13,18.896279
2006-01-17,18.815677
2006-01-18,18.686548
2006-01-19,18.753981
2006-01-20,18.450892
2006-01-23,18.492504
2006-01-24,18.512945
2006-01-25,18.399444
2006-01-26,18.471223
2006-01-27,18.607636
2006-01-30,18.530959
2006-01-31,18.321721
2006-02-01,18.319836
2006-02-02,18.145835
2006-02-03,18.059003
2006-02-06,18.051645
2006-02-07,17.938653
2006-02-08,18.071348
2006-02-09,18.044241
2006-02-10,18.088795
2006-02-13,18.029311
2006-02-14,18.185577
2006-02-15,18.222389
2006-02-16,18.345843
2006-02-17,18.319896
2006-02-21,18.236661
2006-02-22,18.382227
2006-02-23,18.228853
2006-02-24,18.251193
2006-02-27,18.315906
2006-02-28,18.135586
2006-03-01,18.23826
2006-03-02,18.179412
2006-03-03,18.146581
2006-03-06,18.01254
2006-03-07,17.942414
2006-03-08,17.978149
2006-03-09,17.886669
2006-03-10,18.017634
2006-03-13,18.05528
2006-03-14,18.218173
2006-03-15,18.288198
2006-03-16,18.482916
2006-03-17,18.510562
2006-03-20,18.4888
2006-03-21,18.373639
2006-03-22,18.477781
2006-03-23,18.432614
2006-03-24,18.454228
2006-03-27,18.433919
2006-03-28,18.374368
2006-03-29,18.516977
2006-03-30,18.478154
2006-03-31,18.400921
2006-04-03,18.507998
2006-04-04,18.614987
2006-04-05,18.690946
2006-04-06,18.654962
2006-04-07,18.45736
2006-04-10,18.454535
2006-04-11,18.315173
2006-04-12,18.330168
2006-04-13,18.327698
2006-04-17,18.241779
2006-04-18,18.513242
2006-04-19,18.411808
2006-04-20,18.314764
2006-04-21,18.372273
2006-04-24,18.307219
2006-04-25,18.151531
2006-04-26,18.182422
2006-04-27,18.161243
2006-04-28,18.140282
2006-05-01,18.057785
2006-05-02,18.171849
2006-05-03,18.092477
2006-05-04,18.123732
2006-05-05,18.30709
2006-05-08,18.280476
2006-05-09,18.285643
2006-05-10,18.258746
2006-05-11,18.02075
2006-05-12,17.814086
2006-05-15,17.85294
2006-05-16,17.803241
2006-05-17,17.500375
2006-05-18,17.37756
2006-05-19,17.449205
2006-05-22,17.374824
2006-05-23,17.284061
2006-05-24,17.314424
2006-05-25,17.516106
2006-05-26,17.617247
2006-05-30,17.335426
2006-05-31,17.474556
2006-06-01,17.691085
2006-06-02,17.733444
2006-06-05,17.41798
2006-06-06,17.399396
2006-06-07,17.291512
2006-06-08,17.292382
2006-06-09,17.199449
2006-06-12,16.975681
2006-06-13,16.76333
2006-06-14,16.85779
2006-06-15,17.209765
2006-06-16,17.148571
2006-06-19,17.00878
2006-06-20,17.007025
2006-06-21,17.142552
2006-06-22,17.045278
2006-06-23,17.032002
2006-06-26,17.112673
2006-06-27,16.955784
2006-06-28,17.042314
2006-06-29,17.406014
2006-06-30,17.370883
2006-07-03,17.505706
2006-07-05,17.37947
2006-07-06,17.423058
2006-07-07,17.304924
2006-07-10,17.323078
2006-07-11,17.396019
2006-07-12,17.203402
2006-07-13,16.977224
2006-07-14,16.878773
2006-07-17,16.82845
2006-07-18,16.823688
2006-07-19,17.059354
2006-07-20,16.948598
2006-07-21,16.78479
2006-07-24,17.026351
2006-07-25,17.077624
2006-07-26,17.137209
2006-07-27,17.110753
2006-07-28,17.275036
2006-07-31,17.266202
2006-08-01,17.178888
2006-08-02,17.245375
2006-08-03,17.28291
2006-08-04,17.282433
2006-08-07,17.216881
2006-08-08,17.162196
2006-08-09,17.119043
2006-08-10,17.194621
2006-08-11,17.146708
2006-08-14,17.162645
2006-08-15,17.383259
2006-08-16,17.481369
2006-08-17,17.518541
2006-08-18,17.582415
2006-08-21,17.51771
2006-08-22,17.527579
2006-08-23,17.448948
2006-08-24,17.488127
2006-08-25,17.477118
2006-08-28,17.565292
2006-08-29,17.59871
2006-08-30,17.592505
2006-08-31,17.585824
2006-09-01,17.681411
2006-09-05,17.711108
2006-09-06,17.534074
2006-09-07,17.449496
2006-09-08,17.513145
2006-09-11,17.522137
2006-09-12,17.700839
2006-09-13,17.767489
2006-09-14,17.743165
2006-09-15,17.788006
2006-09-18,17.816442
2006-09-19,17.773934
2006-09-20,17.84712
2006-09-21,17.752854
2006-09-22,17.707087
2006-09-25,17.862849
2006-09-26,17.998953
2006-09-27,18.004676
2006-09-28,18.040152
2006-09-29,17.99192
2006-10-02,17.917839
2006-10-03,17.953732
2006-10-04,18.168186
2006-10-05,18.206139
2006-10-06,18.154251
2006-10-09,18.169118
2006-10-10,18.199168
2006-10-11,18.149013
2006-10-12,18.304757
2006-10-13,18.324401
2006-10-16,18.362945
2006-10-17,18.236078
2006-10-18,18.134999
2006-10-19,18.007435
2006-10-20,18.016853
2006-10-23,18.071974
2006-10-24,17.990582
2006-10-25,17.94644
2006-10-26,17.937181
2006-10-27,17.754517
2006-10-30,17.728242
2006-10-31,17.612323
2006-11-01,17.437821
2006-11-02,17.421245
2006-11-03,17.400308
2006-11-06,17.628845
2006-11-07,17.655195
2006-11-08,17.678112
2006-11-09,17.497618
2006-11-10,17.544306
2006-11-13,17.595135
2006-11-14,17.851378
2006-11-15,17.885027
2006-11-16,17.88793
2006-11-17,17.917245
2006-11-20,17.903681
2006-11-21,17.927785
2006-11-22,17.970501
2006-11-24,17.904433
2006-11-27,17.661941
2006-11-28,17.726513
2006-11-29,17.889946
2006-11-30,17.907223
2006-12-01,17.854012
2006-12-04,18.017163
2006-12-05,18.089368
2006-12-06,18.06483
2006-12-07,17.986869
2006-12-08,18.022444
2006-12-11,18.060605
2006-12-12,18.002143
2006-12-13,18.024011
2006-12-14,18.168911
2006-12-15,18.189193
2006-12-18,18.145908
2006-12-19,18.174126
2006-12-20,18.146388
2006-12-21,18.072844
2006-12-22,17.974333
2006-12-26,18.051457
2006-12-27,18.177499
2006-12-28,18.150031
2006-12-29,18.069775
2007-01-03,18.030263
2007-01-04,18.012873
2007-01-05,17.904919
2007-01-08,17.944487
2007-01-09,17.94224
2007-01-10,17.984007
2007-01-11,18.101408
2007-01-12,18.191591
2007-01-16,18.222614
2007-01-17,18.187911
2007-01-18,18.116923
2007-01-19,18.138938
2007-01-22,18.074237
2007-01-23,18.083759
2007-01-24,18.238827
2007-01-25,18.022665
2007-01-26,17.992793
2007-01-29,17.965754
2007-01-30,18.043818
2007-01-31,18.209302
2007-02-01,18.21674
2007-02-02,18.250114
2007-02-05,18.210497
2007-02-06,18.195042
2007-02-07,18.180842
2007-02-08,18.136543
2007-02-09,17.990918
2007-02-12,17.892164
2007-02-13,18.040152
2007-02-14,18.191733
2007-02-15,18.220546
2007-02-16,18.210239
2007-02-20,18.256723
2007-02-21,18.230473
2007-02-22,18.207292
2007-02-23,18.136477
2007-02-26,18.113195
2007-02-27,17.248689
2007-02-28,17.481061
2007-03-01,17.372834
2007-03-02,17.192615
2007-03-05,17.030583
2007-03-06,17.294239
2007-03-07,17.251525
2007-03-08,17.37445
2007-03-09,17.417788
2007-03-12,17.466327
2007-03-13,17.093431
2007-03-14,17.02219
2007-03-15,17.084441
2007-03-16,17.018116
2007-03-19,17.228155
2007-03-20,17.369899
2007-03-21,17.641721
2007-03-22,17.636463
2007-03-23,17.656085
2007-03-26,17.669035
2007-03-27,17.561476
2007-03-28,17.423402
2007-03-29,17.478373
2007-03-30,17.457999
2007-04-02,17.39684
2007-04-03,17.556879
2007-04-04,17.582045
2007-04-05,17.63677
2007-04-09,17.648898
2007-04-10,17.688923
2007-04-11,17.574834
2007-04-12,17.683596
2007-04-13,17.734337
2007-04-16,17.935155
2007-04-17,17.963754
2007-04-18,17.942678
2007-04-19,17.885216
2007-04-20,18.045416
2007-04-23,17.989322
2007-04-24,17.936168
2007-04-25,18.072661
2007-04-26,17.959439
2007-04-27,17.932655
2007-04-30,17.80672
2007-05-01,17.816935
2007-05-02,17.844124
2007-05-03,17.894069
2007-05-04,17.937327
2007-05-07,17.978302
2007-05-08,17.972125
2007-05-09,18.01996
2007-05-10,17.746897
2007-05-11,17.918343
2007-05-14,17.887131
2007-05-15,17.872249
2007-05-16,18.021542
2007-05-17,17.999596
2007-05-18,18.122184
2007-05-21,18.149099
2007-05-22,18.13245
2007-05-23,18.109841
2007-05-24,17.944527
2007-05-25,18.044544
2007-05-29,18.071894
2007-05-30,18.212722
2007-05-31,18.204346
2007-06-01,18.263513
2007-06-04,18.296305
2007-06-05,18.199638
2007-06-06,18.035832
2007-06-07,17.722598
2007-06-08,17.924734
2007-06-11,17.942947
2007-06-12,17.745273
2007-06-13,18.01321
2007-06-14,18.159081
2007-06-15,18.276345
2007-06-18,18.260995
2007-06-19,18.293292
2007-06-20,18.025461
2007-06-21,18.147404
2007-06-22,17.912528
2007-06-25,17.854078
2007-06-26,17.79966
2007-06-27,17.95994
2007-06-28,17.961264
2007-06-29,17.935767
2007-07-02,18.112338
2007-07-03,18.176915
2007-07-05,18.178479
2007-07-06,18.24066
2007-07-09,18.247304
2007-07-10,17.989069
2007-07-11,18.089414
2007-07-12,18.452205
2007-07-13,18.491373
2007-07-16,18.451313
2007-07-17,18.412567
2007-07-18,18.316251
2007-07-19,18.398008
2007-07-20,18.053191
2007-07-23,18.127663
2007-07-24,17.793489
2007-07-25,17.945042
2007-07-26,17.481506
2007-07-27,17.193155
2007-07-30,17.312105
2007-07-31,16.978445
2007-08-01,17.052463
2007-08-02,17.13023
2007-08-03,16.674513
2007-08-06,17.074924
2007-08-07,17.188732
2007-08-08,17.45103
2007-08-09,16.961618
2007-08-10,16.999262
2007-08-13,16.981218
2007-08-14,16.676125
2007-08-15,16.446222
2007-08-16,16.48396
2007-08-17,16.888226
2007-08-20,16.880498
2007-08-21,16.890616
2007-08-22,17.087037
2007-08-23,17.069317
2007-08-24,17.266391
2007-08-27,17.129155
2007-08-28,16.725508
2007-08-29,17.090022
2007-08-30,17.028943
2007-08-31,17.220074
2007-09-04,17.400695
2007-09-05,17.203024
2007-09-06,17.275965
2007-09-07,16.987301
2007-09-10,16.966722
2007-09-11,17.199633
2007-09-12,17.200346
2007-09-13,17.346568
2007-09-14,17.351037
2007-09-17,17.257653
2007-09-18,17.758617
2007-09-19,17.864015
2007-09-20,17.714197
2007-09-21,17.79577
2007-09-24,17.732613
2007-09-25,17.736283
2007-09-26,17.839292
2007-09-27,17.906297
2007-09-28,17.851468
2007-10-01,18.08833
2007-10-02,18.090358
2007-10-03,18.008159
2007-10-04,18.044772
2007-10-05,18.217038
2007-10-08,18.141907
2007-10-09,18.290252
2007-10-10,18.256131
2007-10-11,18.160605
2007-10-12,18.215366
2007-10-15,18.060831
2007-10-16,17.926786
2007-10-17,17.975556
2007-10-18,18.071086
2007-10-19,17.60581
2007-10-22,17.625364
2007-10-23,17.7892
2007-10-24,17.87018
2007-10-25,17.857711
2007-10-26,18.08263
2007-10-29,18.152921
2007-10-30,17.984836
2007-10-31,18.181622
2007-11-01,17.682008
2007-11-02,17.712316
2007-11-05,17.692304
2007-11-06,17.867674
2007-11-07,18.41995
2007-11-08,18.253837
2007-11-09,18.094947
2007-11-12,17.91381
2007-11-13,18.436731
2007-11-14,18.30565
2007-11-15,18.146014
2007-11-16,18.24077
2007-11-19,17.929654
2007-11-20,18.055911
2007-11-21,17.766515
2007-11-23,18.065195
2007-11-26,17.660404
2007-11-27,17.886092
2007-11-28,18.395922
2007-11-29,18.39985
2007-11-30,18.537664
2007-12-03,18.427088
2007-12-04,18.309209
2007-12-05,18.588931
2007-12-06,18.876893
2007-12-07,18.843342
2007-12-10,18.982359
2007-12-11,18.505372
2007-12-12,18.622658
2007-12-13,18.6528
2007-12-14,18.400164
2007-12-17,18.121722
2007-12-18,18.231076
2007-12-19,18.376781
2007-12-20,18.509648
2007-12-21,18.833
2007-12-24,19.015657
2007-12-26,19.031102
2007-12-27,18.759984
2007-12-28,18.789437
2007-12-31,18.660254
2008-01-02,18.395225
2008-01-03,18.392773
2008-01-04,17.942092
2008-01-07,17.996833
2008-01-08,17.690376
2008-01-09,17.922616
2008-01-10,18.05991
2008-01-11,17.812675
2008-01-14,18.010533
2008-01-15,17.952415
2008-01-16,17.900953
2008-01-17,17.7555
2008-01-18,17.657035
2008-01-22,17.681299
2008-01-23,18.023204
2008-01-24,18.216256
2008-01-25,17.91876
2008-01-28,18.22472
2008-01-29,18.420922
2008-01-30,18.58678
2008-01-31,18.910124
2008-02-01,19.066689
2008-02-04,18.896157
2008-02-05,18.360626
2008-02-06,18.196879
2008-02-07,18.373137
2008-02-08,18.275321
2008-02-11,18.42502
2008-02-12,18.719002
2008-02-13,19.006474
2008-02-14,18.733085
2008-02-15,18.74672
2008-02-19,18.723235
2008-02-20,18.846797
2008-02-21,18.658962
2008-02-22,18.80672
2008-02-25,19.071549
2008-02-26,19.196654
2008-02-27,19.225072
2008-02-28,19.337801
2008-02-29,18.902221
2008-03-03,18.914799
2008-03-04,18.850216
2008-03-05,18.946596
2008-03-06,18.529655
2008-03-07,18.373159
2008-03-10,18.093475
2008-03-11,18.765813
2008-03-12,18.597903
2008-03-13,18.710525
2008-03-14,18.325944
2008-03-17,18.164814
2008-03-18,18.985986
2008-03-19,18.548018
2008-03-20,18.988265
2008-03-24,19.37342
2008-03-25,19.42236
2008-03-26,19.27434
2008-03-27,19.055445
2008-03-28,18.915302
2008-03-31,18.822589
2008-04-01,19.497514
2008-04-02,19.464305
2008-04-03,19.514734
2008-04-04,19.533622
2008-04-07,19.568792
2008-04-08,19.471509
2008-04-09,19.318286
2008-04-10,19.406784
2008-04-11,19.022614
2008-04-14,19.060704
2008-04-15,19.08661
2008-04-16,19.555529
2008-04-17,19.728142
2008-04-18,20.452109
2008-04-21,20.497964
2008-04-22,20.263013
2008-04-23,20.305653
2008-04-24,20.386431
2008-04-25,20.503135
2008-04-28,20.503749
2008-04-29,20.474116
2008-04-30,20.601343
2008-05-01,20.830653
2008-05-02,20.87144
2008-05-05,20.827059
2008-05-06,21.182592
2008-05-07,20.738512
2008-05-08,21.313392
2008-05-09,21.157577
2008-05-12,21.559049
2008-05-13,21.549417
2008-05-14,21.678423
2008-05-15,21.910978
2008-05-16,21.939884
2008-05-19,21.967021
2008-05-20,21.75957
2008-05-21,21.411313
2008-05-22,21.469678
2008-05-23,21.186329
2008-05-27,21.33029
2008-05-28,21.413477
2008-05-29,21.521544
2008-05-30,21.55465
2008-06-02,21.328346
2008-06-03,21.205155
2008-06-04,21.199084
2008-06-05,21.613031
2008-06-06,20.960785
2008-06-09,20.981265
2008-06-10,20.905237
2008-06-11,20.547055
2008-06-12,20.61514
2008-06-13,20.925228
2008-06-16,21.102555
2008-06-17,20.963124
2008-06-18,20.842618
2008-06-19,20.919619
2008-06-20,20.533256
2008-06-23,20.626142
2008-06-24,20.561585
2008-06-25,20.658148
2008-06-26,20.058526
2008-06-27,19.986773
2008-06-30,20.005848
2008-07-01,19.984009
2008-07-02,19.618901
2008-07-03,19.636665
2008-07-07,19.472132
2008-07-08,19.805779
2008-07-09,19.356489
2008-07-10,19.497716
2008-07-11,19.280648
2008-07-14,19.116433
2008-07-15,18.875307
2008-07-16,19.36435
2008-07-17,19.928613
2008-07-18,20.324803
2008-07-21,20.410385
2008-07-22,21.278785
2008-07-23,21.009237
2008-07-24,20.98174
2008-07-25,21.088415
2008-07-28,20.696525
2008-07-29,21.227967
2008-07-30,21.846686
2008-07-31,21.402867
2008-08-01,22.084277
2008-08-04,21.951501
2008-08-05,22.510301
2008-08-06,23.165173
2008-08-07,22.727438
2008-08-08,23.262564
2008-08-11,23.430613
2008-08-12,23.171375
2008-08-13,23.102407
2008-08-14,23.421083
2008-08-15,23.515916
2008-08-18,23.165251
2008-08-19,22.935977
2008-08-20,23.084285
2008-08-21,23.100919
2008-08-22,23.361099
2008-08-25,22.904386
2008-08-26,22.989111
2008-08-27,23.161034
2008-08-28,23.507425
2008-08-29,23.184147
2008-09-02,23.087599
2008-09-03,23.043134
2008-09-04,22.364049
2008-09-05,22.462042
2008-09-08,22.934198
2008-09-09,22.129838
2008-09-10,22.560712
2008-09-11,22.101309
2008-09-12,22.146858
2008-09-15,21.082096
2008-09-16,21.271633
2008-09-17,20.271036
2008-09-18,21.169118
2008-09-19,21.992818
2008-09-22,21.264031
2008-09-23,20.924719
2008-09-24,20.885204
2008-09-25,21.280644
2008-09-26,21.337776
2008-09-29,19.454654
2008-09-30,20.508321
2008-10-01,20.420658
2008-10-02,19.796041
2008-10-03,19.508155
2008-10-06,18.885122
2008-10-07,17.781652
2008-10-08,17.576642
2008-10-09,16.242567
2008-10-10,16.094251
2008-10-13,17.989227
2008-10-14,17.853401
2008-10-15,16.327292
2008-10-16,17.33541
2008-10-17,17.203286
2008-10-20,18.064217
2008-10-21,18.077044
2008-10-22,17.978161
2008-10-23,18.244227
2008-10-24,17.620221
2008-10-27,17.051016
2008-10-28,18.810912
2008-10-29,18.751442
2008-10-30,19.531911
2008-10-31,19.545657
2008-11-03,19.520737
2008-11-04,20.285317
2008-11-05,19.14626
2008-11-06,18.45364
2008-11-07,17.346062
2008-11-10,18.255369
2008-11-11,17.849786
2008-11-12,16.926338
2008-11-13,18.105762
2008-11-14,17.351613
2008-11-17,16.90919
2008-11-18,17.090761
2008-11-19,16.022778
2008-11-20,15.021359
2008-11-21,15.968122
2008-11-24,16.99099
2008-11-25,17.130532
2008-11-26,17.738754
2008-11-28,17.907803
2008-12-01,16.311909
2008-12-02,16.947993
2008-12-03,17.386214
2008-12-04,16.876672
2008-12-05,17.492217
2008-12-08,18.164428
2008-12-09,17.744844
2008-12-10,17.956841
2008-12-11,17.449347
2008-12-12,17.570944
2008-12-15,17.349435
2008-12-16,18.466724
2008-12-17,18.231241
2008-12-18,17.802412
2008-12-19,18.009863
2008-12-22,17.844383
2008-12-23,17.684371
2008-12-24,17.785198
2008-12-26,17.879311
2008-12-29,17.810474
2008-12-30,18.244167
2008-12-31,18.502156
2009-01-02,15.382589
2009-01-05,15.309332
2009-01-06,15.427752
2009-01-07,15.047185
2009-01-08,15.095905
2009-01-09,14.77079
2009-01-12,14.479069
2009-01-13,14.504406
2009-01-14,14.019294
2009-01-15,14.217514
2009-01-16,14.518997
2009-01-20,13.927973
2009-01-21,14.498228
2009-01-22,14.511684
2009-01-23,14.710476
2009-01-26,15.384687
2009-01-27,15.693704
2009-01-28,18.451888
2009-01-29,18.694642
2009-01-30,18.293501
2009-02-02,18.398496
2009-02-03,18.608609
2009-02-04,19.916671
2009-02-05,20.660289
2009-02-06,21.407919
2009-02-09,21.703882
2009-02-10,20.716439
2009-02-11,21.252892
2009-02-12,21.366426
2009-02-13,21.273679
2009-02-17,20.3426
2009-02-18,20.507452
2009-02-19,20.549691
2009-02-20,20.46078
2009-02-23,19.773258
2009-02-24,20.77373
2009-02-25,20.908532
2009-02-26,21.469698
2009-02-27,21.822349
2009-03-02,26.24045
2009-03-03,26.071737
2009-03-04,26.217413
2009-03-05,25.119327
2009-03-06,25.144866
2009-03-09,24.895499
2009-03-10,26.443765
2009-03-11,26.541509
2009-03-12,27.619694
2009-03-13,27.829923
2009-03-16,27.740293
2009-03-17,28.700977
2009-03-18,29.335422
2009-03-19,29.004988
2009-03-20,28.435204
2009-03-23,30.692477
2009-03-24,29.82014
2009-03-25,30.35082
2009-03-26,31.164555
2009-03-27,30.673363
2009-03-30,30.658518
2009-03-31,31.054967
2009-04-01,32.297751
2009-04-02,33.18062
2009-04-03,33.479805
2009-04-06,33.194036
2009-04-07,32.543186
2009-04-08,32.996336
2009-04-09,34.74621
2009-04-13,34.857962
2009-04-14,34.314769
2009-04-15,34.654669
2009-04-16,35.471438
2009-04-17,35.173988
2009-04-20,33.691438
2009-04-21,36.338792
2009-04-22,37.337551
2009-04-23,39.905913
2009-04-24,40.735848
2009-04-27,40.92279
2009-04-28,41.056115
2009-04-29,43.386268
2009-04-30,46.732537
2009-05-01,47.995765
2009-05-04,51.566173
2009-05-05,52.00331
2009-05-06,54.983167
2009-05-07,35.368836
2009-05-08,36.733612
2009-05-11,35.778329
2009-05-12,35.859644
2009-05-13,34.862063
2009-05-14,35.743387
2009-05-15,35.371144
2009-05-18,36.46156
2009-05-19,36.509537
2009-05-20,36.274879
2009-05-21,35.603902
2009-05-22,36.128132
2009-05-26,37.077031
2009-05-27,36.387001
2009-05-28,37.035918
2009-05-29,37.553679
2009-06-01,38.578005
2009-06-02,33.240813
2009-06-03,32.853048
2009-06-04,33.315763
2009-06-05,33.415598
2009-06-08,33.383443
2009-06-09,33.499353
2009-06-10,33.383289
2009-06-11,33.602735
2009-06-12,33.64542
2009-06-15,32.956185
2009-06-16,32.556064
2009-06-17,32.598943
2009-06-18,32.87856
2009-06-19,32.984769
2009-06-22,32.71956
2009-06-23,32.822623
2009-06-24,33.072476
2009-06-25,33.772149
2009-06-26,33.269826
2009-06-29,33.562602
2009-06-30,33.274692
2009-07-01,32.952463
2009-07-02,31.996238
2009-07-06,32.075987
2009-07-07,31.445113
2009-07-08,31.388911
2009-07-09,31.664701
2009-07-10,31.536651
2009-07-13,32.340786
2009-07-14,32.525442
2009-07-15,33.444445
2009-07-16,33.878726
2009-07-17,33.763833
2009-07-20,34.286625
2009-07-21,34.746095
2009-07-22,35.156992
2009-07-23,36.891991
2009-07-24,37.150223
2009-07-27,37.778403
2009-07-28,38.301203
2009-07-29,38.706975
2009-07-30,41.667867
2009-07-31,42.407066
2009-08-03,42.707408
2009-08-04,43.205085
2009-08-05,40.839378
2009-08-06,46.421643
2009-08-07,46.896773
2009-08-10,46.825186
2009-08-11,46.297735
2009-08-12,46.678342
2009-08-13,47.078914
2009-08-14,46.708391
2009-08-17,45.683265
2009-08-18,46.273036
2009-08-19,46.445117
2009-08-20,47.075775
2009-08-21,47.94919
2009-08-24,47.926797
2009-08-25,48.160412
2009-08-26,48.162621
2009-08-27,48.555993
2009-08-28,48.491947
2009-08-31,48.102432
2009-09-01,46.825973
2009-09-02,46.666263
2009-09-03,47.073288
2009-09-04,47.688663
2009-09-08,48.111902
2009-09-09,48.532145
2009-09-10,49.044757
2009-09-11,48.970051
2009-09-14,49.268083
2009-09-15,49.345196
2009-09-16,50.095128
2009-09-17,49.891132
2009-09-18,50.019789
2009-09-21,52.377751
2009-09-22,52.747935
2009-09-23,52.175597
2009-09-24,51.686493
2009-09-25,51.347317
2009-09-28,52.263736
2009-09-29,52.059702
2009-09-30,51.864762
2009-10-01,50.540125
2009-10-02,50.27804
2009-10-05,51.02823
2009-10-06,51.713444
2009-10-07,51.930442
2009-10-08,52.772723
2009-10-09,53.062744
2009-10-12,53.308292
2009-10-13,53.228287
2009-10-14,52.76979
2009-10-15,48.677579
2009-10-16,50.575417
2009-10-19,51.025871
2009-10-20,51.236222
2009-10-21,52.958407
2009-10-22,53.185843
2009-10-23,53.4145
2009-10-26,52.753233
2009-10-27,53.913225
2009-10-28,53.315385
2009-10-29,58.687305
2009-10-30,58.420153
2009-11-02,59.228289
2009-11-03,60.170354
2009-11-04,59.895274
2009-11-05,57.018008
2009-11-06,54.451537
2009-11-09,55.732407
2009-11-10,55.728172
2009-11-11,56.110309
2009-11-12,55.471722
2009-11-13,55.89257
2009-11-16,56.75949
2009-11-17,56.797079
2009-11-18,56.7397
2009-11-19,55.869087
2009-11-20,55.596483
2009-11-23,56.405704
2009-11-24,56.274917
2009-11-25,56.712444
2009-11-27,55.844963
2009-11-30,56.054548
2009-12-01,56.693781
2009-12-02,56.712723
2009-12-03,56.314864
2009-12-04,56.61667
2009-12-07,56.561899
2009-12-08,56.333856
2009-12-09,56.538788
2009-12-10,56.851328
2009-12-11,57.059756
2009-12-14,57.459954
2009-12-15,57.18891
2009-12-16,57.256297
2009-12-17,56.568259
2009-12-18,56.962315
2009-12-21,64.808141
2009-12-22,64.626814
2009-12-23,65.048489
2009-12-24,65.390684
2009-12-28,65.472826
2009-12-29,65.475902
2009-12-30,65.48664
2009-12-31,64.819074
2010-01-04,65.833465
2010-01-05,66.042399
2010-01-06,66.279517
2010-01-07,66.169844
2010-01-08,66.366899
2010-01-11,66.151667
2010-01-12,64.262702
2010-01-13,64.79436
2010-01-14,64.155839
2010-01-15,61.936828
2010-01-19,47.87666
2010-01-20,43.443519
2010-01-21,36.640811
2010-01-22,35.696039
2010-01-25,35.18653
2010-01-26,34.086077
2010-01-27,29.040869
2010-01-28,26.139509
2010-01-29,25.84382
2010-02-01,26.009311
2010-02-02,25.710666
2010-02-03,24.357063
2010-02-04,23.323343
2010-02-05,23.341349
2010-02-08,22.884522
2010-02-09,22.94723
2010-02-10,22.391879
2010-02-11,22.416585
2010-02-12,22.353588
2010-02-16,22.545006
2010-02-17,22.17697
2010-02-18,22.129431
2010-02-19,22.184439
2010-02-22,21.870572
2010-02-23,21.222638
2010-02-24,21.414728
2010-02-25,21.356781
2010-02-26,20.919861
2010-03-01,20.958777
2010-03-02,21.009517
2010-03-03,21.016225
2010-03-04,21.093306
2010-03-05,21.388529
2010-03-08,21.384
2010-03-09,21.423282
2010-03-10,21.531514
2010-03-11,21.620791
2010-03-12,21.616199
2010-03-15,21.618653
2010-03-16,21.801369
2010-03-17,21.918768
2010-03-18,21.901926
2010-03-19,21.788717
2010-03-22,21.942674
2010-03-23,22.062789
2010-03-24,21.932086
2010-03-25,21.893335
2010-03-26,21.908822
2010-03-29,22.032511
2010-03-30,22.033194
2010-03-31,21.908136
2010-04-01,22.081545
2010-04-05,22.255908
2010-04-06,22.293021
2010-04-07,22.166872
2010-04-08,22.240996
2010-04-09,22.375316
2010-04-12,22.394871
2010-04-13,22.323687
2010-04-14,22.506523
2010-04-15,22.438974
2010-04-16,22.085889
2010-04-19,21.646163
2010-04-20,21.562176
2010-04-21,21.142256
2010-04-22,21.086049
2010-04-23,21.224459
2010-04-26,21.148919
2010-04-27,20.411394
2010-04-28,20.33032
2010-04-29,20.154869
2010-04-30,19.718435
2010-05-03,19.903506
2010-05-04,19.606322
2010-05-05,18.994293
2010-05-06,18.377972
2010-05-07,17.947359
2010-05-10,18.693833
2010-05-11,18.618127
2010-05-12,18.842603
2010-05-13,18.593173
2010-05-14,18.242719
2010-05-17,18.254108
2010-05-18,17.956794
2010-05-19,17.834496
2010-05-20,17.136134
2010-05-21,17.387218
2010-05-24,17.162183
2010-05-25,17.141981
2010-05-26,17.045249
2010-05-27,17.602769
2010-05-28,17.384849
2010-06-01,17.087475
2010-06-02,17.530241
2010-06-03,17.601803
2010-06-04,16.988515
2010-06-07,16.764799
2010-06-08,16.951443
2010-06-09,16.848181
2010-06-10,17.37925
2010-06-11,17.453997
2010-06-14,17.423134
2010-06-15,17.831732
2010-06-16,17.783202
2010-06-17,17.807918
2010-06-18,17.831338
2010-06-21,17.793821
2010-06-22,17.50729
2010-06-23,17.447814
2010-06-24,17.144531
2010-06-25,17.201118
2010-06-28,17.122236
2010-06-29,16.59728
2010-06-30,16.439725
2010-07-01,15.966616
2010-07-02,15.884559
2010-07-06,15.971338
2010-07-07,16.470095
2010-07-08,16.624521
2010-07-09,16.746001
2010-07-12,16.736286
2010-07-13,16.898616
2010-07-14,16.897347
2010-07-15,16.756181
2010-07-16,16.220141
2010-07-19,16.289254
2010-07-20,16.401193
2010-07-21,16.061211
2010-07-22,16.202036
2010-07-23,16.359142
2010-07-26,16.542184
2010-07-27,16.423276
2010-07-28,16.165733
2010-07-29,16.253456
2010-07-30,16.213252
2010-08-02,16.537501
2010-08-03,16.387791
2010-08-04,16.437832
2010-08-05,16.3897
2010-08-06,16.351653
2010-08-09,16.437119
2010-08-10,16.330795
2010-08-11,15.847021
2010-08-12,15.761378
2010-08-13,15.69874
2010-08-16,15.69288
2010-08-17,15.873268
2010-08-18,15.880134
2010-08-19,15.606557
2010-08-20,15.550437
2010-08-23,15.487825
2010-08-24,15.251784
2010-08-25,15.302246
2010-08-26,15.183722
2010-08-27,15.431448
2010-08-30,15.204845
2010-08-31,15.205811
2010-09-01,15.656668
2010-09-02,15.80875
2010-09-03,16.017872
2010-09-07,15.834918
2010-09-08,15.937051
2010-09-09,16.012927
2010-09-10,16.090201
2010-09-13,16.269489
2010-09-14,16.255594
2010-09-15,16.314168
2010-09-16,16.297856
2010-09-17,16.312395
2010-09-20,16.595279
2010-09-21,16.546307
2010-09-22,16.466763
2010-09-23,16.328001
2010-09-24,16.672643
2010-09-27,16.578215
2010-09-28,16.656123
2010-09-29,16.61237
2010-09-30,16.561165
2010-10-01,16.633674
2010-10-04,16.494351
2010-10-05,16.833782
2010-10-06,16.810977
2010-10-07,16.772805
2010-10-08,16.875963
2010-10-11,16.878815
2010-10-12,16.909863
2010-10-13,17.009164
2010-10-14,16.956795
2010-10-15,16.922258
2010-10-18,16.943728
2010-10-19,16.753554
2010-10-20,16.88525
2010-10-21,16.571023
2010-10-22,16.569188
2010-10-25,16.60033
2010-10-26,16.529838
2010-10-27,16.377605
2010-10-28,16.290771
2010-10-29,16.384918
2010-11-01,16.413863
2010-11-02,16.528493
2010-11-03,16.585975
2010-11-04,16.901614
2010-11-05,16.877847
2010-11-08,16.775744
2010-11-09,16.647085
2010-11-10,16.712415
2010-11-11,16.642458
2010-11-12,16.442041
2010-11-15,16.41766
2010-11-16,16.143066
2010-11-17,16.135962
2010-11-18,16.369471
2010-11-19,16.409056
2010-11-22,16.362821
2010-11-23,16.136584
2010-11-24,16.360128
2010-11-26,16.226859
2010-11-29,16.217663
2010-11-30,16.12273
2010-12-01,16.46843
2010-12-02,16.638078
2010-12-03,16.685853
2010-12-06,16.663889
2010-12-07,16.670136
2010-12-08,16.751216
2010-12-09,16.806557
2010-12-10,16.907669
2010-12-13,16.908461
2010-12-14,16.923215
2010-12-15,16.837237
2010-12-16,16.932548
2010-12-17,16.9481
2010-12-20,17.02114
2010-12-21,17.121612
2010-12-22,17.177983
2010-12-23,17.154821
2010-12-27,17.164755
2010-12-28,17.178354
2010-12-29,17.195727
2010-12-30,17.17014
2010-12-31,17.166773
2011-01-03,17.358785
2011-01-04,17.32353
2011-01-05,17.409033
2011-01-06,17.3694
2011-01-07,17.337295
2011-01-10,17.300476
2011-01-11,17.372449
2011-01-12,17.52907
2011-01-13,17.46972
2011-01-14,17.557123
2011-01-18,17.248708
2011-01-19,17.068832
2011-01-20,16.990624
2011-01-21,16.894947
2011-01-24,16.962182
2011-01-25,16.867304
2011-01-26,16.987985
2011-01-27,17.030077
2011-01-28,16.671695
2011-01-31,16.732976
2011-02-01,16.910839
2011-02-02,16.830059
2011-02-03,17.002547
2011-02-04,17.131438
2011-02-07,17.237939
2011-02-08,17.30008
2011-02-09,17.205764
2011-02-10,17.22783
2011-02-11,17.322484
2011-02-14,17.360903
2011-02-15,17.290583
2011-02-16,17.374659
2011-02-17,17.431227
2011-02-18,17.464576
2011-02-22,17.053025
2011-02-23,16.920509
2011-02-24,16.751668
2011-02-25,16.890027
2011-02-28,17.009583
2011-03-01,16.734316
2011-03-02,16.759674
2011-03-03,17.049366
2011-03-04,16.921389
2011-03-07,16.780767
2011-03-08,16.928971
2011-03-09,16.907007
2011-03-10,16.586975
2011-03-11,16.703328
2011-03-14,16.602314
2011-03-15,16.41618
2011-03-16,16.097542
2011-03-17,16.310187
2011-03-18,16.379894
2011-03-21,16.652114
2011-03-22,16.576982
2011-03-23,16.629242
2011-03-24,16.771495
2011-03-25,16.825077
2011-03-28,16.77892
2011-03-29,16.899893
2011-03-30,17.012816
2011-03-31,16.97977
2011-04-01,17.048694
2011-04-04,17.03046
2011-04-05,17.027731
2011-04-06,17.059454
2011-04-07,17.02605
2011-04-08,16.958723
2011-04-11,16.898726
2011-04-12,16.766989
2011-04-13,16.718505
2011-04-14,16.713862
2011-04-15,16.796963
2011-04-18,16.622815
2011-04-19,16.730092
2011-04-20,16.788532
2011-04-21,16.743635
2011-04-25,16.714262
2011-04-26,16.820427
2011-04-27,16.863211
2011-04-28,16.721145
2011-04-29,16.677854
2011-05-02,16.675271
2011-05-03,16.59318
2011-05-04,16.502908
2011-05-05,16.352384
2011-05-06,16.451254
2011-05-09,16.528807
2011-05-10,16.665283
2011-05-11,16.482876
2011-05-12,16.560066
2011-05-13,16.424853
2011-05-16,16.32237
2011-05-17,16.289238
2011-05-18,16.421553
2011-05-19,16.455385
2011-05-20,16.327582
2011-05-23,16.132108
2011-05-24,16.114944
2011-05-25,16.168127
2011-05-26,16.219618
2011-05-27,16.286016
2011-05-31,16.458846
2011-06-01,16.084062
2011-06-02,16.061184
2011-06-03,15.950852
2011-06-06,15.779352
2011-06-07,15.764669
2011-06-08,15.698982
2011-06-09,15.812638
2011-06-10,15.592815
2011-06-13,15.601455
2011-06-14,15.79885
2011-06-15,15.521374
2011-06-16,15.549314
2011-06-17,15.595075
2011-06-20,15.693445
2011-06-21,15.897818
2011-06-22,15.791342
2011-06-23,15.737279
2011-06-24,15.555543
2011-06-27,15.697418
2011-06-28,15.901648
2011-06-29,16.022718
2011-06-30,16.182296
2011-07-01,16.393356
2011-07-05,16.377841
2011-07-06,16.383173
2011-07-07,16.554211
2011-07-08,16.439176
2011-07-11,16.142145
2011-07-12,16.065683
2011-07-13,16.113173
2011-07-14,15.978757
2011-07-15,16.055216
2011-07-18,15.906421
2011-07-19,16.289652
2011-07-20,16.256462
2011-07-21,16.478815
2011-07-22,16.390439
2011-07-25,16.28536
2011-07-26,16.144626
2011-07-27,15.789313
2011-07-28,15.657309
2011-07-29,15.494339
2011-08-01,15.441541
2011-08-02,15.017586
2011-08-03,15.079973
2011-08-04,14.325358
2011-08-05,14.289279
2011-08-08,13.337569
2011-08-09,13.957811
2011-08-10,13.349695
2011-08-11,13.961827
2011-08-12,14.036253
2011-08-15,14.335662
2011-08-16,14.181856
2011-08-17,14.189399
2011-08-18,13.553046
2011-08-19,13.348048
2011-08-22,13.35268
2011-08-23,13.808723
2011-08-24,13.985517
2011-08-25,13.767761
2011-08-26,13.975692
2011-08-29,14.370283
2011-08-30,14.40442
2011-08-31,14.47308
2011-09-01,14.300811
2011-09-02,13.941309
2011-09-06,13.838857
2011-09-07,14.234652
2011-09-08,14.083366
2011-09-09,13.707478
2011-09-12,13.801293
2011-09-13,13.928756
2011-09-14,14.116119
2011-09-15,14.358207
2011-09-16,14.441024
2011-09-19,14.326158
2011-09-20,14.296139
2011-09-21,13.876653
2011-09-22,13.424801
2011-09-23,13.505484
2011-09-26,13.810799
2011-09-27,13.947219
2011-09-28,13.657373
2011-09-29,13.775449
2011-09-30,13.431789
2011-10-03,13.050977
2011-10-04,13.340914
2011-10-05,13.580079
2011-10-06,13.828149
2011-10-07,13.717814
2011-10-10,14.186618
2011-10-11,14.191724
2011-10-12,14.329056
2011-10-13,14.277957
2011-10-14,14.525159
2011-10-17,14.202951
2011-10-18,14.216878
2011-10-19,13.971659
2011-10-20,14.159315
2011-10-21,14.425475
2011-10-24,14.615604
2011-10-25,14.310323
2011-10-26,14.445636
2011-10-27,14.756476
2011-10-28,14.669484
2011-10-31,14.360095
2011-11-01,13.877572
2011-11-02,14.045836
2011-11-03,14.326207
2011-11-04,14.248974
2011-11-07,14.334865
2011-11-08,14.508584
2011-11-09,14.056468
2011-11-10,14.16046
2011-11-11,14.435186
2011-11-14,14.301846
2011-11-15,14.361182
2011-11-16,14.118636
2011-11-17,13.883508
2011-11-18,13.877639
2011-11-21,13.654907
2011-11-22,13.592158
2011-11-23,13.291481
2011-11-25,13.25746
2011-11-28,13.642761
2011-11-29,13.671886
2011-11-30,14.263738
2011-12-01,14.236882
2011-12-02,14.233935
2011-12-05,14.380376
2011-12-06,14.398984
2011-12-07,14.428177
2011-12-08,14.12255
2011-12-09,14.360342
2011-12-12,14.14692
2011-12-13,14.023264
2011-12-14,13.86353
2011-12-15,13.901556
2011-12-16,13.946039
2011-12-19,13.804784
2011-12-20,14.212667
2011-12-21,14.238314
2011-12-22,14.356109
2011-12-23,14.485812
2011-12-27,14.487157
2011-12-28,14.306113
2011-12-29,14.459518
2011-12-30,14.397794
2012-01-03,14.613145
2012-01-04,14.623216
2012-01-05,14.666061
2012-01-06,14.62775
2012-01-09,14.66981
2012-01-10,14.799846
2012-01-11,14.814711
2012-01-12,14.849833
2012-01-13,14.791007
2012-01-17,14.835583
2012-01-18,14.991656
2012-01-19,14.98327
2012-01-20,15.000685
2012-01-23,15.014688
2012-01-24,14.992481
2012-01-25,15.104392
2012-01-26,15.136775
2012-01-27,15.143878
2012-01-30,15.103624
2012-01-31,15.133107
2012-02-01,15.286249
2012-02-02,15.265653
2012-02-03,15.485075
2012-02-06,15.501749
2012-02-07,15.626049
2012-02-08,15.643418
2012-02-09,15.683386
2012-02-10,15.575048
2012-02-13,15.66978
2012-02-14,15.637913
2012-02-15,15.557048
2012-02-16,15.724234
2012-02-17,15.774567
2012-02-21,15.511584
2012-02-22,15.489629
2012-02-23,15.534666
2012-02-24,15.58043
2012-02-27,15.631724
2012-02-28,15.710761
2012-02-29,15.653635
2012-03-01,15.752982
2012-03-02,15.701425
2012-03-05,15.640964
2012-03-06,15.40118
2012-03-07,15.506095
2012-03-08,15.664884
2012-03-09,15.710233
2012-03-12,15.713514
2012-03-13,15.998319
2012-03-14,15.972559
2012-03-15,16.067013
2012-03-16,16.08544
2012-03-19,16.171154
2012-03-20,16.118841
2012-03-21,16.085087
2012-03-22,15.967578
2012-03-23,16.017448
2012-03-26,16.235858
2012-03-27,16.190815
2012-03-28,16.113677
2012-03-29,16.1211
2012-03-30,16.180554
2012-04-02,16.300502
2012-04-03,16.235037
2012-04-04,16.069163
2012-04-05,16.061284
2012-04-09,15.880138
2012-04-10,15.623774
2012-04-11,15.742021
2012-04-12,15.941065
2012-04-13,15.73243
2012-04-16,15.726831
2012-04-17,15.922612
2012-04-18,15.831797
2012-04-19,15.780133
2012-04-20,15.785302
2012-04-23,15.652113
2012-04-24,15.556524
2012-04-25,15.744446
2012-04-26,15.864514
2012-04-27,15.884039
2012-04-30,15.778416
2012-05-01,15.832047
2012-05-02,15.786638
2012-05-03,15.643336
2012-05-04,15.401434
2012-05-07,15.401925
2012-05-08,15.300017
2012-05-09,15.181927
2012-05-10,15.220096
2012-05-11,15.170387
2012-05-14,15.00205
2012-05-15,14.910631
2012-05-16,14.777311
2012-05-17,14.555193
2012-05-18,14.446299
2012-05-21,14.674848
2012-05-22,14.651413
2012-05-23,14.685381
2012-05-24,14.70399
2012-05-25,14.657444
2012-05-29,14.819441
2012-05-30,14.607983
2012-05-31,14.572391
2012-06-01,14.21584
2012-06-04,14.21572
2012-06-05,14.297758
2012-06-06,14.624879
2012-06-07,14.626372
2012-06-08,14.743958
2012-06-11,14.557594
2012-06-12,14.727575
2012-06-13,14.624219
2012-06-14,14.781529
2012-06-15,14.933825
2012-06-18,14.957213
2012-06-19,15.105232
2012-06-20,15.086466
2012-06-21,14.756185
2012-06-22,14.863332
2012-06-25,14.628687
2012-06-26,14.699798
2012-06-27,14.819839
2012-06-28,14.786992
2012-06-29,15.151984
2012-07-02,15.16292
2012-07-03,15.256928
2012-07-05,15.186512
2012-07-06,15.042278
2012-07-09,15.024491
2012-07-10,14.903189
2012-07-11,14.901929
2012-07-12,14.829491
2012-07-13,15.074346
2012-07-16,15.045332
2012-07-17,15.185788
2012-07-18,15.08893
2012-07-19,15.191727
2012-07-20,15.030894
2012-07-23,14.899195
2012-07-24,14.703065
2012-07-25,14.768572
2012-07-26,14.962516
2012-07-27,15.247945
2012-07-30,15.252006
2012-07-31,15.112572
2012-08-01,15.028307
2012-08-02,14.936343
2012-08-03,15.252806
2012-08-06,15.282586
2012-08-07,15.343656
2012-08-08,15.432502
2012-08-09,15.441494
2012-08-10,15.476418
2012-08-13,15.458904
2012-08-14,15.452451
2012-08-15,15.461794
2012-08-16,15.567131
2012-08-17,15.596421
2012-08-20,15.596753
2012-08-21,15.544602
2012-08-22,15.752913
2012-08-23,15.628808
2012-08-24,15.728549
2012-08-27,15.72128
2012-08-28,15.708176
2012-08-29,15.719187
2012-08-30,15.596718
2012-08-31,15.675836
2012-09-04,15.658105
2012-09-05,15.615551
2012-09-06,15.933552
2012-09-07,15.998701
2012-09-10,15.899969
2012-09-11,15.950569
2012-09-12,15.904874
2012-09-13,16.163732
2012-09-14,16.22881
2012-09-17,16.177871
2012-09-18,16.157443
2012-09-19,16.171609
2012-09-20,16.155429
2012-09-21,16.153168
2012-09-24,16.15224
2012-09-25,15.98228
2012-09-26,15.890476
2012-09-27,16.046933
2012-09-28,15.983405
2012-10-01,16.022987
2012-10-02,15.943249
2012-10-03,15.996478
2012-10-04,16.11252
2012-10-05,16.084143
2012-10-08,16.029236
2012-10-09,15.875494
2012-10-10,15.771749
2012-10-11,15.77159
2012-10-12,15.681824
2012-10-15,15.871107
2012-10-16,16.000895
2012-10-17,16.143555
2012-10-18,16.182823
2012-10-19,15.899814
2012-10-22,15.829158
2012-10-23,15.60202
2012-10-24,15.591399
2012-10-25,15.637634
2012-10-26,15.60091
2012-10-31,15.584037
2012-11-01,15.720538
2012-11-02,15.613328
2012-11-05,15.639728
2012-11-06,15.675597
2012-11-07,15.398456
2012-11-08,15.180798
2012-11-09,15.204036
2012-11-12,15.204825
2012-11-13,15.137569
2012-11-14,14.964805
2012-11-15,14.965385
2012-11-16,15.039711
2012-11-19,15.325794
2012-11-20,15.482163
2012-11-21,15.517171
2012-11-23,15.71927
2012-11-26,15.687597
2012-11-27,15.604839
2012-11-28,15.727727
2012-11-29,15.79446
2012-11-30,15.799285
2012-12-03,15.723798
2012-12-04,15.695951
2012-12-05,15.716884
2012-12-06,15.763564
2012-12-07,15.810054
2012-12-10,15.81524
2012-12-11,15.918703
2012-12-12,15.839756
2012-12-13,15.737827
2012-12-14,15.6744
2012-12-17,15.858353
2012-12-18,16.035361
2012-12-19,15.917969
2012-12-20,16.002131
2012-12-21,15.85636
2012-12-24,15.814905
2012-12-26,15.738874
2012-12-27,15.71928
2012-12-28,15.545837
2012-12-31,15.805071
2013-01-02,16.141098
2013-01-03,16.106586
2013-01-04,16.186472
2013-01-07,16.135814
2013-01-08,16.07271
2013-01-09,16.115902
2013-01-10,16.237756
2013-01-11,16.220194
2013-01-14,16.205136
2013-01-15,16.229563
2013-01-16,16.177417
2013-01-17,16.294425
2013-01-18,16.321434
2013-01-22,16.395547
2013-01-23,16.488015
2013-01-24,16.440888
2013-01-25,16.482058
2013-01-28,16.468085
2013-01-29,16.55996
2013-01-30,16.458095
2013-01-31,16.586764
2013-02-01,16.677416
2013-02-04,16.474159
2013-02-05,16.611056
2013-02-06,16.590479
2013-02-07,16.53834
2013-02-08,16.628608
2013-02-11,16.614751
2013-02-12,16.677418
2013-02-13,16.741456
2013-02-14,16.756269
2013-02-15,16.742902
2013-02-19,17.120541
2013-02-20,16.959085
2013-02-21,17.186065
2013-02-22,17.337552
2013-02-25,17.022966
2013-02-26,17.067275
2013-02-27,17.264482
2013-02-28,17.267138
2013-03-01,17.294312
2013-03-04,17.374666
2013-03-05,17.541495
2013-03-06,17.563455
2013-03-07,17.579755
2013-03-08,17.65759
2013-03-11,17.714489
2013-03-12,17.668305
2013-03-13,17.69164
2013-03-14,17.791213
2013-03-15,17.715639
2013-03-18,17.640346
2013-03-19,17.598622
2013-03-20,17.718305
2013-03-21,17.567727
2013-03-22,17.694017
2013-03-25,17.636423
2013-03-26,17.767597
2013-03-27,17.760434
2013-03-28,17.818591
2013-04-01,17.739473
2013-04-02,17.831115
2013-04-03,17.64159
2013-04-04,17.712312
2013-04-05,17.636658
2013-04-08,17.746505
2013-04-09,17.809202
2013-04-10,18.02416
2013-04-11,18.086334
2013-04-12,17.982215
2013-04-15,17.544874
2013-04-16,17.81285
2013-04-17,17.518199
2013-04-18,17.355221
2013-04-19,17.491231
2013-04-22,17.597062
2013-04-23,17.81015
2013-04-24,17.768688
2013-04-25,17.824321
2013-04-26,17.79685
2013-04-29,17.93971
2013-04-30,17.949543
2013-05-01,17.788749
2013-05-02,17.973759
2013-05-03,18.13869
2013-05-06,18.205037
2013-05-07,18.340015
2013-05-08,18.372336
2013-05-09,18.321772
2013-05-10,18.402681
2013-05-13,18.40373
2013-05-14,18.59329
2013-05-15,18.670521
2013-05-16,18.597944
2013-05-17,18.789159
2013-05-20,18.777748
2013-05-21,18.80078
2013-05-22,18.660829
2013-05-23,18.604666
2013-05-24,18.598078
2013-05-28,18.716527
2013-05-29,18.58427
2013-05-30,18.651503
2013-05-31,18.383526
2013-06-03,18.491936
2013-06-04,18.389208
2013-06-05,18.136131
2013-06-06,18.289045
2013-06-07,18.499805
2013-06-10,18.494304
2013-06-11,18.305271
2013-06-12,18.150728
2013-06-13,18.420649
2013-06-14,18.3109
2013-06-17,18.450769
2013-06-18,18.596432
2013-06-19,18.338341
2013-06-20,17.86996
2013-06-21,17.914591
2013-06-24,17.713465
2013-06-25,17.886181
2013-06-26,18.056436
2013-06-27,18.15544
2013-06-28,18.079904
2013-07-01,18.166551
2013-07-02,18.155894
2013-07-03,18.1709
2013-07-05,18.355866
2013-07-08,18.454803
2013-07-09,18.594736
2013-07-10,18.599434
2013-07-11,18.847603
2013-07-12,18.851163
2013-07-15,18.850616
2013-07-16,18.703384
2013-07-17,18.706448
2013-07-18,18.640132
2013-07-19,18.65751
2013-07-22,18.689518
2013-07-23,18.696012
2013-07-24,18.546486
2013-07-25,18.477918
2013-07-26,18.541586
2013-07-29,18.424523
2013-07-30,18.425736
2013-07-31,18.408629
2013-08-01,18.808662
2013-08-02,18.849647
2013-08-05,18.815154
2013-08-06,18.689646
2013-08-07,18.667703
2013-08-08,18.737096
2013-08-09,18.674952
2013-08-12,18.654097
2013-08-13,18.702673
2013-08-14,18.593697
2013-08-15,18.335771
2013-08-16,18.294274
2013-08-19,18.185437
2013-08-20,18.246988
2013-08-21,17.911983
2013-08-22,18.065322
2013-08-23,18.136257
2013-08-26,18.062565
2013-08-27,17.777257
2013-08-28,17.833736
2013-08-29,17.866555
2013-08-30,17.810431
2013-09-03,17.9306
2013-09-04,18.075812
2013-09-05,18.098162
2013-09-06,18.09909
2013-09-09,18.282824
2013-09-10,18.417531
2013-09-11,18.456136
2013-09-12,18.392442
2013-09-13,18.443669
2013-09-16,18.54866
2013-09-17,18.629852
2013-09-18,18.850418
2013-09-19,18.819287
2013-09-20,18.633103
2013-09-23,18.604381
2013-09-24,18.5601
2013-09-25,18.506469
2013-09-26,18.559539
2013-09-27,18.483458
2013-09-30,18.392633
2013-10-01,18.544196
2013-10-02,18.533087
2013-10-03,18.366449
2013-10-04,18.496659
2013-10-07,18.33898
2013-10-08,18.11652
2013-10-09,18.127817
2013-10-10,18.44995
2013-10-11,18.686981
2013-10-14,18.763879
2013-10-15,18.624695
2013-10-16,18.778542
2013-10-17,18.870951
2013-10-18,18.978721
2013-10-21,18.975181
2013-10-22,19.040731
2013-10-23,18.91731
2013-10-24,18.864636
2013-10-25,18.94142
2013-10-28,19.018559
2013-10-29,19.089181
2013-10-30,18.973741
2013-10-31,18.921502
2013-11-01,18.951811
2013-11-04,19.010034
2013-11-05,18.957084
2013-11-06,18.915194
2013-11-07,18.631594
2013-11-08,18.886148
2013-11-11,18.89769
2013-11-12,18.850519
2013-11-13,19.011731
2013-11-14,19.067617
2013-11-15,19.14799
2013-11-18,19.112306
2013-11-19,19.052942
2013-11-20,18.967901
2013-11-21,19.111464
2013-11-22,19.206731
2013-11-25,19.184795
2013-11-26,19.001467
2013-11-27,19.048306
2013-11-29,19.033663
2013-12-02,18.914433
2013-12-03,18.854055
2013-12-04,18.830079
2013-12-05,18.747894
2013-12-06,18.957683
2013-12-09,18.992234
2013-12-10,18.940667
2013-12-11,18.729957
2013-12-12,18.662423
2013-12-13,18.66065
2013-12-16,18.778812
2013-12-17,18.719838
2013-12-18,19.027583
2013-12-19,19.022277
2013-12-20,19.113867
2013-12-23,19.325936
2013-12-24,19.381494
2013-12-26,19.473529
2013-12-27,19.467052
2013-12-30,19.463321
2013-12-31,19.539548
2014-01-02,19.367396
2014-01-03,19.360679
2014-01-06,19.311849
2014-01-07,19.416584
2014-01-08,19.409923
2014-01-09,19.475935
2014-01-10,19.520981
2014-01-13,19.274673
2014-01-14,19.480692
2014-01-15,19.519818
2014-01-16,19.448734
2014-01-17,19.359938
2014-01-21,18.955658
2014-01-22,18.97654
2014-01-23,18.784035
2014-01-24,18.389272
2014-01-27,18.281105
2014-01-28,18.102708
2014-01-29,17.853914
2014-01-30,17.953867
2014-01-31,17.842759
2014-02-03,17.445567
2014-02-04,17.570824
2014-02-05,17.535264
2014-02-06,17.758339
2014-02-07,17.992065
2014-02-10,18.041489
2014-02-11,18.265629
2014-02-12,18.280993
2014-02-13,18.331344
2014-02-14,18.390227
2014-02-18,18.437941
2014-02-19,18.318766
2014-02-20,18.475436
2014-02-21,18.40619
2014-02-24,18.501537
2014-02-25,18.433084
2014-02-26,18.450758
2014-02-27,18.509911
2014-02-28,18.590487
2014-03-03,18.448839
2014-03-04,18.729298
2014-03-05,18.727983
2014-03-06,18.767399
2014-03-07,18.776283
2014-03-10,18.767627
2014-03-11,18.671877
2014-03-12,18.677437
2014-03-13,18.459421
2014-03-14,18.406833
2014-03-17,18.583579
2014-03-18,18.714672
2014-03-19,18.600808
2014-03-20,18.709838
2014-03-21,18.660677
2014-03-24,18.583215
2014-03-25,18.667269
2014-03-26,18.53657
2014-03-27,18.51025
2014-03-28,18.595898
2014-03-31,18.742807
2014-04-01,18.874572
2014-04-02,18.936588
2014-04-03,18.896835
2014-04-04,18.660223
2014-04-07,18.4594
2014-04-08,18.535134
2014-04-09,18.737644
2014-04-10,18.347886
2014-04-11,18.186245
2014-04-14,18.33759
2014-04-15,18.440027
2014-04-16,18.664392
2014-04-17,18.674074
2014-04-21,18.734267
2014-04-22,18.750149
2014-04-23,18.645225
2014-04-24,18.648749
2014-04-25,18.500024
2014-04-28,18.543832
2014-04-29,18.656657
2014-04-30,18.699465
2014-05-01,18.66971
2014-05-02,18.672257
2014-05-05,18.775357
2014-05-06,18.589267
2014-05-07,18.647916
2014-05-08,18.619367
2014-05-09,18.650832
2014-05-12,18.831055
2014-05-13,18.838559
2014-05-14,18.754959
2014-05-15,18.575533
2014-05-16,18.644937
2014-05-19,18.717407
2014-05-20,18.600838
2014-05-21,18.748019
2014-05-22,18.781928
2014-05-23,18.861757
2014-05-27,18.973687
2014-05-28,18.95178
2014-05-29,19.048656
2014-05-30,19.08288
2014-06-02,19.093509
2014-06-03,19.086034
2014-06-04,19.121175
2014-06-05,19.248284
2014-06-06,19.33733
2014-06-09,19.353344
2014-06-10,19.348459
2014-06-11,19.275277
2014-06-12,19.138802
2014-06-13,19.198104
2014-06-16,19.214541
2014-06-17,19.255768
2014-06-18,19.397318
2014-06-19,19.422465
2014-06-20,19.459863
2014-06-23,19.464578
2014-06-24,19.336758
2014-06-25,19.430487
2014-06-26,19.417876
2014-06-27,19.454605
2014-06-30,19.450853
2014-07-01,19.589297
2014-07-02,19.564405
2014-07-03,19.670686
2014-07-07,19.594223
2014-07-08,19.449438
2014-07-09,19.539224
2014-07-10,19.460074
2014-07-11,19.485096
2014-07-14,19.665839
2014-07-15,19.60764
2014-07-16,19.715959
2014-07-17,19.441085
2014-07-18,19.635574
2014-07-21,19.584735
2014-07-22,19.616674
2014-07-23,19.574599
2014-07-24,19.588607
2014-07-25,19.477639
2014-07-28,19.49278
2014-07-29,19.346151
2014-07-30,19.35486
2014-07-31,18.903747
2014-08-01,18.795011
2014-08-04,18.90744
2014-08-05,18.663781
2014-08-06,18.629534
2014-08-07,18.505283
2014-08-08,18.717615
2014-08-11,18.767545
2014-08-12,18.736834
2014-08-13,18.862495
2014-08-14,18.943977
2014-08-15,18.940395
2014-08-18,19.102233
2014-08-19,19.197321
2014-08-20,19.257407
2014-08-21,19.313865
2014-08-22,19.275489
2014-08-25,19.368467
2014-08-26,19.390046
2014-08-27,19.390415
2014-08-28,19.361936
2014-08-29,19.426242
2014-09-02,19.415501
2014-09-03,19.39754
2014-09-04,19.369958
2014-09-05,19.467183
2014-09-08,19.407556
2014-09-09,19.280797
2014-09-10,19.351256
2014-09-11,19.36673
2014-09-12,19.253006
2014-09-15,19.240231
2014-09-16,19.384445
2014-09-17,19.407017
2014-09-18,19.502143
2014-09-19,19.494631
2014-09-22,19.358127
2014-09-23,19.24248
2014-09-24,19.390882
2014-09-25,19.085703
2014-09-26,19.248436
2014-09-29,19.198457
2014-09-30,19.161769
2014-10-01,18.903069
2014-10-02,18.926258
2014-10-03,19.137153
2014-10-06,19.107669
2014-10-07,18.813805
2014-10-08,19.134297
2014-10-09,18.737794
2014-10-10,18.522359
2014-10-13,18.217987
2014-10-14,18.080761
2014-10-15,17.968068
2014-10-16,17.965689
2014-10-17,18.166537
2014-10-20,18.303063
2014-10-21,18.542209
2014-10-22,18.388557
2014-10-23,18.639877
2014-10-24,18.786105
2014-10-27,18.754568
2014-10-28,18.847598
2014-10-29,18.734249
2014-10-30,18.808013
2014-10-31,19.009441
2014-11-03,19.005344
2014-11-04,18.890374
2014-11-05,19.004558
2014-11-06,19.109375
2014-11-07,19.123693
2014-11-10,19.23457
2014-11-11,19.247353
2014-11-12,19.233655
2014-11-13,19.24745
2014-11-14,19.251953
2014-11-17,19.274481
2014-11-18,19.368686
2014-11-19,19.348418
2014-11-20,19.384785
2014-11-21,19.486816
2014-11-24,19.543
2014-11-25,19.523682
2014-11-26,19.577554
2014-11-28,19.548536
2014-12-01,19.411404
2014-12-02,19.535725
2014-12-03,19.609005
2014-12-04,19.584434
2014-12-05,19.620209
2014-12-08,19.478548
2014-12-09,19.472711
2014-12-10,19.15387
2014-12-11,19.240193
2014-12-12,18.927709
2014-12-15,18.808798
2014-12-16,18.650871
2014-12-17,19.027716
2014-12-18,19.48464
2014-12-19,19.575309
2014-12-22,19.677653
2014-12-23,19.710099
2014-12-24,19.706399
2014-12-26,19.771702
2014-12-29,19.788581
2014-12-30,19.69137
2014-12-31,19.489138
2015-01-02,19.48141
2015-01-05,19.126337
2015-01-06,18.943999
2015-01-07,19.165481
2015-01-08,19.507704
2015-01-09,19.34498
2015-01-12,19.135102
2015-01-13,19.084343
2015-01-14,18.979984
2015-01-15,18.862639
2015-01-16,19.114274
2015-01-20,19.321614
2015-01-21,19.412105
2015-01-22,19.881772
2015-01-23,19.778319
2015-01-26,19.821175
2015-01-27,19.772976
2015-01-28,19.496559
2015-01-29,19.846351
2015-01-30,19.651042
2015-02-02,19.916291
2015-02-03,20.137591
2015-02-04,19.841217
2015-02-05,20.012337
2015-02-06,19.94221
2015-02-09,19.8593
2015-02-10,20.073303
2015-02-11,20.020567
2015-02-12,20.401672
2015-02-13,20.519061
2015-02-17,20.50751
2015-02-18,20.546882
2015-02-19,20.480342
2015-02-20,20.608429
2015-02-23,20.596569
2015-02-24,20.637376
2015-02-25,20.587402
2015-02-26,20.634526
2015-02-27,20.564737
2015-03-02,20.752861
2015-03-03,20.654533
2015-03-04,20.559929
2015-03-05,20.580033
2015-03-06,20.299204
2015-03-09,20.378863
2015-03-10,20.035181
2015-03-11,19.996162
2015-03-12,20.253607
2015-03-13,20.130184
2015-03-16,20.402049
2015-03-17,20.335073
2015-03-18,20.57693
2015-03-19,20.473689
2015-03-20,20.649695
2015-03-23,20.666503
2015-03-24,20.540403
2015-03-25,20.240944
2015-03-26,20.218073
2015-03-27,20.264551
2015-03-30,20.511688
2015-03-31,20.33116
2015-04-01,20.250929
2015-04-02,20.321594
2015-04-06,20.455169
2015-04-07,20.414057
2015-04-08,20.458963
2015-04-09,20.523292
2015-04-10,20.630193
2015-04-13,20.53723
2015-04-14,20.557953
2015-04-15,20.594524
2015-04-16,20.541953
2015-04-17,20.62818
2015-04-20,20.819652
2015-04-21,20.800932
2015-04-22,20.8682
2015-04-23,20.975899
2015-04-24,20.998442
2015-04-27,20.813416
2015-04-28,20.869206
2015-04-29,20.780272
2015-04-30,20.641712
2015-05-01,20.870335
2015-05-04,20.97857
2015-05-05,20.824797
2015-05-06,20.842058
2015-05-07,21.048018
2015-05-08,21.321377
2015-05-11,21.22412
2015-05-12,21.160278
2015-05-13,21.156341
2015-05-14,21.382284
2015-05-15,21.399555
2015-05-18,21.465431
2015-05-19,21.446151
2015-05-20,21.419534
2015-05-21,21.494783
2015-05-22,21.45187
2015-05-26,21.230887
2015-05-27,21.425121
2015-05-28,21.399255
2015-05-29,21.263068
2015-06-01,21.305593
2015-06-02,21.305258
2015-06-03,21.349462
2015-06-04,21.172387
2015-06-05,21.142125
2015-06-08,21.015195
2015-06-09,21.022974
2015-06-10,21.275863
2015-06-11,21.312219
2015-06-12,21.171111
2015-06-15,21.073997
2015-06-16,21.192126
2015-06-17,21.281007
2015-06-18,21.488378
2015-06-19,21.375487
2015-06-22,21.543873
2015-06-23,21.553765
2015-06-24,21.386166
2015-06-25,21.326482
2015-06-26,21.317583
2015-06-29,20.870679
2015-06-30,20.915651
2015-07-01,21.029234
2015-07-02,20.99846
2015-07-06,20.928501
2015-07-07,21.05683
2015-07-08,20.70735
2015-07-09,20.741801
2015-07-10,20.997699
2015-07-13,21.229324
2015-07-14,21.310114
2015-07-15,21.196589
2015-07-16,21.276306
2015-07-17,21.197059
2015-07-20,21.19208
2015-07-21,21.209718
2015-07-22,21.165377
2015-07-23,21.107204
2015-07-24,20.852044
2015-07-27,20.751942
2015-07-28,21.003748
2015-07-29,21.219564
2015-07-30,21.345825
2015-07-31,21.534927
2015-08-03,21.482548
2015-08-04,21.550384
2015-08-05,21.717557
2015-08-06,21.712806
2015-08-07,21.705464
2015-08-10,21.996971
2015-08-11,21.789729
2015-08-12,21.818064
2015-08-13,21.793724
2015-08-14,21.87928
2015-08-17,21.993271
2015-08-18,21.927622
2015-08-19,21.736681
2015-08-20,21.278516
2015-08-21,20.609052
2015-08-24,19.797289
2015-08-25,19.531263
2015-08-26,20.283854
2015-08-27,20.780838
2015-08-28,20.795065
2015-08-31,20.615297
2015-09-01,20.013277
2015-09-02,20.376567
2015-09-03,20.365216
2015-09-04,20.053703
2015-09-08,20.551479
2015-09-09,20.265777
2015-09-10,20.373479
2015-09-11,20.462167
2015-09-14,20.378496
2015-09-15,20.639408
2015-09-16,20.823598
2015-09-17,20.767639
2015-09-18,20.428802
2015-09-21,20.593086
2015-09-22,20.333564
2015-09-23,20.290674
2015-09-24,20.216319
2015-09-25,20.20619
2015-09-28,19.703909
2015-09-29,19.72805
2015-09-30,20.101126
2015-10-01,20.157087
2015-10-02,20.445077
2015-10-05,20.818337
2015-10-06,20.775986
2015-10-07,20.947507
2015-10-08,21.144126
2015-10-09,21.159683
2015-10-12,21.18675
2015-10-13,21.047589
2015-10-14,20.81826
2015-10-15,21.137911
2015-10-16,21.235179
2015-10-19,21.295019
2015-10-20,21.430716
2015-10-21,21.321401
2015-10-22,21.592648
2015-10-23,21.9331
2015-10-26,21.890132
2015-10-27,21.770013
2015-10-28,22.074087
2015-10-29,22.125759
2015-10-30,22.182977
2015-11-02,22.498329
2015-11-03,22.741883
2015-11-04,22.743528
2015-11-05,23.053566
2015-11-06,22.935202
2015-11-09,22.713075
2015-11-10,22.745197
2015-11-11,22.674702
2015-11-12,22.339944
2015-11-13,22.084294
2015-11-16,22.41486
2015-11-17,22.384249
2015-11-18,22.671943
2015-11-19,22.658417
2015-11-20,22.742626
2015-11-23,22.703571
2015-11-24,22.731698
2015-11-25,22.733136
2015-11-27,22.746395
2015-11-30,22.632766
2015-12-01,22.856597
2015-12-02,22.595525
2015-12-03,22.283341
2015-12-04,22.73962
2015-12-07,22.58155
2015-12-08,22.434598
2015-12-09,22.260871
2015-12-10,22.307006
2015-12-11,21.874987
2015-12-14,21.978909
2015-12-15,22.212965
2015-12-16,22.540227
2015-12-17,22.174901
2015-12-18,21.772383
2015-12-21,22.018791
2015-12-22,22.231319
2015-12-23,22.50487
2015-12-24,22.472602
2015-12-28,22.42399
2015-12-29,22.650248
2015-12-30,22.490414
2015-12-31,22.277644
2016-01-01,20.19176800459254
2016-01-04,19.858027020730045
2016-01-05,19.853152189693084
2016-01-06,19.600395073818344
2016-01-07,19.152925276362307
2016-01-08,18.908687920114524
2016-01-11,19.16671534531014
2016-01-12,19.190187461537967
2016-01-13,18.627267635781735
2016-01-14,18.84279331439561
2016-01-15,18.43566290124308
2016-01-18,18.49981824318296
2016-01-19,18.531807979610115
2016-01-20,18.28354675650635
2016-01-21,18.31216133048476
2016-01-22,18.694464103273344
2016-01-25,18.46502681700554
2016-01-26,18.748866051048136
2016-01-27,18.525090573720057
2016-01-28,18.52486377763929
2016-01-29,19.05057674949124
2016-02-01,19.193018972523426
2016-02-02,18.7697977717438
2016-02-03,18.803197536998155
2016-02-04,18.939265521460133
2016-02-05,18.700234373619573
2016-02-08,18.355544772979023
2016-02-09,18.37135937861109
2016-02-10,18.270888714574365
2016-02-11,17.935090528636668
2016-02-12,18.39867068062421
2016-02-15,18.47461756713016
2016-02-16,18.80451626355514
2016-02-17,19.002835564784903
2016-02-18,18.90257593590578
2016-02-19,18.949883062938213
2016-02-22,19.182238456014225
2016-02-23,18.927949896708515
2016-02-24,19.035796484509568
2016-02-25,19.24604522766779
2016-02-26,19.21374052439261
2016-02-29,19.066674406357027
2016-03-01,19.56833506076898
2016-03-02,19.67083785642239
2016-03-03,19.73431054017175
2016-03-04,19.86064353863659
2016-03-07,19.87434637267909
2016-03-08,19.6731790920646
2016-03-09,19.80490549633862
2016-03-10,19.756385032321276
2016-03-11,20.11307833193029
2016-03-14,19.5461106923034
2016-03-15,20.08446210613069
2016-03-16,20.197041635293505
2016-03-17,20.30091296378791
2016-03-18,20.500414704825435
2016-03-21,20.565813823356866
2016-03-22,20.538494185782863
2016-03-23,20.361754079491902
2016-03-24,20.33545317208247
2016-03-25,20.308821748058893
2016-03-28,20.42994695073651
2016-03-29,20.58013310995378
2016-03-30,20.679035158549148
2016-03-31,20.87311373789686
2016-04-01,20.987361371711252
2016-04-04,20.91490857623991
2016-04-05,20.743179494477307
2016-04-06,20.71863531071402
2016-04-07,20.52539034660945
2016-04-08,20.64505617819993
2016-04-11,20.67771158662594
2016-04-12,20.861936855224336
2016-04-13,21.167390795027384
2016-04-14,21.23798432120753
2016-04-15,21.135746169628124
2016-04-18,20.56694486523777
2016-04-19,21.309456776682197
2016-04-20,21.43019632548715
2016-04-21,21.30889197949997
2016-04-22,21.279551033166616
2016-04-25,21.17764828483609
2016-04-26,21.28124925246851
2016-05-06,20.903713333268595
2016-05-11,20.89317754972831
2016-05-12,20.867898610362136
2016-05-13,20.75594141368571
2016-05-16,21.07931434884836
2016-05-17,20.80408961474781
2016-05-18,20.89781100008005
2016-05-19,20.79710143874224
2016-05-20,20.80622156462225
2016-05-23,20.812270079782746
2016-05-24,21.11325293153236
2016-05-25,21.288638676325046
2016-05-26,21.22898807914933
2016-05-27,21.340247558450564
2016-05-30,21.354615731160763
2016-05-31,21.30581270674329
2016-06-01,21.26846935476915
2016-06-02,21.32912117362549
2016-06-03,21.239769991366664
2016-06-06,21.35836471781625
2016-06-07,21.359851572294858
2016-06-08,21.399604138893245
2016-06-09,21.511150172460287
2016-06-10,21.349597025059992
2016-06-13,21.121434201273743
2016-06-14,20.983370938406395
2016-06-15,20.926665481573878
2016-06-16,21.005066159289107
2016-06-17,21.011821877664666
2016-06-20,21.130093022583697
2016-06-21,21.180927278348577
2016-06-22,21.248291160396555
2016-06-23,21.565508425909474
2016-06-24,20.6505626818366
2016-06-27,20.257026988014072
2016-06-28,20.64384302342425
2016-06-29,21.1476105736476
2016-06-30,21.556550257815907
2016-07-01,21.602087051471667
2016-07-04,21.61577371373348
2016-07-05,21.41693314336001
2016-07-06,21.525597700168472
2016-07-07,21.55063282205848
2016-07-08,21.923049594489523
2016-07-11,21.989242133008077
2016-07-12,22.15378305552156
2016-07-13,22.144464846656472
2016-07-14,22.34454084789528
2016-07-15,22.293307468689164
2016-07-18,22.30550248264529
2016-07-19,22.299501771902055
2016-07-20,22.382531821061296
2016-07-21,22.274197657423965
2016-07-22,22.362586944037123
2016-07-25,22.32974681395487
2016-07-26,22.29564740341024
2016-07-27,22.28169706585103
2016-07-28,22.323983795315723
2016-07-29,22.23347788344059
2016-08-01,22.178034729223285
2016-08-02,21.96005806637304
2016-08-03,22.019424236887648
2016-08-04,22.082144748736734
2016-08-05,22.33852251838617
2016-08-08,22.335317137227158
2016-08-09,22.356660273625007
2016-08-10,22.207123659551733
2016-08-11,22.354623048021544
2016-08-12,22.316928512622965
2016-08-15,22.48976167719446
2016-08-16,22.36438417772062
2016-08-17,22.398973222606426
2016-08-18,22.39400388603537
2016-08-19,22.45560720359567
2016-08-22,22.400616305170058
2016-08-23,22.44230261096832
2016-08-24,22.355534216306054
2016-08-25,22.31348396710372
2016-08-26,22.26861985745689
2016-08-29,22.380414284874664
2016-08-30,22.161619605064924
2016-08-31,22.042634074038144
2016-09-01,21.986975263551216
2016-09-02,22.093888924989795
2016-09-05,22.127325974178667
2016-09-06,22.180860845812504
2016-09-07,22.27027455475791
2016-09-08,22.13094171650961
2016-09-09,21.709776324287485
2016-09-12,22.02574258178184
2016-09-13,21.70863162998172
2016-09-14,21.61829146916986
2016-09-15,22.182907755339823
2016-09-16,22.06324233884681
2016-09-19,22.09573943786319
2016-09-20,22.168745543630827
2016-09-21,22.32384833066842
2016-09-22,22.55544155442751
2016-09-23,22.475803131032848
2016-09-26,22.253947295348564
2016-09-27,22.413764639473555
2016-09-28,22.367596424195337
2016-09-29,22.242103427633403
2016-09-30,22.589854773673093
2016-10-03,22.490855244768845
2016-10-04,22.42633733470684
2016-10-05,22.46488222322264
2016-10-06,22.453035126948464
2016-10-07,22.412544625994272
2016-10-10,22.488704386378185
2016-10-11,22.24507117087917
2016-10-12,21.934649405350243
2016-10-13,22.20409620233052
2016-10-14,22.257504061787
2016-10-17,22.18059273210272
2016-10-18,22.22585040639967
2016-10-19,22.231554443474877
2016-10-20,22.258006779738423
2016-10-21,22.23301730920955
2016-10-24,22.359546036880893
2016-10-25,22.297392001882585
2016-10-26,22.246067545720614
2016-10-27,22.13022992494668
2016-10-28,22.020820817879866
2016-10-31,22.003050546152192
2016-11-01,21.795294910450817
2016-11-02,21.680006824418683
2016-11-03,21.532909771800558
2016-11-04,21.52248432372059
2016-11-07,22.011214128119097
2016-11-08,22.07229048157029
2016-11-09,22.40973302074054
2016-11-10,22.51619499501149
2016-11-11,22.451656230049544
2016-11-14,22.40633813798907
2016-11-15,22.46934024246055
2016-11-16,22.534600362115157
2016-11-17,22.658677733391272
2016-11-18,22.535967565563475
2016-11-21,22.654574125430223
2016-11-22,22.80203005631382
2016-11-23,22.72495008905524
2016-11-25,22.941673097761303
2016-11-28,22.758022318144832
2016-11-29,22.869028290122365
2016-11-30,22.576907343528617
2016-12-01,22.71045476049393
2016-12-02,22.61797116818219
2016-12-05,22.776996956024032
2016-12-06,22.92006201871506
2016-12-07,23.271885014902043
2016-12-08,23.26320377901522
2016-12-09,23.41006824889612
2016-12-12,23.362215831076565
2016-12-13,23.52803183897449
2016-12-14,23.41736822983408
2016-12-15,23.503317018303296
2016-12-16,23.404449064180003
2016-12-19,23.575982941131084
2016-12-20,23.66588174357701
2016-12-21,23.55845310707216
2016-12-22,23.51115186237232
2016-12-23,23.583960928715367
2016-12-26,23.594328943855484
2016-12-27,23.630981600508896
2016-12-28,23.452303480473056
2016-12-29,23.439881952736854
2016-12-30,23.351461687148213
2017-01-02,22.21399542427088
2017-01-03,22.383623316261875
2017-01-04,22.52575812133284
2017-01-05,22.4605066900796
2017-01-06,22.571041995187382
2017-01-09,22.487661984854224
2017-01-10,22.504866030589547
2017-01-11,22.53691458997007
2017-01-12,22.50367124971271
2017-01-13,22.569840998537327
2017-01-16,22.541940589585508
2017-01-17,22.429657228659167
2017-01-18,22.515729342397226
2017-01-19,22.42513660061416
2017-01-20,22.496576741065155
2017-01-23,22.449347463092348
2017-01-24,22.566754456452017
2017-01-25,22.79902109323372
2017-01-26,22.75054132584533
2017-01-27,22.74383814122072
2017-01-30,22.64665262281476
2017-01-31,22.572852056643782
2017-02-01,22.63305178457188
2017-02-02,22.576789291299864
2017-02-03,22.811924804069253
2017-02-06,22.739095019089916
2017-02-07,22.77124595463922
2017-02-08,22.739281452340844
2017-02-09,22.83655251331011
2017-02-10,22.94739191133701
2017-02-13,23.095922576583902
2017-02-14,23.202552935692854
2017-02-15,23.339498516259567
2017-02-16,23.306848828762124
2017-02-17,23.31351539208127
2017-02-20,23.30458990828436
2017-02-21,23.45188746338528
2017-02-22,23.436114412373723
2017-02-23,23.45731752845549
2017-02-24,23.455408611937624
2017-02-27,23.499056056819803
2017-02-28,23.45295546522596
2017-03-01,23.758685776209
2017-03-02,23.599764221211704
2017-03-03,23.58040256641152
2017-03-06,23.46481736535983
2017-03-07,23.444287855742186
2017-03-08,23.427617435467408
2017-03-09,23.367026410945684
2017-03-10,23.459818956158163
2017-03-13,23.44453460004097
2017-03-14,23.416183382483453
2017-03-15,23.528062544607007
2017-03-16,23.59213811386781
2017-03-17,23.494943860087957
2017-03-20,23.52848321995724
2017-03-21,23.226455562309823
2017-03-22,23.312364249986057
2017-03-23,23.29097983352123
2017-03-24,23.268049491934736
2017-03-27,23.23204581542332
2017-03-28,23.39599725345749
2017-03-29,23.35285968045021
2017-03-30,23.49554822685921
2017-03-31,22.50438107651019
2017-04-03,22.43864821263596
2017-04-04,22.402352246623465
2017-04-05,22.3421325451107
2017-04-06,22.40099573773334
2017-04-07,22.37812383543133
2017-04-10,22.36400461444901
2017-04-11,22.346250554604733
2017-04-12,22.27610114522188
2017-04-13,21.992662763019545
2017-04-14,22.12271785376946
2017-04-17,22.33557178926923
2017-04-18,22.23826101162619
2017-04-19,22.226740079263607
2017-04-20,22.392535402383707
2017-04-21,22.213296093204736
2017-04-24,22.5945593469742
2017-04-25,22.6977037022217
2017-04-26,22.688739092764035
2017-04-27,22.706367826576496
2017-04-28,22.63083876013404
2017-05-01,22.6797707182049
2017-05-02,22.706883241796746
2017-05-03,22.68680437712345
2017-05-04,22.70411304658424
2017-05-05,22.79678341334518
2017-05-08,22.799898125336014
2017-05-09,22.773557644395197
2017-05-10,22.81053440915452
2017-05-11,22.75775627176641
2017-05-12,22.73014787816797
2017-05-15,22.843824022705583
2017-05-16,22.829607897705245
2017-05-17,22.41690134061411
2017-05-18,22.498816499976066
2017-05-19,22.65100499667553
2017-05-22,22.77910754721933
2017-05-23,22.828273742944287
2017-05-24,22.890497647926093
2017-05-25,23.007516434530853
2017-05-26,23.017491934438283
2017-05-29,23.02764763968557
2017-05-30,22.988345869668883
2017-05-31,22.9327108376369
2017-06-01,23.048617447650955
2017-06-02,23.1328970946099
2017-06-05,23.107575279875817
2017-06-06,23.03350411606922
2017-06-07,23.08086229558548
2017-06-08,23.081192599761057
2017-06-09,23.053923687252286
2017-06-12,23.019067338985007
2017-06-13,23.129060426815983
2017-06-14,23.10458644657776
2017-06-15,23.05116224409138
2017-06-16,23.04973936597838
2017-06-19,23.27747398758338
2017-06-20,23.12537013635527
2017-06-21,23.106066884459533
2017-06-22,23.09642541855244
2017-06-23,23.132180347990445
2017-06-26,23.14590682787084
2017-06-27,22.96519401971777
2017-06-28,23.166311820337896
2017-06-29,22.965202675460056
2017-06-30,22.39270853640911
2017-07-03,22.258233840283488
2017-07-04,22.23658237786921
2017-07-05,22.36881475545729
2017-07-06,22.16545162297201
2017-07-07,22.30987652052304
2017-07-10,22.32936722281588
2017-07-11,22.307846989946466
2017-07-12,22.46483606239604
2017-07-13,22.511803783697022
2017-07-14,22.617008062415252
2017-07-17,22.61500973494001
2017-07-18,22.63438320173608
2017-07-19,22.74594677554988
2017-07-20,22.74197556402889
2017-07-21,22.736898121593224
2017-07-24,22.71683415254264
2017-07-25,22.786836436159177
2017-07-26,22.750103718041988
2017-07-27,22.730774919428782
2017-07-28,22.69372741819461
2017-07-31,22.72041434970981
2017-08-01,22.77800362077053
2017-08-02,22.79557428012719
2017-08-03,22.74482821077022
2017-08-04,22.79009326306388
2017-08-07,22.879679491281504
2017-08-08,22.832689035733488
2017-08-09,22.831897664757932
2017-08-10,22.503971504450508
2017-08-11,22.53351062477737
2017-08-14,22.76512288317068
2017-08-15,22.76338179083072
2017-08-16,22.794981541123025
2017-08-17,22.4436373849903
2017-08-18,22.40158617070291
2017-08-21,22.42696022866241
2017-08-22,22.65076219118573
2017-08-23,22.57004214535331
2017-08-24,22.522638004816823
2017-08-25,22.56542187166576
2017-08-28,22.57189147907413
2017-08-29,22.590167405584985
2017-08-30,22.696535379026823
2017-08-31,22.76389834101158
2017-09-01,22.813904743301894
2017-09-04,23.1439461541042
2017-09-05,22.646966933157696
2017-09-06,22.72509825654238
2017-09-07,22.73132113738169
2017-09-08,22.69647865398748
2017-09-11,22.943069431419097
2017-09-12,23.015345731868827
2017-09-13,23.02663362224982
2017-09-14,22.999509223236323
2017-09-15,23.043532708347733
2017-09-18,23.12630409658373
2017-09-19,23.159013239997726
2017-09-20,23.1703380819996
2017-09-21,23.0924508489911
2017-09-22,23.106225052287584
2017-09-25,23.078095631936943
2017-09-26,23.085522411442803
2017-09-27,23.191287806708026
2017-09-28,23.22484986186148
2017-09-29,23.27170315268676
2017-10-02,22.91461731635336
2017-10-03,22.964414671014517
2017-10-04,22.9916450849145
2017-10-05,23.13176390741399
2017-10-06,23.1090947411406
2017-10-09,22.952632389375516
2017-10-10,23.14310108975223
2017-10-11,23.193891094020405
2017-10-12,23.1546968071889
2017-10-13,23.17501282293022
2017-10-16,23.21996828766147
2017-10-17,23.236859902007776
2017-10-18,23.262202681841195
2017-10-19,23.26221251845344
2017-10-20,23.389561163922234
2017-10-23,23.3109464757137
2017-10-24,23.3600329985317
2017-10-25,23.258679451105817
2017-10-26,23.301482205594173
2017-10-27,23.485987654171964
2017-10-30,23.360249989109708
2017-10-31,23.386384429521467
2017-11-01,23.424401383185423
2017-11-02,23.44872703657046
2017-11-03,23.50654500461952
2017-11-06,23.524801246285826
2017-11-07,23.53291725379901
2017-11-08,23.576653514512603
2017-11-09,23.493812668156743
2017-11-10,23.466015677792974
2017-11-13,23.51372807431945
2017-11-14,23.48087382371033
2017-11-15,23.3384720101762
2017-11-16,23.54125232021359
2017-11-17,23.467914689043965
2017-11-20,23.50414748410118
2017-11-21,23.663011346173384
2017-11-22,23.566675040135465
2017-11-24,23.69117186926661
2017-11-27,23.68412529487006
2017-11-28,23.92204956151168
2017-11-29,23.906508496559887
2017-11-30,24.0416287314289
2017-12-01,23.9945272345672
2017-12-04,23.96802283732817
2017-12-05,23.8769519545098
2017-12-06,23.875936713808933
2017-12-07,23.94516499750937
2017-12-08,24.07676252062392
2017-12-11,24.155983046110386
2017-12-12,24.190610843133665
2017-12-13,24.18565013872049
2017-12-14,24.083354110557924
2017-12-15,24.295942548265216
2017-12-18,24.46087542905274
2017-12-19,24.380983624225884
2017-12-20,24.360294718245147
2017-12-21,24.40168584788597
2017-12-22,24.38979334147566
2017-12-25,24.31133787474984
2017-12-26,24.56526606757296
2017-12-27,24.589574372976017
2017-12-28,24.6340006218257
2017-12-29,24.55753677183167
2018-01-01,23.472535145283924
2018-01-02,23.6553165990005
2018-01-03,23.79779420216942
2018-01-04,23.892488407552158
2018-01-05,24.06558558224284
2018-01-08,24.109176511399383
2018-01-09,24.13737438318067
2018-01-10,24.11004684753979
2018-01-11,24.27375819358441
2018-01-12,24.440669477595375
2018-01-15,24.42245316274465
2018-01-16,24.366665536088057
2018-01-17,24.61534229014965
2018-01-18,24.58069529537683
2018-01-19,24.696723659560767
2018-01-22,24.902472162634883
2018-01-23,24.947641371165947
2018-01-24,24.94013722757069
2018-01-25,24.955998582731358
2018-01-26,25.33690260421755
2018-01-29,25.49275762338601
2018-01-30,25.22285953811605
2018-01-31,25.17175513066256
2018-02-01,25.16183033055701
2018-02-02,24.622021204311427
2018-02-05,23.53457783741513
2018-02-06,23.941501378573783
2018-02-07,23.815488749742794
2018-02-08,22.919283489593568
2018-02-09,23.269322633548303
2018-02-12,23.58944952663308
2018-02-13,23.65812841828204
2018-02-14,23.97253190445809
2018-02-15,24.266827093096182
2018-02-16,24.277777993387534
2018-02-19,24.24489774724769
2018-02-20,24.12781964430237
2018-02-21,23.99609999098888
2018-02-22,24.017404488191907
2018-02-23,24.40496768494373
2018-02-26,24.678671147403698
2018-02-27,24.40512538979246
2018-02-28,24.23710340680952
2018-03-01,23.854361326257365
2018-03-02,23.958693214997663
2018-03-05,24.218947906349644
2018-03-06,24.27627453998464
2018-03-07,24.27283828756068
2018-03-08,24.38519137460225
2018-03-09,24.8112926235282
2018-03-12,24.781555704076755
2018-03-13,24.630240179796644
2018-03-14,24.4887973276302
2018-03-15,24.47504115192447
2018-03-16,24.527073391208823
2018-03-19,24.228547661337807
2018-03-20,24.273529632742697
2018-03-21,24.21172462860186
2018-03-22,23.59302002790752
2018-03-23,23.08627785951208
2018-03-26,23.724587937144797
2018-03-27,23.296887437783298
2018-03-28,23.23094764809002
2018-03-29,23.63264173954642
2018-03-30,23.47171087835601
2018-04-02,22.17944695889376
2018-04-03,22.461267332464825
2018-04-04,22.728945318978877
2018-04-05,22.80635694203425
2018-04-06,22.30236757188213
2018-04-09,22.374365739144416
2018-04-10,22.74862262171001
2018-04-11,22.620192651136
2018-04-12,22.803226786071367
2018-04-13,22.732903350724506
2018-04-16,22.915893787686965
2018-04-17,23.16322226141543
2018-04-18,23.180931870779727
2018-04-19,23.048391155948647
2018-04-20,22.83982073634035
2018-04-23,22.835747894165337
2018-04-24,22.52492652376791
2018-04-25,22.5695063419983
2018-04-26,22.80979264416952
2018-04-27,22.82749859001101
2018-04-30,22.53659632447732
2018-05-01,22.593618665005952
2018-05-02,22.619704428784484
2018-05-03,22.55966177795027
2018-05-04,22.8838740678898
2018-05-07,22.644898838108503
2018-05-08,22.63946104952765
2018-05-09,22.85197908215761
2018-05-10,23.06596105151107
2018-05-11,23.10875380932801
2018-05-14,23.124988680714267
2018-05-15,22.96212026042867
2018-05-16,23.05342868347772
2018-05-17,23.026960867324146
2018-05-18,22.966690192192235
2018-05-21,23.14127972313949
2018-05-22,23.06895911337187
2018-05-23,23.159891446306748
2018-05-24,23.122535166260786
2018-05-25,23.069914162092463
2018-05-28,23.306230696086896
2018-05-29,22.77553943399077
2018-05-30,23.06976698121664
2018-05-31,22.83050731503429
2018-06-01,23.06982824300312
2018-06-04,23.185069314633417
2018-06-05,23.199060344737656
2018-06-06,23.39337458827032
2018-06-07,23.37326783663
2018-06-08,23.443221190463916
2018-06-11,23.46361150921447
2018-06-12,23.50723972166935
2018-06-13,23.40340253930987
2018-06-14,23.462806291803883
2018-06-15,23.441731127538176
2018-06-18,23.316590187199186
2018-06-19,23.22879701550211
2018-06-20,23.26292560225927
2018-06-21,23.119805728328547
2018-06-22,23.158383216208875
2018-06-25,22.81605094145714
2018-06-26,22.85852742811357
2018-06-27,22.65462128833012
2018-06-28,22.799891328907854
2018-06-29,22.780136586539243
2018-07-02,21.79904602242577
2018-07-03,21.68687927512844
2018-07-05,21.87507512992664
2018-07-06,22.058026590245515
2018-07-09,22.249878331860305
2018-07-10,22.32687760397204
2018-07-11,22.177840091312945
2018-07-12,22.369433818667005
2018-07-13,22.393051765820147
2018-07-16,22.37280213494145
2018-07-17,22.46850476874367
2018-07-18,22.517394926289665
2018-07-19,22.43197685200795
2018-07-20,22.422768363092374
2018-07-23,22.46772332727191
2018-07-24,22.57487853043236
2018-07-25,22.782397348708223
2018-07-26,22.704725912353943
2018-07-30,22.352162370870968
2018-08-01,22.46630240586392
2018-08-02,22.585757297500944
2018-08-03,22.6959538727372
2018-08-06,22.87697079844936
2018-08-07,22.80753276082874
2018-08-08,22.801682932455385
2018-08-09,22.763628402706924
2018-08-10,22.598229950980617
2018-08-13,22.502827179491312
2018-08-14,22.64190658948573
2018-08-15,22.478713715405508
2018-08-16,22.65369143871623
2018-08-17,22.72808019354775
2018-08-20,22.77320896527089
2018-08-21,22.81438421519053
2018-08-22,22.81069114841593
2018-08-23,22.77615826514615
2018-08-24,22.91620558757464
2018-08-27,23.086367766143447
2018-08-28,23.104534821140646
2018-08-29,23.23492156815281
2018-08-30,23.098136651743747
2018-08-31,23.043883880575
2018-09-04,23.00937603188628
2018-09-05,22.93781150607545
2018-09-06,22.85044374089336
2018-09-07,22.79949004283902
2018-09-10,22.825777672971903
2018-09-11,22.914953489584924
2018-09-12,22.919404580389877
2018-09-13,23.04185396349731
2018-09-14,23.04711784394644
2018-09-17,22.91104758613621
2018-09-18,23.03622858803349
2018-09-19,23.06139936112465
2018-09-20,23.25219916043784
2018-09-21,23.24552467719466
2018-09-24,23.20636764883813
2018-09-25,23.17987336983553
2018-09-26,23.09690829133917
2018-09-27,23.15916107927992
2018-09-28,23.12115285746428
2018-10-01,21.63472221280145
2018-10-02,21.620418957976
2018-10-03,21.611083414116457
2018-10-04,21.42955375502075
2018-10-05,21.303851514617747
2018-10-08,21.36014629781897
2018-10-09,21.26930186118524
2018-10-10,20.560371239529868
2018-10-11,20.14377010356662
2018-10-12,20.43820688095769
2018-10-15,20.31124262291714
2018-10-16,20.752584277929166
2018-10-17,20.75060634049453
2018-10-18,20.44075225408492
2018-10-19,20.441644899455355
2018-10-22,20.356991715789203
2018-10-23,20.241371764711285
2018-10-24,19.624813741840885
2018-10-25,19.9980242260148
2018-10-26,19.661538432108507
2018-10-29,19.487208373062582
2018-10-30,19.80561625668079
2018-10-31,20.036174499305904
2018-11-01,20.24692096120671
2018-11-02,20.131174843963084
2018-11-05,20.232670184423124
2018-11-06,20.357282279521424
2018-11-07,20.802334754954817
2018-11-08,20.752060630959846
2018-11-09,20.568134165615277
2018-11-12,20.16605263447656
2018-11-13,20.1189351859202
2018-11-14,19.966504560062265
2018-11-15,20.18017960097288
2018-11-16,20.22851799621356
2018-11-19,19.85842570390408
2018-11-20,19.50079850505809
2018-11-21,19.55799454757633
2018-11-23,19.421627108662516
2018-11-26,19.729890402688056
2018-11-27,19.80949638795989
2018-11-28,20.277440346323576
2018-11-29,20.22133175537046
2018-11-30,20.36596859308716
2018-12-03,20.58705950552674
2018-12-04,19.88177896308916
2018-12-06,19.873073772081156
2018-12-07,19.40780841259482
2018-12-10,19.444950981913905
2018-12-11,19.473516228266156
2018-12-12,19.574384664067875
2018-12-13,19.57324898786213
2018-12-14,19.19306425613271
2018-12-17,18.791011948312235
2018-12-18,18.799449082311025
2018-12-19,18.503261958557893
2018-12-20,18.220163950840885
2018-12-21,17.837236492164514
2018-12-24,17.346091711998408
2018-12-26,18.2096496790609
2018-12-27,18.36671422080699
2018-12-28,18.32965524742812
2018-12-31,18.68379443668174
2019-01-02,18.69161100108009
2019-01-03,18.20931974359327
2019-01-04,18.840084551687497
2019-01-07,18.940766731512937
2019-01-08,19.11952168027122
2019-01-09,19.1970483562739
2019-01-10,19.281980205517733
2019-01-11,19.28041383983175
2019-01-14,19.130926549082908
2019-01-15,19.339230175896724
2019-01-16,19.380955838670964
2019-01-17,19.52081225925252
2019-01-18,19.753534851299097
2019-01-22,19.47958236268672
2019-01-23,19.518590181510525
2019-01-24,19.542562287204348
2019-01-25,19.640021640413995
2019-01-28,19.26339984681456
2019-01-29,19.23223040976643
2019-01-30,19.53735723463452
2019-01-31,19.72768701707507
2019-02-01,19.76810142361617
2019-02-04,20.07633674825512
2019-02-05,20.16565740832254
2019-02-06,20.12801516351137
2019-02-07,19.93949919581144
2019-02-08,19.95221583110269
2019-02-11,19.964245945263507
2019-02-12,20.224793710933117
2019-02-13,20.28090483139596
2019-02-14,20.22997240630353
2019-02-15,20.42822733797569
2019-02-19,20.453325868495288
2019-02-20,20.48842762984607
2019-02-21,20.42619663435796
2019-02-22,20.55679367927305
2019-02-25,20.588750691497545
2019-02-26,20.57599998401958
2019-02-27,20.57455962770396
2019-02-28,20.45242140072253
2019-03-01,20.590166624262864
2019-03-04,20.506789339606144
2019-03-05,20.4923647629373
2019-03-06,20.361855444278536
2019-03-07,20.190128210991546
2019-03-08,20.145715755570237
2019-03-11,20.441368359717373
2019-03-12,20.50421759126812
2019-03-13,20.644374792592306
2019-03-14,20.625132807348752
2019-03-15,20.734265606541346
2019-03-18,20.85255432172958
2019-03-19,20.846724457327497
2019-03-20,20.77649604168074
2019-03-21,21.001103931699102
2019-03-22,20.60065548649243
2019-03-25,20.58067713342464
2019-03-26,20.726795861534484
2019-03-27,20.63253393310229
2019-03-28,20.70724464551361
2019-03-29,20.84912635918052
2019-04-01,20.46980803387916
2019-04-02,20.46796316001164
2019-04-03,20.511652387803263
2019-04-04,20.553755942335663
2019-04-05,20.64665392785057
2019-04-08,20.6703292691536
2019-04-09,20.54689445292511
2019-04-10,20.61776315087696
2019-04-11,20.61786656505047
2019-04-12,20.745829536442194
2019-04-15,20.73647298442401
2019-04-16,20.743600333625448
2019-04-17,20.70120083233302
2019-04-18,20.7206298775127
2019-04-22,20.760001966243617
2019-04-23,20.938232192951865
2019-04-24,20.888743292929234
2019-04-25,20.889297702827523
2019-04-26,20.98336899142473
2019-04-29,21.012700839664184
2019-04-30,21.018319372523173
2019-05-01,20.862310066465263
2019-05-02,20.8228441950271
2019-05-03,21.02782770234961
2019-05-06,20.978275088371635
2019-05-07,20.63995564372431
2019-05-08,20.601630666378217
2019-05-09,20.5390904869663
2019-05-10,20.617253424694677
2019-05-13,20.121319378868403
2019-05-14,20.277684098490823
2019-05-15,20.401797238275364
2019-05-16,20.585606329273336
2019-05-17,20.46654043435143
2019-05-20,20.32682274381588
2019-05-21,20.494088530999303
2019-05-22,20.438024977948476
2019-05-23,20.198055790755237
2019-05-24,20.22547913017489
2019-05-28,20.070165938276663
2019-05-29,19.926163868002977
2019-05-30,19.97499135518644
2019-05-31,19.80041257102597
2019-06-03,19.92670933529047
2019-06-04,20.3500095936466
2019-06-05,20.51986347696377
2019-06-06,20.649188413159106
2019-06-07,20.859775692677665
2019-06-10,20.96154711601333
2019-06-11,20.963835622100127
2019-06-12,20.87605288204401
2019-06-13,21.02910421551604
2019-06-14,20.97860516944508
2019-06-17,20.99506329183069
2019-06-18,21.19563363082434
2019-06-19,21.258838139485672
2019-06-20,21.45607277146561
2019-06-21,21.4310671348021
2019-06-24,21.427593809001564
2019-06-25,21.21532717309675
2019-06-26,21.19036739751637
2019-06-27,21.266967805771657
2019-06-28,21.39790454624704
2019-07-01,21.217077319129817
2019-07-02,21.281394106759343
2019-07-03,21.43024936975111
2019-07-05,21.4101379210122
2019-07-08,21.31012632085599
2019-07-09,21.334105885071107
2019-07-10,21.432446544316186
2019-07-11,21.482823053941267
2019-07-12,21.57994071151523
2019-07-15,21.54203464494788
2019-07-16,21.512851558786803
2019-07-17,21.377569722109158
2019-07-18,21.453517030261143
2019-07-19,21.31672056854458
2019-07-22,21.380725890370847
2019-07-23,21.5243219158167
2019-07-24,21.624064063625013
2019-07-25,21.50755744337643
2019-07-26,21.6785614730092
2019-07-29,21.691824380093585
2019-07-30,21.64149691021499
2019-07-31,21.36468585950757
2019-08-01,21.203931813461708
2019-08-02,21.061410555076986
2019-08-05,20.424961154391816
2019-08-06,20.68612432279413
2019-08-07,20.726170800283374
2019-08-08,21.1161058558866
2019-08-09,20.97579589041586
2019-08-12,20.726696969226115
2019-08-13,21.031998364555207
2019-08-14,20.41745258263019
2019-08-15,20.47529043138248
2019-08-16,20.76494829035115
2019-08-19,21.021667473442903
2019-08-20,20.852517943261336
2019-08-21,21.030063365504525
2019-08-22,21.0180827101208
2019-08-23,20.472631840327672
2019-08-26,20.695327784558653
2019-08-27,20.62890969449402
2019-08-28,20.76537624656229
2019-08-29,21.094333068550647
2019-08-30,21.1045346511694
2019-09-03,20.98392043818756
2019-09-04,21.2088641227112
2019-09-05,21.48659587504532
2019-09-06,21.50343396059412
2019-09-09,21.50328257107965
2019-09-10,21.506488302236782
2019-09-11,21.662260929279043
2019-09-12,21.7245409794232
2019-09-13,21.70714698519733
2019-09-16,21.63079785811556
2019-09-17,21.69293254581979
2019-09-18,21.71363539600356
2019-09-19,21.71524750557437
2019-09-20,21.61055239159228
2019-09-23,21.694496479408784
2019-09-24,21.51584302238647
2019-09-25,21.64593527868149
2019-09-26,21.593725254448803
2019-09-27,21.49150167479471
2019-09-30,22.144911972987284
2019-10-01,21.88061414662681
2019-10-02,21.48702678235284
2019-10-03,21.65114547191479
2019-10-04,21.980987409383854
2019-10-07,21.88156537463961
2019-10-08,21.54324959039953
2019-10-09,21.7412012514021
2019-10-10,21.877960059147057
2019-10-11,22.11383213639139
2019-10-14,22.081214400362438
2019-10-15,22.302771246415507
2019-10-16,22.25765012803616
2019-10-17,22.318682260596063
2019-10-18,22.229337173587183
2019-10-21,22.381741653630662
2019-10-22,22.293195031054783
2019-10-23,22.35675757470146
2019-10-24,22.404696134420163
2019-10-25,22.49254867629129
2019-10-28,22.634036341018145
2019-10-29,22.61187625582573
2019-10-30,22.67615665698165
2019-10-31,22.566883829737865
2019-11-01,22.80148350895382
2019-11-04,22.86608930159669
2019-11-05,22.849118347603305
2019-11-06,22.865861901558457
2019-11-07,22.92645172257858
2019-11-08,22.981366012741297
2019-11-11,22.926645772263107
2019-11-12,22.98325543215821
2019-11-13,23.0035490239158
2019-11-14,23.021548906851127
2019-11-15,23.19664010426699
2019-11-18,23.21203989040734
2019-11-19,23.197708725756986
2019-11-20,23.11039205894073
2019-11-21,23.10518974605573
2019-11-22,23.1544828698722
2019-11-25,23.318990451829773
2019-11-26,23.373464221239523
2019-11-27,23.46300572949152
2019-11-29,23.43068629830332
2019-12-02,23.23098544691698
2019-12-03,23.07845182458494
2019-12-04,23.22496296878753
2019-12-05,23.19993624278265
2019-12-06,23.407482256528187
2019-12-09,23.28737880838386
2019-12-10,23.26078438982445
2019-12-11,23.326757090797397
2019-12-12,23.521617116846144
2019-12-13,23.52686574110372
2019-12-16,23.698071082078123
2019-12-17,23.708176578648136
2019-12-18,23.70039302744643
2019-12-19,23.804727239683864
2019-12-20,23.923897539467745
2019-12-23,23.92988889044736
2019-12-24,24.00138534452416
2019-12-26,24.123367868502303
2019-12-27,24.11782820511532
2019-12-30,23.79970122887211
2019-12-31,23.156717692229208
2020-01-02,23.34705398502176
2020-01-03,23.16630606929409
2020-01-06,23.24789878124816
2020-01-07,23.17920084286815
2020-01-08,23.296454907489064
2020-01-09,23.45482090558373
2020-01-10,23.392031834769835
2020-01-13,23.55505926686868
2020-01-14,23.516502037939755
2020-01-15,23.56149437963796
2020-01-16,23.75814711226585
2020-01-17,23.85087337349141
2020-01-21,23.78737684191696
2020-01-22,23.8005407726529
2020-01-23,23.823721443952017
2020-01-24,23.590745776684265
2020-01-27,23.203623959057158
2020-01-28,23.44748386866546
2020-01-29,23.421033852737644
2020-01-30,23.49969322070709
2020-01-31,23.062128962300857
2020-02-03,23.19040561175279
2020-02-04,23.540413523630807
2020-02-05,23.802715760621272
2020-02-06,23.878842053315356
2020-02-07,23.74764714734589
2020-02-10,23.925742671887708
2020-02-11,23.96641983957984
2020-02-12,24.1204988640024
2020-02-13,24.08410075739981
2020-02-14,24.132510678624968
2020-02-18,24.06450489093792
2020-02-19,24.180018203712
2020-02-20,24.08561487815564
2020-02-21,23.82814151086832
2020-02-24,23.030483633894416
2020-02-25,22.338211959059365
2020-02-26,22.25791686973201
2020-02-27,21.29604385048189
2020-02-28,21.10714540486025
2020-03-02,22.124847547173115
2020-03-03,21.504448987385857
2020-03-04,22.416070283817632
2020-03-05,21.668592286956574
2020-03-06,21.304739436703496
2020-03-09,19.68529917527797
2020-03-10,20.66264267925453
2020-03-11,19.65232210359908
2020-03-12,17.786431688977178
2020-03-13,19.43995993361619
2020-03-16,17.102319700135162
2020-03-17,18.124894839521478
2020-03-18,17.15834662690286
2020-03-19,17.268875035524164
2020-03-20,16.52271470385834
2020-03-23,16.016784292338773
2020-03-24,17.546648517537463
2020-03-25,17.741144064789598
2020-03-26,18.857746017789413
2020-03-27,18.2128114955781
2020-03-30,18.8932642323708
2020-03-31,21.15442063033404
2020-04-01,20.18407198392135
2020-04-02,20.686923163162614
2020-04-03,20.286185422241243
2020-04-06,21.80825518661245
2020-04-07,21.790571341740996
2020-04-08,22.56890583813585
2020-04-09,23.01240117479441
2020-04-13,22.647733775252146
2020-04-14,23.341748289459847
2020-04-15,22.80409916131086
2020-04-16,22.910130800680047
2020-04-17,23.566088999295594
2020-04-20,23.14092153889416
2020-04-21,22.414766337700694
2020-04-22,22.94811388852097
2020-04-23,22.960025286544
2020-04-24,23.29760238572376
2020-04-27,23.6272852571336
2020-04-28,23.512890680828807
2020-04-29,24.187134813595986
2020-04-30,23.98578566607586
2020-05-01,23.26705311680183
2020-05-04,23.54096121619985
2020-05-05,23.75257214727699
2020-05-06,23.566881855500817
2020-05-07,23.86687637328801
2020-05-08,24.302097408523505
2020-05-11,24.2731754709211
2020-05-12,23.79983745408264
2020-05-13,23.348475041842576
2020-05-14,23.63002838812472
2020-05-15,23.715624500204143
2020-05-18,24.513253860784367
2020-05-19,24.231969734593456
2020-05-20,24.66545518988661
2020-05-21,24.46045501429928
2020-05-22,24.508769207421818
2020-05-26,24.82527379980798
2020-05-27,25.212822050582613
2020-05-28,25.153319649276085
2020-05-29,25.249478292127705
2020-06-01,25.5030273864935
2020-06-02,25.73121185875961
2020-06-03,26.106877539189785
2020-06-04,26.025014779427835
2020-06-05,26.75107303737256
2020-06-08,27.12038610695525
2020-06-09,26.880660545195703
2020-06-10,26.69356351798593
2020-06-11,25.048757145838536
2020-06-12,25.39555545260888
2020-06-15,25.62482105589478
2020-06-16,26.1209378734181
2020-06-17,26.023281672492985
2020-06-18,26.042095278120488
2020-06-19,25.8766502596074
2020-06-22,26.15772855288152
2020-06-23,26.275017693910005
2020-06-24,25.548072937983285
2020-06-25,25.8481950736182
2020-06-26,25.24249646612397
2020-06-29,26.02156155813066
2020-06-30,30.045537173116504
2020-07-01,30.16389936181188
2020-07-02,30.27638878198931
2020-07-06,30.819115713590914
2020-07-07,30.433194643957325
2020-07-08,30.6844687906124
2020-07-09,30.465352308696048
2020-07-10,30.83229150938598
2020-07-13,30.51453772024285
2020-07-14,30.964023494779
2020-07-15,31.304573080287533
2020-07-16,31.167677159280863
2020-07-17,31.22785424026792
2020-07-20,31.468838324505324
2020-07-21,31.60441814165314
2020-07-22,31.76707477678591
2020-07-23,31.379764666149697
2020-07-24,31.18083475129993
2020-07-27,31.375558484563594
2020-07-28,31.150058725099647
2020-07-29,31.56375233322154
2020-07-30,31.39135659902596
2020-07-31,31.41418332770572
2020-08-03,31.653521995493
2020-08-04,31.80574148977906
2020-08-05,32.04833453757387
2020-08-06,32.24805417131682
2020-08-07,32.281709407915095
2020-08-10,32.42778504389573
2020-08-11,32.146096832692265
2020-08-12,32.597378220337866
2020-08-13,32.505403186799384
2020-08-14,32.51386151860147
2020-08-17,32.55044235934013
2020-08-18,32.60804902092825
2020-08-19,32.46041103958265
2020-08-20,32.51777936497632
2020-08-21,32.61034640667784
2020-08-24,33.00052208578649
2020-08-25,33.10689166550707
2020-08-26,33.40638465651656
2020-08-27,33.47552379329288
2020-08-28,33.733726349030995
2020-08-31,33.60322932117226
2020-09-01,33.8407395102206
2020-09-02,34.375069374801214
2020-09-03,33.1713657870007
2020-09-04,32.91233343088457
2020-09-08,31.91762999837766
2020-09-09,32.55774265609089
2020-09-10,31.929534862266863
2020-09-11,31.948253337369604
2020-09-14,32.37719802377419
2020-09-15,32.5330558255657
2020-09-16,32.444729270392074
2020-09-17,32.16737681792465
2020-09-18,31.77298819393176
2020-09-21,31.424771476999915
2020-09-22,31.755602886697016
2020-09-23,30.938093106160448
2020-09-24,31.029908301349348
2020-09-25,31.561779641037607
2020-09-28,32.208561814866286
2020-09-29,32.0165839969531
2020-09-30,32.6137867765064
2020-10-01,32.754516208017506
2020-10-02,32.450522641291954
2020-10-05,33.07884825529103
2020-10-06,32.590804673500045
2020-10-07,33.20909282749532
2020-10-08,33.54372786162187
2020-10-09,33.805149683043865
2020-10-12,34.37435145031028
2020-10-13,34.07080614091827
2020-10-14,33.84854352445646
2020-10-15,33.80554448325048
2020-10-16,33.76957839640106
2020-10-19,33.19158066049305
2020-10-20,33.39965609012258
2020-10-21,33.34131922956892
2020-10-22,33.537902330623595
2020-10-23,33.64978139627774
2020-10-26,32.92660945234432
2020-10-27,32.783302367747524
2020-10-28,31.518256099232293
2020-10-29,31.97116949324936
2020-10-30,31.673199762431505
2020-11-02,31.977328320699584
2020-11-03,32.57479909862232
2020-11-04,33.27277771132956
2020-11-05,33.98133293639035
2020-11-06,33.9294110599078
2020-11-09,34.56668134857407
2020-11-10,34.6646924014824
2020-11-12,34.337384298709694
2020-11-13,34.855515683247404
2020-11-16,35.34307871052602
2020-11-17,35.18514763237855
2020-11-18,34.7562944939189
2020-11-19,34.91553374666542
2020-11-20,34.703390204172244
2020-11-23,34.92468587982627
2020-11-24,35.59268211260195
2020-11-25,35.5626476962069
2020-11-27,35.55189343052072
2020-11-30,35.23827116452919
2020-12-01,35.63997598615597
2020-12-02,35.7478234114128
2020-12-03,35.78749178994914
2020-12-04,36.20265407395496
2020-12-07,36.12066618030458
2020-12-08,36.25746090982188
2020-12-09,35.963158727577905
2020-12-10,35.968082076662625
2020-12-11,35.879472463354546
2020-12-14,35.654535812082244
2020-12-15,36.14924860201034
2020-12-16,36.20614513833712
2020-12-17,36.40409285732701
2020-12-18,36.24139359414472
2020-12-21,36.95905065467052
2020-12-22,36.82210361219639
2020-12-23,36.91325918715871
2020-12-24,37.10507527151943
2020-12-28,36.97204928569981
2020-12-29,36.87458999995977
2020-12-30,36.96626878716808
2020-12-31,39.029588241249954
2021-01-04,38.564446136130506
2021-01-05,38.92686544503854
2021-01-06,39.18898056586992
2021-01-07,39.91369015502097
2021-01-08,40.111217599473584
2021-01-11,39.83727610357146
2021-01-12,39.94230104341256
2021-01-13,40.03520830530733
2021-01-14,39.99622189098284
2021-01-15,39.61105256503554
2021-01-19,40.00828037893477
2021-01-20,40.56927582759812
2021-01-21,40.53251304408206
2021-01-22,40.4504129896903
2021-01-25,40.544000596306994
2021-01-26,40.4406220169396
2021-01-27,39.41174126651464
2021-01-28,39.873098865418896
2021-01-29,38.99377043024703
2021-02-01,39.45159353172808
2021-02-02,40.04229163257278
2021-02-03,40.15270363495603
2021-02-04,40.628499629603866
2021-02-05,40.7762445034809
2021-02-08,41.179881582528296
2021-02-09,41.07020748000564
2021-02-10,41.08534919263568
2021-02-11,41.11301913109393
2021-02-12,41.20826571037617
2021-02-16,41.28538107812809
2021-02-17,41.31299032353447
2021-02-18,41.0695140158016
2021-02-19,41.0783779764243
2021-02-22,40.8737779087603
2021-02-23,40.93465515778933
2021-02-24,41.51251542895683
2021-02-25,40.38781011997369
2021-02-26,40.21907297168688
2021-03-01,41.00504955227354
2021-03-02,40.895641404097816
2021-03-03,40.463815419192805
2021-03-04,39.92223648145168
2021-03-05,40.700208562141206
2021-03-08,40.47762235876269
2021-03-09,41.01350311069015
2021-03-10,41.296377647486906
2021-03-11,41.78512265049811
2021-03-12,41.835248845371005
2021-03-15,42.10347891210947
2021-03-16,41.96056405561608
2021-03-17,42.129005812983735
2021-03-18,41.404119539238415
2021-03-19,41.4238675497712
2021-03-22,42.29090096965846
2021-03-23,41.86455559748868
2021-03-24,41.63326296395928
2021-03-25,41.8722332805348
2021-03-26,42.581220430933264
2021-03-29,41.71696779870248
2021-03-30,41.62820024643174
2021-03-31,32.34407176624332
2021-04-01,32.63967890801372
2021-04-05,32.88379275786381
2021-04-06,32.849998681064946
2021-04-07,32.890607893155035
2021-04-08,33.01932016340229
2021-04-09,33.275324544192
2021-04-12,33.25825559722204
2021-04-13,33.37006113708179
2021-04-14,33.24660960561382
2021-04-15,33.603028498952206
2021-04-16,33.72073327401169
2021-04-19,33.53945659071897
2021-04-20,33.279206260293634
2021-04-21,33.622905775719474
2021-04-22,33.27315262432165
2021-04-23,33.67272961425826
2021-04-26,33.73934438338581
2021-04-27,33.73465140978896
2021-04-28,33.72400444399161
2021-04-29,33.950173272057455
2021-04-30,33.572311789425456
2021-05-03,33.282959390914094
2021-05-04,33.057906025741765
2021-05-05,33.081517354512044
2021-05-06,33.52763080158152
2021-05-07,33.60096208254906
2021-05-10,33.22534917700303
2021-05-11,32.90995214746071
2021-05-12,32.19013860407157
2021-05-13,32.57224628824149
2021-05-14,33.113869638279525
2021-05-17,33.05007982660015
2021-05-18,32.76429556024136
2021-05-19,32.64602794915638
2021-05-20,32.98533216463997
2021-05-21,32.958834489023005
2021-05-24,33.32841494988379
2021-05-25,33.249749081595
2021-05-26,33.325432149298464
2021-05-27,33.36933004853178
2021-05-28,33.39404664609596
2021-06-01,33.025966009180635
2021-06-02,33.08745192741632
2021-06-03,32.87078626772282
2021-06-04,33.14397640053296
2021-06-07,33.11776462237486
2021-06-08,33.12510235824329
2021-06-09,33.04890378464633
2021-06-10,33.19835256310753
2021-06-11,33.26292635043397
2021-06-14,33.29839971651558
2021-06-15,33.23118031036906
2021-06-16,33.05645463460542
2021-06-17,33.04244821960251
2021-06-18,32.60806753660358
2021-06-21,33.14431264149445
2021-06-22,33.315374301568376
2021-06-23,33.27574238151627
2021-06-24,33.46456479701439
2021-06-25,33.55582536978012
2021-06-28,33.11761279447523
2021-06-29,33.12400766408177
2021-06-30,27.81639701235953
2021-07-01,27.956022785685487
2021-07-02,28.111173601550103
2021-07-06,27.66338625504095
2021-07-07,27.75948330271348
2021-07-08,27.525345797231243
2021-07-09,27.83568296932283
2021-07-12,27.931308584874053
2021-07-13,27.835560978381523
2021-07-14,27.86922438228066
2021-07-15,27.78228142593713
2021-07-16,27.57013901302558
2021-07-19,27.129923230694875
2021-07-20,27.541980135301923
2021-07-21,27.7827317165295
2021-07-22,27.84687923537179
2021-07-23,28.129164468255933
2021-07-26,28.20013755918197
2021-07-27,28.06925562786777
2021-07-28,28.06218055389452
2021-07-29,28.1768686378395
2021-07-30,28.012026062782017
2021-08-02,27.900920350388542
2021-08-03,28.121650040099084
2021-08-04,28.00342076702444
2021-08-05,28.162886974374526
2021-08-06,28.21155321057556
2021-08-09,28.185534315234605
2021-08-10,28.2149964389132
2021-08-11,28.2838138405158
2021-08-12,28.36688874945591
2021-08-13,28.41292855001417
2021-08-16,28.496718395454863
2021-08-17,28.29332600874478
2021-08-18,27.986540930306205
2021-08-19,28.01916691750569
2021-08-20,28.248181482334285
2021-08-23,28.481756432923376
2021-08-24,28.53868139805137
2021-08-25,28.60240250850436
2021-08-26,28.4360367676985
2021-08-27,28.689208526328557
2021-08-30,28.818128628225903
2021-08-31,28.74592513738602
2021-09-01,28.753941723060084
2021-09-02,28.79809557409415
2021-09-03,28.781132190883945
2021-09-07,28.689420845693967
2021-09-08,28.64920202052878
2021-09-09,28.524204666829007
2021-09-10,28.29594679196441
2021-09-13,28.3622479602723
2021-09-14,28.19823549302482
2021-09-15,28.44081179392553
2021-09-16,28.39838047496337
2021-09-17,28.135927493843965
2021-09-20,27.79469163450989
2021-09-21,27.76989117482676
2021-09-22,28.03040090576877
2021-09-23,28.36925723430316
2021-09-24,28.398612596866
2021-09-27,28.095389079332826
2021-09-28,27.52558452386242
2021-09-29,27.56963583959382
2021-09-30,25.169107680266094
2021-10-01,25.4130055237761
2021-10-04,24.855170286067143
2021-10-05,25.11547028390529
2021-10-06,25.217989048049628
2021-10-07,25.424594060525184
2021-10-08,25.37726178850926
2021-10-11,25.183414687516347
2021-10-12,25.14424095825394
2021-10-13,25.217533126485304
2021-10-14,25.64730930254219
2021-10-15,25.839616292472986
2021-10-18,25.926669159636187
2021-10-19,26.116279270212807
2021-10-20,26.212501746604023
2021-10-21,26.290474050441134
2021-10-22,26.26400717152605
2021-10-25,26.387248228217945
2021-10-26,26.436569599763416
2021-10-27,26.306633286856098
2021-10-28,26.565893945560955
2021-10-29,26.57966750564989
2021-11-01,26.471967766675125
2021-11-02,26.571989385314268
2021-11-03,26.74877672339924
2021-11-04,26.894891532559
2021-11-05,26.960056330345303
2021-11-08,26.984844517709654
2021-11-09,26.8899170931148
2021-11-10,26.669432758685996
2021-11-11,26.725216039721843
2021-11-12,26.87379462848414
2021-11-15,26.85057715381897
2021-11-16,26.976338458314043
2021-11-17,26.910402256882467
2021-11-18,27.001935529206968
2021-11-19,26.967243841865468
2021-11-22,26.874655290416893
2021-11-23,26.9189915777331
2021-11-24,26.979812935150356
2021-11-26,26.36281532407177
2021-11-29,26.71351283584895
2021-11-30,26.18341755475217
2021-12-01,25.866888586905706
2021-12-02,26.219434749065904
2021-12-03,26.012291348917465
2021-12-06,26.324828963340387
2021-12-07,26.787735427088485
2021-12-08,26.95346139930797
2021-12-09,26.760886812897848
2021-12-10,27.0207278523827
2021-12-13,26.769805506639404
2021-12-14,26.586719035199074
2021-12-15,27.019179510399308
2021-12-16,26.784092128590476
2021-12-17,26.507214477901968
2021-12-20,26.295669577861894
2021-12-21,26.76291762053152
2021-12-22,27.03479664895388
2021-12-23,27.202016795218118
2021-12-27,27.49225078166288
2021-12-28,27.464978404457757
2021-12-29,27.5058485998894
2021-12-30,27.41986894169732
2021-12-31,24.311619835731875
2022-01-03,24.40317294714552
2022-01-04,24.38903599065313
2022-01-05,23.914508271417645
2022-01-06,23.893209932808883
2022-01-07,23.79646511554541
2022-01-10,23.761334899943623
2022-01-11,23.97936988785627
2022-01-12,24.049579129697594
2022-01-13,23.71054791613
2022-01-14,23.72562448495698
2022-01-18,23.27904292261316
2022-01-19,23.051770893591723
2022-01-20,22.795877559253366
2022-01-21,22.360473606559143
2022-01-24,22.42339713062072
2022-01-25,22.154891059706134
2022-01-26,22.12172412820184
2022-01-27,21.999571876235017
2022-01-28,22.526799367131243
2022-01-31,22.86821887263616
2022-02-01,23.02677835275728
2022-02-02,23.23235528218413
2022-02-03,22.66194434809039
2022-02-04,22.779087329808902
2022-02-07,22.69971985677647
2022-02-08,22.89243098811217
2022-02-09,23.22532943942623
2022-02-10,22.80143177711734
2022-02-11,22.36754515674848
2022-02-14,22.27431562243333
2022-02-15,22.64599033256781
2022-02-16,22.66816457325615
2022-02-17,22.184233982054536
2022-02-18,22.024067134840323
2022-02-22,21.79741979610188
2022-02-23,21.39219347541021
2022-02-24,21.712028634664023
2022-02-25,22.20064778074929
2022-02-28,22.16143296804879
2022-03-01,21.820964454314545
2022-03-02,22.23494275854884
2022-03-03,22.0943743160942
2022-03-04,21.915519444092368
2022-03-07,21.25675598767934
2022-03-08,21.1048403087666
2022-03-09,21.611377420142084
2022-03-10,21.564619445048223
2022-03-11,21.284814888918905
2022-03-14,21.12222638060152
2022-03-15,21.579178602315075
2022-03-16,22.06674874624717
2022-03-17,22.341103535050443
2022-03-18,22.602003544279867
2022-03-21,22.607001686240267
2022-03-22,22.86356337118206
2022-03-23,22.579374900532205
2022-03-24,22.905789994919147
2022-03-25,23.021901381596106
2022-03-28,23.144398391568565
2022-03-29,23.42826609430867
2022-03-30,23.281670262002343
2022-03-31,23.03172500421035
2022-04-01,23.10003422641805
2022-04-04,23.18239246269744
2022-04-05,22.884140710475076
2022-04-06,22.659827954665836
2022-04-07,22.7540238151072
2022-04-08,22.6922966312591
2022-04-11,22.256577242282567
2022-04-12,22.181234943916223
2022-04-13,22.43323622196029
2022-04-14,22.159118843152516
2022-04-18,22.152511944173156
2022-04-19,22.51135742861797
2022-04-20,22.495886652158777
2022-04-21,22.16293088002734
2022-04-22,21.546237563529843
2022-04-25,21.66899357159242
2022-04-26,21.054554946103245
2022-04-27,21.100580696767395
2022-04-28,21.6267389523706
2022-04-29,20.83419819500144
2022-05-02,20.93791318469604
2022-05-03,21.04135694038425
2022-05-04,21.67473393870206
2022-05-05,20.89276090828146
2022-05-06,20.768504720728885
2022-05-09,20.08651011275171
2022-05-10,20.136449572776783
2022-05-11,19.797208968095788
2022-05-12,19.7684227180114
2022-05-13,20.25248966386089
2022-05-16,20.173036041447688
2022-05-17,20.58631830726612
2022-05-18,19.74619742634973
2022-05-19,19.62825638924954
2022-05-20,19.627477814743816
2022-05-23,19.98733859203274
2022-05-24,19.81490974123294
2022-05-25,20.005173702197983
2022-05-26,20.412972248062783
2022-05-27,20.92540446899469
2022-05-31,20.799384389943928
2022-06-01,20.62219880991548
2022-06-02,21.014296492952035
2022-06-03,20.66458955721688
2022-06-06,20.730570108243786
2022-06-07,20.9308201617155
2022-06-08,20.69709934696704
2022-06-09,20.195034963443973
2022-06-10,19.60209502060157
2022-06-13,18.84166872077633
2022-06-14,18.76408764395861
2022-06-15,19.0419820310176
2022-06-16,18.4094279850046
2022-06-17,18.45786015646636
2022-06-21,18.943316524699483
2022-06-22,18.918561533551618
2022-06-23,19.097732927117654
2022-06-24,19.69855927096353
2022-06-27,19.65043773569717
2022-06-28,19.25324103778509
2022-06-29,19.224183261673428
2022-06-30,19.64078215153426
2022-07-01,19.859315859361864
2022-07-05,19.932506626776693
2022-07-06,19.99625774493162
2022-07-07,20.302265997651613
2022-07-08,20.2833037168089
2022-07-11,20.0439387722846
2022-07-12,19.86355336581104
2022-07-13,19.77205588314335
2022-07-14,19.708636997316702
2022-07-15,20.092841949949587
2022-07-18,19.93034344776284
2022-07-19,20.48714218733842
2022-07-20,20.61357406663355
2022-07-21,20.808815357024145
2022-07-22,20.608910374424102
2022-07-25,20.646443697120898
2022-07-26,20.399314197392
2022-07-27,20.940410574320616
2022-07-28,21.197928919465244
2022-07-29,21.4924251677788
2022-08-01,21.458400023615805
2022-08-02,21.318709032171924
2022-08-03,21.6572087638037
2022-08-04,21.640258089315925
2022-08-05,21.60523239280548
2022-08-08,21.58021753923503
2022-08-09,21.479995371105744
2022-08-10,21.94797353372609
2022-08-11,21.935014266424123
2022-08-12,22.318059419133103
2022-08-15,22.40327387104462
2022-08-16,22.450032474246413
2022-08-17,22.28078196481169
2022-08-18,22.3305511076424
2022-08-19,22.03588615826359
2022-08-22,21.55857339725688
2022-08-23,21.514021596955097
2022-08-24,21.582517884958605
2022-08-25,21.89233542706547
2022-08-26,21.14744130886913
2022-08-29,21.004614367058903
2022-08-30,20.77155784141264
2022-08-31,20.63481840945977
2022-09-01,20.710768321591573
2022-09-02,20.48902327620027
2022-09-06,20.4000188004395
2022-09-07,20.77795763231066
2022-09-08,20.91800391282889
2022-09-09,21.24077740585908
2022-09-12,21.46921376507793
2022-09-13,20.534890139688407
2022-09-14,20.60897464569439
2022-09-15,20.3782120241685
2022-09-16,20.23080872577097
2022-09-19,20.51367451417245
2022-09-20,20.28029712133376
2022-09-21,19.92848763612008
2022-09-22,19.75843076565326
2022-09-23,19.41126125484848
2022-09-26,19.201521302372093
2022-09-27,19.16387724468225
2022-09-28,19.54681495810096
2022-09-29,19.127008079175024
2022-09-30,18.991508369708036
2022-10-03,19.615713616102912
2022-10-04,20.226341321697564
2022-10-05,20.18344194778221
2022-10-06,19.974374505979792
2022-10-07,19.410843417894128
2022-10-10,19.259372931269084
2022-10-11,19.134292612879797
2022-10-12,19.08438490104134
2022-10-13,19.58203499550046
2022-10-14,19.118325071931988
2022-10-17,19.62846911021603
2022-10-18,19.860856221053677
2022-10-19,19.722053841323586
2022-10-20,19.56562535131416
2022-10-21,20.03591694356656
2022-10-24,20.275205320180262
2022-10-25,20.610991157742493
2022-10-26,20.45899029751231
2022-10-27,20.33286046965401
2022-10-28,20.85729578574664
2022-10-31,20.80227521802052
2022-11-01,20.71218310182596
2022-11-02,20.192369287855765
2022-11-03,19.979747309291955
2022-11-04,20.25519698029632
2022-11-07,20.450133729595738
2022-11-08,20.5670128390739
2022-11-09,20.13712338561034
2022-11-10,21.26434323475597
2022-11-11,21.4650436474159
2022-11-14,21.274485220176757
2022-11-15,21.464005366426072
2022-11-16,21.2754940085564
2022-11-17,21.208506843350897
2022-11-18,21.309722588211304
2022-11-21,21.22384961798566
2022-11-22,21.514513625699585
2022-11-23,21.57285941623805
2022-11-25,21.63872213462184
2022-11-28,21.295909185047734
2022-11-29,21.26609476249664
2022-11-30,21.988610084276058
2022-12-01,22.00318657094662
2022-12-02,21.977120733829317
2022-12-05,21.58003665008262
2022-12-06,21.26446603269339
2022-12-07,21.221709051041504
2022-12-08,21.38420915279886
2022-12-09,21.22434088546905
2022-12-12,21.528428612756446
2022-12-13,21.684523191689912
2022-12-14,21.55303852936146
2022-12-15,21.00967102890028
2022-12-16,20.77258532976573
2022-12-19,20.630037289315908
2022-12-20,20.651197833765806
2022-12-21,20.96246176227922
2022-12-22,20.61590430020993
2022-12-23,20.7363239399547
2022-12-27,20.662979050200907
2022-12-28,20.41285822489745
2022-12-29,20.77324296743297
2022-12-30,20.743238202584592
2023-01-03,22.23474923021578
2023-01-04,22.384746169882384
2023-01-05,22.11787107239278
2023-01-06,22.625495355248248
2023-01-09,22.610041890730862
2023-01-10,22.75308821029224
2023-01-11,23.065152542678536
2023-01-12,23.1468910388371
2023-01-13,23.24126342840437
2023-01-17,23.195285771411225
2023-01-18,22.83338427100573
2023-01-19,22.6566514694018
2023-01-20,23.088440780909167
2023-01-23,23.36300789054439
2023-01-24,23.3460505962623
2023-01-25,23.34236476598617
2023-01-26,23.59956561994485
2023-01-27,23.66426691835412
2023-01-30,23.34411441206085
2023-01-31,23.638101285232857
2023-02-01,23.91281070142532
2023-02-02,24.264151663673847
2023-02-03,24.012764552348788
2023-02-06,23.866940119619557
2023-02-07,24.17278841934084
2023-02-08,23.905463725246676
2023-02-09,23.69276141367181
2023-02-10,23.74463093638993
2023-02-13,24.012951517372542
2023-02-14,24.006198159079982
2023-02-15,24.07257036915976
2023-02-16,23.73965249643272
2023-02-17,23.674315425128533
2023-02-21,23.19922508895811
2023-02-22,23.162455044689683
2023-02-23,23.2863976493731
2023-02-24,23.040465152137585
2023-02-27,23.10916708638177
2023-02-28,23.03621820746833
2023-03-01,22.927549764514
2023-03-02,23.17289812150508
2023-03-03,23.54629275567742
2023-03-06,23.562152176181
2023-03-07,23.200819568212157
2023-03-08,23.232907499293088
2023-03-09,22.803207485789397
2023-03-10,22.48879866194115
2023-03-13,22.442624345071028
2023-03-14,22.836946913307077
2023-03-15,22.67693228927644
2023-03-16,23.07752102203097
2023-03-17,22.81838042450016
2023-03-20,23.030515851303605
2023-03-21,23.338880001046807
2023-03-22,22.943163233946088
2023-03-23,23.00484557096053
2023-03-24,23.131890871743305
2023-03-27,23.231089069473654
2023-03-28,23.19579705447858
2023-03-29,23.53280711400805
2023-03-30,23.61761550850852
2023-03-31,23.106064812760717
2023-04-03,23.54007581133197
2023-04-04,23.397196962384054
2023-04-05,23.341587210081567
2023-04-06,23.43308138773012
2023-04-10,23.45342211637421
2023-04-11,23.4577560603571
2023-04-12,23.35832062236274
2023-04-13,23.670647922117706
2023-04-14,23.62218668616611
2023-04-17,23.701273280450216
2023-04-18,23.7206322694636
2023-04-19,23.71941262801929
2023-04-20,23.576736622627884
2023-04-21,23.59819104789958
2023-04-24,23.61967053361339
2023-04-25,23.24203300434111
2023-04-26,23.160761729289312
2023-04-27,23.61770214097408
2023-04-28,23.826547731864625
2023-05-01,23.791468340340124
2023-05-02,23.50203275716081
2023-05-03,23.335475573837208
2023-05-04,23.177896795496597
2023-05-05,23.61783979644139
2023-05-08,23.62943215621194
2023-05-09,23.5203970545508
2023-05-10,23.62207592731639
2023-05-11,23.58063096814802
2023-05-12,23.542263336349738
2023-05-15,23.614777653459257
2023-05-16,23.46103348218848
2023-05-17,23.74619317242375
2023-05-18,23.971311858817376
2023-05-19,23.935859666936445
2023-05-22,23.93578072441323
2023-05-23,23.6665177193785
2023-05-24,23.484071457216533
2023-05-25,23.68728414196087
2023-05-26,24.00392463656875
2023-05-30,23.99864711020827
2023-05-31,23.827894298496727
2023-06-01,24.140269894601843
2023-06-02,24.49216407167393
2023-06-05,24.43940684136133
2023-06-06,24.499460376727782
2023-06-07,24.407463843500047
2023-06-08,24.555386104540325
2023-06-09,24.58382679424881
2023-06-12,24.81325706307245
2023-06-13,24.990261976773706
2023-06-14,25.006684170382183
2023-06-15,25.309276929566806
2023-06-16,25.21948262796243
2023-06-20,25.2082460442078
2023-06-21,25.071560553326087
2023-06-22,25.163114664684315
2023-06-23,24.96583090180311
2023-06-26,24.871272422175338
2023-06-27,25.15567071324344
2023-06-28,25.15057655386391
2023-06-29,25.26355573460623
2023-06-30,24.53904467468965
2023-07-03,24.713820203250744
2023-07-05,24.663489288942262
2023-07-06,24.465803082001035
2023-07-07,24.39949683189784
2023-07-10,24.44944894336393
2023-07-11,24.616989540487115
2023-07-12,24.80001425993996
2023-07-13,25.012933201358624
2023-07-14,24.983250838366768
2023-07-17,25.07662237463567
2023-07-18,25.264781646528306
2023-07-19,25.328358786668616
2023-07-20,25.158275601174157
2023-07-21,25.170958321615004
2023-07-24,25.277086546629235
2023-07-25,25.347886853795863
2023-07-26,25.342085756370857
2023-07-27,25.176096940984927
2023-07-28,25.422951708190396
2023-07-31,25.273335684525804
2023-08-01,25.2087952415965
2023-08-02,24.852242342040245
2023-08-03,24.780962981334685
2023-08-04,24.65997244656722
2023-08-07,24.88076977702199
2023-08-08,24.76608978456904
2023-08-09,24.591548752493186
2023-08-10,24.595076563790496
2023-08-11,24.56223245506831
2023-08-14,24.715543061847324
2023-08-15,24.428957540159224
2023-08-16,24.24349224854522
2023-08-17,24.056764171948
2023-08-18,24.05115105080093
2023-08-21,24.21797908127992
2023-08-22,24.146415968615333
2023-08-23,24.414173843753
2023-08-24,24.085506658114827
2023-08-25,24.24667449478445
2023-08-28,24.39881183755262
2023-08-29,24.75284392147193
2023-08-30,24.84975146248446
2023-08-31,24.80154681267683
2023-09-01,24.846116713356565
2023-09-05,24.730877781666894
2023-09-06,24.5570573875537
2023-09-07,24.47266159791529
2023-09-08,24.513537966563653
2023-09-11,24.67123481574095
2023-09-12,24.53091791630561
2023-09-13,24.559002385239967
2023-09-14,24.77416701028867
2023-09-15,24.475524186320683
2023-09-18,24.559459397409984
2023-09-19,24.511223032282885
2023-09-20,24.279079800232136
2023-09-21,23.87510166581623
2023-09-22,23.814936389007173
2023-09-25,23.93830276102577
2023-09-26,23.578072787717065
2023-09-27,23.58256049784457
2023-09-28,23.72313665923476
2023-09-29,23.66943535449223
2023-10-02,23.42788363512764
2023-10-03,23.093397664165817
2023-10-04,23.282636136185864
2023-10-05,23.251412703312543
2023-10-06,23.52204722553626
2023-10-09,23.66504739144796
2023-10-10,23.79225678409312
2023-10-11,23.8948842513747
2023-10-12,23.738470197912207
2023-10-13,23.61940108095733
2023-10-16,23.87603888761773
2023-10-17,23.879482009206978
2023-10-18,23.57174548181939
2023-10-19,23.370405626948795
2023-10-20,23.07151455188204
2023-10-23,23.028958130380374
2023-10-24,23.201111768667744
2023-10-25,22.860133738317096
2023-10-26,22.58602261184211
2023-10-27,22.472990867121418
2023-10-30,22.74920970545097
2023-10-31,22.91735515369584
2023-11-01,22.953907584982986
2023-11-02,23.548784676444622
2023-11-03,23.778020402699493
2023-11-06,23.788300765750154
2023-11-07,23.93613175952219
2023-11-08,23.959633155619176
2023-11-09,23.78964518928168
2023-11-10,24.12085480983416
2023-11-13,24.08803408270973
2023-11-14,24.57872882358486
2023-11-15,24.63202878316154
2023-11-16,24.573922085199726
2023-11-17,24.648205388930293
2023-11-20,24.767675063486458
2023-11-21,24.776037445883446
2023-11-22,24.696780550307167
2023-11-24,24.71559804361602
2023-11-27,24.63277567966222
2023-11-28,24.701072730631598
2023-11-29,24.668721330454517
2023-11-30,24.790991522487303
2023-12-01,24.886107229687443
2023-12-04,24.798828083937817
2023-12-05,24.656095890903284
2023-12-06,24.638943100316943
2023-12-07,24.796153608509798
2023-12-08,24.94223399190176
2023-12-11,25.058717393429138
2023-12-12,25.10932056631291
2023-12-13,25.49556883698541
2023-12-14,25.679812494240945
2023-12-15,25.55117818043382
2023-12-18,25.64584976746935
2023-12-19,25.945256448550218
2023-12-20,25.536185345441424
2023-12-21,25.75862603547906
2023-12-22,25.82990657725427
2023-12-26,25.939614501733722
2023-12-27,25.972409983880762
2023-12-28,25.967856319901163
2023-12-29,25.907951881608565
2024-01-02,25.899075382452125
2024-01-03,25.616292460066106
2024-01-04,25.44465254146126
2024-01-05,25.464342083291402
2024-01-08,25.70579968927346
2024-01-09,25.713062141297623
2024-01-10,25.927274762547732
2024-01-11,25.880832854400285
2024-01-12,25.930725465123857
2024-01-16,25.847764057138054
2024-01-17,25.80265934908933
2024-01-18,25.983597053964356
2024-01-19,26.53124508366916
2024-01-22,26.58477476363513
2024-01-23,26.720797181719036
2024-01-24,26.870861200030095
2024-01-25,26.594458830876253
2024-01-26,26.524021159670184
2024-01-29,26.5966809146362
2024-01-30,26.74400304908914
2024-01-31,26.664455402934653
2024-02-01,26.292866185782447
2024-02-02,26.761549501324225
2024-02-05,26.407029304694653
2024-02-06,26.532330357242195
2024-02-07,26.780337743081173
2024-02-08,26.65565983553564
2024-02-09,26.844457228675342
2024-02-13,26.828705877143282
2024-02-14,26.747634190400007
2024-02-15,26.992654706003883
2024-02-16,26.75967055489975
2024-02-20,26.665468839578452
2024-02-21,26.75678362374038
2024-02-22,26.84983149445272
2024-02-23,26.797323862116997
2024-02-26,26.63189129131277
2024-02-27,26.455496804684586
2024-02-28,26.36700626425964
2024-02-29,26.439110621894276
2024-03-01,26.682740036589976
2024-03-04,26.611908760586378
2024-03-05,26.473139167224048
2024-03-06,26.500701074436513
2024-03-07,26.688481579119372
2024-03-08,26.63910359788309
2024-03-11,26.60538260448781
2024-03-12,26.90041503758146
2024-03-13,26.854932274549434
2024-03-14,26.810224310723576
2024-03-15,26.640674892014914
2024-03-18,26.88833227656794
2024-03-19,27.040241141480863
2024-03-20,27.276495730063637
2024-03-21,27.332025663379383
2024-03-22,27.26381639209371
2024-03-25,27.171543646603208
2024-03-26,27.103057273720434
2024-03-27,27.3187039370777
2024-03-28,27.490786191710097
2024-04-01,27.390995592741373
2024-04-02,27.167488126882883
2024-04-03,27.17839630343755
2024-04-04,26.84589652463782
2024-04-05,27.143556666121025
2024-04-08,27.142573964389435
2024-04-09,27.167682160744054
2024-04-10,26.91493474608506
2024-04-11,27.10931330427862
2024-04-12,26.676116280953035
2024-04-15,26.35934504810647
2024-04-16,26.296405012883625
2024-04-17,26.17975957088403
2024-04-18,26.13513385763552
2024-04-19,25.85982409054494
2024-04-22,26.08609237542102
2024-04-23,26.39747358659982
2024-04-24,26.470663931481347
2024-04-25,26.281305448903048
2024-04-26,26.598627756360674
2024-04-29,26.684908332740534
2024-04-30,26.26532751681971
2024-05-01,26.02156183848032
2024-05-02,26.51066751766153
2024-05-03,26.67476825182095
2024-05-06,27.275208672675475
2024-05-07,27.294518264831773
2024-05-08,27.31728407628153
2024-05-09,27.440260367499977
2024-05-10,27.47252080713671
2024-05-13,27.466069377743647
2024-05-14,27.60199380848533
2024-05-15,27.94867404911589
2024-05-16,27.95173118122499
2024-05-17,27.983126368286783
2024-05-20,27.95701217213809
2024-05-21,28.034023919713967
2024-05-22,27.744930316236864
2024-05-23,27.531351823876424
2024-05-24,27.733934842907207
2024-05-28,27.73976754607873
2024-05-29,27.518809924972608
2024-05-30,27.355704188532332
2024-05-31,27.57508276485176
2024-06-03,27.607895685777837
2024-06-04,27.645203483148816
2024-06-05,27.834493418674196
2024-06-06,27.954075151945148
2024-06-07,27.92175403102207
2024-06-10,27.95950272134563
2024-06-11,27.96387701908258
2024-06-12,28.165873602199813
2024-06-13,28.398767375049367
2024-06-14,28.38244830917901
2024-06-17,28.598283759583254
2024-06-18,28.67057435152706
2024-06-20,28.5992575815715
2024-06-21,28.55352058103989
2024-06-24,28.51617683893965
2024-06-25,28.47556672769792
2024-06-26,28.627329561854772
2024-06-27,28.659722147013333
2024-06-28,28.515725651220528
2024-07-01,28.530095622333697
2024-07-02,28.764353132881403
2024-07-03,28.89766931480921
2024-07-05,28.968950144064614
2024-07-08,29.07855211929665
2024-07-09,29.10122371707463
2024-07-10,29.357279138720354
2024-07-11,29.14284317429373
2024-07-12,29.220912582270195
2024-07-15,29.268942991223668
2024-07-16,29.453124604721634
2024-07-17,29.02426199504182
2024-07-18,28.79250768928864
2024-07-19,28.536706480130665
2024-07-22,28.96619904644479
2024-07-23,28.81773976242338
2024-07-24,28.14649040819687
2024-07-25,27.974373403483323
2024-07-26,28.142562764367664
2024-07-29,28.16624172178565
2024-07-30,28.020986803084405
2024-07-31,28.144694626608313
2024-08-01,27.75377076059342
2024-08-02,27.22757210741034
2024-08-05,26.467205881771495
2024-08-06,26.730011320098452
2024-08-07,26.611698537213904
2024-08-08,27.17677012776349
2024-08-09,27.301743731059528
2024-08-12,27.247737093883966
2024-08-13,27.762681494705763
2024-08-14,27.8890658279015
2024-08-15,28.26052750950464
2024-08-16,28.45588275431507
2024-08-19,28.67893171437997
2024-08-20,28.647909815722958
2024-08-21,28.79151193629711
2024-08-22,28.536119597694196
2024-08-23,28.876993540292098
2024-08-26,28.78982684959809
2024-08-27,28.7996798379466
2024-08-28,28.818994528092233
2024-08-29,28.5272948051837
2024-08-30,28.747197488070874
2024-09-03,28.24545182041029
2024-09-04,28.06746806087353
2024-09-05,28.025239628292635
2024-09-06,27.589396664766287
2024-09-09,27.907137300808568
2024-09-10,27.866869624233427
2024-09-11,28.16955388710411
2024-09-12,28.524183361834968
2024-09-13,28.70798759667326
2024-09-16,28.82754069099741
2024-09-17,28.749410321746875
2024-09-18,28.704840744593888
2024-09-19,29.137853928795145
2024-09-20,29.09047364623391
2024-09-23,29.15906322362877
2024-09-24,29.324777021612217
2024-09-25,29.209805082852974
2024-09-26,29.378224015451913
2024-09-27,29.447791758116228
2024-09-30,29.46099244985465
2024-10-01,29.211338893063107
2024-10-02,29.18585098294076
2024-10-03,29.197479955586456
2024-10-04,29.478272720295536
2024-10-07,29.148377539184544
2024-10-08,29.307282559633244
2024-10-09,29.66550390334026
2024-10-10,29.595433189612486
2024-10-11,29.770528540799358
2024-10-14,29.97874827544187
2024-10-15,29.802147247841948
2024-10-16,29.914111815908974
2024-10-17,29.85855575404188
2024-10-18,29.9873867563416
2024-10-21,29.84590477964429
2024-10-22,29.78297015392921
2024-10-23,29.692944540567538
2024-10-24,29.644374608612438
2024-10-25,29.613287104475525
2024-10-28,29.77635220031213
2024-10-29,29.572463294887733
2024-10-30,29.56825678066818
2024-10-31,29.30786678898668
2024-11-01,29.409094800725082
2024-11-04,28.726219261723884
2024-11-05,29.05431066235694
2024-11-06,30.054263399015294
2024-11-07,29.95248683539857
2024-11-08,30.248390105728337
2024-11-11,30.35178134471673
2024-11-12,30.209755567415495
2024-11-13,30.224216982820774
2024-11-14,30.069915769509123
2024-11-15,29.76880891346621
2024-11-18,29.876917298229497
2024-11-19,29.827312260922366
2024-11-20,29.511091933422694
2024-11-21,29.830879074156474
2024-11-22,29.96641602528589
2024-11-25,30.088172147164986
2024-11-26,30.169913856669545
2024-11-27,30.158305257798244
2024-11-29,30.267370555756184
2024-12-02,30.198490569919134
2024-12-03,30.312555865863402
2024-12-04,30.387342936460474
2024-12-05,30.489413391654455
2024-12-06,30.464614083313958
2024-12-09,30.340707705300527
2024-12-10,30.279916964345997
2024-12-11,30.399142195850835
2024-12-12,30.195261706764324
2024-12-13,30.154582344587954
2024-12-16,30.180428039509945
2024-12-17,30.314130573436643
2024-12-18,30.259066150978725
2024-12-19,29.448817609796333
2024-12-20,29.669946412348988
2024-12-23,29.81091649697177
2024-12-24,30.08405042500523
2024-12-26,30.176180030273727
2024-12-27,29.96007510320411
2024-12-30,29.682106689333033
2024-12-31,29.56691778827507
2025-01-02,29.46339941279237
2025-01-03,29.683937352837646
2025-01-06,29.7864020539822
2025-01-07,29.6153515761782
2025-01-08,29.61772592844798
2025-01-10,29.185293142146023
2025-01-13,29.325380490331646
2025-01-14,29.477190702514054
2025-01-15,29.60055109311016
2025-01-16,29.460720332166858
2025-01-17,29.585470345947524
2025-01-21,29.689120224513626
2025-01-22,29.543456848058632
2025-01-23,29.82171395660647
2025-01-24,29.81522492737175
2025-01-27,29.624594244534656
2025-01-28,29.53056634525392
2025-01-29,29.638431571911877
2025-01-30,29.392117722396677
2025-01-31,29.30273619754309
2025-02-03,29.132215709512188
2025-02-04,29.05610274138513
2025-02-05,28.981481459823048
2025-02-06,28.9514143542576
2025-02-07,28.76411529463469
2025-02-10,28.902955609637957
2025-02-11,29.027961227778576
2025-02-12,28.78771847415934
2025-02-13,29.140916745188463
2025-02-14,29.233009171468034
2025-02-18,29.248287633521237
2025-02-19,29.459877979300288
2025-02-20,29.182727553784257
2025-02-21,30.29102687519174
2025-02-24,28.87071339280616
2025-02-25,28.728853767665566
2025-02-26,28.56216563991603
2025-02-27,28.196323761840702
2025-02-28,28.469160339478293
2025-03-03,28.047127772463753
2025-03-04,27.589137128411146
2025-03-05,27.924937148321693
2025-03-06,27.550942152207032
2025-03-07,27.709513759013973
2025-03-10,27.077807247203964
2025-03-11,26.80432053395413
2025-03-12,26.831995557923364
2025-03-13,26.513199959329306
2025-03-14,27.06871880661587
2025-03-17,27.252783993263847
2025-03-18,27.013018266129702
2025-03-19,27.287571722564856
2025-03-20,27.2487339654915
2025-03-21,27.216666445159312
2025-03-24,27.655835272517855
2025-03-25,27.697144417284868
2025-03-26,27.487821966261958
2025-03-27,27.378101814849906
2025-03-28,26.844627399403507
2025-03-31,27.035506702166895
2025-04-01,27.139202805001272
2025-04-02,27.302181706343987
2025-04-03,25.881852185340865
2025-04-04,24.356064112179897
2025-04-07,24.30031659264686
2025-04-08,23.921661776555467
2025-04-09,26.094366421534428
2025-04-10,25.169925273772016
2025-04-11,25.570888085347296
2025-04-14,25.76333663264678
2025-04-15,25.661912427264244
2025-04-16,25.14960047869826
2025-04-17,25.018529717445954
2025-04-21,24.449044148741898
2025-04-22,25.04481932887914
2025-04-23,25.293318350828425
2025-04-24,25.46584542515034
2025-04-25,25.656591131176544
2025-04-28,25.786307455615553
2025-04-29,25.92273518249502
2025-04-30,25.888170524729077
2025-05-01,25.935910289198954
2025-05-02,26.374008120193913
2025-05-05,26.318316423687087
2025-05-06,26.19736682611921
2025-05-07,26.115057900864517
2025-05-08,26.350046611650175
2025-05-09,26.324964989307396
2025-05-12,27.171042800335194
2025-05-13,27.275189572037174
2025-05-14,27.392417580606022
2025-05-15,27.573056303801607
2025-05-16,27.788151274511048
2025-05-19,27.78787762436581
2025-05-20,27.69923171151614
2025-05-21,27.289945755345702
2025-05-22,27.204160552752384
2025-05-23,27.072294666812997
2025-05-27,27.56586141308907
2025-05-28,27.419630495356557
2025-05-29,27.496053271871364
2025-05-30,27.522562673937074
2025-06-02,27.56801471793436
2025-06-03,27.684294005715206
2025-06-04,27.771280002236438
2025-06-05,27.699294183281218
2025-06-06,27.943709760853196
2025-06-09,27.91382607994213
2025-06-10,28.06388502881341
2025-06-11,28.01227762465996
2025-06-12,28.133576396621212
2025-06-13,27.81829368815257
2025-06-16,28.00819441690234
2025-06-17,27.829889454798654
2025-06-18,27.8153666271514
2025-06-20,27.778828933545025
2025-06-23,27.958744093568303
2025-06-24,28.32936154186967
2025-06-25,28.340384164590848
2025-06-26,28.61500551494736
2025-06-27,28.762581887458904
2025-06-30,28.90076720711715
2025-07-01,29.073556067572902
2025-07-02,28.934686956636313
2025-07-03,29.209182163834374
2025-07-07,28.959572485173435
2025-07-08,28.969166799581682
2025-07-09,29.125399672813284
2025-07-10,29.293217877174694
2025-07-11,29.15134109834728
2025-07-14,29.172950163287688
2025-07-15,28.9712703759681
2025-07-16,29.105568149326604
2025-07-17,29.20417389883778
2025-07-18,29.168286654857546
2025-07-21,29.21461224998422
2025-07-22,29.425949297996322
2025-07-23,29.455546983678897
2025-07-24,29.455652670045072
2025-07-25,29.606290715082206
2025-07-28,29.509485399366074
2025-07-29,29.46559744020449
2025-07-30,29.46708818558176
2025-07-31,28.979216479586935
2025-08-01,28.58099302157066
2025-08-04,29.052280391404185
2025-08-05,28.968991198392537
2025-08-06,29.05071090069532
2025-08-07,28.85202864338851
2025-08-08,29.110699067875316
2025-08-11,29.005583578866958
2025-08-12,29.345579986128215
2025-08-13,29.504371344203403
2025-08-14,29.449183724288297
2025-08-15,29.392910241719488
2025-08-18,29.390996554788526
2025-08-19,29.33266203040873
2025-08-20,29.187813131144676
2025-08-21,29.01848895724477
2025-08-22,29.4268025075381
2025-08-25,29.29141129497863
2025-08-26,29.38461960110272
2025-08-27,29.35458706983674
2025-08-28,29.409232780315335
2025-08-29,29.302230194304347
2025-09-02,29.125717137772757
2025-09-03,29.08907035613696
2025-09-04,29.27165638127756
2025-09-05,29.119120749524
2025-09-08,29.182208171352066
2025-09-09,29.353524542840503
2025-09-10,29.29769376189189
2025-09-11,29.722736066030517
2025-09-12,29.599470707898316
2025-09-15,29.706120923443393
2025-09-16,29.747122468107687
2025-09-17,29.78158770731551
2025-09-18,29.737671706162267
2025-09-19,29.96412654288828
2025-09-22,30.068663241996937
2025-09-23,30.158144561232437
2025-09-24,30.00107490296406
2025-09-25,29.83510397633754
2025-09-26,30.015316460827638
2025-09-29,30.072603722446072
2025-09-30,30.194807082976347
2025-10-01,30.230877665547794
2025-10-02,30.32736762569638
2025-10-03,30.44327750455062
2025-10-06,30.485992762359704
2025-10-07,30.268150305585994
2025-10-08,30.386285047976695
2025-10-09,30.375498312013978
2025-10-10,29.701850934709704
2025-10-13,29.939958268779247
2025-10-14,30.074149145227416
2025-10-15,29.90352649736588
2025-10-16,29.65924340876123
2025-10-17,29.891799468571918
2025-10-20,30.036599186155442
2025-10-21,30.17026976352985
2025-10-22,29.82102345984763
2025-10-23,29.506309210953177
2025-10-24,29.774266772560257
2025-10-27,30.056560424122665
2025-10-28,30.127902950367492
2025-10-29,30.13825052472059
2025-10-30,29.771678556231112
2025-10-31,29.321741730444987
2025-11-03,29.5031162774036
2025-11-04,29.381458016901636
2025-11-05,29.334672442884784
2025-11-06,29.126815272103077
2025-11-07,29.1389376280727
2025-11-10,29.3729905863736
2025-11-11,29.677470936194105
2025-11-12,29.623235710465778
2025-11-13,29.209938943135406
2025-11-14,29.02149846340652
2025-11-17,28.7981466429548
2025-11-18,28.667496652429435
2025-11-19,28.425854895910515
2025-11-20,28.14762631212653
2025-11-21,28.384476955509285
2025-11-24,28.563878228848253
2025-11-25,29.016343511481303
2025-11-26,29.15214929160849
2025-11-28,29.305130817100313
2025-12-01,29.22092155920259
2025-12-02,29.229940622823378
2025-12-03,29.410934198171997
2025-12-04,29.423717306565752
2025-12-05,29.46406457285158
2025-12-08,29.349637307589997
2025-12-09,29.327937850320424
2025-12-10,29.56009420161648
2025-12-11,29.68707021544603
2025-12-12,29.377082540608445
2025-12-15,29.235778168290068
2025-12-16,29.057905855090194
2025-12-17,28.901478514564
2025-12-18,28.86944531025842
2025-12-19,29.146929538058913
2025-12-22,29.44096886097381
2025-12-23,29.617913188230453
2025-12-24,29.731998714034656
2025-12-29,29.66008155950798
2025-12-30,29.630055161400943
2025-12-31,29.389144465209313
2026-01-01,29.389148343146726
2026-01-02,29.445829578191894
2026-01-05,29.61351577572694
2026-01-06,29.76520480108578
2026-01-07,29.60677619609254
2026-01-08,29.8414220345529
2026-01-09,29.8144228327252
2026-01-12,29.872571445288177
2026-01-13,29.776593205367313
2026-01-14,29.757866394530403
2026-01-15,29.73823061684813
2026-01-16,29.70267114422021
2026-01-20,29.137408201741575
2026-01-21,29.357828345402382
2026-01-22,29.643310501061737
2026-01-23,29.63058634720497
2026-01-26,29.843327535537117
2026-01-27,29.70177129706316
2026-01-28,29.513008243233394
2026-01-29,29.508824703827266
2026-01-30,28.928863297822083
2026-02-02,28.86588756791844
2026-02-03,29.286930554033226
2026-02-04,29.12909534248218
2026-02-05,28.528879903494275
2026-02-06,28.910062548187494
2026-02-09,29.06385720687558
2026-02-10,29.236908706415612
2026-02-11,29.193459073683687
2026-02-12,28.831551708892423
2026-02-13,28.8343782836786
2026-02-17,28.880950484811528
2026-02-18,28.972073484630545
2026-02-19,28.904100533536667
2026-02-20,29.135270313386613
2026-02-23,28.76991870182699
2026-02-24,29.058034114630566
2026-02-25,29.001509768989106
2026-02-26,28.9721758183035
2026-02-27,28.835378270604494
2026-03-02,28.744760788559876
2026-03-03,28.59445532151189
2026-03-04,28.633191442124765
2026-03-05,28.521014574245015
2026-03-06,28.189859072392235
2026-03-09,28.263667621163183
2026-03-10,28.327741024858593
2026-03-11,28.270419115097358
2026-03-12,27.89556253209166
2026-03-13,27.73287342896483
2026-03-16,27.99261483024179
2026-03-17,28.055379888353507
2026-03-18,27.64925721734772
2026-03-19,27.443203386574538
2026-03-20,27.10985714429563
2026-03-23,27.27590793274763
2026-03-24,27.43906557134376
2026-03-25,27.544356721114745
2026-03-26,27.204534761132788
2026-03-27,26.654285043811747
2026-03-30,26.626960478856127
2026-03-31,27.213519830306684
2026-04-01,27.430769955202134
2026-04-02,27.539007532439136
2026-04-06,27.67321998465122
2026-04-07,27.640798428247255
2026-04-08,28.308171850851135
2026-04-09,28.5358998415492
2026-04-10,28.41841588104768
2026-04-13,28.794919838245708
2026-04-14,29.061810027603773
2026-04-15,29.30245469615888
2026-04-16,29.35898784939391
2026-04-17,29.631314364152846
2026-04-20,29.627291255583458
2026-04-21,29.3788879820217
2026-04-22,29.462581287467774
2026-04-23,29.419132538502293
2026-04-24,29.433574632271952
2026-04-27,29.669114039063533
2026-04-28,29.509074642021417
2026-04-29,28.62268895295148
2026-04-30,28.62856639658112
2026-05-01,28.679872797206365
2026-05-04,28.559843926229192
2026-05-05,28.69120121756473
2026-05-06,29.097722165240693
2026-05-07,29.04110262366897
2026-05-08,29.006990388489076
2026-05-11,29.151093755904093
2026-05-12,29.30719359395126
2026-05-13,29.2505379263352
2026-05-14,29.38320052152989
2026-05-15,29.37484578414609
2026-05-18,29.334224607829036
2026-05-19,29.030463604760037
2026-05-20,28.71984543366919
2026-05-21,28.78509303570405
2026-05-22,28.867558758727785
2026-05-26,28.867558758727785
