date,trailing_pe
2003-07-24,270.734232
2003-07-25,277.108317
2003-07-28,277.242116
2003-07-29,277.583305
2003-07-30,271.411354
2003-07-31,278.82448
2003-08-01,276.817409
2003-08-04,280.356235
2003-08-05,258.923982
2003-08-06,252.215528
2003-08-07,254.175358
2003-08-08,252.009827
2003-08-11,257.126332
2003-08-12,266.469568
2003-08-13,271.320218
2003-08-14,262.143484
2003-08-15,264.201774
2003-08-19,230.488534
2003-08-20,209.688278
2003-08-21,208.674243
2003-08-22,208.020393
2003-08-25,208.609326
2003-08-26,209.857304
2003-08-27,210.888189
2003-08-28,212.222355
2003-08-29,214.416583
2003-09-02,217.887366
2003-09-03,220.397914
2003-09-04,226.815673
2003-09-05,225.437817
2003-09-08,230.486339
2003-09-09,228.796985
2003-09-10,223.153038
2003-09-11,223.203159
2003-09-12,222.380888
2003-09-15,218.671597
2003-09-16,226.379106
2003-09-17,226.575586
2003-09-18,231.186666
2003-09-19,230.428638
2003-09-22,227.823474
2003-09-23,229.603567
2003-09-24,209.147143
2003-09-25,151.54744
2003-09-26,150.261952
2003-09-29,170.040755
2003-09-30,166.052707
2003-10-01,168.62104
2003-10-02,169.251468
2003-10-03,173.94477
2003-10-06,175.265283
2003-10-07,177.19754
2003-10-08,175.9091
2003-10-09,177.705464
2003-10-10,178.919413
2003-10-13,179.207433
2003-10-14,160.324578
2003-10-15,158.133083
2003-10-16,151.066984
2003-10-17,149.215586
2003-10-20,147.303401
2003-10-21,140.375815
2003-10-22,105.49002
2003-10-23,86.123531
2003-10-24,84.161212
2003-10-27,84.794073
2003-10-28,87.32895
2003-10-29,87.470117
2003-10-30,87.635277
2003-10-31,87.42945
2003-11-03,89.53017
2003-11-04,88.973584
2003-11-05,86.617162
2003-11-06,87.355037
2003-11-07,86.909714
2003-11-10,85.758846
2003-11-11,85.588107
2003-11-12,88.03424
2003-11-13,87.019171
2003-11-14,85.240213
2003-11-17,82.997616
2003-11-18,81.523487
2003-11-19,80.637739
2003-11-20,79.479062
2003-11-21,80.017412
2003-11-24,82.215107
2003-11-25,81.775277
2003-11-26,82.278771
2003-11-28,82.851075
2003-12-01,83.697264
2003-12-02,81.627738
2003-12-03,81.083341
2003-12-04,81.655578
2003-12-05,80.102611
2003-12-08,80.44541
2003-12-09,78.353504
2003-12-10,78.913535
2003-12-11,77.718204
2003-12-12,77.83353
2003-12-15,76.566884
2003-12-16,76.726146
2003-12-17,76.308839
2003-12-18,77.715998
2003-12-19,77.32906
2003-12-22,78.410086
2003-12-23,77.880315
2003-12-24,77.771099
2003-12-26,77.955081
2003-12-29,79.309532
2003-12-30,79.013786
2003-12-31,78.879472
2004-01-02,78.999072
2004-01-05,81.209356
2004-01-06,81.558276
2004-01-07,82.275481
2004-01-08,83.719211
2004-01-09,83.063556
2004-01-12,84.13448
2004-01-13,82.940597
2004-01-14,78.263712
2004-01-15,69.950771
2004-01-16,71.084516
2004-01-20,67.736842
2004-01-21,64.700892
2004-01-22,61.271405
2004-01-23,61.139696
2004-01-26,60.199079
2004-01-27,54.977881
2004-01-28,53.57838
2004-01-29,53.419859
2004-01-30,53.35645
2004-02-02,53.185925
2004-02-03,52.987767
2004-02-04,51.425923
2004-02-05,52.295439
2004-02-06,53.454263
2004-02-09,53.217138
2004-02-10,53.466768
2004-02-11,53.912472
2004-02-12,53.119388
2004-02-13,52.705557
2004-02-17,52.985258
2004-02-18,52.577636
2004-02-19,51.524265
2004-02-20,51.21438
2004-02-23,50.281157
2004-02-24,50.33627
2004-02-25,50.915146
2004-02-26,51.015798
2004-02-27,51.046368
2004-03-01,51.619244
2004-03-02,51.224053
2004-03-03,50.930651
2004-03-04,51.324791
2004-03-05,50.939487
2004-03-08,49.699793
2004-03-09,49.457827
2004-03-10,48.765595
2004-03-11,47.981758
2004-03-12,48.90102
2004-03-15,48.023747
2004-03-16,48.272732
2004-03-17,48.952544
2004-03-18,48.317026
2004-03-19,47.521374
2004-03-22,47.103362
2004-03-23,46.974632
2004-03-24,46.650328
2004-03-25,48.209782
2004-03-26,47.929034
2004-03-29,48.739144
2004-03-30,48.714801
2004-03-31,48.372072
2004-04-01,48.914025
2004-04-02,49.753781
2004-04-05,50.20826
2004-04-06,49.565225
2004-04-07,49.117258
2004-04-08,49.26897
2004-04-12,49.45122
2004-04-13,47.799661
2004-04-14,47.092589
2004-04-15,46.858216
2004-04-16,46.415521
2004-04-19,46.87831
2004-04-20,44.075904
2004-04-21,44.158542
2004-04-22,45.263242
2004-04-23,45.784209
2004-04-26,45.232627
2004-04-27,44.766152
2004-04-28,43.551333
2004-04-29,42.604546
2004-04-30,41.753116
2004-05-03,42.041191
2004-05-04,42.522233
2004-05-05,42.635629
2004-05-06,42.430219
2004-05-07,42.968718
2004-05-10,42.862118
2004-05-11,43.273542
2004-05-12,43.023066
2004-05-13,42.861809
2004-05-14,42.182063
2004-05-17,41.317234
2004-05-18,41.049166
2004-05-19,41.156571
2004-05-20,41.159029
2004-05-21,41.409302
2004-05-24,41.500411
2004-05-25,42.182724
2004-05-26,42.381002
2004-05-27,42.535305
2004-05-28,42.717145
2004-06-01,42.511599
2004-06-02,42.364545
2004-06-03,41.788497
2004-06-04,42.271702
2004-06-07,43.352905
2004-06-08,43.591062
2004-06-09,42.961932
2004-06-10,43.126901
2004-06-14,42.449182
2004-06-15,42.906942
2004-06-16,42.67652
2004-06-17,39.293734
2004-06-18,39.354794
2004-06-21,39.275214
2004-06-22,39.834488
2004-06-23,40.129126
2004-06-24,39.927839
2004-06-25,40.225924
2004-06-28,39.739455
2004-06-29,40.172122
2004-06-30,40.359489
2004-07-01,39.675993
2004-07-02,39.225812
2004-07-06,38.210948
2004-07-07,38.378465
2004-07-08,37.77603
2004-07-09,38.144473
2004-07-12,37.914706
2004-07-13,37.032856
2004-07-14,36.183323
2004-07-15,35.813146
2004-07-16,35.240787
2004-07-19,35.268755
2004-07-20,34.338949
2004-07-21,32.918988
2004-07-22,33.711652
2004-07-23,32.841348
2004-07-26,32.87481
2004-07-27,32.905187
2004-07-28,32.965898
2004-07-29,33.265844
2004-07-30,33.440059
2004-08-02,33.61248
2004-08-03,32.918208
2004-08-04,33.023444
2004-08-05,32.497774
2004-08-06,31.557653
2004-08-09,31.603526
2004-08-10,31.92447
2004-08-11,31.004475
2004-08-12,28.901063
2004-08-13,29.148278
2004-08-16,29.413788
2004-08-17,29.359832
2004-08-18,30.040399
2004-08-19,29.870021
2004-08-20,30.015104
2004-08-23,30.160258
2004-08-24,29.983219
2004-08-25,30.353457
2004-08-26,30.204902
2004-08-27,30.374011
2004-08-30,29.935335
2004-08-31,29.837881
2004-09-01,30.006632
2004-09-02,30.342393
2004-09-03,29.604491
2004-09-07,29.733881
2004-09-08,29.715251
2004-09-09,30.225476
2004-09-10,30.815568
2004-09-13,31.006126
2004-09-14,31.014934
2004-09-15,30.566032
2004-09-16,30.579077
2004-09-17,30.720842
2004-09-20,30.950468
2004-09-21,31.111363
2004-09-22,30.544745
2004-09-23,30.608935
2004-09-24,30.333758
2004-09-27,30.062086
2004-09-28,29.948029
2004-09-29,30.246189
2004-09-30,30.335076
2004-10-01,31.279833
2004-10-04,31.43971
2004-10-05,31.586471
2004-10-06,31.844374
2004-10-07,31.480008
2004-10-08,30.909552
2004-10-11,31.012417
2004-10-12,30.639084
2004-10-13,30.614612
2004-10-14,30.281615
2004-10-15,30.398061
2004-10-18,30.647949
2004-10-19,30.390832
2004-10-20,31.761983
2004-10-21,31.711286
2004-10-22,31.005113
2004-10-25,30.96827
2004-10-26,30.988483
2004-10-27,31.875653
2004-10-28,31.834455
2004-10-29,31.898276
2004-11-01,31.973528
2004-11-02,31.932468
2004-11-03,32.016869
2004-11-04,32.351224
2004-11-05,32.654201
2004-11-08,32.693218
2004-11-09,32.688498
2004-11-10,32.314743
2004-11-11,32.612113
2004-11-12,33.074877
2004-11-15,32.771714
2004-11-16,32.352358
2004-11-17,32.559167
2004-11-18,32.588584
2004-11-19,32.021487
2004-11-22,32.16221
2004-11-23,31.993144
2004-11-24,32.264013
2004-11-26,32.145516
2004-11-29,32.214297
2004-11-30,31.989547
2004-12-01,32.738121
2004-12-02,32.667251
2004-12-03,32.37859
2004-12-06,32.628604
2004-12-07,32.104431
2004-12-08,32.085977
2004-12-09,32.21589
2004-12-10,32.059574
2004-12-13,32.287727
2004-12-14,32.399086
2004-12-15,32.4125
2004-12-16,32.23395
2004-12-17,31.97074
2004-12-20,31.909527
2004-12-21,32.227506
2004-12-22,32.228661
2004-12-23,32.262926
2004-12-27,32.097739
2004-12-28,32.233173
2004-12-29,32.079098
2004-12-30,32.103146
2004-12-31,32.098111
2005-01-03,31.8429
2005-01-04,31.219989
2005-01-05,31.050862
2005-01-06,30.968139
2005-01-07,31.036772
2005-01-10,31.097858
2005-01-11,30.692056
2005-01-12,30.753852
2005-01-13,30.358285
2005-01-14,30.53407
2005-01-18,30.103785
2005-01-19,29.454731
2005-01-20,29.252543
2005-01-21,28.980666
2005-01-24,28.639532
2005-01-25,28.810773
2005-01-26,29.201622
2005-01-27,28.177853
2005-01-28,28.084238
2005-01-31,28.392397
2005-02-01,28.479494
2005-02-02,28.492043
2005-02-03,28.134758
2005-02-04,28.688088
2005-02-07,28.643883
2005-02-08,28.487196
2005-02-09,28.090112
2005-02-10,28.142646
2005-02-11,28.429837
2005-02-14,28.485814
2005-02-15,28.519135
2005-02-16,28.358698
2005-02-17,27.977369
2005-02-18,27.912495
2005-02-22,27.478244
2005-02-23,27.375634
2005-02-24,27.647434
2005-02-25,27.823189
2005-02-28,27.747751
2005-03-01,28.001292
2005-03-02,27.928645
2005-03-03,27.755807
2005-03-04,27.848853
2005-03-07,28.199808
2005-03-08,27.957115
2005-03-09,27.899772
2005-03-10,28.014352
2005-03-11,27.606266
2005-03-14,27.709965
2005-03-15,27.456016
2005-03-16,27.17165
2005-03-17,27.140051
2005-03-18,26.975809
2005-03-21,27.02104
2005-03-22,26.750305
2005-03-23,26.909691
2005-03-24,26.885194
2005-03-28,26.901086
2005-03-29,26.681832
2005-03-30,27.112989
2005-03-31,27.018661
2005-04-01,26.810581
2005-04-04,26.89696
2005-04-05,26.928761
2005-04-06,26.885984
2005-04-07,27.217093
2005-04-08,27.017926
2005-04-11,26.877005
2005-04-12,26.991945
2005-04-13,26.471749
2005-04-14,25.779504
2005-04-15,24.954966
2005-04-18,24.933203
2005-04-19,24.950291
2005-04-20,24.579819
2005-04-21,25.318999
2005-04-22,25.016936
2005-04-25,25.200108
2005-04-26,24.854473
2005-04-27,25.395261
2005-04-28,24.547594
2005-04-29,24.830655
2005-05-02,24.862789
2005-05-03,24.977178
2005-05-04,25.259989
2005-05-05,25.206958
2005-05-06,25.334104
2005-05-09,25.416821
2005-05-10,25.06753
2005-05-11,25.206222
2005-05-12,25.101944
2005-05-13,25.511413
2005-05-16,25.722996
2005-05-17,25.836651
2005-05-18,26.149966
2005-05-19,26.334725
2005-05-20,26.390921
2005-05-23,26.479341
2005-05-24,26.624097
2005-05-25,26.516709
2005-05-26,26.833852
2005-05-27,26.798623
2005-05-31,26.561902
2005-06-01,26.79718
2005-06-02,26.941072
2005-06-03,26.577482
2005-06-06,26.544356
2005-06-07,26.411867
2005-06-08,26.429347
2005-06-09,26.626932
2005-06-10,26.360333
2005-06-13,26.453615
2005-06-14,26.328389
2005-06-15,26.450919
2005-06-16,26.514701
2005-06-17,26.501982
2005-06-20,26.570267
2005-06-21,26.687735
2005-06-22,26.756501
2005-06-23,26.662893
2005-06-24,26.250218
2005-06-27,26.04327
2005-06-28,26.310686
2005-06-29,26.342407
2005-06-30,26.090792
2005-07-01,26.114036
2005-07-05,26.365308
2005-07-06,26.300717
2005-07-07,26.394435
2005-07-08,26.885593
2005-07-11,27.18021
2005-07-12,27.378824
2005-07-13,27.442411
2005-07-14,27.654668
2005-07-15,27.686078
2005-07-18,27.43804
2005-07-19,27.414334
2005-07-20,27.311466
2005-07-21,26.734234
2005-07-22,26.630661
2005-07-25,26.33627
2005-07-26,26.739501
2005-07-27,26.836346
2005-07-28,26.774005
2005-07-29,26.577361
2005-08-01,26.652623
2005-08-02,27.052416
2005-08-03,27.176014
2005-08-04,26.89781
2005-08-05,26.837929
2005-08-08,26.688813
2005-08-09,26.673226
2005-08-10,26.339975
2005-08-11,26.426799
2005-08-12,26.133785
2005-08-15,26.169536
2005-08-16,26.000251
2005-08-17,26.297458
2005-08-18,26.115926
2005-08-19,26.108254
2005-08-22,26.185625
2005-08-23,26.14145
2005-08-24,26.001899
2005-08-25,26.068796
2005-08-26,25.986028
2005-08-29,26.167785
2005-08-30,26.134072
2005-08-31,26.326521
2005-09-01,26.223231
2005-09-02,26.163101
2005-09-06,26.502951
2005-09-07,26.491672
2005-09-08,26.583067
2005-09-09,26.653421
2005-09-12,26.68509
2005-09-13,26.734914
2005-09-14,26.497265
2005-09-15,26.384265
2005-09-16,26.557367
2005-09-19,26.480063
2005-09-20,26.333843
2005-09-21,26.02743
2005-09-22,26.086243
2005-09-23,26.144385
2005-09-26,26.091983
2005-09-27,25.970346
2005-09-28,26.114419
2005-09-29,26.431335
2005-09-30,26.56994
2005-10-03,26.59728
2005-10-04,26.301452
2005-10-05,25.880402
2005-10-06,25.623578
2005-10-07,25.688643
2005-10-10,25.451973
2005-10-11,25.222021
2005-10-12,25.056857
2005-10-13,25.21837
2005-10-14,25.306031
2005-10-17,25.322072
2005-10-18,24.775313
2005-10-19,25.044122
2005-10-20,24.792086
2005-10-21,24.915865
2005-10-24,25.18388
2005-10-25,24.807007
2005-10-26,23.888305
2005-10-27,23.319122
2005-10-28,23.530469
2005-10-31,23.86282
2005-11-01,23.865965
2005-11-02,24.104748
2005-11-03,24.375562
2005-11-04,24.52548
2005-11-07,24.640932
2005-11-08,24.581514
2005-11-09,25.215509
2005-11-10,25.463753
2005-11-11,25.523467
2005-11-14,25.625106
2005-11-15,25.589579
2005-11-16,25.775174
2005-11-17,26.34608
2005-11-18,26.399472
2005-11-21,26.423933
2005-11-22,26.59804
2005-11-23,26.763831
2005-11-25,26.82979
2005-11-28,26.684389
2005-11-29,26.621348
2005-11-30,26.622276
2005-12-01,27.06564
2005-12-02,27.083788
2005-12-05,26.870051
2005-12-06,26.967005
2005-12-07,26.888574
2005-12-08,26.565934
2005-12-09,26.727443
2005-12-12,26.782691
2005-12-13,26.714853
2005-12-14,26.687853
2005-12-15,26.574622
2005-12-16,26.455671
2005-12-19,26.16579
2005-12-20,26.117801
2005-12-21,26.194217
2005-12-22,26.34648
2005-12-23,26.378185
2005-12-27,26.130845
2005-12-28,26.114563
2005-12-29,25.928329
2005-12-30,25.773969
2006-01-03,26.293587
2006-01-04,26.60447
2006-01-05,26.813169
2006-01-06,27.235922
2006-01-09,27.334075
2006-01-10,27.337003
2006-01-11,27.637262
2006-01-12,27.446685
2006-01-13,27.421893
2006-01-17,27.029708
2006-01-18,26.498204
2006-01-19,26.419328
2006-01-20,25.666654
2006-01-23,25.499509
2006-01-24,25.881437
2006-01-25,25.722558
2006-01-26,25.660355
2006-01-27,25.943496
2006-01-30,26.038871
2006-01-31,25.887496
2006-02-01,26.395487
2006-02-02,26.017707
2006-02-03,25.752629
2006-02-06,25.627063
2006-02-07,25.615918
2006-02-08,26.071818
2006-02-09,25.911623
2006-02-10,26.02177
2006-02-13,25.524508
2006-02-14,25.829748
2006-02-15,25.820602
2006-02-16,25.924631
2006-02-17,25.646988
2006-02-21,25.322146
2006-02-22,25.551927
2006-02-23,25.391751
2006-02-24,25.404488
2006-02-27,25.647226
2006-02-28,25.401273
2006-03-01,25.938857
2006-03-02,26.020808
2006-03-03,25.88689
2006-03-06,25.721177
2006-03-07,25.579384
2006-03-08,25.57834
2006-03-09,25.324443
2006-03-10,25.431004
2006-03-13,25.478182
2006-03-14,25.819483
2006-03-15,26.015899
2006-03-16,25.791692
2006-03-17,25.898699
2006-03-20,26.043
2006-03-21,25.900616
2006-03-22,25.920775
2006-03-23,25.807854
2006-03-24,25.891696
2006-03-27,25.91163
2006-03-28,25.671574
2006-03-29,26.090426
2006-03-30,26.178485
2006-03-31,26.052417
2006-04-03,26.944435
2006-04-04,27.032036
2006-04-05,27.2928
2006-04-06,27.335312
2006-04-07,27.020957
2006-04-10,26.926484
2006-04-11,26.742878
2006-04-12,26.659617
2006-04-13,26.732885
2006-04-17,26.445244
2006-04-18,26.728165
2006-04-19,26.911621
2006-04-20,26.93671
2006-04-21,26.687286
2006-04-24,26.66797
2006-04-25,26.316105
2006-04-26,26.443202
2006-04-27,26.480199
2006-04-28,25.853423
2006-05-01,25.668668
2006-05-02,25.71075
2006-05-03,25.634627
2006-05-04,25.793731
2006-05-05,25.951877
2006-05-08,25.959868
2006-05-09,25.817347
2006-05-10,25.530989
2006-05-11,24.895467
2006-05-12,24.703821
2006-05-15,24.654804
2006-05-16,24.341245
2006-05-17,24.077672
2006-05-18,23.947786
2006-05-19,24.060253
2006-05-22,23.894523
2006-05-23,23.696045
2006-05-24,23.934655
2006-05-25,24.176917
2006-05-26,24.281158
2006-05-30,23.791124
2006-05-31,23.84074
2006-06-01,24.205651
2006-06-02,24.153751
2006-06-05,23.707858
2006-06-06,23.660498
2006-06-07,23.349279
2006-06-08,22.911044
2006-06-09,22.785869
2006-06-12,22.33982
2006-06-13,22.303142
2006-06-14,22.537249
2006-06-15,23.148369
2006-06-16,23.046485
2006-06-19,23.066568
2006-06-20,23.027976
2006-06-21,23.413522
2006-06-22,23.005394
2006-06-23,22.880688
2006-06-26,22.976017
2006-06-27,22.637615
2006-06-28,22.690329
2006-06-29,23.295249
2006-06-30,23.105212
2006-07-03,23.370836
2006-07-05,22.980138
2006-07-06,22.984941
2006-07-07,22.686447
2006-07-10,22.413872
2006-07-11,22.548212
2006-07-12,22.042065
2006-07-13,21.699616
2006-07-14,21.620793
2006-07-17,21.698164
2006-07-18,21.846486
2006-07-19,22.251231
2006-07-20,21.897481
2006-07-21,21.622704
2006-07-24,21.987949
2006-07-25,22.134446
2006-07-26,22.265502
2006-07-27,22.158267
2006-07-28,22.614634
2006-07-31,22.569029
2006-08-01,22.216756
2006-08-02,22.406524
2006-08-03,22.555637
2006-08-04,22.499515
2006-08-07,22.416345
2006-08-08,22.318087
2006-08-09,22.526143
2006-08-10,22.652633
2006-08-11,22.465223
2006-08-14,22.670844
2006-08-15,23.210714
2006-08-16,23.284663
2006-08-17,23.502707
2006-08-18,23.648894
2006-08-21,23.441599
2006-08-22,23.44496
2006-08-23,23.317483
2006-08-24,23.42565
2006-08-25,23.475848
2006-08-28,23.692912
2006-08-29,23.893929
2006-08-30,24.049884
2006-08-31,23.955722
2006-09-01,24.025887
2006-09-05,24.136891
2006-09-06,23.704731
2006-09-07,23.533939
2006-09-08,23.772172
2006-09-11,23.971457
2006-09-12,24.413738
2006-09-13,24.428434
2006-09-14,24.513521
2006-09-15,24.597496
2006-09-18,24.693575
2006-09-19,24.472973
2006-09-20,24.875555
2006-09-21,24.626153
2006-09-22,24.448291
2006-09-25,24.84399
2006-09-26,25.01793
2006-09-27,24.924233
2006-09-28,25.084988
2006-09-29,24.951307
2006-10-02,24.811624
2006-10-03,24.864716
2006-10-04,25.339173
2006-10-05,25.32577
2006-10-06,25.287706
2006-10-09,25.377454
2006-10-10,25.38864
2006-10-11,25.383361
2006-10-12,25.784602
2006-10-13,25.985716
2006-10-16,26.023871
2006-10-17,26.083388
2006-10-18,25.867545
2006-10-19,25.756242
2006-10-20,25.883935
2006-10-23,25.749165
2006-10-24,25.6712
2006-10-25,25.141027
2006-10-26,25.08786
2006-10-27,24.695708
2006-10-30,24.880258
2006-10-31,24.950679
2006-11-01,24.692764
2006-11-02,24.648891
2006-11-03,24.540798
2006-11-06,24.882309
2006-11-07,24.965604
2006-11-08,24.883393
2006-11-09,24.980574
2006-11-10,25.086964
2006-11-13,25.320421
2006-11-14,25.515243
2006-11-15,25.497083
2006-11-16,25.220303
2006-11-17,25.251802
2006-11-20,25.298337
2006-11-21,25.258759
2006-11-22,25.475652
2006-11-24,25.402924
2006-11-27,24.78109
2006-11-28,24.887447
2006-11-29,25.013454
2006-11-30,25.029435
2006-12-01,24.801307
2006-12-04,25.212788
2006-12-05,25.245453
2006-12-06,25.119961
2006-12-07,24.862571
2006-12-08,24.948999
2006-12-11,25.005361
2006-12-12,24.872782
2006-12-13,24.89475
2006-12-14,25.077554
2006-12-15,25.111587
2006-12-18,24.937454
2006-12-19,24.861982
2006-12-20,24.831377
2006-12-21,24.617944
2006-12-22,24.408054
2006-12-26,24.537836
2006-12-27,24.71503
2006-12-28,24.65397
2006-12-29,24.602586
2007-01-03,24.691557
2007-01-04,25.133098
2007-01-05,24.974216
2007-01-08,25.035653
2007-01-09,25.151753
2007-01-10,25.303412
2007-01-11,25.518216
2007-01-12,25.645767
2007-01-16,25.864204
2007-01-17,25.382038
2007-01-18,24.815392
2007-01-19,25.028358
2007-01-22,24.821736
2007-01-23,24.934181
2007-01-24,25.100377
2007-01-25,25.089727
2007-01-26,25.119882
2007-01-29,25.125832
2007-01-30,25.301646
2007-01-31,25.298368
2007-02-01,25.22024
2007-02-02,25.290642
2007-02-05,25.269921
2007-02-06,25.025704
2007-02-07,25.174389
2007-02-08,25.235579
2007-02-09,24.943539
2007-02-12,24.840192
2007-02-13,24.790857
2007-02-14,25.144429
2007-02-15,25.498883
2007-02-16,25.417858
2007-02-20,25.407792
2007-02-21,25.353143
2007-02-22,25.453025
2007-02-23,25.366751
2007-02-26,25.245141
2007-02-27,24.251642
2007-02-28,24.344994
2007-03-01,24.27184
2007-03-02,23.907738
2007-03-05,23.801062
2007-03-06,24.230049
2007-03-07,24.10457
2007-03-08,24.198191
2007-03-09,24.608729
2007-03-12,24.814304
2007-03-13,24.331327
2007-03-14,24.65582
2007-03-15,24.639782
2007-03-16,24.598862
2007-03-19,24.839021
2007-03-20,24.847685
2007-03-21,25.341906
2007-03-22,25.205149
2007-03-23,25.142536
2007-03-26,25.282051
2007-03-27,25.127078
2007-03-28,24.889796
2007-03-29,24.864766
2007-03-30,24.867694
2007-04-02,24.849617
2007-04-03,25.127592
2007-04-04,25.366096
2007-04-05,25.474678
2007-04-09,25.4483
2007-04-10,25.507018
2007-04-11,25.269431
2007-04-12,25.466088
2007-04-13,25.52145
2007-04-16,25.728475
2007-04-17,25.645759
2007-04-18,25.822441
2007-04-19,26.008134
2007-04-20,26.200971
2007-04-23,26.095894
2007-04-24,26.193186
2007-04-25,26.245444
2007-04-26,25.688712
2007-04-27,25.789978
2007-04-30,25.536015
2007-05-01,25.584708
2007-05-02,25.80563
2007-05-03,25.888295
2007-05-04,25.951634
2007-05-07,25.983025
2007-05-08,25.941985
2007-05-09,25.951414
2007-05-10,25.662006
2007-05-11,26.001211
2007-05-14,25.871049
2007-05-15,25.688567
2007-05-16,25.968393
2007-05-17,25.860912
2007-05-18,26.023395
2007-05-21,26.139223
2007-05-22,26.201755
2007-05-23,25.962411
2007-05-24,25.542509
2007-05-25,25.802659
2007-05-29,25.9573
2007-05-30,26.168251
2007-05-31,26.409115
2007-06-01,26.448787
2007-06-04,26.52839
2007-06-05,26.490771
2007-06-06,26.207238
2007-06-07,25.872685
2007-06-08,26.268031
2007-06-11,26.20665
2007-06-12,25.983396
2007-06-13,26.335092
2007-06-14,26.516439
2007-06-15,26.769809
2007-06-18,26.877182
2007-06-19,26.865824
2007-06-20,26.589732
2007-06-21,26.916495
2007-06-22,26.594043
2007-06-25,26.520297
2007-06-26,26.374522
2007-06-27,26.690658
2007-06-28,26.814335
2007-06-29,26.720457
2007-07-02,26.866085
2007-07-03,27.0677
2007-07-05,27.262969
2007-07-06,27.358858
2007-07-09,27.350003
2007-07-10,27.163884
2007-07-11,27.302411
2007-07-12,28.013761
2007-07-13,28.002866
2007-07-16,28.036096
2007-07-17,28.118019
2007-07-18,27.295601
2007-07-19,28.256698
2007-07-20,27.964342
2007-07-23,28.073649
2007-07-24,27.56919
2007-07-25,27.632475
2007-07-26,27.398918
2007-07-27,26.935429
2007-07-30,26.880143
2007-07-31,26.454
2007-08-01,26.711384
2007-08-02,26.952899
2007-08-03,26.336919
2007-08-06,26.722362
2007-08-07,26.585691
2007-08-08,27.322562
2007-08-09,26.571979
2007-08-10,26.551234
2007-08-13,26.676022
2007-08-14,26.235294
2007-08-15,25.771312
2007-08-16,25.375421
2007-08-17,25.892211
2007-08-20,25.881887
2007-08-21,26.000162
2007-08-22,26.274776
2007-08-23,26.325006
2007-08-24,26.72427
2007-08-27,26.559871
2007-08-28,25.97982
2007-08-29,26.682472
2007-08-30,26.693091
2007-08-31,27.002871
2007-09-04,27.430521
2007-09-05,27.189388
2007-09-06,27.271466
2007-09-07,26.701003
2007-09-10,26.722769
2007-09-11,27.10741
2007-09-12,26.942171
2007-09-13,26.955559
2007-09-14,26.872869
2007-09-17,26.697148
2007-09-18,27.241888
2007-09-19,27.333746
2007-09-20,27.309449
2007-09-21,27.521566
2007-09-24,27.734912
2007-09-25,28.026847
2007-09-26,28.071887
2007-09-27,28.134383
2007-09-28,28.083991
2007-10-01,28.473269
2007-10-02,28.574054
2007-10-03,28.29761
2007-10-04,28.268182
2007-10-05,28.615344
2007-10-08,28.846922
2007-10-09,29.006543
2007-10-10,29.092082
2007-10-11,28.715028
2007-10-12,29.031349
2007-10-15,28.825973
2007-10-16,28.394535
2007-10-17,29.195341
2007-10-18,29.359993
2007-10-19,28.682188
2007-10-22,28.790097
2007-10-23,29.261999
2007-10-24,28.91503
2007-10-25,28.681724
2007-10-26,29.334436
2007-10-29,29.453109
2007-10-30,29.627435
2007-10-31,30.128622
2007-11-01,29.673267
2007-11-02,29.927405
2007-11-05,29.759899
2007-11-06,30.02004
2007-11-07,29.037219
2007-11-08,27.677359
2007-11-09,26.785014
2007-11-12,26.391883
2007-11-13,27.434318
2007-11-14,27.02184
2007-11-15,26.810102
2007-11-16,27.158097
2007-11-19,26.648147
2007-11-20,26.759638
2007-11-21,26.385845
2007-11-23,26.715756
2007-11-26,26.061612
2007-11-27,26.462233
2007-11-28,27.290872
2007-11-29,27.34128
2007-11-30,27.067043
2007-12-03,26.824579
2007-12-04,26.74699
2007-12-05,27.421462
2007-12-06,27.812376
2007-12-07,27.760543
2007-12-10,27.951511
2007-12-11,27.416859
2007-12-12,27.716122
2007-12-13,27.767431
2007-12-14,27.464091
2007-12-17,26.854854
2007-12-18,26.998482
2007-12-19,26.973986
2007-12-20,27.477904
2007-12-21,27.892012
2007-12-24,28.150941
2007-12-26,28.212094
2007-12-27,27.75304
2007-12-28,27.768377
2007-12-31,27.443819
2008-01-02,26.859678
2008-01-03,26.799832
2008-01-04,25.611625
2008-01-07,25.394619
2008-01-08,24.698407
2008-01-09,25.234016
2008-01-10,25.314495
2008-01-11,24.806744
2008-01-14,25.454252
2008-01-15,24.614236
2008-01-16,24.089858
2008-01-17,23.88282
2008-01-18,23.964017
2008-01-22,23.05595
2008-01-23,23.696533
2008-01-24,23.640074
2008-01-25,23.230175
2008-01-28,23.265544
2008-01-29,23.245134
2008-01-30,23.257807
2008-01-31,23.600633
2008-02-01,23.785144
2008-02-04,23.372344
2008-02-05,22.678791
2008-02-06,22.154663
2008-02-07,22.087148
2008-02-08,22.361934
2008-02-11,22.619006
2008-02-12,22.610104
2008-02-13,23.134352
2008-02-14,22.664681
2008-02-15,22.546664
2008-02-19,22.125437
2008-02-20,22.518737
2008-02-21,22.303309
2008-02-22,22.36539
2008-02-25,22.50374
2008-02-26,22.732388
2008-02-27,22.909188
2008-02-28,22.734717
2008-02-29,22.205728
2008-03-03,22.059891
2008-03-04,22.16366
2008-03-05,22.332889
2008-03-06,21.910504
2008-03-07,21.926417
2008-03-10,21.719361
2008-03-11,22.499048
2008-03-12,22.367455
2008-03-13,22.414966
2008-03-14,21.945129
2008-03-17,21.840902
2008-03-18,22.71314
2008-03-19,22.093231
2008-03-20,22.474666
2008-03-24,23.04739
2008-03-25,23.126291
2008-03-26,22.796767
2008-03-27,22.264105
2008-03-28,22.168132
2008-03-31,22.318311
2008-04-01,23.097518
2008-04-02,23.208441
2008-04-03,23.238241
2008-04-04,23.302262
2008-04-07,23.22475
2008-04-08,22.988607
2008-04-09,22.929715
2008-04-10,23.304582
2008-04-11,22.645081
2008-04-14,22.54006
2008-04-15,22.599264
2008-04-16,23.061728
2008-04-17,22.944043
2008-04-18,23.841585
2008-04-21,23.980853
2008-04-22,23.575176
2008-04-23,23.758449
2008-04-24,24.199859
2008-04-25,23.890798
2008-04-28,23.806996
2008-04-29,23.742424
2008-04-30,23.504128
2008-05-01,24.257319
2008-05-02,24.233311
2008-05-05,24.08058
2008-05-06,24.326702
2008-05-07,23.96904
2008-05-08,24.130819
2008-05-09,24.025886
2008-05-12,24.342204
2008-05-13,24.397903
2008-05-14,24.459396
2008-05-15,24.956117
2008-05-16,24.953139
2008-05-19,24.822037
2008-05-20,24.324385
2008-05-21,23.872878
2008-05-22,23.965136
2008-05-23,23.835101
2008-05-27,24.27707
2008-05-28,24.363091
2008-05-29,24.485394
2008-05-30,24.626254
2008-06-02,24.276763
2008-06-03,24.167723
2008-06-04,24.399337
2008-06-05,24.803433
2008-06-06,24.10221
2008-06-09,24.056656
2008-06-10,23.993594
2008-06-11,23.424215
2008-06-12,23.591505
2008-06-13,24.064265
2008-06-16,24.145738
2008-06-17,23.95623
2008-06-18,23.648829
2008-06-19,23.929691
2008-06-20,23.341816
2008-06-23,23.194202
2008-06-24,23.107732
2008-06-25,23.360199
2008-06-26,22.528503
2008-06-27,22.433175
2008-06-30,22.209919
2008-07-01,22.290864
2008-07-02,21.897571
2008-07-03,21.880605
2008-07-07,22.050904
2008-07-08,22.266749
2008-07-09,21.550236
2008-07-10,21.824096
2008-07-11,21.622187
2008-07-14,21.420063
2008-07-15,21.369804
2008-07-16,21.844204
2008-07-17,21.474783
2008-07-18,21.22537
2008-07-21,21.036095
2008-07-22,20.974292
2008-07-23,21.178658
2008-07-24,20.782091
2008-07-25,21.107729
2008-07-28,20.655422
2008-07-29,21.085628
2008-07-30,20.261908
2008-07-31,20.226469
2008-08-01,20.143061
2008-08-04,20.065972
2008-08-05,20.586997
2008-08-06,20.868044
2008-08-07,20.838376
2008-08-08,21.300436
2008-08-11,21.391872
2008-08-12,21.515642
2008-08-13,21.489693
2008-08-14,21.642764
2008-08-15,21.653703
2008-08-18,21.364327
2008-08-19,20.987477
2008-08-20,21.058721
2008-08-21,21.018358
2008-08-22,21.334603
2008-08-25,20.955495
2008-08-26,20.873999
2008-08-27,21.044113
2008-08-28,21.227185
2008-08-29,20.703982
2008-09-02,20.417
2008-09-03,20.065351
2008-09-04,19.415731
2008-09-05,19.367294
2008-09-08,19.467153
2008-09-09,19.053095
2008-09-10,19.184715
2008-09-11,19.445629
2008-09-12,19.451673
2008-09-15,18.81795
2008-09-16,18.903777
2008-09-17,17.980647
2008-09-18,18.656416
2008-09-19,19.203473
2008-09-22,18.567171
2008-09-23,18.411801
2008-09-24,18.545845
2008-09-25,18.913015
2008-09-26,18.943948
2008-09-29,17.197663
2008-09-30,18.131256
2008-10-01,17.772539
2008-10-02,16.993364
2008-10-03,16.857924
2008-10-06,16.210535
2008-10-07,15.201091
2008-10-08,15.077029
2008-10-09,14.561577
2008-10-10,14.445752
2008-10-13,16.194284
2008-10-14,15.508889
2008-10-15,14.135658
2008-10-16,14.630675
2008-10-17,14.593892
2008-10-20,15.13171
2008-10-21,14.400075
2008-10-22,13.804216
2008-10-23,13.717433
2008-10-24,13.358704
2008-10-27,13.036825
2008-10-28,14.506835
2008-10-29,14.226981
2008-10-30,14.973038
2008-10-31,14.991094
2008-11-03,14.932949
2008-11-04,15.465179
2008-11-05,14.594042
2008-11-06,13.852036
2008-11-07,14.214262
2008-11-10,13.938018
2008-11-11,13.639088
2008-11-12,12.918307
2008-11-13,13.705481
2008-11-14,13.029548
2008-11-17,12.650943
2008-11-18,12.893144
2008-11-19,12.141959
2008-11-20,11.583341
2008-11-21,12.255048
2008-11-24,12.97444
2008-11-25,12.781172
2008-11-26,13.317839
2008-11-28,13.287905
2008-12-01,12.289448
2008-12-02,12.70833
2008-12-03,13.05159
2008-12-04,12.511023
2008-12-05,13.000519
2008-12-08,13.680067
2008-12-09,13.614702
2008-12-10,13.710489
2008-12-11,13.267719
2008-12-12,13.589837
2008-12-15,13.356972
2008-12-16,13.995089
2008-12-17,13.752721
2008-12-18,13.413182
2008-12-19,13.534616
2008-12-22,13.287528
2008-12-23,13.269618
2008-12-24,13.2977
2008-12-26,13.322846
2008-12-29,13.25106
2008-12-30,13.556042
2008-12-31,13.670644
2009-01-02,14.280574
2009-01-05,14.292351
2009-01-06,14.725571
2009-01-07,14.184536
2009-01-08,14.306588
2009-01-09,14.00169
2009-01-12,13.803585
2009-01-13,13.775892
2009-01-14,13.283972
2009-01-15,13.708719
2009-01-16,13.658922
2009-01-20,12.839981
2009-01-21,13.546779
2009-01-22,13.590319
2009-01-23,13.868478
2009-01-26,14.108477
2009-01-27,14.593089
2009-01-28,16.441571
2009-01-29,16.056993
2009-01-30,15.593492
2009-02-02,16.254343
2009-02-03,17.581489
2009-02-04,17.847667
2009-02-05,18.372741
2009-02-06,18.998219
2009-02-09,19.055554
2009-02-10,18.494082
2009-02-11,18.637161
2009-02-12,18.740266
2009-02-13,18.697754
2009-02-17,17.860425
2009-02-18,17.995019
2009-02-19,17.408862
2009-02-20,17.436388
2009-02-23,16.663099
2009-02-24,17.237991
2009-02-25,17.207538
2009-02-26,17.106205
2009-02-27,17.048872
2009-03-02,16.584249
2009-03-03,16.626329
2009-03-04,17.019465
2009-03-05,16.431227
2009-03-06,16.276481
2009-03-09,15.872443
2009-03-10,16.996819
2009-03-11,17.420157
2009-03-12,17.896595
2009-03-13,17.876457
2009-03-16,17.570032
2009-03-17,18.264487
2009-03-18,18.517243
2009-03-19,18.596806
2009-03-20,18.291455
2009-03-23,19.470858
2009-03-24,19.154338
2009-03-25,19.161248
2009-03-26,19.92779
2009-03-27,19.384633
2009-03-30,18.825586
2009-03-31,19.200943
2009-04-01,19.639301
2009-04-02,20.254096
2009-04-03,20.522098
2009-04-06,20.308228
2009-04-07,19.758325
2009-04-08,20.369214
2009-04-09,21.032779
2009-04-13,20.970135
2009-04-14,21.056337
2009-04-15,20.919335
2009-04-16,21.562166
2009-04-17,21.51108
2009-04-20,20.996207
2009-04-21,21.741698
2009-04-22,21.792541
2009-04-23,22.321192
2009-04-24,22.777764
2009-04-27,23.350758
2009-04-28,23.295324
2009-04-29,25.388949
2009-04-30,25.493503
2009-05-01,25.641985
2009-05-04,26.101537
2009-05-05,25.998063
2009-05-06,26.392146
2009-05-07,25.739965
2009-05-08,25.732274
2009-05-11,25.738592
2009-05-12,25.84922
2009-05-13,25.226504
2009-05-14,25.697658
2009-05-15,25.683002
2009-05-18,26.359597
2009-05-19,26.669676
2009-05-20,26.357558
2009-05-21,25.98054
2009-05-22,25.864462
2009-05-26,26.704945
2009-05-27,26.523775
2009-05-28,27.0774
2009-05-29,27.372464
2009-06-01,28.29069
2009-06-02,28.153279
2009-06-03,28.024251
2009-06-04,28.732207
2009-06-05,28.853671
2009-06-08,28.770088
2009-06-09,29.033362
2009-06-10,29.031316
2009-06-11,29.199999
2009-06-12,29.14397
2009-06-15,28.660806
2009-06-16,28.434938
2009-06-17,28.615007
2009-06-18,28.485639
2009-06-19,28.822923
2009-06-22,28.200268
2009-06-23,28.240723
2009-06-24,28.639076
2009-06-25,29.203074
2009-06-26,27.483118
2009-06-29,27.684475
2009-06-30,27.50768
2009-07-01,27.536013
2009-07-02,26.887974
2009-07-06,26.789066
2009-07-07,26.116512
2009-07-08,26.157228
2009-07-09,26.302105
2009-07-10,26.408473
2009-07-13,26.967545
2009-07-14,27.059001
2009-07-15,29.263628
2009-07-16,29.52169
2009-07-17,29.719284
2009-07-20,30.186771
2009-07-21,30.08422
2009-07-22,30.223184
2009-07-23,31.743942
2009-07-24,31.541355
2009-07-27,33.1711
2009-07-28,33.295496
2009-07-29,33.309163
2009-07-30,33.118501
2009-07-31,33.049779
2009-08-03,33.529964
2009-08-04,33.657991
2009-08-05,33.982893
2009-08-06,33.714847
2009-08-07,34.018633
2009-08-10,33.845035
2009-08-11,33.656731
2009-08-12,34.219889
2009-08-13,34.581814
2009-08-14,34.261422
2009-08-17,33.479065
2009-08-18,34.239141
2009-08-19,34.409253
2009-08-20,34.761708
2009-08-21,35.290897
2009-08-24,35.267712
2009-08-25,35.302362
2009-08-26,35.322596
2009-08-27,35.518414
2009-08-28,35.709652
2009-08-31,35.390845
2009-09-01,34.705628
2009-09-02,34.693329
2009-09-03,34.897962
2009-09-04,35.485076
2009-09-08,35.747273
2009-09-09,36.026953
2009-09-10,36.539088
2009-09-11,36.487971
2009-09-14,36.511344
2009-09-15,36.752069
2009-09-16,37.093597
2009-09-17,37.006975
2009-09-18,37.055098
2009-09-21,36.819562
2009-09-22,36.960501
2009-09-23,36.842941
2009-09-24,36.609776
2009-09-25,36.35508
2009-09-28,36.984619
2009-09-29,36.513264
2009-09-30,36.517393
2009-10-01,35.555557
2009-10-02,35.38761
2009-10-05,35.680718
2009-10-06,36.358514
2009-10-07,36.535989
2009-10-08,36.672251
2009-10-09,37.065779
2009-10-12,37.178351
2009-10-13,37.353365
2009-10-14,37.909217
2009-10-15,37.389307
2009-10-16,37.019353
2009-10-19,37.01743
2009-10-20,36.687714
2009-10-21,36.705191
2009-10-22,37.295506
2009-10-23,37.674387
2009-10-26,36.857268
2009-10-27,36.475486
2009-10-28,35.791804
2009-10-29,36.161375
2009-10-30,35.275653
2009-11-02,35.43741
2009-11-03,34.966099
2009-11-04,35.573551
2009-11-05,36.314405
2009-11-06,35.223791
2009-11-09,36.051906
2009-11-10,36.043966
2009-11-11,36.494598
2009-11-12,36.328312
2009-11-13,36.80774
2009-11-16,37.179756
2009-11-17,37.400854
2009-11-18,37.169103
2009-11-19,36.84173
2009-11-20,36.60108
2009-11-23,36.907842
2009-11-24,36.734652
2009-11-25,36.801002
2009-11-27,36.202153
2009-11-30,36.305171
2009-12-01,36.794655
2009-12-02,36.751127
2009-12-03,36.864269
2009-12-04,37.184166
2009-12-07,37.001742
2009-12-08,36.721471
2009-12-09,37.059918
2009-12-10,37.213389
2009-12-11,37.091113
2009-12-14,37.415377
2009-12-15,37.420694
2009-12-16,37.564064
2009-12-17,37.000163
2009-12-18,37.624362
2009-12-21,36.791344
2009-12-22,36.323483
2009-12-23,36.536034
2009-12-24,36.897528
2009-12-28,36.982066
2009-12-29,36.948436
2009-12-30,37.110769
2009-12-31,36.69938
2010-01-04,37.271312
2010-01-05,37.260186
2010-01-06,36.935614
2010-01-07,36.785654
2010-01-08,37.084163
2010-01-11,36.925178
2010-01-12,36.509938
2010-01-13,36.85568
2010-01-14,35.807994
2010-01-15,35.348883
2010-01-19,35.678141
2010-01-20,34.652746
2010-01-21,32.041123
2010-01-22,30.80942
2010-01-25,29.06282
2010-01-26,28.570965
2010-01-27,25.399257
2010-01-28,22.093098
2010-01-29,21.3813
2010-02-01,21.696936
2010-02-02,21.645132
2010-02-03,21.520642
2010-02-04,20.897172
2010-02-05,21.177041
2010-02-08,20.927116
2010-02-09,21.133784
2010-02-10,21.054447
2010-02-11,21.294997
2010-02-12,21.304873
2010-02-16,21.639414
2010-02-17,21.404406
2010-02-18,21.590531
2010-02-19,21.563003
2010-02-22,21.5042
2010-02-23,21.172663
2010-02-24,21.395428
2010-02-25,21.339396
2010-02-26,21.390758
2010-03-01,21.719601
2010-03-02,21.672226
2010-03-03,21.686654
2010-03-04,21.791446
2010-03-05,22.093893
2010-03-08,22.170242
2010-03-09,22.254723
2010-03-10,22.426759
2010-03-11,22.526979
2010-03-12,22.539134
2010-03-15,22.478565
2010-03-16,22.637966
2010-03-17,22.725013
2010-03-18,22.772474
2010-03-19,22.587392
2010-03-22,22.801917
2010-03-23,22.8114
2010-03-24,22.680633
2010-03-25,22.788904
2010-03-26,22.760496
2010-03-29,22.762069
2010-03-30,22.87337
2010-03-31,22.438356
2010-04-01,22.454126
2010-04-05,22.702794
2010-04-06,22.711902
2010-04-07,22.664123
2010-04-08,22.672407
2010-04-09,22.860593
2010-04-12,22.928758
2010-04-13,22.544548
2010-04-14,22.920535
2010-04-15,22.604155
2010-04-16,22.289383
2010-04-19,22.250549
2010-04-20,21.906788
2010-04-21,21.554929
2010-04-22,21.528597
2010-04-23,21.665025
2010-04-26,21.491407
2010-04-27,20.969887
2010-04-28,20.776883
2010-04-29,20.877828
2010-04-30,20.412081
2010-05-03,20.691293
2010-05-04,20.059571
2010-05-05,19.831602
2010-05-06,19.17474
2010-05-07,18.724726
2010-05-10,19.648158
2010-05-11,19.54818
2010-05-12,19.825997
2010-05-13,19.484016
2010-05-14,19.088642
2010-05-17,19.093438
2010-05-18,18.673031
2010-05-19,18.443774
2010-05-20,17.780259
2010-05-21,17.9476
2010-05-24,17.848142
2010-05-25,17.824499
2010-05-26,17.62745
2010-05-27,18.256064
2010-05-28,18.093282
2010-06-01,17.925749
2010-06-02,18.320194
2010-06-03,18.527715
2010-06-04,17.928182
2010-06-07,17.596162
2010-06-08,17.613073
2010-06-09,17.451362
2010-06-10,17.890752
2010-06-11,18.088663
2010-06-14,18.041402
2010-06-15,18.555986
2010-06-16,18.600732
2010-06-17,18.689305
2010-06-18,18.701549
2010-06-21,18.573605
2010-06-22,18.38842
2010-06-23,18.302064
2010-06-24,17.906715
2010-06-25,17.83555
2010-06-28,17.660709
2010-06-29,16.982493
2010-06-30,16.71792
2010-07-01,16.656696
2010-07-02,16.617671
2010-07-06,16.750167
2010-07-07,17.360064
2010-07-08,17.44706
2010-07-09,17.545693
2010-07-12,17.649309
2010-07-13,17.352666
2010-07-14,17.500488
2010-07-15,17.444702
2010-07-16,16.933495
2010-07-19,16.972945
2010-07-20,16.843168
2010-07-21,16.525091
2010-07-22,16.74642
2010-07-23,16.843728
2010-07-26,16.944202
2010-07-27,16.914461
2010-07-28,16.661788
2010-07-29,16.484959
2010-07-30,16.409344
2010-08-02,16.74276
2010-08-03,16.551764
2010-08-04,16.652751
2010-08-05,16.560067
2010-08-06,16.507375
2010-08-09,16.582273
2010-08-10,16.381985
2010-08-11,15.844954
2010-08-12,15.561887
2010-08-13,15.46352
2010-08-16,15.497564
2010-08-17,15.655582
2010-08-18,15.689499
2010-08-19,15.455935
2010-08-20,15.452881
2010-08-23,15.303478
2010-08-24,15.049023
2010-08-25,15.122554
2010-08-26,14.954158
2010-08-27,15.130047
2010-08-30,14.949607
2010-08-31,14.849481
2010-09-01,15.253731
2010-09-02,15.394223
2010-09-03,15.652023
2010-09-07,15.522843
2010-09-08,15.582977
2010-09-09,15.599756
2010-09-10,15.606762
2010-09-13,15.931375
2010-09-14,16.01327
2010-09-15,16.109837
2010-09-16,16.191422
2010-09-17,16.258389
2010-09-20,16.527012
2010-09-21,16.485895
2010-09-22,16.40061
2010-09-23,16.398858
2010-09-24,16.745042
2010-09-27,16.712515
2010-09-28,16.724018
2010-09-29,16.730737
2010-09-30,16.637472
2010-10-01,16.620103
2010-10-04,16.439125
2010-10-05,16.797515
2010-10-06,16.71022
2010-10-07,16.718438
2010-10-08,16.837586
2010-10-11,16.849088
2010-10-12,16.818708
2010-10-13,16.97634
2010-10-14,16.937782
2010-10-15,17.037315
2010-10-18,16.809456
2010-10-19,16.458843
2010-10-20,16.55745
2010-10-21,16.55213
2010-10-22,16.635198
2010-10-25,16.633104
2010-10-26,16.58085
2010-10-27,16.613731
2010-10-28,16.606374
2010-10-29,16.598957
2010-11-01,16.613712
2010-11-02,16.726528
2010-11-03,16.798402
2010-11-04,17.047269
2010-11-05,17.052036
2010-11-08,17.056715
2010-11-09,17.007991
2010-11-10,17.018577
2010-11-11,16.717003
2010-11-12,16.463861
2010-11-15,16.385134
2010-11-16,16.091254
2010-11-17,16.031022
2010-11-18,16.263803
2010-11-19,16.299469
2010-11-22,16.353103
2010-11-23,16.1205
2010-11-24,16.398555
2010-11-26,16.305138
2010-11-29,16.228185
2010-11-30,16.013147
2010-12-01,16.343703
2010-12-02,16.47495
2010-12-03,16.519656
2010-12-06,16.533232
2010-12-07,16.531679
2010-12-08,16.67593
2010-12-09,16.665012
2010-12-10,16.751429
2010-12-13,16.699908
2010-12-14,16.70869
2010-12-15,16.618644
2010-12-16,16.622962
2010-12-17,16.654537
2010-12-20,16.692669
2010-12-21,16.798947
2010-12-22,16.803205
2010-12-23,16.774107
2010-12-27,16.805257
2010-12-28,16.80233
2010-12-29,16.819222
2010-12-30,16.786179
2010-12-31,16.750469
2011-01-03,16.948162
2011-01-04,16.901587
2011-01-05,17.013577
2011-01-06,17.165252
2011-01-07,17.12248
2011-01-10,17.150149
2011-01-11,17.174714
2011-01-12,17.332841
2011-01-13,17.158192
2011-01-14,17.315178
2011-01-18,16.951987
2011-01-19,16.912716
2011-01-20,16.828407
2011-01-21,16.712586
2011-01-24,16.936774
2011-01-25,16.887284
2011-01-26,17.03981
2011-01-27,17.094954
2011-01-28,16.703755
2011-01-31,16.80699
2011-02-01,17.10219
2011-02-02,17.137147
2011-02-03,17.128616
2011-02-04,17.254525
2011-02-07,17.348696
2011-02-08,17.393245
2011-02-09,17.381836
2011-02-10,17.291773
2011-02-11,17.347352
2011-02-14,17.376228
2011-02-15,17.218455
2011-02-16,17.339155
2011-02-17,17.367794
2011-02-18,17.382578
2011-02-22,16.870993
2011-02-23,16.645702
2011-02-24,16.649861
2011-02-25,16.869714
2011-02-28,16.893708
2011-03-01,16.569916
2011-03-02,16.657557
2011-03-03,16.940386
2011-03-04,16.822219
2011-03-07,16.590481
2011-03-08,16.692601
2011-03-09,16.595291
2011-03-10,16.258762
2011-03-11,16.360997
2011-03-14,16.297098
2011-03-15,16.04358
2011-03-16,15.613032
2011-03-17,15.760483
2011-03-18,15.779101
2011-03-21,16.130569
2011-03-22,16.075594
2011-03-23,16.197378
2011-03-24,16.368322
2011-03-25,16.397698
2011-03-28,16.309761
2011-03-29,16.412248
2011-03-30,16.44122
2011-03-31,16.403187
2011-04-01,16.383242
2011-04-04,16.298458
2011-04-05,16.286576
2011-04-06,16.40417
2011-04-07,16.413906
2011-04-08,16.315109
2011-04-11,16.284608
2011-04-12,16.144282
2011-04-13,16.256037
2011-04-14,16.178619
2011-04-15,16.107294
2011-04-18,15.986391
2011-04-19,15.919232
2011-04-20,15.948204
2011-04-21,16.040061
2011-04-25,16.076955
2011-04-26,16.202462
2011-04-27,16.264472
2011-04-28,16.060883
2011-04-29,16.08434
2011-05-02,16.016859
2011-05-03,15.975351
2011-05-04,15.91289
2011-05-05,15.810605
2011-05-06,15.858159
2011-05-09,15.891014
2011-05-10,16.071093
2011-05-11,15.968754
2011-05-12,16.061562
2011-05-13,15.86578
2011-05-16,15.624827
2011-05-17,15.495111
2011-05-18,15.610438
2011-05-19,15.61924
2011-05-20,15.50669
2011-05-23,15.273685
2011-05-24,15.186244
2011-05-25,15.266993
2011-05-26,15.349149
2011-05-27,15.426866
2011-05-31,15.667504
2011-06-01,15.327004
2011-06-02,15.346274
2011-06-03,15.127222
2011-06-06,15.02316
2011-06-07,14.968682
2011-06-08,14.844198
2011-06-09,14.860423
2011-06-10,14.643277
2011-06-13,14.634273
2011-06-14,14.828936
2011-06-15,14.550982
2011-06-16,14.508084
2011-06-17,14.463918
2011-06-20,14.552494
2011-06-21,14.81981
2011-06-22,14.698502
2011-06-23,14.833877
2011-06-24,14.562981
2011-06-27,14.767762
2011-06-28,14.963534
2011-06-29,15.068853
2011-06-30,15.286412
2011-07-01,15.549196
2011-07-05,15.577037
2011-07-06,15.709403
2011-07-07,15.930855
2011-07-08,15.856019
2011-07-11,15.569832
2011-07-12,15.425135
2011-07-13,15.466823
2011-07-14,15.266596
2011-07-15,15.50331
2011-07-18,15.400588
2011-07-19,15.375201
2011-07-20,15.250632
2011-07-21,15.203151
2011-07-22,15.375207
2011-07-25,15.371163
2011-07-26,15.428636
2011-07-27,14.951105
2011-07-28,14.96194
2011-07-29,14.837833
2011-08-01,14.814235
2011-08-02,14.478243
2011-08-03,14.639656
2011-08-04,13.986184
2011-08-05,13.906066
2011-08-08,13.103567
2011-08-09,13.698574
2011-08-10,13.191827
2011-08-11,13.756608
2011-08-12,13.836939
2011-08-15,14.073055
2011-08-16,13.900909
2011-08-17,13.784727
2011-08-18,13.029843
2011-08-19,12.667765
2011-08-22,12.755111
2011-08-23,13.256981
2011-08-24,13.326664
2011-08-25,13.119609
2011-08-26,13.421653
2011-08-29,13.792519
2011-08-30,13.829605
2011-08-31,13.837735
2011-09-01,13.680434
2011-09-02,13.351328
2011-09-06,13.288253
2011-09-07,13.650342
2011-09-08,13.594555
2011-09-09,13.287015
2011-09-12,13.45039
2011-09-13,13.61723
2011-09-14,13.839208
2011-09-15,14.084367
2011-09-16,14.223262
2011-09-19,14.241658
2011-09-20,14.16026
2011-09-21,13.977728
2011-09-22,13.531093
2011-09-23,13.671969
2011-09-26,13.83273
2011-09-27,13.966427
2011-09-28,13.772338
2011-09-29,13.757791
2011-09-30,13.367744
2011-10-03,13.065301
2011-10-04,13.343974
2011-10-05,13.654209
2011-10-06,13.889893
2011-10-07,13.816413
2011-10-10,14.289674
2011-10-11,14.379954
2011-10-12,14.45599
2011-10-13,14.560908
2011-10-14,14.870357
2011-10-17,14.550265
2011-10-18,14.425882
2011-10-19,14.10393
2011-10-20,14.004933
2011-10-21,14.190007
2011-10-24,14.488454
2011-10-25,14.253929
2011-10-26,14.302323
2011-10-27,14.723413
2011-10-28,14.765002
2011-10-31,14.491095
2011-11-01,14.079151
2011-11-02,14.199211
2011-11-03,14.538842
2011-11-04,14.458282
2011-11-07,14.553028
2011-11-08,14.721077
2011-11-09,14.475369
2011-11-10,14.478449
2011-11-11,14.784142
2011-11-14,14.690212
2011-11-15,14.869437
2011-11-16,14.649971
2011-11-17,14.326528
2011-11-18,14.231274
2011-11-21,14.140963
2011-11-22,14.12
2011-11-23,13.781026
2011-11-25,13.693947
2011-11-28,14.173814
2011-11-29,14.077239
2011-11-30,14.638878
2011-12-01,14.724096
2011-12-02,14.702053
2011-12-05,14.88118
2011-12-06,14.893775
2011-12-07,14.908725
2011-12-08,14.683835
2011-12-09,14.918149
2011-12-12,14.70117
2011-12-13,14.566432
2011-12-14,14.314796
2011-12-15,14.265824
2011-12-16,14.299456
2011-12-19,14.14575
2011-12-20,14.549704
2011-12-21,14.276093
2011-12-22,14.418609
2011-12-23,14.571074
2011-12-27,14.589053
2011-12-28,14.436342
2011-12-29,14.570511
2011-12-30,14.505414
2012-01-03,14.739509
2012-01-04,14.786209
2012-01-05,14.861662
2012-01-06,14.873855
2012-01-09,14.838449
2012-01-10,14.907593
2012-01-11,14.937759
2012-01-12,14.996536
2012-01-13,14.889715
2012-01-17,14.992687
2012-01-18,15.114511
2012-01-19,15.114287
2012-01-20,15.15089
2012-01-23,15.276041
2012-01-24,14.640362
2012-01-25,14.814872
2012-01-26,14.746597
2012-01-27,14.763705
2012-01-30,14.813491
2012-01-31,14.843274
2012-02-01,14.96184
2012-02-02,15.030912
2012-02-03,15.240945
2012-02-06,15.244389
2012-02-07,15.270513
2012-02-08,15.447387
2012-02-09,15.596014
2012-02-10,15.48927
2012-02-13,15.580699
2012-02-14,15.614784
2012-02-15,15.528411
2012-02-16,15.80491
2012-02-17,15.799308
2012-02-21,15.870649
2012-02-22,15.901651
2012-02-23,15.974929
2012-02-24,16.064203
2012-02-27,16.081305
2012-02-28,16.260435
2012-02-29,16.178449
2012-03-01,16.283337
2012-03-02,16.252129
2012-03-05,16.094811
2012-03-06,15.919313
2012-03-07,16.029948
2012-03-08,16.2071
2012-03-09,16.270974
2012-03-12,16.297475
2012-03-13,16.629258
2012-03-14,16.733982
2012-03-15,16.780635
2012-03-16,16.782548
2012-03-19,16.941161
2012-03-20,16.899492
2012-03-21,16.887737
2012-03-22,16.859619
2012-03-23,16.859856
2012-03-26,17.139675
2012-03-27,17.158159
2012-03-28,17.11693
2012-03-29,17.077719
2012-03-30,17.018649
2012-04-02,17.206531
2012-04-03,17.188981
2012-04-04,16.949999
2012-04-05,17.025631
2012-04-09,16.916447
2012-04-10,16.67698
2012-04-11,16.752404
2012-04-12,16.881108
2012-04-13,16.603468
2012-04-16,16.405239
2012-04-17,16.753238
2012-04-18,16.593498
2012-04-19,16.502863
2012-04-20,16.420342
2012-04-23,16.338408
2012-04-24,15.683712
2012-04-25,16.229184
2012-04-26,16.296026
2012-04-27,16.295091
2012-04-30,16.153189
2012-05-01,16.241942
2012-05-02,16.186808
2012-05-03,16.055153
2012-05-04,15.695207
2012-05-07,15.619554
2012-05-08,15.54481
2012-05-09,15.49877
2012-05-10,15.378221
2012-05-11,15.369181
2012-05-14,15.224835
2012-05-15,15.154654
2012-05-16,15.030746
2012-05-17,14.819079
2012-05-18,14.640635
2012-05-21,15.052092
2012-05-22,15.031647
2012-05-23,15.110275
2012-05-24,14.980666
2012-05-25,14.868908
2012-05-29,15.078871
2012-05-30,14.968322
2012-05-31,14.877102
2012-06-01,14.474605
2012-06-04,14.538423
2012-06-05,14.642969
2012-06-06,15.009706
2012-06-07,14.953487
2012-06-08,15.093917
2012-06-11,14.827567
2012-06-12,15.002203
2012-06-13,14.891854
2012-06-14,14.929734
2012-06-15,15.14067
2012-06-18,15.218152
2012-06-19,15.369745
2012-06-20,15.443339
2012-06-21,15.035762
2012-06-22,15.217582
2012-06-25,14.884371
2012-06-26,14.922227
2012-06-27,15.019106
2012-06-28,14.851174
2012-06-29,15.340947
2012-07-02,15.279046
2012-07-03,15.415944
2012-07-05,15.441262
2012-07-06,15.160162
2012-07-09,15.124442
2012-07-10,14.94853
2012-07-11,14.856918
2012-07-12,14.699316
2012-07-13,14.911579
2012-07-16,14.873626
2012-07-17,14.90702
2012-07-18,15.106715
2012-07-19,15.855548
2012-07-20,15.652808
2012-07-23,15.517626
2012-07-24,15.237437
2012-07-25,15.308215
2012-07-26,15.516308
2012-07-27,15.850625
2012-07-30,15.772669
2012-07-31,15.782099
2012-08-01,15.710627
2012-08-02,15.636836
2012-08-03,15.95861
2012-08-06,16.068494
2012-08-07,16.203601
2012-08-08,16.228508
2012-08-09,16.27845
2012-08-10,16.308507
2012-08-13,16.354862
2012-08-14,16.315073
2012-08-15,16.288466
2012-08-16,16.540833
2012-08-17,16.649057
2012-08-20,16.699582
2012-08-21,16.60438
2012-08-22,17.863957
2012-08-23,17.713311
2012-08-24,17.785827
2012-08-27,17.825069
2012-08-28,17.798166
2012-08-29,17.825656
2012-08-30,17.592371
2012-08-31,17.732547
2012-09-04,17.732353
2012-09-05,17.704621
2012-09-06,18.124145
2012-09-07,18.107407
2012-09-10,17.866262
2012-09-11,17.900279
2012-09-12,17.978976
2012-09-13,18.234131
2012-09-14,18.396617
2012-09-17,18.403589
2012-09-18,18.400134
2012-09-19,18.400431
2012-09-20,18.330468
2012-09-21,18.337616
2012-09-24,18.267861
2012-09-25,17.983632
2012-09-26,17.836176
2012-09-27,18.126448
2012-09-28,17.991272
2012-10-01,17.975882
2012-10-02,17.995853
2012-10-03,18.075137
2012-10-04,18.100857
2012-10-05,17.977673
2012-10-08,17.786954
2012-10-09,17.550577
2012-10-10,17.479341
2012-10-11,17.42852
2012-10-12,17.457819
2012-10-15,17.573523
2012-10-16,17.868439
2012-10-17,17.726536
2012-10-18,17.697809
2012-10-19,17.288042
2012-10-22,17.105613
2012-10-23,16.909743
2012-10-24,16.822664
2012-10-25,16.622465
2012-10-26,16.651527
2012-10-31,16.449281
2012-11-01,16.738781
2012-11-02,16.501652
2012-11-05,16.591317
2012-11-06,16.36116
2012-11-07,15.878877
2012-11-08,15.660359
2012-11-09,15.747501
2012-11-12,15.688394
2012-11-13,15.542339
2012-11-14,15.392086
2012-11-15,15.446168
2012-11-16,15.503308
2012-11-19,15.930008
2012-11-20,16.652447
2012-11-21,16.721514
2012-11-23,16.991146
2012-11-26,17.102255
2012-11-27,17.026983
2012-11-28,17.134874
2012-11-29,17.207084
2012-11-30,17.169555
2012-12-03,17.134827
2012-12-04,17.115451
2012-12-05,16.878099
2012-12-06,17.016068
2012-12-07,16.908127
2012-12-10,16.966618
2012-12-11,17.207843
2012-12-12,17.130978
2012-12-13,16.998743
2012-12-14,16.829713
2012-12-17,17.051703
2012-12-18,17.285563
2012-12-19,17.240852
2012-12-20,17.269253
2012-12-21,17.119211
2012-12-24,17.078906
2012-12-26,16.967875
2012-12-27,16.951754
2012-12-28,16.756837
2012-12-31,17.100686
2013-01-02,17.65102
2013-01-03,17.518477
2013-01-04,17.421642
2013-01-07,17.384469
2013-01-08,17.342752
2013-01-09,17.386836
2013-01-10,17.476915
2013-01-11,17.527937
2013-01-14,17.398838
2013-01-15,17.305903
2013-01-16,17.569487
2013-01-17,17.730288
2013-01-18,17.668776
2013-01-22,17.649999
2013-01-23,17.857055
2013-01-24,17.523447
2013-01-25,17.543571
2013-01-28,17.584141
2013-01-29,17.59646
2013-01-30,17.474887
2013-01-31,17.416012
2013-02-01,17.611745
2013-02-04,17.332988
2013-02-05,17.381294
2013-02-06,17.327879
2013-02-07,17.323127
2013-02-08,17.502621
2013-02-11,17.521916
2013-02-12,17.462981
2013-02-13,17.339331
2013-02-14,17.352022
2013-02-15,17.330453
2013-02-19,17.447697
2013-02-20,17.177821
2013-02-21,17.064976
2013-02-22,17.277372
2013-02-25,17.000582
2013-02-26,17.062709
2013-02-27,17.209921
2013-02-28,17.172799
2013-03-01,17.187653
2013-03-04,17.222963
2013-03-05,17.479581
2013-03-06,17.476326
2013-03-07,17.524076
2013-03-08,17.540689
2013-03-11,17.598595
2013-03-12,17.499836
2013-03-13,17.497089
2013-03-14,17.624623
2013-03-15,17.579915
2013-03-18,17.615833
2013-03-19,17.592116
2013-03-20,17.695591
2013-03-21,17.460029
2013-03-22,17.574216
2013-03-25,17.520929
2013-03-26,17.607402
2013-03-27,17.55517
2013-03-28,17.544159
2013-04-01,17.375953
2013-04-02,17.453147
2013-04-03,17.31724
2013-04-04,17.275827
2013-04-05,17.109965
2013-04-08,17.16853
2013-04-09,17.306781
2013-04-10,17.625794
2013-04-11,17.531093
2013-04-12,17.43272
2013-04-15,17.118316
2013-04-16,17.428953
2013-04-17,17.01684
2013-04-18,16.584562
2013-04-19,16.553195
2013-04-22,16.684515
2013-04-23,17.11215
2013-04-24,17.183875
2013-04-25,17.21037
2013-04-26,17.212778
2013-04-29,17.493887
2013-04-30,17.701126
2013-05-01,17.60336
2013-05-02,17.856423
2013-05-03,18.052124
2013-05-06,18.117157
2013-05-07,18.121564
2013-05-08,18.255888
2013-05-09,18.187609
2013-05-10,18.267637
2013-05-13,18.217442
2013-05-14,18.25522
2013-05-15,18.215248
2013-05-16,18.45469
2013-05-17,18.668915
2013-05-20,18.676848
2013-05-21,18.628194
2013-05-22,18.514661
2013-05-23,18.504447
2013-05-24,18.488906
2013-05-28,18.615001
2013-05-29,18.600422
2013-05-30,18.753434
2013-05-31,18.602364
2013-06-03,18.727706
2013-06-04,18.605139
2013-06-05,18.412659
2013-06-06,18.423064
2013-06-07,18.618175
2013-06-10,18.626505
2013-06-11,18.416339
2013-06-12,18.267935
2013-06-13,18.478249
2013-06-14,18.331341
2013-06-17,18.53955
2013-06-18,18.689974
2013-06-19,18.46163
2013-06-20,18.004245
2013-06-21,17.866602
2013-06-24,17.611018
2013-06-25,17.73111
2013-06-26,17.822178
2013-06-27,17.878946
2013-06-28,17.814218
2013-07-01,17.92605
2013-07-02,17.949262
2013-07-03,18.05102
2013-07-05,18.178192
2013-07-08,18.135016
2013-07-09,18.220334
2013-07-10,18.30051
2013-07-11,18.615281
2013-07-12,18.653175
2013-07-15,18.710281
2013-07-16,18.691012
2013-07-17,18.839864
2013-07-18,18.214351
2013-07-19,17.856478
2013-07-22,17.901059
2013-07-23,18.057154
2013-07-24,17.899966
2013-07-25,17.916053
2013-07-26,17.938224
2013-07-29,17.908011
2013-07-30,18.039524
2013-07-31,17.969259
2013-08-01,18.176858
2013-08-02,18.271136
2013-08-05,18.303161
2013-08-06,18.181714
2013-08-07,18.131845
2013-08-08,18.197177
2013-08-09,18.118016
2013-08-12,18.24185
2013-08-13,18.367865
2013-08-14,18.328057
2013-08-15,18.062205
2013-08-16,18.170913
2013-08-19,18.140347
2013-08-20,18.139495
2013-08-21,16.960536
2013-08-22,17.04041
2013-08-23,17.14812
2013-08-26,17.086173
2013-08-27,16.744155
2013-08-28,16.774307
2013-08-29,16.839834
2013-08-30,16.752353
2013-09-03,16.805729
2013-09-04,16.954489
2013-09-05,16.988543
2013-09-06,17.008996
2013-09-09,17.225876
2013-09-10,17.324151
2013-09-11,17.222831
2013-09-12,17.211245
2013-09-13,17.223836
2013-09-16,17.16627
2013-09-17,17.282829
2013-09-18,17.488718
2013-09-19,17.515988
2013-09-20,17.407929
2013-09-23,17.440149
2013-09-24,17.393005
2013-09-25,17.344588
2013-09-26,17.362228
2013-09-27,17.256997
2013-09-30,17.160272
2013-10-01,17.323011
2013-10-02,17.340873
2013-10-03,17.160869
2013-10-04,17.246298
2013-10-07,17.128489
2013-10-08,16.854601
2013-10-09,16.912497
2013-10-10,16.988848
2013-10-11,17.129136
2013-10-14,17.222426
2013-10-15,17.384078
2013-10-16,17.460579
2013-10-17,17.353863
2013-10-18,17.659133
2013-10-21,17.76565
2013-10-22,17.724759
2013-10-23,17.608141
2013-10-24,17.613872
2013-10-25,17.686089
2013-10-28,17.786165
2013-10-29,17.860034
2013-10-30,17.848304
2013-10-31,17.77464
2013-11-01,17.792594
2013-11-04,17.85004
2013-11-05,17.836395
2013-11-06,17.953712
2013-11-07,17.738537
2013-11-08,17.930875
2013-11-11,17.946488
2013-11-12,18.008537
2013-11-13,18.197486
2013-11-14,18.036989
2013-11-15,18.083211
2013-11-18,17.953489
2013-11-19,17.87714
2013-11-20,17.824946
2013-11-21,18.007551
2013-11-22,17.975732
2013-11-25,17.9631
2013-11-26,17.14489
2013-11-27,17.313207
2013-11-29,17.390777
2013-12-02,17.336538
2013-12-03,17.400753
2013-12-04,17.430378
2013-12-05,17.384393
2013-12-06,17.517778
2013-12-09,17.563919
2013-12-10,17.511219
2013-12-11,17.363233
2013-12-12,17.258144
2013-12-13,17.210041
2013-12-16,17.377269
2013-12-17,17.380236
2013-12-18,17.503129
2013-12-19,17.544865
2013-12-20,17.696618
2013-12-23,18.465836
2013-12-24,18.503811
2013-12-26,18.559962
2013-12-27,18.523379
2013-12-30,18.501904
2013-12-31,18.632872
2014-01-02,18.437455
2014-01-03,18.349435
2014-01-06,18.304278
2014-01-07,18.411983
2014-01-08,18.426866
2014-01-09,18.324407
2014-01-10,18.361445
2014-01-13,18.174665
2014-01-14,18.519346
2014-01-15,18.734386
2014-01-16,18.698035
2014-01-17,18.595934
2014-01-21,18.597293
2014-01-22,18.544806
2014-01-23,18.445853
2014-01-24,18.069582
2014-01-27,17.843113
2014-01-28,17.718363
2014-01-29,17.523313
2014-01-30,17.731105
2014-01-31,17.764741
2014-02-03,17.380611
2014-02-04,17.478159
2014-02-05,17.464381
2014-02-06,17.652361
2014-02-07,17.910259
2014-02-10,17.971237
2014-02-11,18.180959
2014-02-12,18.396032
2014-02-13,18.560547
2014-02-14,18.600746
2014-02-18,18.618851
2014-02-19,18.520407
2014-02-20,18.562047
2014-02-21,18.499732
2014-02-24,18.59533
2014-02-25,18.541835
2014-02-26,18.56654
2014-02-27,18.704045
2014-02-28,18.682359
2014-03-03,18.519326
2014-03-04,18.805362
2014-03-05,18.822637
2014-03-06,18.824589
2014-03-07,18.768223
2014-03-10,18.745653
2014-03-11,18.712342
2014-03-12,18.757839
2014-03-13,18.465409
2014-03-14,18.34088
2014-03-17,18.583437
2014-03-18,18.819253
2014-03-19,18.733029
2014-03-20,18.854895
2014-03-21,18.768717
2014-03-24,18.786678
2014-03-25,18.921289
2014-03-26,18.67124
2014-03-27,18.600863
2014-03-28,18.688985
2014-03-31,18.84364
2014-04-01,19.090509
2014-04-02,19.086679
2014-04-03,18.879504
2014-04-04,18.458477
2014-04-07,18.317378
2014-04-08,18.473179
2014-04-09,18.761917
2014-04-10,18.294887
2014-04-11,18.083913
2014-04-14,18.277758
2014-04-15,18.377768
2014-04-16,18.58153
2014-04-17,18.524127
2014-04-21,18.607131
2014-04-22,18.684348
2014-04-23,18.294202
2014-04-24,18.476923
2014-04-25,18.224208
2014-04-28,18.412352
2014-04-29,18.841858
2014-04-30,18.895837
2014-05-01,18.882379
2014-05-02,18.838863
2014-05-05,18.915235
2014-05-06,18.678922
2014-05-07,18.645123
2014-05-08,18.668144
2014-05-09,18.699535
2014-05-12,18.977909
2014-05-13,18.993543
2014-05-14,18.905474
2014-05-15,18.72869
2014-05-16,18.846465
2014-05-19,19.001876
2014-05-20,18.89858
2014-05-21,19.044878
2014-05-22,19.040978
2014-05-23,19.226159
2014-05-27,19.416349
2014-05-28,19.350892
2014-05-29,19.47496
2014-05-30,19.489175
2014-06-02,19.454487
2014-06-03,19.434599
2014-06-04,19.484114
2014-06-05,19.642773
2014-06-06,19.726879
2014-06-09,19.786273
2014-06-10,19.810508
2014-06-11,19.761779
2014-06-12,19.576132
2014-06-13,19.702361
2014-06-16,19.707276
2014-06-17,19.744217
2014-06-18,19.860705
2014-06-19,19.829211
2014-06-20,19.763697
2014-06-23,19.803728
2014-06-24,19.701499
2014-06-25,19.812581
2014-06-26,19.780445
2014-06-27,19.896963
2014-06-30,19.928527
2014-07-01,20.137886
2014-07-02,20.141024
2014-07-03,20.241445
2014-07-07,20.240548
2014-07-08,20.043859
2014-07-09,20.138084
2014-07-10,20.08091
2014-07-11,20.165454
2014-07-14,20.323196
2014-07-15,20.19468
2014-07-16,20.382419
2014-07-17,19.904701
2014-07-18,20.168206
2014-07-21,20.150057
2014-07-22,20.124411
2014-07-23,20.051236
2014-07-24,20.030549
2014-07-25,19.983047
2014-07-28,20.018747
2014-07-29,19.941176
2014-07-30,19.91535
2014-07-31,19.506109
2014-08-01,19.424296
2014-08-04,19.555413
2014-08-05,19.386915
2014-08-06,19.325368
2014-08-07,19.238831
2014-08-08,19.373436
2014-08-11,19.485156
2014-08-12,19.445744
2014-08-13,19.660277
2014-08-14,19.672565
2014-08-15,19.695418
2014-08-18,19.904313
2014-08-19,20.038906
2014-08-20,20.0802
2014-08-21,20.193639
2014-08-22,20.198213
2014-08-25,20.202293
2014-08-26,20.2176
2014-08-27,20.208216
2014-08-28,20.19481
2014-08-29,20.284854
2014-09-02,20.313378
2014-09-03,20.16983
2014-09-04,20.15062
2014-09-05,20.281417
2014-09-08,20.311936
2014-09-09,20.18073
2014-09-10,20.348832
2014-09-11,20.373049
2014-09-12,20.28202
2014-09-15,20.153061
2014-09-16,20.29396
2014-09-17,20.330644
2014-09-18,20.457205
2014-09-19,20.384181
2014-09-22,20.317019
2014-09-23,20.275137
2014-09-24,20.39859
2014-09-25,19.995025
2014-09-26,20.240459
2014-09-29,20.221945
2014-09-30,20.268931
2014-10-01,19.908023
2014-10-02,19.915282
2014-10-03,20.068789
2014-10-06,20.064922
2014-10-07,19.733222
2014-10-08,20.123718
2014-10-09,19.786624
2014-10-10,19.23645
2014-10-13,18.997806
2014-10-14,19.003688
2014-10-15,18.863569
2014-10-16,18.772167
2014-10-17,18.9967
2014-10-20,19.007178
2014-10-21,18.799208
2014-10-22,18.684394
2014-10-23,19.038741
2014-10-24,19.191254
2014-10-27,19.199652
2014-10-28,19.348569
2014-10-29,19.284285
2014-10-30,19.316241
2014-10-31,19.654587
2014-11-03,19.732848
2014-11-04,19.77647
2014-11-05,19.752879
2014-11-06,19.738441
2014-11-07,19.732716
2014-11-10,19.784629
2014-11-11,19.80334
2014-11-12,19.860725
2014-11-13,19.966794
2014-11-14,20.089625
2014-11-17,20.057292
2014-11-18,20.133064
2014-11-19,19.995404
2014-11-20,20.130564
2014-11-21,20.173942
2014-11-24,20.315122
2014-11-25,20.347458
2014-11-26,20.513057
2014-11-28,20.589397
2014-12-01,20.359967
2014-12-02,20.411119
2014-12-03,20.510112
2014-12-04,20.531425
2014-12-05,20.495635
2014-12-08,20.246786
2014-12-09,20.34072
2014-12-10,20.009676
2014-12-11,20.111438
2014-12-12,19.795955
2014-12-15,19.678008
2014-12-16,19.389469
2014-12-17,19.760033
2014-12-18,20.352365
2014-12-19,20.369943
2014-12-22,20.65238
2014-12-23,20.710524
2014-12-24,20.690907
2014-12-26,20.77511
2014-12-29,20.672721
2014-12-30,20.52581
2014-12-31,20.279142
2015-01-02,20.249581
2015-01-05,19.893065
2015-01-06,19.584835
2015-01-07,19.753506
2015-01-08,20.202461
2015-01-09,20.146557
2015-01-12,19.87574
2015-01-13,19.862482
2015-01-14,19.756223
2015-01-15,19.353222
2015-01-16,19.530346
2015-01-20,19.688258
2015-01-21,19.715575
2015-01-22,20.112411
2015-01-23,20.144739
2015-01-26,20.029046
2015-01-27,18.775875
2015-01-28,18.688483
2015-01-29,18.757094
2015-01-30,18.472642
2015-02-02,18.665434
2015-02-03,18.861086
2015-02-04,18.983295
2015-02-05,19.169783
2015-02-06,19.036345
2015-02-09,19.065306
2015-02-10,19.364569
2015-02-11,19.322358
2015-02-12,19.64032
2015-02-13,19.779031
2015-02-17,19.775401
2015-02-18,19.807026
2015-02-19,19.890157
2015-02-20,20.014328
2015-02-23,20.046138
2015-02-24,20.069567
2015-02-25,19.910541
2015-02-26,20.048533
2015-02-27,19.943675
2015-03-02,20.122836
2015-03-03,19.964343
2015-03-04,19.899154
2015-03-05,19.875835
2015-03-06,19.646378
2015-03-09,19.738439
2015-03-10,19.306688
2015-03-11,19.172281
2015-03-12,19.312279
2015-03-13,19.211281
2015-03-16,19.445554
2015-03-17,19.455388
2015-03-18,19.70181
2015-03-19,19.667156
2015-03-20,19.770012
2015-03-23,19.917557
2015-03-24,19.860192
2015-03-25,19.330208
2015-03-26,19.339415
2015-03-27,19.37226
2015-03-30,19.596536
2015-03-31,19.409697
2015-04-01,19.305001
2015-04-02,19.291613
2015-04-06,19.483448
2015-04-07,19.455976
2015-04-08,19.502498
2015-04-09,19.580511
2015-04-10,19.657787
2015-04-13,19.5915
2015-04-14,19.50513
2015-04-15,19.757632
2015-04-16,19.699968
2015-04-17,19.424567
2015-04-20,19.760303
2015-04-21,19.75555
2015-04-22,19.791156
2015-04-23,19.850602
2015-04-24,20.05106
2015-04-27,19.717692
2015-04-28,19.734608
2015-04-29,19.619874
2015-04-30,19.311162
2015-05-01,19.59662
2015-05-04,19.59135
2015-05-05,19.281157
2015-05-06,19.125822
2015-05-07,19.251379
2015-05-08,19.546051
2015-05-11,19.436413
2015-05-12,19.331559
2015-05-13,19.397079
2015-05-14,19.728426
2015-05-15,19.664153
2015-05-18,19.747176
2015-05-19,19.69526
2015-05-20,19.691883
2015-05-21,19.8294
2015-05-22,19.833506
2015-05-26,19.551629
2015-05-27,19.906446
2015-05-28,19.869036
2015-05-29,19.717295
2015-06-01,19.784971
2015-06-02,19.728735
2015-06-03,19.760428
2015-06-04,19.577392
2015-06-05,19.538521
2015-06-08,19.301387
2015-06-09,19.264343
2015-06-10,19.571716
2015-06-11,19.554711
2015-06-12,19.426751
2015-06-15,19.309666
2015-06-16,19.418926
2015-06-17,19.520784
2015-06-18,19.682809
2015-06-19,19.53929
2015-06-22,19.584257
2015-06-23,19.579175
2015-06-24,19.497691
2015-06-25,19.467034
2015-06-26,19.280535
2015-06-29,18.858707
2015-06-30,18.886636
2015-07-01,19.007879
2015-07-02,19.04131
2015-07-06,18.952971
2015-07-07,18.963067
2015-07-08,18.647377
2015-07-09,18.586838
2015-07-10,18.883488
2015-07-13,19.188451
2015-07-14,19.260171
2015-07-15,19.276953
2015-07-16,19.473775
2015-07-17,19.816527
2015-07-20,19.748639
2015-07-21,20.104786
2015-07-22,19.895162
2015-07-23,19.822244
2015-07-24,19.714861
2015-07-27,19.526541
2015-07-28,19.667605
2015-07-29,19.963929
2015-07-30,19.968931
2015-07-31,19.886832
2015-08-03,19.79164
2015-08-04,19.644161
2015-08-05,19.831627
2015-08-06,19.671007
2015-08-07,19.705727
2015-08-10,20.013425
2015-08-11,19.691179
2015-08-12,19.782559
2015-08-13,19.729406
2015-08-14,19.832369
2015-08-17,19.949302
2015-08-18,19.828656
2015-08-19,19.671029
2015-08-20,19.183943
2015-08-21,18.376015
2015-08-24,17.738185
2015-08-25,17.529919
2015-08-26,18.420522
2015-08-27,18.889365
2015-08-28,18.93383
2015-08-31,18.780325
2015-09-01,18.153648
2015-09-02,18.628099
2015-09-03,18.608633
2015-09-04,18.330846
2015-09-08,18.832744
2015-09-09,18.582417
2015-09-10,18.77398
2015-09-11,18.88795
2015-09-14,18.835176
2015-09-15,19.074064
2015-09-16,19.200146
2015-09-17,19.056742
2015-09-18,18.808111
2015-09-21,19.128092
2015-09-22,18.826494
2015-09-23,18.871947
2015-09-24,18.86518
2015-09-25,18.83289
2015-09-28,18.390771
2015-09-29,18.288155
2015-09-30,18.700781
2015-10-01,18.751407
2015-10-02,19.035374
2015-10-05,19.401436
2015-10-06,19.432594
2015-10-07,19.509285
2015-10-08,19.597229
2015-10-09,19.697063
2015-10-12,19.739753
2015-10-13,19.695055
2015-10-14,19.678277
2015-10-15,19.9038
2015-10-16,19.962284
2015-10-19,20.06781
2015-10-20,20.671564
2015-10-21,20.500466
2015-10-22,20.875048
2015-10-23,21.495535
2015-10-26,21.421138
2015-10-27,20.995166
2015-10-28,21.388397
2015-10-29,21.311801
2015-10-30,21.180309
2015-11-02,21.202503
2015-11-03,21.32516
2015-11-04,21.4266
2015-11-05,21.364256
2015-11-06,21.43923
2015-11-09,21.226559
2015-11-10,21.070446
2015-11-11,21.065095
2015-11-12,20.785425
2015-11-13,20.366331
2015-11-16,20.65594
2015-11-17,20.638133
2015-11-18,20.96773
2015-11-19,21.061264
2015-11-20,21.23918
2015-11-23,21.13133
2015-11-24,21.13017
2015-11-25,21.044994
2015-11-27,21.072377
2015-11-30,21.043327
2015-12-01,21.209636
2015-12-02,21.038239
2015-12-03,20.76816
2015-12-04,21.268742
2015-12-07,21.144911
2015-12-08,21.100814
2015-12-09,20.787958
2015-12-10,20.815806
2015-12-11,20.386435
2015-12-14,20.518738
2015-12-15,20.607036
2015-12-16,20.900603
2015-12-17,20.478483
2015-12-18,20.05996
2015-12-21,20.347749
2015-12-22,20.565515
2015-12-23,20.733532
2015-12-24,20.705683
2015-12-28,20.720165
2015-12-29,20.942732
2015-12-30,20.78146
2015-12-31,20.484792
2016-01-01,18.31020265849933
2016-01-04,18.140436908846304
2016-01-05,18.03369278898207
2016-01-06,17.686922454483085
2016-01-07,17.214222130928352
2016-01-08,17.149293250209087
2016-01-11,17.293574384235885
2016-01-12,17.44875501256661
2016-01-13,16.996740753856557
2016-01-14,17.343419073212544
2016-01-15,16.812463570535805
2016-01-18,16.833989195242854
2016-01-19,16.845621310596915
2016-01-20,16.676292837038694
2016-01-21,16.78419776134394
2016-01-22,17.322178318148012
2016-01-25,17.022969381579557
2016-01-26,17.22542665282358
2016-01-27,16.790774288358676
2016-01-28,16.799782080327894
2016-01-29,17.411365325218075
2016-02-01,17.588348936659493
2016-02-02,17.210068423323932
2016-02-03,17.416316268748485
2016-02-04,17.5086576089543
2016-02-05,17.0404987267566
2016-02-08,16.85539188204402
2016-02-09,16.753874299753882
2016-02-10,16.481459598011007
2016-02-11,16.462680815121036
2016-02-12,16.772691635598203
2016-02-15,16.78478105710993
2016-02-16,17.10453387085061
2016-02-17,17.415744670822505
2016-02-18,17.33192469749788
2016-02-19,17.358463021817393
2016-02-22,17.512039422714405
2016-02-23,17.20171393740545
2016-02-24,17.439021656196534
2016-02-25,17.6193539846811
2016-02-26,17.538666699645617
2016-02-29,17.426816726276687
2016-03-01,17.923863707905202
2016-03-02,17.98063237192247
2016-03-03,18.113473965263047
2016-03-04,18.18726153680856
2016-03-07,18.110216149489297
2016-03-08,17.975970995260734
2016-03-09,17.964362801640643
2016-03-10,17.990119630985884
2016-03-11,18.27862028139094
2016-03-14,17.10816185247647
2016-03-15,18.37171047996123
2016-03-16,18.606970699197337
2016-03-17,18.687429411496947
2016-03-18,18.71253189103959
2016-03-21,18.753659063230373
2016-03-22,18.76046260389148
2016-03-23,18.629302679693843
2016-03-24,18.686336415962305
2016-03-25,18.711251852113925
2016-03-28,18.87855619857245
2016-03-29,19.163529989198043
2016-03-30,19.30135752934514
2016-03-31,19.254878124131285
2016-04-01,19.36473687793782
2016-04-04,19.354050446296228
2016-04-05,19.137490589165893
2016-04-06,18.854203015475782
2016-04-07,18.92009992224406
2016-04-08,18.987740552146285
2016-04-11,19.006302770095783
2016-04-12,19.12370012951167
2016-04-13,19.260082922783106
2016-04-14,19.246743515194144
2016-04-15,19.122408501669987
2016-04-18,18.013181904031093
2016-04-19,19.009991506344207
2016-04-20,19.160798536657257
2016-04-21,19.04739380555977
2016-04-22,18.871280802283284
2016-04-25,18.505558829648717
2016-04-26,18.848421807101733
2016-05-06,18.176762659790395
2016-05-11,18.316922391255723
2016-05-12,18.216217873641387
2016-05-13,18.163281697900278
2016-05-16,18.90675396689773
2016-05-17,18.389311413346547
2016-05-18,18.361957682308383
2016-05-19,18.2254019329567
2016-05-20,18.441368433636345
2016-05-23,18.45691053347971
2016-05-24,18.782155919308337
2016-05-25,18.91761757625867
2016-05-26,19.019217689774838
2016-05-27,19.05434387143825
2016-05-30,19.03809510939959
2016-05-31,19.03682797219522
2016-06-01,18.93932046423141
2016-06-02,18.98691202028905
2016-06-03,19.01175197920785
2016-06-06,19.08141076632626
2016-06-07,19.180353698888524
2016-06-08,19.11773819220388
2016-06-09,19.175411917560314
2016-06-10,19.076558850169697
2016-06-13,18.85275579923103
2016-06-14,18.884125029304627
2016-06-15,18.759050111004484
2016-06-16,18.839148305486454
2016-06-17,18.728649570413182
2016-06-20,18.78596104276386
2016-06-21,18.906393257849462
2016-06-22,18.892262298586328
2016-06-23,19.168565440595977
2016-06-24,18.421516904478885
2016-06-27,18.300430528755204
2016-06-28,18.58802349923887
2016-06-29,18.792715788181127
2016-06-30,18.30112062676517
2016-07-01,18.43753786612664
2016-07-04,18.53199746942889
2016-07-05,18.40950552353908
2016-07-06,18.477201555626124
2016-07-07,18.488604779849062
2016-07-08,18.759920627155257
2016-07-11,18.845319945472472
2016-07-12,18.976865929734554
2016-07-13,19.016707107795245
2016-07-14,19.194006057024776
2016-07-15,19.17387447871377
2016-07-18,19.25020438808704
2016-07-19,19.205465932662705
2016-07-20,19.434845496664963
2016-07-21,19.35841659958413
2016-07-22,19.476051880933
2016-07-25,19.40697118127108
2016-07-26,19.39298744671609
2016-07-27,19.751112920325284
2016-07-28,19.82357626534813
2016-07-29,19.75122911339671
2016-08-01,19.47274791296494
2016-08-02,19.30632842653108
2016-08-03,19.35439119880049
2016-08-04,19.435664523864943
2016-08-05,19.597379002557243
2016-08-08,19.62107087307077
2016-08-09,19.64885751010548
2016-08-10,19.178913453266592
2016-08-11,19.61576655413588
2016-08-12,19.59840911427793
2016-08-15,19.718316011350293
2016-08-16,19.58572543690969
2016-08-17,19.52906597470811
2016-08-18,19.52934053180628
2016-08-19,19.54983058430547
2016-08-22,19.52648310263593
2016-08-23,19.611102361312295
2016-08-24,19.5161648582698
2016-08-25,19.53084357744247
2016-08-26,19.510277364570136
2016-08-29,19.57279359505846
2016-08-30,19.55573030664055
2016-08-31,19.501602707294506
2016-09-01,19.655879824381024
2016-09-02,19.720981480962983
2016-09-05,19.72891825285281
2016-09-06,19.77516896208045
2016-09-07,19.85347896809214
2016-09-08,19.620883818838955
2016-09-09,19.196062911494145
2016-09-12,19.95800790282612
2016-09-13,19.444796366132767
2016-09-14,19.5301714008996
2016-09-15,19.87154307525866
2016-09-16,19.747375385561178
2016-09-19,19.67844641528984
2016-09-20,19.735354281106517
2016-09-21,19.91645937278718
2016-09-22,20.07924664676383
2016-09-23,19.897599482652232
2016-09-26,19.88079689797276
2016-09-27,20.052678856538925
2016-09-28,20.106294711506997
2016-09-29,20.006741055375237
2016-09-30,20.170152333609032
2016-10-03,20.05433792732417
2016-10-04,19.98147018822421
2016-10-05,20.02710952952896
2016-10-06,20.075874333648382
2016-10-07,20.0200697831802
2016-10-10,20.15180235163231
2016-10-11,19.979030421532983
2016-10-12,18.82163807485164
2016-10-13,19.891429993787067
2016-10-14,19.966036922001518
2016-10-17,19.91163078056966
2016-10-18,19.970483250321173
2016-10-19,19.93319577290667
2016-10-20,19.89583826346082
2016-10-21,19.878413787275903
2016-10-24,20.028616884196182
2016-10-25,19.97983187925813
2016-10-26,19.96107457826773
2016-10-27,19.94827441312773
2016-10-28,19.887661008402254
2016-10-31,20.01982495339757
2016-11-01,19.818263487678472
2016-11-02,19.734668122637068
2016-11-03,19.53092104828399
2016-11-04,19.427961807112165
2016-11-07,19.850333698563315
2016-11-08,19.950916549191323
2016-11-09,19.95778944246833
2016-11-10,19.637122865725765
2016-11-11,19.714536991538505
2016-11-14,19.43163769247141
2016-11-15,19.65912101895628
2016-11-16,19.88774779436309
2016-11-17,19.93197508950146
2016-11-18,19.98356981636295
2016-11-21,20.166120296692107
2016-11-22,20.270800393064864
2016-11-23,20.63755370257227
2016-11-25,20.293974284014396
2016-11-29,20.2785358188864
2016-11-30,20.05447916275799
2016-12-01,19.695967891819087
2016-12-02,19.69555365186509
2016-12-05,19.812547212577503
2016-12-06,19.96512577217858
2016-12-07,20.32941521019385
2016-12-08,20.412150250130303
2016-12-09,20.539911884501382
2016-12-12,20.49655692262976
2016-12-13,20.725357101627083
2016-12-14,20.649164796704454
2016-12-15,20.752083055129845
2016-12-16,20.65575508868723
2016-12-19,20.806036237447397
2016-12-20,20.862480987307272
2016-12-21,20.820272473795725
2016-12-22,20.801071977900666
2016-12-23,20.8239877804227
2016-12-26,20.90466315660378
2016-12-27,20.98300502886589
2016-12-28,20.837513972818787
2016-12-29,20.83198705500928
2016-12-30,20.63410735385841
2017-01-02,19.909657830409103
2017-01-03,20.05956951328289
2017-01-04,20.103465523179995
2017-01-05,20.16698742275965
2017-01-06,20.25303472427945
2017-01-09,20.25409214163136
2017-01-10,20.263147753439533
2017-01-11,20.35499405167277
2017-01-12,20.34011684130645
2017-01-13,20.36408222970964
2017-01-16,20.37943285125453
2017-01-17,20.354319351494485
2017-01-18,20.33984099173929
2017-01-19,20.330668196850915
2017-01-20,20.428636003627552
2017-01-23,20.39277886672224
2017-01-24,20.51142050773307
2017-01-25,20.725783812492764
2017-01-26,20.71726022000101
2017-01-27,20.79837647287599
2017-01-30,20.646675732613783
2017-01-31,20.54455748944258
2017-02-01,20.74669413270986
2017-02-02,20.654315045524477
2017-02-03,20.778097630734035
2017-02-06,20.7984361363358
2017-02-07,20.892550544614487
2017-02-08,20.928831638884983
2017-02-09,20.97403089621112
2017-02-10,21.012699909777663
2017-02-13,21.095079663150603
2017-02-14,21.180339468809
2017-02-15,21.25511448207054
2017-02-16,21.29001003632531
2017-02-17,21.352252309469744
2017-02-20,21.347020510149388
2017-02-21,21.45626231209405
2017-02-22,21.48818636732054
2017-02-23,21.485366740650896
2017-02-24,21.54281410629137
2017-02-27,21.49755971687097
2017-02-28,21.484367745964693
2017-03-01,21.745052428156374
2017-03-02,21.51260964761147
2017-03-03,21.54532591623236
2017-03-06,21.50986245173051
2017-03-07,21.51926127525504
2017-03-08,21.509590545748047
2017-03-09,21.510146647465294
2017-03-10,21.61425705043556
2017-03-13,21.605733125462347
2017-03-14,21.5875168286886
2017-03-15,21.74472014495734
2017-03-16,21.818084395746848
2017-03-17,21.82416767336898
2017-03-20,21.975002216342556
2017-03-21,21.69903554047374
2017-03-22,21.82006194776307
2017-03-23,21.761999164751103
2017-03-24,21.752811734171186
2017-03-27,21.780010874363885
2017-03-28,21.94839037795724
2017-03-29,21.940961364834997
2017-03-30,21.976558703206244
2017-03-31,21.61066524161969
2017-04-03,21.82796388710748
2017-04-04,21.92501286835457
2017-04-05,21.8168305373152
2017-04-06,21.789533312793942
2017-04-07,21.77043373478236
2017-04-10,21.73806290491884
2017-04-11,21.6292398776967
2017-04-12,21.592501372270466
2017-04-13,21.391904720868247
2017-04-14,21.480399840628586
2017-04-17,21.649516418549307
2017-04-18,21.663627810608286
2017-04-19,21.608836300987623
2017-04-20,21.78623655758799
2017-04-21,21.65419233007467
2017-04-24,22.02974135712305
2017-04-25,22.175225731427997
2017-04-26,22.157107337132963
2017-04-27,22.25036149151028
2017-04-28,22.238179138397665
2017-05-01,22.434407254472323
2017-05-02,22.515818704985293
2017-05-03,22.474635689954376
2017-05-04,22.46547885130153
2017-05-05,22.550704710158985
2017-05-08,22.642489463882328
2017-05-09,22.65300686500152
2017-05-10,22.732273089879065
2017-05-11,22.69999221271849
2017-05-12,22.76248386894266
2017-05-15,22.8683824950367
2017-05-16,22.959713947117564
2017-05-17,22.340618836589773
2017-05-18,22.47708140200396
2017-05-19,22.61951572501932
2017-05-22,22.795394427984935
2017-05-23,22.823720018844675
2017-05-24,22.90808543709528
2017-05-25,23.07939657963368
2017-05-26,23.083518601714605
2017-05-29,23.195414653806225
2017-05-30,23.17976141506212
2017-05-31,23.095820704819022
2017-06-01,22.980321733946685
2017-06-02,23.16058554914
2017-06-05,23.18095662244664
2017-06-06,23.255061823905635
2017-06-07,23.19565419667411
2017-06-08,23.24184445046885
2017-06-09,22.68146275235132
2017-06-12,22.53048937639085
2017-06-13,22.69480065885088
2017-06-14,22.58449873419554
2017-06-15,22.48715581311988
2017-06-16,22.45157226641438
2017-06-19,22.83721326421078
2017-06-20,22.65541463365156
2017-06-21,22.7545156189165
2017-06-22,22.764381374565247
2017-06-23,22.905562615606613
2017-06-26,22.82764382678316
2017-06-27,22.462151447273907
2017-06-28,22.73867888400227
2017-06-29,22.344541455863997
2017-06-30,21.34850431227496
2017-07-03,21.06464973600299
2017-07-04,21.020522812303778
2017-07-05,21.131659526925606
2017-07-06,20.913986044956072
2017-07-07,21.141219492909613
2017-07-10,21.290558052296817
2017-07-11,21.3555931193285
2017-07-12,21.612471803817066
2017-07-13,21.66985735975409
2017-07-14,21.857140298935867
2017-07-17,21.873728697940617
2017-07-18,21.967236525272465
2017-07-19,22.08175380136444
2017-07-20,22.115321315152794
2017-07-21,22.10148311355266
2017-07-24,22.137466897954475
2017-07-25,22.107631690716488
2017-07-26,22.197294289943613
2017-07-27,22.133836860240656
2017-07-28,22.095076895765573
2017-07-31,22.212510231634056
2017-08-01,22.319139581405967
2017-08-02,22.39299453842317
2017-08-03,22.321712274032745
2017-08-04,22.398260576670136
2017-08-07,22.519080801117696
2017-08-08,22.491776859935456
2017-08-09,22.49654536763242
2017-08-10,22.038383996736837
2017-08-11,22.183623069265803
2017-08-14,22.529427533878724
2017-08-15,22.562207979434888
2017-08-16,22.61482293011352
2017-08-17,22.176525749779053
2017-08-18,22.15078607525693
2017-08-21,22.14847869286387
2017-08-22,22.45204292903388
2017-08-23,22.40559627535244
2017-08-24,22.377160886662978
2017-08-25,22.38490975605478
2017-08-28,22.441873231385102
2017-08-29,22.52755422562037
2017-08-30,22.683000980007453
2017-08-31,22.59008534975681
2017-09-01,22.534472178970624
2017-09-04,22.626261780478025
2017-09-05,22.328880135699094
2017-09-06,22.351766075006022
2017-09-07,22.422458835153925
2017-09-08,22.23802653269876
2017-09-11,22.55641381209831
2017-09-12,22.60397385005823
2017-09-13,22.58656270799456
2017-09-14,22.497568456591424
2017-09-15,22.586465302302926
2017-09-18,22.64210066228596
2017-09-19,22.764993755970742
2017-09-20,22.67633547124676
2017-09-21,22.541044990377863
2017-09-22,22.580708181540583
2017-09-25,22.41165188780419
2017-09-26,22.47501822397322
2017-09-27,22.714448168221253
2017-09-28,22.747518249635547
2017-09-29,22.81722397537381
2017-10-02,21.959971630784977
2017-10-03,22.025876351878136
2017-10-04,21.992897022038264
2017-10-05,22.20632255396876
2017-10-06,22.22599158739475
2017-10-09,22.366615196598406
2017-10-10,22.297896975224425
2017-10-11,22.37996723631173
2017-10-12,22.31847143785604
2017-10-13,22.42353463041957
2017-10-16,22.522765907907143
2017-10-17,22.530172637018826
2017-10-18,22.58463607957025
2017-10-19,22.511218097315645
2017-10-20,22.655739262157883
2017-10-23,22.55078627353221
2017-10-24,22.60991717490708
2017-10-25,22.5007799981293
2017-10-26,22.59405247487036
2017-10-27,23.212010677591454
2017-10-30,23.160532812842245
2017-10-31,23.201376283067507
2017-11-01,23.224541531615248
2017-11-02,23.244350556888605
2017-11-03,23.420893005238995
2017-11-06,23.46324357190945
2017-11-07,23.50779172315165
2017-11-08,23.612268145653932
2017-11-09,23.446256699562102
2017-11-10,23.428828601953025
2017-11-13,23.42217870849213
2017-11-14,23.366730398561604
2017-11-15,23.17521681179758
2017-11-16,23.4825194348426
2017-11-17,23.338308562205786
2017-11-20,23.409824510979675
2017-11-21,23.6677696820356
2017-11-22,23.776998845831084
2017-11-24,23.74205794086955
2017-11-27,23.742894317326225
2017-11-28,23.828806542449392
2017-11-29,23.302800933351147
2017-11-30,23.26692254284154
2017-12-01,23.149569416115256
2017-12-04,22.769160234474334
2017-12-05,22.78520794819292
2017-12-06,22.92918718969816
2017-12-07,23.067027366521685
2017-12-08,23.186479382311752
2017-12-11,23.38035604572879
2017-12-12,23.367112055737778
2017-12-13,23.36443316470284
2017-12-14,23.33544600430521
2017-12-15,23.61274762623422
2017-12-18,23.8171722595586
2017-12-19,23.685037475216827
2017-12-20,23.68176766277282
2017-12-21,23.63030757310056
2017-12-22,23.61802454095292
2017-12-25,24.274515407873555
2017-12-26,24.17878640626189
2017-12-27,24.210180849747022
2017-12-28,24.241410606324507
2017-12-29,24.27158068233095
2018-01-01,25.476993807834667
2018-01-02,25.668209702371342
2018-01-03,25.885140046582
2018-01-04,26.017220270131315
2018-01-05,26.300818298634702
2018-01-08,26.387893259182697
2018-01-09,26.298586409711163
2018-01-10,26.203241930758868
2018-01-11,26.31205918102989
2018-01-12,26.467143619765206
2018-01-15,26.467156500233653
2018-01-16,26.363775877099325
2018-01-17,26.76173224918856
2018-01-18,26.80950165041747
2018-01-19,26.85778480630584
2018-01-22,27.13130358372936
2018-01-23,27.275665579766056
2018-01-24,27.05876493715124
2018-01-25,27.0222127405036
2018-01-26,27.531112058336983
2018-01-29,28.73207746763396
2018-01-30,28.46235398040423
2018-01-31,28.25183520117541
2018-02-01,28.320631928179814
2018-02-02,27.477712995068536
2018-02-05,26.362457363650822
2018-02-06,27.0659624549984
2018-02-07,26.717918036476988
2018-02-08,25.59672176435669
2018-02-09,26.22991766098558
2018-02-12,26.666875916498533
2018-02-13,26.735853084651577
2018-02-14,27.2127791728803
2018-02-15,27.71176281861472
2018-02-16,27.68084459683678
2018-02-19,27.680669176023777
2018-02-20,27.71209572988482
2018-02-21,27.52887541046194
2018-02-22,27.55410521964905
2018-02-23,28.1278449119948
2018-02-26,28.59240086924811
2018-02-27,28.30354366128257
2018-02-28,28.683889888798
2018-03-01,27.90593627718426
2018-03-02,28.10791193730416
2018-03-05,28.38421240512308
2018-03-06,28.45452347990876
2018-03-07,28.62350377347156
2018-03-08,28.74302487265585
2018-03-09,29.288830033722064
2018-03-12,29.3700494121088
2018-03-13,29.030195641562425
2018-03-14,29.004361871846577
2018-03-15,29.014221188189385
2018-03-16,29.03091824630382
2018-03-19,27.88176856089825
2018-03-20,27.86764453520482
2018-03-21,27.67979313977329
2018-03-22,26.948731332566105
2018-03-23,26.222560398940303
2018-03-26,27.264959568753557
2018-03-27,26.376437511508477
2018-03-28,26.21075909205078
2018-03-29,26.58016452428176
2018-03-30,26.7590637449824
2018-04-02,24.282160263335573
2018-04-03,24.5107758035697
2018-04-04,24.84636861770491
2018-04-05,24.571793390468905
2018-04-06,23.968366825833755
2018-04-09,24.11967433642334
2018-04-10,24.716743899835496
2018-04-11,24.57261638666363
2018-04-12,24.86327610860509
2018-04-13,24.78882684419175
2018-04-16,24.97325384787977
2018-04-17,25.4429048654062
2018-04-18,25.37782118490177
2018-04-19,25.09955229182116
2018-04-20,24.72880520266764
2018-04-23,24.654849233372907
2018-04-24,24.209889783962566
2018-04-25,24.196870735884403
2018-04-26,24.648269137189303
2018-04-27,24.59378488961628
2018-04-30,24.062525974303096
2018-05-01,24.385668433409723
2018-05-02,24.78118398861258
2018-05-03,24.76668066664578
2018-05-04,25.258468663147383
2018-05-07,24.68243609048508
2018-05-08,24.730430717611416
2018-05-09,25.030600635427323
2018-05-10,25.35779985210537
2018-05-11,25.34091137697959
2018-05-14,25.332910800977864
2018-05-15,25.08821190565228
2018-05-16,25.18458315843044
2018-05-17,25.052295028221742
2018-05-18,24.944421136193508
2018-05-21,25.17424690573356
2018-05-22,25.11642477527121
2018-05-23,25.31618963114706
2018-05-24,25.300962626799706
2018-05-25,25.29032052691929
2018-05-28,26.028905800984493
2018-05-29,25.12743025004917
2018-05-30,25.31189624632052
2018-05-31,25.057360795598424
2018-06-01,25.47860843063704
2018-06-04,25.670481556362805
2018-06-05,25.780700433158145
2018-06-06,25.930207223350227
2018-06-07,25.690108053198035
2018-06-08,25.69427504425958
2018-06-11,25.698741122031617
2018-06-12,25.82846785566569
2018-06-13,25.69213280018342
2018-06-14,25.84410072684728
2018-06-15,25.757026022160616
2018-06-18,25.80500927348845
2018-06-19,25.65905431608221
2018-06-20,25.299690609686195
2018-06-21,25.11150663484038
2018-06-22,25.057882837475223
2018-06-25,24.444897480036488
2018-06-26,24.545893913176545
2018-06-27,24.22294744796552
2018-06-28,24.498749513095703
2018-06-29,24.43942773521029
2018-07-02,23.72585761367653
2018-07-03,23.44170843378848
2018-07-05,23.768339901428465
2018-07-06,24.04625997175085
2018-07-09,24.211035138110017
2018-07-10,24.28469207022272
2018-07-11,24.1421418906952
2018-07-12,24.538295696798837
2018-07-13,24.52395127671701
2018-07-16,24.45771983699567
2018-07-17,24.63759240659466
2018-07-18,24.605727150639908
2018-07-19,24.51345668835549
2018-07-20,24.531971152779157
2018-07-23,24.654165793030486
2018-07-24,24.814807764179488
2018-07-25,25.107778995769973
2018-07-26,24.714121899912097
2018-07-30,23.75277996177768
2018-08-01,23.96335681851704
2018-08-02,24.274812516138883
2018-08-03,24.3846807017612
2018-08-06,25.125924180415144
2018-08-07,24.52584038998924
2018-08-08,24.59724209878538
2018-08-09,24.595208964113706
2018-08-10,24.390541137752606
2018-08-13,24.350469513165343
2018-08-14,24.499747642884
2018-08-15,24.273265560066665
2018-08-16,24.35832027281697
2018-08-17,24.40771625580265
2018-08-20,24.37152610563178
2018-08-21,24.393199627411
2018-08-22,24.46636441903987
2018-08-23,24.507686127055983
2018-08-24,24.765250392020054
2018-08-27,24.9940556141544
2018-08-28,25.07667737900677
2018-08-29,25.300884991164907
2018-08-30,25.06620746463008
2018-08-31,25.049267310869148
2018-09-04,24.95643800328489
2018-09-05,24.62408469711786
2018-09-06,24.44558615742148
2018-09-07,24.35574465748737
2018-09-10,24.395378860522023
2018-09-11,24.59338673990203
2018-09-12,24.498109982988147
2018-09-13,24.776435103218997
2018-09-14,24.770080954095057
2018-09-17,24.457864318685637
2018-09-18,24.596654251233087
2018-09-19,24.5493894618984
2018-09-20,24.83595931772565
2018-09-21,24.77376503712976
2018-09-24,29.474206584032515
2018-09-25,29.463464251890805
2018-09-26,29.343612709744715
2018-09-27,29.50470725292748
2018-09-28,29.418907844857124
2018-10-01,27.954454980005824
2018-10-02,27.956468562196985
2018-10-03,28.04745470814777
2018-10-04,27.542688520717125
2018-10-05,27.19615087041559
2018-10-08,26.9429357832399
2018-10-09,26.97628702212633
2018-10-10,25.67644213104693
2018-10-11,25.39778755563588
2018-10-12,26.20520997788151
2018-10-15,25.76588263615921
2018-10-16,26.54710567296932
2018-10-17,26.419960868578517
2018-10-18,25.884948306342203
2018-10-19,25.89573124673556
2018-10-22,26.107116218904263
2018-10-23,26.001295707994508
2018-10-24,24.843099887159127
2018-10-25,25.66310926022348
2018-10-26,25.17637372787264
2018-10-29,24.48376059953963
2018-10-30,24.77323279078232
2018-10-31,25.330398570278263
2018-11-01,25.63104710103212
2018-11-02,25.13284524391876
2018-11-05,25.037975089019053
2018-11-06,25.21850170456791
2018-11-07,25.958277753266493
2018-11-08,25.90487678674531
2018-11-09,25.471644725916672
2018-11-12,24.559454492775853
2018-11-13,24.58918581759495
2018-11-14,24.263558929183198
2018-11-15,24.85976621946127
2018-11-16,24.830552193717327
2018-11-19,23.73900420898294
2018-11-20,23.2283059915404
2018-11-21,23.296444715788216
2018-11-23,23.16078609792944
2018-11-26,23.68673753181943
2018-11-27,23.74652617184076
2018-11-28,24.571133777378392
2018-11-29,24.238184173625765
2018-11-30,24.440447599765328
2018-12-03,24.96097924343285
2018-12-04,23.84410161042916
2018-12-06,24.048468313278416
2018-12-07,23.190070624603013
2018-12-10,23.52886423405336
2018-12-11,23.55008694731605
2018-12-12,23.732934634017564
2018-12-13,23.78593852230955
2018-12-14,23.18672699266328
2018-12-17,22.67417725463179
2018-12-18,22.874556015875527
2018-12-19,22.430278670283204
2018-12-20,22.00642639112906
2018-12-21,21.34143471189793
2018-12-24,20.80713836133524
2018-12-26,22.081454222703023
2018-12-27,22.25267488224389
2018-12-28,22.082097496541877
2018-12-31,18.50410651776972
2019-01-02,18.515983758183197
2019-01-03,17.564764991908543
2019-01-04,18.344841439333667
2019-01-07,18.50242680500143
2019-01-08,18.67274327185832
2019-01-09,18.90392716158762
2019-01-10,18.989029518162663
2019-01-11,18.96008089988839
2019-01-14,18.78628915989696
2019-01-15,19.069097570217984
2019-01-16,19.077110608047803
2019-01-17,19.205498016535945
2019-01-18,19.49367532133058
2019-01-22,19.149284113544528
2019-01-23,19.230320913537845
2019-01-24,19.391816029228004
2019-01-25,19.608151805700277
2019-01-28,18.39258907619768
2019-01-29,18.201950004694226
2019-01-30,18.760905367886377
2019-01-31,18.871154271539687
2019-02-01,18.979975564797943
2019-02-04,19.75558199086467
2019-02-05,19.934168919339665
2019-02-06,19.9788146111348
2019-02-07,19.68830501361571
2019-02-08,19.784689001258474
2019-02-11,19.786136813018697
2019-02-12,20.05369181188005
2019-02-13,20.083507772900504
2019-02-14,20.107602936219862
2019-02-15,20.26683761727421
2019-02-19,20.270953962607
2019-02-20,20.277696233393428
2019-02-21,20.291173267366908
2019-02-22,20.551968885044666
2019-02-25,20.64996298757297
2019-02-26,20.695561326116945
2019-02-27,20.67597873902247
2019-02-28,20.299301661418045
2019-03-01,20.43601635052326
2019-03-04,20.360077077827555
2019-03-05,20.30193555367388
2019-03-06,20.19222033962041
2019-03-07,20.007311742524436
2019-03-08,20.004221712474862
2019-03-11,20.43921438168287
2019-03-12,20.54849672318523
2019-03-13,20.692535743899576
2019-03-14,20.736787205430424
2019-03-15,20.992306072682283
2019-03-18,21.109292128622634
2019-03-19,21.151630332173884
2019-03-20,21.095394716107247
2019-03-21,21.61937022955416
2019-03-22,21.11032382977477
2019-03-25,21.029322738339378
2019-03-26,21.143433706478746
2019-03-27,21.031323608689732
2019-03-28,21.11018911764484
2019-03-29,21.38005526402274
2019-04-01,21.496464752080502
2019-04-02,21.56393664952484
2019-04-03,21.74415318652443
2019-04-04,21.649726257696443
2019-04-05,21.74124528301033
2019-04-08,21.82609231695845
2019-04-09,21.71243613690561
2019-04-10,21.864251394901896
2019-04-11,21.8351851372702
2019-04-12,21.985559274888036
2019-04-15,21.97681794015983
2019-04-16,22.083895624570516
2019-04-17,22.215724655747987
2019-04-18,22.27951309273528
2019-04-22,22.337448220666488
2019-04-23,22.59119851096128
2019-04-24,22.587913736561568
2019-04-25,22.618886944125943
2019-04-26,22.518699476225763
2019-04-29,22.57087748141275
2019-04-30,22.63226738662911
2019-05-01,22.57517138877608
2019-05-02,22.449550803989737
2019-05-03,22.66499322874981
2019-05-06,22.782858201943515
2019-05-07,22.294452537906796
2019-05-08,22.257300720195296
2019-05-09,22.10482624554515
2019-05-10,22.15329072726261
2019-05-13,21.329637191246963
2019-05-14,21.67275046522921
2019-05-15,21.8872079978016
2019-05-16,22.11665374322666
2019-05-17,21.93290642828215
2019-05-20,21.546098449770604
2019-05-21,21.80011218662277
2019-05-22,21.675427206532856
2019-05-23,21.29779024919709
2019-05-24,21.301795290095797
2019-05-28,21.22828024727452
2019-05-29,21.09661576735087
2019-05-30,21.45935593100903
2019-05-31,21.048242297033475
2019-06-03,20.67097378331706
2019-06-04,21.34797914791692
2019-06-05,21.64802044972566
2019-06-06,21.888147700216503
2019-06-07,22.317085110655448
2019-06-10,22.53547753149675
2019-06-11,22.54082016404911
2019-06-12,22.331273328492944
2019-06-13,22.48804331528396
2019-06-14,22.27405985793705
2019-06-17,22.310740645056597
2019-06-18,22.69159832512053
2019-06-19,22.78842934510884
2019-06-20,23.116680884665183
2019-06-21,23.01067464297291
2019-06-24,23.12595585965053
2019-06-25,22.696442288596494
2019-06-26,22.94439232815097
2019-06-27,23.00180763915573
2019-06-28,23.111786687872225
2019-07-01,22.85194466467673
2019-07-02,22.920869655649923
2019-07-03,23.06463695888356
2019-07-05,23.02764864585476
2019-07-08,22.85527913062389
2019-07-09,22.9267394105622
2019-07-10,23.11377023279531
2019-07-11,23.19527472017329
2019-07-12,23.379012746764094
2019-07-15,23.25637430341707
2019-07-16,23.237815074309136
2019-07-17,23.172512396731964
2019-07-18,23.35672779272333
2019-07-19,23.228998446100757
2019-07-22,23.516480858008386
2019-07-23,23.643645556363484
2019-07-24,23.845865941295614
2019-07-25,23.663450475444836
2019-07-26,23.81758924762237
2019-07-29,24.08687620822646
2019-07-30,23.89956526125777
2019-07-31,23.573555871117875
2019-08-01,23.546278287313008
2019-08-02,23.194458044272945
2019-08-05,22.24071975518598
2019-08-06,22.6010101328838
2019-08-07,22.778649858793443
2019-08-08,23.316348562488205
2019-08-09,23.016437561368207
2019-08-12,22.73088386629957
2019-08-13,23.29147927970359
2019-08-14,22.564610389142373
2019-08-15,22.51865310696485
2019-08-16,22.94218939166969
2019-08-19,23.30144316321715
2019-08-20,23.17840405707468
2019-08-21,23.453113354188908
2019-08-22,23.39307652863421
2019-08-23,22.61659428886697
2019-08-26,22.940591147464247
2019-08-27,22.90981028007029
2019-08-28,22.93072809223043
2019-08-29,23.689806818907837
2019-08-30,23.675333493377742
2019-09-03,23.341580692995358
2019-09-04,23.73874119850535
2019-09-05,24.24224981526718
2019-09-06,24.2003520838236
2019-09-09,24.023637087686684
2019-09-10,23.902583910692258
2019-09-11,24.146402340698447
2019-09-12,24.268311255897256
2019-09-13,24.10292771703588
2019-09-16,24.039067104554004
2019-09-17,24.125778623489293
2019-09-18,24.19389823388824
2019-09-19,24.252632440080703
2019-09-20,23.99131593971971
2019-09-23,24.16631595350567
2019-09-24,23.92043960479572
2019-09-25,24.21476974573484
2019-09-26,24.22512420169779
2019-09-27,24.05447699374913
2019-09-30,24.340842336668945
2019-10-01,24.138619323149967
2019-10-02,23.656541561326005
2019-10-03,23.95102880441991
2019-10-04,24.4506123179389
2019-10-07,24.334158051859312
2019-10-08,23.895233871437117
2019-10-09,24.242685553740834
2019-10-10,24.39513565291111
2019-10-11,24.757209901615436
2019-10-14,24.701120391793605
2019-10-15,25.005051843108674
2019-10-16,24.828993426694392
2019-10-17,24.768817066639464
2019-10-18,24.541811823707164
2019-10-21,24.803899350630896
2019-10-22,24.45631395343834
2019-10-23,24.491927993333235
2019-10-24,24.85792697332245
2019-10-25,25.15592202738421
2019-10-28,25.563251079839286
2019-10-29,25.32534052457041
2019-10-30,25.482419865969018
2019-10-31,25.492178134617426
2019-11-01,25.7154687216026
2019-11-04,25.909825640377957
2019-11-05,25.92479330956014
2019-11-06,25.92386524498874
2019-11-07,26.0967969462747
2019-11-08,26.25113396206614
2019-11-11,26.247650074985568
2019-11-12,26.34615276208701
2019-11-13,26.41551780042215
2019-11-14,26.38115314304555
2019-11-15,26.603247819918774
2019-11-18,26.674463730356106
2019-11-19,26.74061731159079
2019-11-20,26.547893572836387
2019-11-21,26.6574604229974
2019-11-22,26.623808895816424
2019-11-25,27.004331425604448
2019-11-26,27.024285952731788
2019-11-27,27.15875661419045
2019-11-29,27.401944244145938
2019-12-02,26.979141974487685
2019-12-03,26.75290828647704
2019-12-04,26.844571713815604
2019-12-05,26.949670646180408
2019-12-06,27.25257934504911
2019-12-09,27.12287081709595
2019-12-10,27.1242891899506
2019-12-11,27.31360182964269
2019-12-12,27.606161739047327
2019-12-13,27.78567635013588
2019-12-16,28.02754093458345
2019-12-17,27.979829423833333
2019-12-18,27.96188022411708
2019-12-19,28.162552624478234
2019-12-20,28.318143331606663
2019-12-23,28.428303100101072
2019-12-24,28.47366916939401
2019-12-26,28.69098360370431
2019-12-27,28.750720800398103
2019-12-30,27.849410579528108
2019-12-31,27.629706573133586
2020-01-02,28.10826086773106
2020-01-03,27.724737723813515
2020-01-06,27.80983503073324
2020-01-07,27.774319639391347
2020-01-08,28.063420696552665
2020-01-09,28.37934099823604
2020-01-10,28.32927716400616
2020-01-13,28.71264465878782
2020-01-14,28.53868547930241
2020-01-15,28.561225403423304
2020-01-16,28.96047303053174
2020-01-17,29.168795864128715
2020-01-21,29.14441730525987
2020-01-22,29.251689699895497
2020-01-23,29.38530951362561
2020-01-24,29.247424155537317
2020-01-27,28.465106362830014
2020-01-28,29.05056111971294
2020-01-29,29.13093203654888
2020-01-30,29.39277037809447
2020-01-31,28.65187742254394
2020-02-03,29.04020272613122
2020-02-04,29.798104757025804
2020-02-05,29.978720165956688
2020-02-06,30.247326627518078
2020-02-07,29.954992105799043
2020-02-10,30.36072039756881
2020-02-11,30.247530988139268
2020-02-12,30.56861427042973
2020-02-13,30.47715302760363
2020-02-14,30.63362168121668
2020-02-18,30.538533539069427
2020-02-19,30.871948707682638
2020-02-20,30.55920699460233
2020-02-21,29.8702285615599
2020-02-24,28.617226370005
2020-02-25,27.705341418301145
2020-02-26,27.818524116890185
2020-02-27,26.47605910322236
2020-02-28,26.649593000328256
2020-03-02,28.151924353714644
2020-03-03,27.080778421819044
2020-03-04,28.24550537763384
2020-03-05,27.33276955592699
2020-03-06,26.77491063818069
2020-03-09,24.74952960794349
2020-03-10,26.38881020202959
2020-03-11,25.14716491524249
2020-03-12,22.666386480686715
2020-03-13,25.385462658160893
2020-03-16,21.82266887528502
2020-03-17,23.276077101276204
2020-03-18,22.19523271284589
2020-03-19,22.483496584417857
2020-03-20,21.48558792331643
2020-03-23,21.25712208360235
2020-03-24,23.48114372946905
2020-03-25,23.41110927133877
2020-03-26,24.8964045322756
2020-03-27,23.840580380901045
2020-03-30,24.567158941907472
2020-03-31,23.86175618153492
2020-04-01,22.716597075293453
2020-04-02,23.239640632096865
2020-04-03,22.778926796968168
2020-04-06,24.80874152851689
2020-04-07,24.551343741546745
2020-04-08,25.25442944460408
2020-04-09,25.22253866484855
2020-04-13,25.3136761089124
2020-04-14,26.37151509249295
2020-04-15,25.77797282935462
2020-04-16,26.080810692712284
2020-04-17,26.469168841571715
2020-04-20,25.986453778609278
2020-04-21,24.905617598697404
2020-04-22,25.875262355980063
2020-04-23,25.71640278125233
2020-04-24,26.284909884395933
2020-04-27,26.486759212627945
2020-04-28,26.13188257485822
2020-04-29,27.2476426013534
2020-04-30,27.33094247443015
2020-05-01,26.517009496785317
2020-05-04,26.92960518533099
2020-05-05,27.3146181771775
2020-05-06,27.500626152343628
2020-05-07,27.93665048120152
2020-05-08,28.32956863757838
2020-05-11,28.51274436588316
2020-05-12,27.89289353988013
2020-05-13,27.40417477708169
2020-05-14,27.75697762861339
2020-05-15,27.88075040864394
2020-05-18,28.619551990685306
2020-05-19,28.495029057797467
2020-05-20,29.110327426604016
2020-05-21,28.685808118730435
2020-05-22,28.80192043951173
2020-05-26,28.77644877141016
2020-05-27,28.953372634810574
2020-05-28,28.88556306526777
2020-05-29,29.119169086250707
2020-06-01,29.168952504791964
2020-06-02,29.465788084662115
2020-06-03,29.736496070710714
2020-06-04,29.478374074615697
2020-06-05,30.285499143938484
2020-06-08,30.44819317185541
2020-06-09,30.5741094457194
2020-06-10,31.07709873341801
2020-06-11,29.23230393272648
2020-06-12,29.65307927185375
2020-06-15,29.912374272131014
2020-06-16,30.55358369525523
2020-06-17,30.55753441229486
2020-06-18,30.70586123077
2020-06-19,30.46125539582254
2020-06-22,31.250193709342746
2020-06-23,31.48626666783321
2020-06-24,30.74220120289393
2020-06-25,31.161354910273865
2020-06-26,30.63672466187343
2020-06-29,30.68571598659454
2020-06-30,31.9177660273018
2020-07-01,31.951893737720297
2020-07-02,32.11287904047888
2020-07-06,32.59975849742492
2020-07-07,32.25713434369781
2020-07-08,32.78295869482067
2020-07-09,32.896742400151545
2020-07-10,32.89482993930833
2020-07-13,32.1878303381099
2020-07-14,32.571103369837225
2020-07-15,32.762560023461205
2020-07-16,32.36281450142434
2020-07-17,32.52028221490757
2020-07-20,33.35972449132972
2020-07-21,33.00947189147849
2020-07-22,33.28748780033761
2020-07-23,32.420090560484795
2020-07-24,32.0293639009916
2020-07-27,32.41753503718532
2020-07-28,32.019495893573115
2020-07-29,32.51999687846261
2020-07-30,32.689283216861355
2020-07-31,33.09319292427009
2020-08-03,33.94662051614297
2020-08-04,34.018735618089785
2020-08-05,34.1440596650766
2020-08-06,34.653192155378456
2020-08-07,34.13168545603585
2020-08-10,34.0266823506907
2020-08-11,33.4125961584658
2020-08-12,34.182746852112146
2020-08-13,34.19934271618318
2020-08-14,34.182277974437866
2020-08-17,34.40871921087184
2020-08-18,34.53072148201525
2020-08-19,34.44321850130938
2020-08-20,34.93279426415159
2020-08-21,35.35086636446952
2020-08-24,35.66538537805881
2020-08-25,35.85606721794979
2020-08-26,36.60066228526667
2020-08-27,36.62035064680004
2020-08-28,36.95947062667996
2020-08-31,37.02779232063491
2020-09-01,37.721993896403205
2020-09-02,38.11428847423704
2020-09-03,35.79798622705328
2020-09-04,35.30205033828736
2020-09-08,33.66189393545513
2020-09-09,34.7957786419604
2020-09-10,33.99271192398788
2020-09-11,33.73592576271509
2020-09-14,34.447087243728284
2020-09-15,34.77910246847857
2020-09-16,34.228081891640066
2020-09-17,33.927555682914
2020-09-18,33.35312284701194
2020-09-21,33.604160210316145
2020-09-22,34.1568669596471
2020-09-23,33.04035781903137
2020-09-24,33.24217531592815
2020-09-25,34.068347637549614
2020-09-28,34.48055349793447
2020-09-29,34.38746541688561
2020-09-30,34.2767780889898
2020-10-01,34.623487436198324
2020-10-02,33.67412635601816
2020-10-05,34.43695147911572
2020-10-06,33.86912162618417
2020-10-07,34.521560368478326
2020-10-08,34.70285633900509
2020-10-09,35.22421340424776
2020-10-12,36.18085239791567
2020-10-13,35.9396640804899
2020-10-14,35.738162073822764
2020-10-15,35.58109841488552
2020-10-16,35.49063779618037
2020-10-19,34.80877148783526
2020-10-20,34.94651468012151
2020-10-21,34.87949479432422
2020-10-22,34.73879783775564
2020-10-23,34.695301724020304
2020-10-26,33.899378978567974
2020-10-27,34.05531352038828
2020-10-28,32.572951270515844
2020-10-29,33.20287368637656
2020-10-30,32.407217838947425
2020-11-02,32.25416743122757
2020-11-03,32.84479578481915
2020-11-04,34.095475183225616
2020-11-05,35.171861329895066
2020-11-06,35.24169691222074
2020-11-09,35.01232468116552
2020-11-10,34.49428224926365
2020-11-12,34.849352991232315
2020-11-13,35.15016043539304
2020-11-16,35.51026802496354
2020-11-17,35.326744108562096
2020-11-18,34.9369330718548
2020-11-19,35.219404192792084
2020-11-20,34.88193931123999
2020-11-23,34.83449723109016
2020-11-24,35.34763483160244
2020-11-25,35.388731740452855
2020-11-27,35.3841534901384
2020-11-30,35.52102958797263
2020-12-01,36.02670743975615
2020-12-02,35.9486476589244
2020-12-03,35.8919046715429
2020-12-04,36.27522749756737
2020-12-07,36.35730788241866
2020-12-08,36.48539932141945
2020-12-09,35.812306788944824
2020-12-10,35.835125396866886
2020-12-11,35.73630059594235
2020-12-14,35.86613729675324
2020-12-15,36.44878599101944
2020-12-16,36.71548254232346
2020-12-17,36.99878537867976
2020-12-18,36.86647092940993
2020-12-21,37.030684650228594
2020-12-22,37.3461347385506
2020-12-23,37.032504374096966
2020-12-24,37.30967781684246
2020-12-28,36.25389602737452
2020-12-29,36.060819054594646
2020-12-30,36.06764820500765
2020-12-31,35.95219702394828
2021-01-04,35.318578788100275
2021-01-05,35.5607667445072
2021-01-06,34.92691096796175
2021-01-07,35.93454460219686
2021-01-08,36.20817536339375
2021-01-11,35.87035034567296
2021-01-12,35.71556223241623
2021-01-13,35.94952464638362
2021-01-14,35.60960557241513
2021-01-15,35.266246085119434
2021-01-19,35.725101061870454
2021-01-20,36.44850635067176
2021-01-21,36.93116411080755
2021-01-22,36.80236797791818
2021-01-25,37.16277580599419
2021-01-26,37.15739278420798
2021-01-27,36.433143160746056
2021-01-28,36.63956798992176
2021-01-29,35.7825196214815
2021-02-01,36.18000609694958
2021-02-02,36.65107892646447
2021-02-03,36.54759901990912
2021-02-04,37.107982485791645
2021-02-05,37.02614673458707
2021-02-08,37.41059104234732
2021-02-09,37.34064875739347
2021-02-10,37.28448832307237
2021-02-11,37.698828921950486
2021-02-12,37.93096223465365
2021-02-16,37.83224400977943
2021-02-17,37.4466499407574
2021-02-18,37.28089818791697
2021-02-19,37.21615195628543
2021-02-22,36.38243652059917
2021-02-23,36.29312683844102
2021-02-24,36.850401428523526
2021-02-25,35.54911954395785
2021-02-26,35.76275372581332
2021-03-01,36.64081087514373
2021-03-02,36.048338756102126
2021-03-03,35.15191264671836
2021-03-04,34.33457347807089
2021-03-05,34.96835928453859
2021-03-08,34.1215862911024
2021-03-09,35.28108643545332
2021-03-10,35.14402649654102
2021-03-11,35.88705371815733
2021-03-12,35.63125434426114
2021-03-15,36.01775078155317
2021-03-16,36.29950475739921
2021-03-17,36.26026122309567
2021-03-18,35.23611537029453
2021-03-19,35.144971100366526
2021-03-22,36.11639370846701
2021-03-23,35.8923016907038
2021-03-24,35.45878117871257
2021-03-25,35.4324871308809
2021-03-26,36.187649735601816
2021-03-29,34.28993464117117
2021-03-30,33.964799562617486
2021-03-31,33.25082222749444
2021-04-01,33.891713119091875
2021-04-05,34.46364045038952
2021-04-06,34.33253191129412
2021-04-07,34.51921688800141
2021-04-08,35.01160203710306
2021-04-09,35.36569010332603
2021-04-12,35.19860244490262
2021-04-13,35.537988597325814
2021-04-14,35.13010129320673
2021-04-15,35.75517591836844
2021-04-16,35.74408549963513
2021-04-19,35.42992833326685
2021-04-20,35.16318309966643
2021-04-21,35.51803123741919
2021-04-22,35.058672998849374
2021-04-23,35.59924245914129
2021-04-26,35.793544290442654
2021-04-27,35.69442444338642
2021-04-28,35.351277876547464
2021-04-29,35.34239912030673
2021-04-30,34.49418133337237
2021-05-03,34.08848897751212
2021-05-04,33.44681223355632
2021-05-05,33.391399487619
2021-05-06,33.737029094493785
2021-05-07,33.99245271229002
2021-05-10,33.13214091930124
2021-05-11,33.0516029699127
2021-05-12,32.10504679780789
2021-05-13,32.5506125760757
2021-05-14,33.233945422508
2021-05-17,32.995964946125895
2021-05-18,32.7286689995966
2021-05-19,32.81006759573633
2021-05-20,33.42006844153665
2021-05-21,33.244813544906144
2021-05-24,33.8313003720873
2021-05-25,33.85131006433185
2021-05-26,33.84743656959928
2021-05-27,33.66931137894968
2021-05-28,33.76754163126461
2021-06-01,33.49701509107062
2021-06-02,33.705339624968204
2021-06-03,33.28840622364342
2021-06-04,33.922589153973604
2021-06-07,33.919489274074074
2021-06-08,33.92614542970853
2021-06-09,33.9483221978217
2021-06-10,34.20064799288838
2021-06-11,34.392490644559985
2021-06-14,34.75291234359838
2021-06-15,34.53090988688181
2021-06-16,34.352384407910975
2021-06-17,34.750932094532494
2021-06-18,34.427777703910124
2021-06-21,34.85654531462868
2021-06-22,35.16754304816965
2021-06-23,35.127221088030694
2021-06-24,35.35003728308865
2021-06-25,35.21632569296052
2021-06-28,34.03816511808042
2021-06-29,34.27531510427253
2021-06-30,33.29591880682424
2021-07-01,33.33469126738277
2021-07-02,33.676896170080155
2021-07-06,33.66846809367039
2021-07-07,33.84317335716274
2021-07-08,33.53319170053836
2021-07-09,33.85115581697749
2021-07-12,33.866258523764984
2021-07-13,34.01788133608138
2021-07-14,34.268881059187606
2021-07-15,33.98211498371599
2021-07-16,33.6521919305868
2021-07-19,33.18160733488112
2021-07-20,33.67059670896158
2021-07-21,33.99862677031062
2021-07-22,34.25384616032782
2021-07-23,34.59368035517662
2021-07-26,34.58800077453866
2021-07-27,34.24360780214406
2021-07-28,34.20405353097978
2021-07-29,34.366432326702046
2021-07-30,34.32099280166794
2021-08-02,33.87603165818297
2021-08-03,34.11314765581606
2021-08-04,34.18031179970686
2021-08-05,34.36186916684883
2021-08-06,34.32022655423248
2021-08-09,34.20111479586974
2021-08-10,33.953229618403206
2021-08-11,33.96036963072251
2021-08-12,34.16352463797167
2021-08-13,34.348637728440515
2021-08-16,34.503522515734936
2021-08-17,34.20079795432676
2021-08-18,33.722560414541746
2021-08-19,34.05639295349575
2021-08-20,34.50036442717887
2021-08-23,34.93173426054709
2021-08-24,34.88978501310175
2021-08-25,34.87193905699786
2021-08-26,34.65277548129794
2021-08-27,34.990162077534855
2021-08-30,35.37378373666158
2021-08-31,35.10929991816391
2021-09-01,35.138776667375744
2021-09-02,34.925686581856574
2021-09-03,35.02898982695277
2021-09-07,35.039157006404395
2021-09-08,34.89609606845701
2021-09-09,34.74635522384096
2021-09-10,34.40195048396057
2021-09-13,34.413613421146124
2021-09-14,34.36538574122294
2021-09-15,34.6690236356772
2021-09-16,34.69219649195549
2021-09-17,34.16581812639872
2021-09-20,33.55737648263057
2021-09-21,33.56785723575123
2021-09-22,34.03618128545246
2021-09-23,34.54998564939246
2021-09-24,34.5094486265014
2021-09-27,32.944317771633806
2021-09-28,31.963537855363835
2021-09-29,31.932478957614475
2021-09-30,30.666818434326103
2021-10-01,30.992356143593423
2021-10-04,30.17293882974941
2021-10-05,30.61216805505388
2021-10-06,30.821981938938706
2021-10-07,31.10278502936465
2021-10-08,30.98494583054977
2021-10-11,30.849328878922567
2021-10-12,30.665263858097894
2021-10-13,30.834210970827076
2021-10-14,31.53780187017625
2021-10-15,31.786912757897984
2021-10-18,32.05477645114903
2021-10-19,32.36802278485333
2021-10-20,32.27483156564971
2021-10-21,32.40392425939639
2021-10-22,32.29659573276615
2021-10-25,32.40251756793969
2021-10-26,32.51142161716614
2021-10-27,32.44358409081823
2021-10-28,32.78914957202138
2021-10-29,32.92473574007477
2021-11-01,32.223735546853334
2021-11-02,32.48499433448696
2021-11-03,32.67925224987166
2021-11-04,33.36078260106524
2021-11-05,33.32860344631295
2021-11-08,33.514036644204495
2021-11-09,33.37298918217669
2021-11-10,32.798286978397634
2021-11-11,32.91622587939215
2021-11-12,33.35359180534188
2021-11-15,33.31494055528601
2021-11-16,33.671454885812
2021-11-17,33.540992427722124
2021-11-18,33.883126450064644
2021-11-19,34.14367903914797
2021-11-22,33.75075987036429
2021-11-23,33.6814174767437
2021-11-24,33.91391069094652
2021-11-26,33.03197677779568
2021-11-29,33.9026063339407
2021-11-30,33.74058988840998
2021-12-01,33.32210182835016
2021-12-02,33.45555179450592
2021-12-03,33.01068139232587
2021-12-06,33.33601526345395
2021-12-07,34.4054658491473
2021-12-08,34.6568287681123
2021-12-09,34.282915101576954
2021-12-10,34.99509689600276
2021-12-13,34.429416895827515
2021-12-14,33.93175788115659
2021-12-15,34.864941379650666
2021-12-16,33.87394371985251
2021-12-17,33.65520056059497
2021-12-20,32.970459208085195
2021-12-21,33.807913667748565
2021-12-22,34.25307627972749
2021-12-23,34.44447226354131
2021-12-27,34.58875659717694
2021-12-28,34.394643994653855
2021-12-29,34.429580673019416
2021-12-30,34.203710141587955
2021-12-31,33.144900606607585
2022-01-03,33.46465965379729
2022-01-04,33.0977427598641
2022-01-05,32.0849812013854
2022-01-06,31.91640001202876
2022-01-07,31.6090128304824
2022-01-10,31.638029702335984
2022-01-11,32.017025701473855
2022-01-12,32.1571235865174
2022-01-13,31.3233878731659
2022-01-14,31.59290815853229
2022-01-18,30.815894778422404
2022-01-19,30.397564245894717
2022-01-20,30.00527086886593
2022-01-21,29.426459704575837
2022-01-24,29.529286077160197
2022-01-25,28.855450483694167
2022-01-26,29.053025296937257
2022-01-27,28.86381552967121
2022-01-28,30.108824083210347
2022-01-31,30.657046520016056
2022-02-01,30.72829372072244
2022-02-02,30.962044392233043
2022-02-03,30.020762504847426
2022-02-04,30.152883895110485
2022-02-07,29.94120353468507
2022-02-08,30.3165942681309
2022-02-09,30.99619445094816
2022-02-10,30.14652970102162
2022-02-11,29.27165083323857
2022-02-14,29.252355585714124
2022-02-15,30.06997920211157
2022-02-16,30.0165214438602
2022-02-17,29.120435005625595
2022-02-18,28.8124924289268
2022-02-22,28.559952988286657
2022-02-23,27.836688854855453
2022-02-24,28.790157460591203
2022-02-25,29.18387056408961
2022-02-28,29.226007693722085
2022-03-01,28.64807326847776
2022-03-02,29.272210543291987
2022-03-03,28.770929369650894
2022-03-04,28.26464200980237
2022-03-07,27.231740481797075
2022-03-08,27.112658090726157
2022-03-09,28.066746054665863
2022-03-10,27.683118210775543
2022-03-11,27.18950341693786
2022-03-14,26.682084566215583
2022-03-15,27.576883736098456
2022-03-16,28.479057949784007
2022-03-17,28.67449706825528
2022-03-18,29.27727680139717
2022-03-21,29.3708344135477
2022-03-22,29.793547351302305
2022-03-23,29.33319482748881
2022-03-24,30.101018658964907
2022-03-25,30.0711029965754
2022-03-28,30.176369038559237
2022-03-29,30.80449261932148
2022-03-30,30.386627329005957
2022-03-31,29.381024527271855
2022-04-01,29.25938135128917
2022-04-04,29.36884294370167
2022-04-05,28.738810953970155
2022-04-06,28.0219451852842
2022-04-07,28.09288300159931
2022-04-08,27.704718987118408
2022-04-11,26.999823727350943
2022-04-12,26.89753065285485
2022-04-13,27.315578626896613
2022-04-14,26.66338062539172
2022-04-18,26.74298956828863
2022-04-19,27.240431493425223
2022-04-20,27.219733850423985
2022-04-21,26.758086739333123
2022-04-22,26.01102864900145
2022-04-25,26.38931248046269
2022-04-26,25.41832332558024
2022-04-27,25.787541502917808
2022-04-28,26.814100680965613
2022-04-29,25.71450808282164
2022-05-02,26.067253368144318
2022-05-03,26.107634376059227
2022-05-04,27.019923801068494
2022-05-05,25.704543931310084
2022-05-06,25.489042468562506
2022-05-09,24.501284112568317
2022-05-10,24.87785311134238
2022-05-11,24.085352126233367
2022-05-12,23.8346343220532
2022-05-13,24.638812894964147
2022-05-16,24.420390375525947
2022-05-17,25.127836613756006
2022-05-18,23.953574214548897
2022-05-19,23.698802170550188
2022-05-20,23.742964128486257
2022-05-23,24.29295090030204
2022-05-24,23.924251859769587
2022-05-25,24.209318438545992
2022-05-26,24.79565707201809
2022-05-27,25.636246502346943
2022-05-31,25.46299172746716
2022-06-01,25.35070047918237
2022-06-02,25.924052261315083
2022-06-03,25.29693777547906
2022-06-06,25.303597043537536
2022-06-07,25.608200577408116
2022-06-08,25.31810517359231
2022-06-09,24.63674365093243
2022-06-10,23.687284394798468
2022-06-13,22.635502152977278
2022-06-14,22.77416058888365
2022-06-15,23.26043853082094
2022-06-16,22.304928205911487
2022-06-17,22.51871744921227
2022-06-21,23.204989602449903
2022-06-22,23.110333886125687
2022-06-23,23.443764692235558
2022-06-24,24.280352706563065
2022-06-27,24.14395952923488
2022-06-28,23.419207891692388
2022-06-29,23.468264451014157
2022-06-30,23.041101302946945
2022-07-01,23.152991749318332
2022-07-05,23.820290044975717
2022-07-06,24.031368131271734
2022-07-07,24.525557533470234
2022-07-08,24.541068999715943
2022-07-11,24.191390045761835
2022-07-12,23.855893403477463
2022-07-13,23.803693008028223
2022-07-14,24.018177746370934
2022-07-15,24.444542625538343
2022-07-18,24.199208758644176
2022-07-19,24.946543184532764
2022-07-20,25.337241571812253
2022-07-21,25.693565693077232
2022-07-22,25.33521449913317
2022-07-25,25.18062713384969
2022-07-26,24.77719974119112
2022-07-27,25.847517286406603
2022-07-28,26.22468173025293
2022-07-29,26.619393358457632
2022-08-01,26.63755787489231
2022-08-02,26.453670357144187
2022-08-03,27.15954812093219
2022-08-04,27.2762956360024
2022-08-05,27.21102423827138
2022-08-08,26.967798203994285
2022-08-09,26.69066053645153
2022-08-10,27.432787352064995
2022-08-11,27.299612290548147
2022-08-12,27.86604743229113
2022-08-15,28.04061904850857
2022-08-16,27.958908981897345
2022-08-17,27.75136211501778
2022-08-18,27.89294463404501
2022-08-19,27.380282797221952
2022-08-22,26.61457107943841
2022-08-23,26.54658384918396
2022-08-24,26.556462558476746
2022-08-25,27.00337101443664
2022-08-26,25.842890699222444
2022-08-29,25.51322228936564
2022-08-30,25.240185267449693
2022-08-31,25.010691475765928
2022-09-01,24.96582012166099
2022-09-02,24.64683227795015
2022-09-06,24.48015403364891
2022-09-07,24.874329370191628
2022-09-08,24.966221129477365
2022-09-09,25.460260487728007
2022-09-12,25.862907129863395
2022-09-13,24.48145877171273
2022-09-14,24.585855104781903
2022-09-15,23.99888272992125
2022-09-16,23.88798836350584
2022-09-19,24.111707511288564
2022-09-20,23.96898867356579
2022-09-21,23.588530148889927
2022-09-22,23.352602120932904
2022-09-23,23.037947358939128
2022-09-26,22.86715546377311
2022-09-27,22.91326101245048
2022-09-28,23.145789997931946
2022-09-29,22.530873902220197
2022-09-30,22.495174098408256
2022-10-03,23.6064549657632
2022-10-04,24.39281989615497
2022-10-05,24.481870344667804
2022-10-06,24.271265450142813
2022-10-07,23.26288999675525
2022-10-10,22.883554616007828
2022-10-11,22.531662030262748
2022-10-12,22.455804468488427
2022-10-13,23.15333643181674
2022-10-14,22.49226206449612
2022-10-17,23.188994810588333
2022-10-18,23.38066142809941
2022-10-19,23.316813358268192
2022-10-20,23.33582144566809
2022-10-21,23.953093150719774
2022-10-24,24.28226685977189
2022-10-25,24.751594208901054
2022-10-26,24.196031235467025
2022-10-27,23.911492712659207
2022-10-28,24.92502049010286
2022-10-31,25.004603578082456
2022-11-01,24.79770270128908
2022-11-02,23.939454884817785
2022-11-03,23.234032238459424
2022-11-04,23.641983598430546
2022-11-07,24.04140220956483
2022-11-08,24.26672353249477
2022-11-09,23.629447711452176
2022-11-10,25.592118942893755
2022-11-11,26.031446494135874
2022-11-14,25.779742959443524
2022-11-15,26.09904562944571
2022-11-16,25.71562849920168
2022-11-17,25.75982771812559
2022-11-18,25.79065013336276
2022-11-21,25.509908896856484
2022-11-22,26.006455963854076
2022-11-23,26.2100409385372
2022-11-25,26.074578079622317
2022-11-28,25.52363288233045
2022-11-29,25.285859204169988
2022-11-30,26.40898816090301
2022-12-01,26.620343481897
2022-12-02,26.47353001302774
2022-12-05,26.02667400622865
2022-12-06,25.474277000754505
2022-12-07,25.351608244233685
2022-12-08,25.758944570789435
2022-12-09,25.594396175742663
2022-12-12,26.155657769095583
2022-12-13,26.45864862899897
2022-12-14,26.238402709952727
2022-12-15,25.25623700600809
2022-12-16,24.937698762611078
2022-12-19,24.58485790001089
2022-12-20,24.62434393219695
2022-12-21,25.033654683041007
2022-12-22,24.396952601864857
2022-12-23,24.426878655148556
2022-12-27,24.24739582602841
2022-12-28,23.8556147174112
2022-12-29,24.484420784322054
2022-12-30,24.58093417523904
2023-01-03,26.491516015598243
2023-01-04,26.555565367449727
2023-01-05,26.03137697603487
2023-01-06,26.80665408661755
2023-01-09,27.102673265042416
2023-01-10,27.31882965083128
2023-01-11,27.746737560662535
2023-01-12,27.951321281705788
2023-01-13,28.042858573453547
2023-01-17,28.16324555716727
2023-01-18,27.798222725921494
2023-01-19,27.47442843024757
2023-01-20,28.225870436607085
2023-01-23,28.868376051953398
2023-01-24,28.85153915964108
2023-01-25,28.776544817631606
2023-01-26,29.241729127064165
2023-01-27,29.3817167852718
2023-01-30,28.7809550885012
2023-01-31,29.205072101538413
2023-02-01,29.900107645010365
2023-02-02,30.727037268736694
2023-02-03,30.46169271480805
2023-02-06,30.092658504401918
2023-02-07,30.8375268131229
2023-02-08,30.455267980693176
2023-02-09,30.303025106988084
2023-02-10,30.133423873891328
2023-02-13,30.667702571703064
2023-02-14,30.806652772664727
2023-02-15,30.91875255410509
2023-02-16,30.372293574786635
2023-02-17,30.007110418574115
2023-02-21,29.287681383395693
2023-02-22,29.24340791588562
2023-02-23,29.72776491161949
2023-02-24,29.200841277865297
2023-02-27,29.351249585266483
2023-02-28,29.327018345939
2023-03-01,29.09166067059393
2023-03-02,29.90445654657836
2023-03-03,30.533792113690573
2023-03-06,30.688723608748667
2023-03-07,30.301871853246904
2023-03-08,30.557208579676065
2023-03-09,30.11591807656219
2023-03-10,29.58960863566404
2023-03-13,29.584551172513954
2023-03-14,30.37338179108081
2023-03-15,30.327587181650976
2023-03-16,31.20507378407356
2023-03-17,31.156669491886216
2023-03-20,28.623874971699347
2023-03-21,28.852015030997777
2023-03-22,28.559509439619664
2023-03-23,29.039933710770004
2023-03-24,29.10652738432857
2023-03-27,29.033125647150182
2023-03-28,28.898441150069704
2023-03-29,29.50824682835168
2023-03-30,29.874683326461675
2023-03-31,30.282918484537557
2023-04-03,31.702574044990172
2023-04-04,31.51817431797872
2023-04-05,31.150135166196247
2023-04-06,31.332459862166697
2023-04-10,31.312465367852138
2023-04-11,31.010257991780136
2023-04-12,30.827420511847286
2023-04-13,31.40924402048002
2023-04-14,31.232544563761373
2023-04-17,31.34982699162728
2023-04-18,31.44716275617609
2023-04-19,31.36056170570899
2023-04-20,31.151259351370378
2023-04-21,31.04411728395154
2023-04-24,30.90902221351966
2023-04-25,30.24395200305711
2023-04-26,30.71033907841468
2023-04-27,31.353436667257103
2023-04-28,31.693437158097087
2023-05-01,31.310224224476723
2023-05-02,31.01463610896909
2023-05-03,30.75040909694122
2023-05-04,30.6050578592795
2023-05-05,31.372543796503518
2023-05-08,31.35494380986938
2023-05-09,31.10283934804762
2023-05-10,31.481827392159705
2023-05-11,31.336526105815867
2023-05-12,31.29365478360948
2023-05-15,31.548492567118704
2023-05-16,31.582059429122832
2023-05-17,31.99729352068588
2023-05-18,32.64684895929485
2023-05-19,32.623591232428275
2023-05-22,32.68052887135755
2023-05-23,32.1995139553403
2023-05-24,31.967427021473306
2023-05-25,33.20071585747164
2023-05-26,34.145722535576766
2023-05-30,34.32038441157215
2023-05-31,33.962686079816145
2023-06-01,34.9979905217835
2023-06-02,35.182057921516886
2023-06-05,34.97273031040299
2023-06-06,34.96954305495081
2023-06-07,34.43686764735361
2023-06-08,34.81885688220044
2023-06-09,34.98475080321072
2023-06-12,35.744788849494284
2023-06-13,35.965810153252306
2023-06-14,36.32871126893668
2023-06-15,36.80406021012508
2023-06-16,36.48956117377213
2023-06-20,36.12597193717161
2023-06-21,35.590190371780885
2023-06-22,35.89317962413884
2023-06-23,35.49231646921559
2023-06-26,35.5814580523632
2023-06-27,36.30655858067899
2023-06-28,36.31169868781579
2023-06-29,36.39010793005331
2023-06-30,36.66349220348121
2023-07-03,36.15192006238319
2023-07-05,35.93796406991355
2023-07-06,35.84343828119496
2023-07-07,35.67472067182504
2023-07-10,35.77645355747546
2023-07-11,35.854584354419394
2023-07-12,36.247312345004005
2023-07-13,36.73192757892261
2023-07-14,36.671814109011535
2023-07-17,37.1522351122012
2023-07-18,37.567865340519816
2023-07-19,37.47329617512423
2023-07-20,36.71506108708386
2023-07-21,36.70194533117071
2023-07-24,36.77323584760999
2023-07-25,37.18845771497351
2023-07-26,36.68221566260679
2023-07-27,36.57878837260248
2023-07-28,37.09885186375179
2023-07-31,36.36538358452272
2023-08-01,36.43424726139286
2023-08-02,35.518479494426984
2023-08-03,35.395201000201546
2023-08-04,34.8916276753254
2023-08-07,35.00503861455731
2023-08-08,34.72452541953484
2023-08-09,34.26440323423684
2023-08-10,34.27908342418111
2023-08-11,34.01745922692558
2023-08-14,34.56181744726128
2023-08-15,34.20806704175544
2023-08-16,33.8848388413585
2023-08-17,33.560752964281555
2023-08-18,33.60448446735779
2023-08-21,34.25254254196247
2023-08-22,34.20099993569074
2023-08-23,34.82281805304861
2023-08-24,34.01980235260284
2023-08-25,34.38179526512501
2023-08-28,34.64498556982373
2023-08-29,35.32687383650403
2023-08-30,35.59479140877183
2023-08-31,36.18816886385073
2023-09-01,36.26308461524977
2023-09-05,36.39583416634834
2023-09-06,36.005147955886905
2023-09-07,35.477854860645714
2023-09-08,35.56750065169785
2023-09-11,35.744088347783915
2023-09-12,35.0882810469752
2023-09-13,35.19284256224655
2023-09-14,35.44677105940671
2023-09-15,34.77071346307415
2023-09-18,34.72838301121445
2023-09-19,34.71115531077704
2023-09-20,34.15223008034474
2023-09-21,33.63035100906526
2023-09-22,33.70122259851993
2023-09-25,34.08024760240794
2023-09-26,33.457570542726714
2023-09-27,33.50889745251741
2023-09-28,33.740096921234255
2023-09-29,33.96973601280389
2023-10-02,32.97172979526079
2023-10-03,32.3033451310768
2023-10-04,32.71195576338196
2023-10-05,32.747910842725496
2023-10-06,33.37111637379575
2023-10-09,33.54143160277344
2023-10-10,33.589228842956906
2023-10-11,33.89249854678619
2023-10-12,33.921453020478104
2023-10-13,33.431665948579976
2023-10-16,33.76330485174295
2023-10-17,33.61220771574889
2023-10-18,33.25136594424103
2023-10-19,33.07620758749426
2023-10-20,32.50604614974942
2023-10-23,32.548585472951856
2023-10-24,32.77378610939311
2023-10-25,32.38557776752545
2023-10-26,31.763318102664645
2023-10-27,31.94543271987652
2023-10-30,32.28796677816803
2023-10-31,32.523959467388515
2023-11-01,33.09755717689157
2023-11-02,34.05584644373301
2023-11-03,34.079380337521314
2023-11-06,34.29447869562035
2023-11-07,34.674171362956834
2023-11-08,34.85980324453203
2023-11-09,34.59486758279457
2023-11-10,35.57940658683639
2023-11-13,35.331202230081274
2023-11-14,36.07066722457318
2023-11-15,36.08822126374582
2023-11-16,35.89607403082451
2023-11-17,35.97821073296771
2023-11-20,36.44616875971976
2023-11-21,36.20141224272054
2023-11-22,35.884859176997935
2023-11-24,35.82850677147263
2023-11-27,35.750407446106664
2023-11-28,35.865110305183364
2023-11-29,35.75327157275658
2023-11-30,35.6873208978809
2023-12-01,35.759170526242706
2023-12-04,35.43460777982104
2023-12-05,35.5226955058595
2023-12-06,35.2305126852175
2023-12-07,35.626504592646015
2023-12-08,35.95345098710514
2023-12-11,36.23140746505665
2023-12-12,36.43787704704819
2023-12-13,36.78201138743246
2023-12-14,36.70602894980421
2023-12-15,36.87738230872078
2023-12-18,36.878811002596215
2023-12-19,37.112681199234274
2023-12-20,36.551054352784
2023-12-21,36.939145643403315
2023-12-22,37.17381293330694
2023-12-26,37.33841250982193
2023-12-27,37.32807351102346
2023-12-28,37.380045792040804
2023-12-29,37.259728979335776
2024-01-02,36.409109776854486
2024-01-03,35.92036206485957
2024-01-04,35.566351287411464
2024-01-05,35.65124301577048
2024-01-08,36.45168392041133
2024-01-09,36.537531797971816
2024-01-10,36.91436842733716
2024-01-11,37.02803250180361
2024-01-12,37.215959637178265
2024-01-16,37.11861492004137
2024-01-17,37.122718533919866
2024-01-18,37.928502138160816
2024-01-19,38.74962303055919
2024-01-22,38.93033955741957
2024-01-23,39.11810584698845
2024-01-24,39.120017271203565
2024-01-25,39.30730342903686
2024-01-26,38.22002530148851
2024-01-29,38.423695242534194
2024-01-30,38.228461695312056
2024-01-31,36.7081711377897
2024-02-01,37.07916715508969
2024-02-02,37.09368076588599
2024-02-05,37.34558228145928
2024-02-06,37.34072552794251
2024-02-07,37.608209306066286
2024-02-08,37.60973221728436
2024-02-09,38.32674920194371
2024-02-13,37.97800972635605
2024-02-14,37.637571895205056
2024-02-15,37.68078597513724
2024-02-16,37.29339695901785
2024-02-20,36.957686630493946
2024-02-21,36.56374639866916
2024-02-22,36.892725071800655
2024-02-23,37.086339365634956
2024-02-26,37.008624585978616
2024-02-27,37.1470195334026
2024-02-28,36.95132371296983
2024-02-29,36.98778333190761
2024-03-01,37.770387529711634
2024-03-04,37.652375777490384
2024-03-05,36.845428904005075
2024-03-06,37.034805704179576
2024-03-07,37.60684439514636
2024-03-08,37.52378243405012
2024-03-11,37.430504923964996
2024-03-12,38.15729878674954
2024-03-13,37.829129864893574
2024-03-14,37.74007771801936
2024-03-15,37.17136672329268
2024-03-18,36.702894562305005
2024-03-19,36.88332552479012
2024-03-20,37.30236914829826
2024-03-21,36.977331241031905
2024-03-22,36.872655681373736
2024-03-25,36.51947189863178
2024-03-26,36.424325088387064
2024-03-27,36.784866962670655
2024-03-28,36.59007108196671
2024-04-01,36.67228493259041
2024-04-02,36.305095432246304
2024-04-03,36.381889656263255
2024-04-04,35.810493861555166
2024-04-05,36.24104961012952
2024-04-08,36.188687455785676
2024-04-09,36.46659248466398
2024-04-10,35.868615450735206
2024-04-11,36.636532824284636
2024-04-12,36.041942323656926
2024-04-15,35.3648427922578
2024-04-16,35.398067865780995
2024-04-17,34.88859068892039
2024-04-18,34.50063632534383
2024-04-19,33.78799495090017
2024-04-22,34.083297005517466
2024-04-23,34.57374139643964
2024-04-24,34.79510107321015
2024-04-25,34.46577275294928
2024-04-26,34.21812307397741
2024-04-29,34.361965029579764
2024-04-30,33.6087338461504
2024-05-01,33.110550148544576
2024-05-02,33.605766684281356
2024-05-03,34.548322321484214
2024-05-06,35.01555224915691
2024-05-07,34.88596490629492
2024-05-08,34.98492419223361
2024-05-09,35.03203034197041
2024-05-10,35.167674619874056
2024-05-13,35.32171511441065
2024-05-14,35.64765174603173
2024-05-15,36.60514234545501
2024-05-16,36.44089466548457
2024-05-17,36.3716054224691
2024-05-20,36.79685379161748
2024-05-21,36.86413488746532
2024-05-22,36.716921751344955
2024-05-23,36.36503314612603
2024-05-24,36.66397940317544
2024-05-28,36.81396353940474
2024-05-29,36.4448048474424
2024-05-30,35.80198037915011
2024-05-31,35.675779766046
2024-06-03,35.71969801312023
2024-06-04,35.827679754618586
2024-06-05,36.461874859388814
2024-06-06,36.52608023214321
2024-06-07,36.607442057748415
2024-06-10,36.65808084387611
2024-06-11,37.19986600527583
2024-06-12,37.85247914266022
2024-06-13,38.71783371887692
2024-06-14,38.783710248513316
2024-06-17,39.300482829644444
2024-06-18,39.432187403235964
2024-06-20,39.07800307079567
2024-06-21,38.857006741464104
2024-06-24,42.41561373891395
2024-06-25,42.93309177378433
2024-06-26,43.11946003577801
2024-06-27,42.84358939254113
2024-06-28,42.727327556282
2024-07-01,43.0884919221269
2024-07-02,43.25714534552197
2024-07-03,43.88301849095095
2024-07-05,43.98675219096304
2024-07-08,44.22091134078936
2024-07-09,44.23517375935976
2024-07-10,44.89298909914175
2024-07-11,43.73059196629133
2024-07-12,44.138402429878916
2024-07-15,44.22069727576861
2024-07-16,44.080101936032406
2024-07-17,42.36189014842987
2024-07-18,42.268624137799826
2024-07-19,41.74305281651916
2024-07-22,42.67392784868359
2024-07-23,42.519354168228126
2024-07-24,40.831065241646556
2024-07-25,40.371844273893814
2024-07-26,40.900073510155345
2024-07-29,40.75241421679074
2024-07-30,39.6661726221377
2024-07-31,40.77592801488101
2024-08-01,39.81503283977886
2024-08-02,38.70080488608775
2024-08-05,37.40815168770963
2024-08-06,37.71724913497909
2024-08-07,37.19391011355894
2024-08-08,38.42500938803055
2024-08-09,38.59987927939203
2024-08-12,38.76148280551392
2024-08-13,40.11838028218164
2024-08-14,40.65818760129058
2024-08-15,41.7227309356092
2024-08-16,41.83429173052114
2024-08-19,42.3345435043803
2024-08-20,42.445021805817206
2024-08-21,42.73257500509082
2024-08-22,41.73513170863889
2024-08-23,42.424497476473334
2024-08-26,41.87244505594311
2024-08-27,42.099229117091625
2024-08-28,42.08240273847188
2024-08-29,40.08508219164795
2024-08-30,40.48588211669515
2024-09-03,38.813604791803684
2024-09-04,38.53171562121388
2024-09-05,38.853627411422444
2024-09-06,37.89737496292124
2024-09-09,38.478015805579616
2024-09-10,38.910616877034144
2024-09-11,40.16035909624552
2024-09-12,40.617692295996754
2024-09-13,40.86844543612187
2024-09-16,40.78854590372839
2024-09-17,40.6289565053671
2024-09-18,40.30864205803514
2024-09-19,41.326489253739744
2024-09-20,41.128153043963515
2024-09-23,41.22342573031629
2024-09-24,40.37330880584989
2024-09-25,40.095471937999605
2024-09-26,40.62575614155759
2024-09-27,40.29283298492329
2024-09-30,40.360068471063045
2024-10-01,39.36214112395926
2024-10-02,39.608217625129846
2024-10-03,39.71898930453917
2024-10-04,40.37358298795888
2024-10-07,39.93486524167466
2024-10-08,40.58246966939303
2024-10-09,41.22909356145491
2024-10-10,41.08408624133113
2024-10-11,41.22897618705548
2024-10-14,41.80302444787817
2024-10-15,40.967905454103
2024-10-16,40.895727870674165
2024-10-17,41.04863404200331
2024-10-18,41.24252018362012
2024-10-21,41.29715483231654
2024-10-22,41.45856060098036
2024-10-23,40.878925653414704
2024-10-24,40.919941202135334
2024-10-25,41.15021588711861
2024-10-28,41.19818534480804
2024-10-29,41.63993406050531
2024-10-30,41.00248792342305
2024-10-31,43.40330737715744
2024-11-01,43.606712292803365
2024-11-04,43.63707422955988
2024-11-05,43.85783762026423
2024-11-06,43.96872390009839
2024-11-07,45.87744584841923
2024-11-08,45.816158251555606
2024-11-11,45.79084762128044
2024-11-12,45.77984511146062
2024-11-13,45.53402230906537
2024-11-14,45.58241912939185
2024-11-15,44.44975618588016
2024-11-18,44.65263557344013
2024-11-19,45.06725907724978
2024-11-20,44.39696920815544
2024-11-21,44.5873931827319
2024-11-22,44.68430976737626
2024-11-25,44.702438457394955
2024-11-26,44.96303528836969
2024-11-27,44.29095675455502
2024-11-29,44.64492646686181
2024-12-02,45.180903441721796
2024-12-03,45.2897191910298
2024-12-04,45.9261716969013
2024-12-05,45.76354655472808
2024-12-06,45.75436961221701
2024-12-09,45.63913525880715
2024-12-10,44.900496470926186
2024-12-11,45.43240799758937
2024-12-12,45.009231496481526
2024-12-13,44.31779551516818
2024-12-16,45.06211564814636
2024-12-17,45.68343678567009
2024-12-18,43.828012863434274
2024-12-19,43.521437563816626
2024-12-20,43.92431005005682
2024-12-23,44.35212565828616
2024-12-24,44.743966998057935
2024-12-26,44.92922281073611
2024-12-27,44.45656669458782
2024-12-30,43.93486736029445
2024-12-31,43.54753859515582
2025-01-02,43.3576105983307
2025-01-03,43.970523030322354
2025-01-06,44.717516046444985
2025-01-07,44.042718880994315
2025-01-08,43.784113876046945
2025-01-10,42.939755010674816
2025-01-13,42.62188902999859
2025-01-14,42.68004510705764
2025-01-15,43.408448071036126
2025-01-16,43.130750231638615
2025-01-17,43.45464408352011
2025-01-21,43.653287108226664
2025-01-22,44.82883427172677
2025-01-23,45.44499148981582
2025-01-24,45.03973795770625
2025-01-27,43.09618001298024
2025-01-28,43.7866511220538
2025-01-29,43.4195439983568
2025-01-30,43.38873814719536
2025-01-31,43.258372972578705
2025-02-03,42.51373584087831
2025-02-04,43.130697286301256
2025-02-05,43.75450635255591
2025-02-06,43.68604395243385
2025-02-07,43.37782504256444
2025-02-10,43.7583325630505
2025-02-11,43.809544761293346
2025-02-12,43.64565767805956
2025-02-13,44.92138083358993
2025-02-14,45.413799803529756
2025-02-18,45.23700021051284
2025-02-19,46.25666195550976
2025-02-20,45.58782975571651
2025-02-21,44.502922047527456
2025-02-24,43.811089098021206
2025-02-25,43.47322393507825
2025-02-26,42.669891421178804
2025-02-27,41.2574421182067
2025-02-28,41.6766905348652
2025-03-03,40.63507358827019
2025-03-04,40.73863230874625
2025-03-05,41.29776616159629
2025-03-06,39.60276225529733
2025-03-07,40.16699243292127
2025-03-10,38.591061292876205
2025-03-11,38.25451855657488
2025-03-12,38.36361207509674
2025-03-13,37.132042602706896
2025-03-14,38.22978074052432
2025-03-17,38.31521741886287
2025-03-18,37.71877570413473
2025-03-19,38.40462100334048
2025-03-20,38.098263089049055
2025-03-21,38.120834048648945
2025-03-24,38.8532371406255
2025-03-25,38.94364032248956
2025-03-26,38.235869136950306
2025-03-27,37.90140498328111
2025-03-28,37.01130338738435
2025-03-31,37.056347743793516
2025-04-01,37.44044069981808
2025-04-02,37.728489944966796
2025-04-03,34.63030579720775
2025-04-04,32.502532028720786
2025-04-07,32.77807048966579
2025-04-08,32.06438175750733
2025-04-09,36.22610543934908
2025-04-10,34.51240874732286
2025-04-11,35.2951309438723
2025-04-14,35.53953142129324
2025-04-15,35.67487724572864
2025-04-16,34.49912046075675
2025-04-17,34.44451466242091
2025-04-21,33.54584357097569
2025-04-22,34.930375378626074
2025-04-23,35.76039307218852
2025-04-24,37.32643060709261
2025-04-25,38.23293174874906
2025-04-28,37.83744133993786
2025-04-29,38.04772921496758
2025-04-30,37.865849902907264
2025-05-01,38.14337696830676
2025-05-02,38.69704881797405
2025-05-05,38.69649571576977
2025-05-06,38.47297735958972
2025-05-07,38.64630140941847
2025-05-08,38.94767486843177
2025-05-09,39.05891205327949
2025-05-12,41.04617069390093
2025-05-13,41.646533554437774
2025-05-14,42.08938686837896
2025-05-15,41.89497766496248
2025-05-16,41.922879073146774
2025-05-19,41.94997712424374
2025-05-20,41.71738098441944
2025-05-21,41.01620147007658
2025-05-22,40.74305432976674
2025-05-23,40.31747854675467
2025-05-27,41.29358300062284
2025-05-28,41.14022243342483
2025-05-29,40.93850411546145
2025-05-30,40.82131943721336
2025-06-02,41.091745039083385
2025-06-03,41.64655945702274
2025-06-04,42.22547869187584
2025-06-05,41.92622584363465
2025-06-06,42.293095576399104
2025-06-09,42.36840998892168
2025-06-10,42.42359129881633
2025-06-11,42.67746245150711
2025-06-12,42.88181993967555
2025-06-13,42.24504396785732
2025-06-16,42.945634857708086
2025-06-17,42.50657559565882
2025-06-18,42.56489115495801
2025-06-20,42.427186123995014
2025-06-23,42.92152106758657
2025-06-24,43.54356395060245
2025-06-25,43.859162889716565
2025-06-26,44.0829351111074
2025-06-27,44.13026144117368
2025-06-30,44.55995778704346
2025-07-01,44.25791446027439
2025-07-02,44.8373489471308
2025-07-03,45.01992179173169
2025-07-07,44.59337268582736
2025-07-08,44.81462667059172
2025-07-09,45.273959068402256
2025-07-10,45.283534801956435
2025-07-11,45.097770726074565
2025-07-14,44.86365866822849
2025-07-15,45.39929289577304
2025-07-16,45.52826497527191
2025-07-17,45.88837763963139
2025-07-18,45.97935645682546
2025-07-21,46.03888742646043
2025-07-22,45.630861707830256
2025-07-23,45.473110422326336
2025-07-24,46.11651865963204
2025-07-25,46.540186552822426
2025-07-28,46.48776375437738
2025-07-29,46.483709372602156
2025-07-30,46.460899280772
2025-07-31,45.22356321941584
2025-08-01,44.29218133737823
2025-08-04,44.8934404604653
2025-08-05,44.211505312824556
2025-08-06,45.2494400990096
2025-08-07,45.55816549040374
2025-08-08,45.91214162942927
2025-08-11,45.370054293300804
2025-08-12,46.07806393793157
2025-08-13,46.163690525562686
2025-08-14,45.6885108952119
2025-08-15,45.300412878443304
2025-08-18,45.99339592104607
2025-08-19,44.957244066489324
2025-08-20,44.89221427592331
2025-08-21,44.35803111152181
2025-08-22,44.85447220880365
2025-08-25,44.91331396186468
2025-08-26,45.11201486516911
2025-08-27,44.53571657843989
2025-08-28,44.853424593050704
2025-08-29,44.360077929208956
2025-09-02,43.86829822797972
2025-09-03,44.06331424282451
2025-09-04,43.80817720563904
2025-09-05,43.91035590550612
2025-09-08,44.11777874831675
2025-09-09,44.29639529080844
2025-09-10,44.59925268343701
2025-09-11,45.54418852846226
2025-09-12,45.33882443363309
2025-09-15,45.50669522610392
2025-09-16,45.480765261065706
2025-09-17,45.592687451623746
2025-09-18,45.251894306324495
2025-09-19,46.666641330083145
2025-09-22,47.59692941487729
2025-09-23,46.90345351923236
2025-09-24,46.48373174071449
2025-09-25,46.22415927395131
2025-09-26,46.666135407543045
2025-09-29,47.21730531737695
2025-09-30,47.50257151959708
2025-10-01,47.52007662891011
2025-10-02,47.9066684163899
2025-10-03,47.998683145662426
2025-10-06,48.43869567827933
2025-10-07,47.62818923231566
2025-10-08,48.700663018954224
2025-10-09,48.550394462961854
2025-10-10,46.755881506708825
2025-10-13,47.8137702506268
2025-10-14,47.5373635284377
2025-10-15,47.46880019594723
2025-10-16,47.78562392484426
2025-10-17,47.90954453511769
2025-10-20,47.981369790929534
2025-10-21,48.535760959091625
2025-10-22,47.45860877841197
2025-10-23,43.85308318013074
2025-10-24,44.513720677057584
2025-10-27,45.376649821280516
2025-10-28,45.62581202131613
2025-10-29,45.91578875507201
2025-10-30,45.426164036255685
2025-10-31,43.9751502599646
2025-11-03,44.465944259880764
2025-11-04,43.5281770126783
2025-11-05,44.474315757368466
2025-11-06,43.553182320852656
2025-11-07,43.3322048862642
2025-11-10,44.18711858829913
2025-11-11,44.15394689296735
2025-11-12,44.23398479757467
2025-11-13,43.23831266199494
2025-11-14,43.325195618458565
2025-11-17,42.68648317739006
2025-11-18,42.05773057286517
2025-11-19,41.504779344747185
2025-11-20,40.286517908469804
2025-11-21,40.51286278146134
2025-11-24,41.06591373217745
2025-11-25,41.198551948391454
2025-11-26,41.58003032024637
2025-11-28,41.86829462367141
2025-12-01,42.31640651580484
2025-12-02,42.651949778743266
2025-12-03,42.57677905065546
2025-12-04,42.758773237106205
2025-12-05,43.28380196008175
2025-12-08,43.61379641411628
2025-12-09,43.7364191635967
2025-12-10,43.62046559804082
2025-12-11,43.44269565399941
2025-12-12,42.14385725003903
2025-12-15,41.65070170369869
2025-12-16,41.54441191053252
2025-12-17,40.32049463062349
2025-12-18,40.75655881556407
2025-12-19,41.567642068624785
2025-12-22,41.90026309772976
2025-12-23,42.24749848799616
2025-12-24,42.40336252933621
2025-12-29,42.3206517000511
2025-12-30,42.26608905544165
2025-12-31,41.70378866756059
2026-01-01,41.70378866756059
2026-01-02,41.76938025461636
2026-01-05,41.83716436289014
2026-01-06,42.459517511971676
2026-01-07,42.25945729426676
2026-01-08,41.945970423555984
2026-01-09,42.1972872938994
2026-01-12,42.465481237775556
2026-01-13,42.22591385840128
2026-01-14,41.91404887850841
2026-01-15,42.044219300177225
2026-01-16,42.21359548109758
2026-01-20,40.990125117245164
2026-01-21,41.434813806004854
2026-01-22,41.964105138273084
2026-01-23,42.19858640244253
2026-01-26,42.46114675228213
2026-01-27,42.8112004016384
2026-01-28,41.75166525429787
2026-01-29,40.36106923344239
2026-01-30,39.83470502099111
2026-02-02,39.92451308654881
2026-02-03,38.88260696626177
2026-02-04,38.302754495229316
2026-02-05,37.28370013861751
2026-02-06,38.62794748040229
2026-02-09,39.40560994513898
2026-02-10,39.4018427547276
2026-02-11,39.01961027199465
2026-02-12,38.064695698753006
2026-02-13,38.27789626691061
2026-02-17,38.22585025274121
2026-02-18,38.598872969953646
2026-02-19,38.277441793871766
2026-02-20,38.539870660347766
2026-02-23,37.71653609069983
2026-02-24,38.36444330711184
2026-02-25,38.017516575570035
2026-02-26,37.69720259832988
2026-02-27,37.012353891544805
2026-03-02,37.05106007451129
2026-03-03,36.709731339313855
2026-03-04,36.91644481253475
2026-03-05,37.19705825611237
2026-03-06,36.46298769193718
2026-03-09,36.824159811925846
2026-03-10,36.9823872850297
2026-03-11,37.13757837122156
2026-03-12,36.550472775341525
2026-03-13,36.12573973971674
2026-03-16,36.63382652077071
2026-03-17,36.91284042465997
2026-03-18,35.00808249436863
2026-03-19,35.12181835365559
2026-03-20,34.488451748375084
2026-03-23,34.71451308098882
2026-03-24,34.85706338412252
2026-03-25,35.02897954862643
2026-03-26,34.257137865868934
2026-03-27,33.415731877668755
2026-03-30,32.82128176612906
2026-03-31,33.98571060049243
2026-04-01,34.574822976806175
2026-04-02,34.87278593342012
2026-04-06,35.07261919199219
2026-04-07,35.09968490269889
2026-04-08,36.16425697772025
2026-04-09,36.38280059252435
2026-04-10,36.47260270855759
2026-04-13,37.44537528397736
2026-04-14,38.08862623727892
2026-04-15,38.652220082059635
2026-04-16,38.95115526838669
2026-04-17,39.56908931977913
2026-04-20,39.73422026453048
2026-04-21,39.70155591555715
2026-04-22,40.28677901742956
2026-04-23,39.513397884771834
2026-04-24,40.794918269434774
2026-04-27,41.331520264074435
2026-04-28,40.68597116453851
2026-04-29,39.606116819836735
2026-04-30,38.87260961673157
2026-05-01,39.593782766176254
2026-05-04,39.496720906677695
2026-05-05,39.87027717847713
2026-05-06,40.697868711166905
2026-05-07,40.95648989773725
2026-05-08,41.90862246909601
2026-05-11,42.465675805412175
2026-05-12,42.1505914644708
2026-05-13,42.24697581388824
2026-05-14,42.38852867860886
2026-05-15,42.60485941668476
2026-05-18,41.82886125062585
2026-05-19,41.37914728443714
2026-05-20,40.15005489764406
2026-05-21,40.60596854919265
2026-05-22,41.04978339649631
2026-05-26,41.80861606589746
2026-05-27,42.06440019731758
2026-05-28,42.38953168602436
2026-05-29,43.50656320227597
2026-06-01,44.56003559390422
2026-06-02,44.34563865950938
2026-06-03,43.79579981965806
2026-06-04,43.724393312857615
2026-06-05,40.93202972729097
2026-06-08,40.98858170386665
2026-06-09,40.68883407229959
2026-06-10,39.62570265249566
2026-06-11,40.47738850292444
2026-06-12,41.226370198451775
2026-06-15,42.762941153591235
2026-06-16,42.012952587334865
2026-06-17,41.26627295049121
2026-06-18,42.29711880306731
2026-06-22,42.29711880306731
2026-06-23,41.0039411511642
2026-06-24,40.48585213009923
2026-06-25,38.3969441149734
2026-06-26,38.51785118424097
2026-06-29,38.557160208713775
2026-06-30,39.68097102622805
2026-07-01,39.55187530849584
2026-07-02,39.581805623637536
2026-07-06,40.03457590702306
2026-07-07,39.285808011369106
2026-07-08,39.19344932091228
2026-07-09,39.85823625802449
2026-07-10,40.28858378576644
2026-07-13,39.50655913309029
2026-07-14,39.16686988895161
2026-07-15,39.47217220160258
2026-07-16,38.714159610631725
2026-07-17,38.03029923505227
2026-07-20,38.01181090360433
2026-07-21,38.85171898417796
2026-07-22,39.00339588339461
2026-07-23,38.48175834760476
2026-07-24,39.07590659668339
2026-07-27,38.52626194185748
2026-07-28,37.82270321940313
2026-07-29,36.13154192739542
2026-07-30,37.45983595330726
2026-07-31,37.56166673290178
2026-08-03,38.15135586497945
2026-08-04,39.55194595938329
2026-08-05,39.11094152684033
2026-08-06,38.644374447251366
2026-08-07,39.05384479422567
2026-08-10,38.96149120872595
2026-08-11,38.8025312953674
2026-08-12,39.82513553091069
2026-08-13,40.55479025343315
2026-08-14,40.30773957274965
2026-08-17,40.153734002510035
2026-08-18,39.6111336833059
2026-08-19,39.126120348405586
2026-08-20,38.65902784281218
2026-08-21,38.751260535068724
2026-08-24,38.08698935272138
2026-08-25,38.385433966381875
2026-08-26,38.4884571682072
