date,trailing_pe
2004-01-28,25.250638
2004-01-29,24.539687
2004-01-30,24.437895
2004-02-02,24.369075
2004-02-03,24.206553
2004-02-04,24.164026
2004-02-05,24.335769
2004-02-06,24.647712
2004-02-09,24.670357
2004-02-10,24.784698
2004-02-11,24.523177
2004-02-12,24.357204
2004-02-13,24.150104
2004-02-17,24.428727
2004-02-18,24.361837
2004-02-19,24.182979
2004-02-20,24.109572
2004-02-23,23.909622
2004-02-24,23.663534
2004-02-25,23.726484
2004-02-26,23.827024
2004-02-27,23.862745
2004-03-01,24.110771
2004-03-02,23.963033
2004-03-03,24.060089
2004-03-04,24.135965
2004-03-05,24.23159
2004-03-08,24.014177
2004-03-09,23.957828
2004-03-10,23.577583
2004-03-11,23.158339
2004-03-12,23.505306
2004-03-15,23.062834
2004-03-16,23.15216
2004-03-17,23.491334
2004-03-18,23.442592
2004-03-19,23.270212
2004-03-22,23.115963
2004-03-23,23.092413
2004-03-24,23.115115
2004-03-25,23.551398
2004-03-26,23.569293
2004-03-29,23.825516
2004-03-30,23.932538
2004-03-31,23.889526
2004-04-01,23.957274
2004-04-02,24.113257
2004-04-05,24.3895
2004-04-06,24.394249
2004-04-07,24.108205
2004-04-08,24.014382
2004-04-12,24.132403
2004-04-13,23.755344
2004-04-14,23.697521
2004-04-15,23.696252
2004-04-16,23.911825
2004-04-19,23.908086
2004-04-20,22.646269
2004-04-21,22.11089
2004-04-22,22.411973
2004-04-23,22.334105
2004-04-26,22.166002
2004-04-27,22.184527
2004-04-28,21.638264
2004-04-29,21.508791
2004-04-30,21.34192
2004-05-03,21.508293
2004-05-04,21.460709
2004-05-05,21.488974
2004-05-06,22.151125
2004-05-07,21.692136
2004-05-10,21.431218
2004-05-11,21.707196
2004-05-12,21.586654
2004-05-13,21.464513
2004-05-14,21.525854
2004-05-17,21.181064
2004-05-18,21.295552
2004-05-19,20.931771
2004-05-20,20.908639
2004-05-21,21.05852
2004-05-24,21.216632
2004-05-25,21.670044
2004-05-26,21.71418
2004-05-27,21.839886
2004-05-28,21.811268
2004-06-01,21.843097
2004-06-02,21.919168
2004-06-03,21.766466
2004-06-04,21.854576
2004-06-07,22.156935
2004-06-08,22.280998
2004-06-09,22.085475
2004-06-10,22.176187
2004-06-14,21.918655
2004-06-15,22.057561
2004-06-16,22.084848
2004-06-17,22.032949
2004-06-18,21.988805
2004-06-21,21.982091
2004-06-22,21.919456
2004-06-23,22.105475
2004-06-24,22.076387
2004-06-25,22.077634
2004-06-28,22.011594
2004-06-29,21.844674
2004-06-30,21.890068
2004-07-01,21.745478
2004-07-02,21.653685
2004-07-06,21.46908
2004-07-07,21.47812
2004-07-08,21.150314
2004-07-09,21.267458
2004-07-12,21.348325
2004-07-13,21.381895
2004-07-14,21.270107
2004-07-15,21.16648
2004-07-16,20.894794
2004-07-19,20.791106
2004-07-20,20.729982
2004-07-21,20.231816
2004-07-22,20.125835
2004-07-23,19.962886
2004-07-26,19.772928
2004-07-27,20.13572
2004-07-28,19.98938
2004-07-29,20.097099
2004-07-30,20.082112
2004-08-02,20.245291
2004-08-03,20.005897
2004-08-04,19.850958
2004-08-05,19.4374
2004-08-06,19.151397
2004-08-09,19.1399
2004-08-10,19.322099
2004-08-11,19.175183
2004-08-12,18.920492
2004-08-13,18.952551
2004-08-16,19.324827
2004-08-17,19.408141
2004-08-18,19.614046
2004-08-19,19.530962
2004-08-20,19.635857
2004-08-23,19.5247
2004-08-24,19.592712
2004-08-25,19.738956
2004-08-26,19.751979
2004-08-27,19.753363
2004-08-30,19.587526
2004-08-31,19.620757
2004-09-01,19.713011
2004-09-02,20.048547
2004-09-03,20.029752
2004-09-07,20.2014
2004-09-08,20.110798
2004-09-09,19.999625
2004-09-10,20.171966
2004-09-13,20.266202
2004-09-14,20.363724
2004-09-15,20.27649
2004-09-16,20.371433
2004-09-17,20.291028
2004-09-20,20.172142
2004-09-21,20.304598
2004-09-22,20.06153
2004-09-23,20.062556
2004-09-24,20.149802
2004-09-27,20.009227
2004-09-28,20.019454
2004-09-29,20.131721
2004-09-30,20.176091
2004-10-01,20.411088
2004-10-04,20.545947
2004-10-05,20.493487
2004-10-06,20.623477
2004-10-07,20.472025
2004-10-08,20.322376
2004-10-11,20.437579
2004-10-12,20.363429
2004-10-13,20.312146
2004-10-14,20.15836
2004-10-15,20.246076
2004-10-18,20.339228
2004-10-19,20.052571
2004-10-20,19.978182
2004-10-21,20.103042
2004-10-22,19.890508
2004-10-25,19.812091
2004-10-26,20.077053
2004-10-27,20.240153
2004-10-28,20.447605
2004-10-29,20.425485
2004-11-01,20.502179
2004-11-02,20.580111
2004-11-03,20.760277
2004-11-04,21.202107
2004-11-05,21.316361
2004-11-08,21.235663
2004-11-09,21.20118
2004-11-10,21.18816
2004-11-11,21.358849
2004-11-12,21.546516
2004-11-15,21.579064
2004-11-16,21.180794
2004-11-17,21.24078
2004-11-18,21.287953
2004-11-19,21.036639
2004-11-22,21.18763
2004-11-23,21.314144
2004-11-24,21.440974
2004-11-26,21.446335
2004-11-29,21.317216
2004-11-30,21.083088
2004-12-01,21.424916
2004-12-02,21.421128
2004-12-03,21.339436
2004-12-06,21.306501
2004-12-07,21.154298
2004-12-08,21.29464
2004-12-09,21.485539
2004-12-10,21.451732
2004-12-13,21.559172
2004-12-14,21.682277
2004-12-15,21.71068
2004-12-16,21.573605
2004-12-17,21.438634
2004-12-20,22.217927
2004-12-21,22.339741
2004-12-22,22.466119
2004-12-23,22.418364
2004-12-27,22.441416
2004-12-28,22.73073
2004-12-29,22.754076
2004-12-30,22.796712
2004-12-31,22.751231
2005-01-03,22.624968
2005-01-04,22.320618
2005-01-05,22.203397
2005-01-06,22.084491
2005-01-07,22.057741
2005-01-10,22.146506
2005-01-11,21.99776
2005-01-12,22.140761
2005-01-13,21.970708
2005-01-14,22.163985
2005-01-18,22.333847
2005-01-19,21.92062
2005-01-20,21.330695
2005-01-21,21.206984
2005-01-24,21.010343
2005-01-25,21.049829
2005-01-26,21.127515
2005-01-27,21.776529
2005-01-28,21.589522
2005-01-31,21.798953
2005-02-01,21.756693
2005-02-02,21.752023
2005-02-03,21.66686
2005-02-04,21.841341
2005-02-07,21.872082
2005-02-08,21.795517
2005-02-09,21.554164
2005-02-10,21.676548
2005-02-11,21.812949
2005-02-14,21.769023
2005-02-15,21.933676
2005-02-16,21.998241
2005-02-17,21.929963
2005-02-18,21.881435
2005-02-22,21.410596
2005-02-23,21.558736
2005-02-24,21.562673
2005-02-25,21.679469
2005-02-28,21.572685
2005-03-01,21.783357
2005-03-02,21.750775
2005-03-03,21.743553
2005-03-04,21.90546
2005-03-07,21.97958
2005-03-08,21.83156
2005-03-09,21.600008
2005-03-10,21.636476
2005-03-11,21.542969
2005-03-14,21.617603
2005-03-15,21.646223
2005-03-16,21.547902
2005-03-17,21.501276
2005-03-18,21.431869
2005-03-21,21.271465
2005-03-22,21.194314
2005-03-23,21.09829
2005-03-24,21.105941
2005-03-28,20.996255
2005-03-29,20.812329
2005-03-30,21.083101
2005-03-31,21.081696
2005-04-01,20.862767
2005-04-04,20.919271
2005-04-05,21.056728
2005-04-06,20.948541
2005-04-07,21.029522
2005-04-08,20.847773
2005-04-11,20.770659
2005-04-12,20.923594
2005-04-13,20.603875
2005-04-14,20.275756
2005-04-15,19.834084
2005-04-18,19.908042
2005-04-19,20.848521
2005-04-20,20.779381
2005-04-21,21.18351
2005-04-22,20.892095
2005-04-25,21.07752
2005-04-26,20.871522
2005-04-27,20.830266
2005-04-28,20.376842
2005-04-29,20.392084
2005-05-02,20.606136
2005-05-03,20.680447
2005-05-04,20.954227
2005-05-05,20.93733
2005-05-06,20.911155
2005-05-09,21.069589
2005-05-10,20.836983
2005-05-11,20.785918
2005-05-12,20.610733
2005-05-13,20.597789
2005-05-16,20.816387
2005-05-17,20.884588
2005-05-18,21.311076
2005-05-19,21.506107
2005-05-20,21.413047
2005-05-23,21.522731
2005-05-24,21.514707
2005-05-25,21.423814
2005-05-26,21.561556
2005-05-27,21.596693
2005-05-31,21.462895
2005-06-01,21.613856
2005-06-02,21.750792
2005-06-03,21.542938
2005-06-06,21.592
2005-06-07,21.654064
2005-06-08,21.536589
2005-06-09,21.650903
2005-06-10,21.623112
2005-06-13,21.677309
2005-06-14,21.881044
2005-06-15,21.911578
2005-06-16,21.930978
2005-06-17,22.004459
2005-06-20,22.004558
2005-06-21,22.009346
2005-06-22,22.001633
2005-06-23,21.64172
2005-06-24,21.457225
2005-06-27,21.347441
2005-06-28,21.61915
2005-06-29,21.472367
2005-06-30,23.815104
2005-07-01,23.836503
2005-07-05,23.812337
2005-07-06,23.596657
2005-07-07,23.647919
2005-07-08,23.976432
2005-07-11,24.179898
2005-07-12,24.303681
2005-07-13,24.244639
2005-07-14,24.349897
2005-07-15,24.51181
2005-07-18,24.579507
2005-07-19,24.807215
2005-07-20,25.773132
2005-07-21,25.717634
2005-07-22,25.76913
2005-07-25,25.586287
2005-07-26,25.63029
2005-07-27,25.644162
2005-07-28,25.865881
2005-07-29,25.621651
2005-08-01,25.645346
2005-08-02,25.613501
2005-08-03,26.18489
2005-08-04,25.92893
2005-08-05,25.717983
2005-08-08,25.927314
2005-08-09,26.230544
2005-08-10,25.188872
2005-08-11,25.191851
2005-08-12,25.11641
2005-08-15,25.198187
2005-08-16,24.560517
2005-08-17,24.635629
2005-08-18,24.5545
2005-08-19,24.420049
2005-08-22,24.37064
2005-08-23,24.313301
2005-08-24,24.11962
2005-08-25,24.209341
2005-08-26,24.068331
2005-08-29,24.136282
2005-08-30,23.802196
2005-08-31,24.000856
2005-09-01,23.731172
2005-09-02,23.633709
2005-09-06,24.062097
2005-09-07,24.224567
2005-09-08,24.058127
2005-09-09,24.218796
2005-09-12,24.301781
2005-09-13,23.946391
2005-09-14,23.69167
2005-09-15,23.742619
2005-09-16,23.767671
2005-09-19,23.529428
2005-09-20,23.106545
2005-09-21,22.755599
2005-09-22,23.091075
2005-09-23,23.133133
2005-09-26,23.153104
2005-09-27,23.10965
2005-09-28,22.956289
2005-09-29,23.181574
2005-09-30,23.213878
2005-10-03,23.167438
2005-10-04,22.716505
2005-10-05,22.352631
2005-10-06,22.357319
2005-10-07,22.379042
2005-10-10,22.199163
2005-10-11,19.744691
2005-10-12,19.454691
2005-10-13,19.529125
2005-10-14,19.727835
2005-10-17,20.889504
2005-10-18,20.618231
2005-10-19,21.09884
2005-10-20,21.09353
2005-10-21,21.046022
2005-10-24,21.420427
2005-10-25,21.167675
2005-10-26,21.071853
2005-10-27,20.475257
2005-10-28,20.889977
2005-10-31,21.214283
2005-11-01,21.22152
2005-11-02,21.426116
2005-11-03,21.452053
2005-11-04,21.564045
2005-11-07,21.715572
2005-11-08,21.448855
2005-11-09,21.122472
2005-11-10,21.413511
2005-11-11,21.468378
2005-11-14,21.420968
2005-11-15,20.965463
2005-11-16,20.844463
2005-11-17,21.235996
2005-11-18,21.350259
2005-11-21,21.595356
2005-11-22,21.690349
2005-11-23,21.800499
2005-11-25,21.798816
2005-11-28,21.574607
2005-11-29,21.539565
2005-11-30,21.414347
2005-12-01,21.665779
2005-12-02,21.726716
2005-12-05,21.598611
2005-12-06,21.860725
2005-12-07,21.820014
2005-12-08,37.060699
2005-12-09,36.86809
2005-12-12,36.617288
2005-12-13,37.108335
2005-12-14,37.390683
2005-12-15,36.847646
2005-12-16,36.771155
2005-12-19,35.771321
2005-12-20,35.527282
2005-12-21,35.391997
2005-12-22,35.450236
2005-12-23,35.274882
2005-12-27,34.563866
2005-12-28,34.869441
2005-12-29,34.795715
2005-12-30,34.350032
2006-01-03,25.264267
2006-01-04,25.269243
2006-01-05,25.311261
2006-01-06,25.522116
2006-01-09,25.738937
2006-01-10,25.788482
2006-01-11,25.899641
2006-01-12,25.686629
2006-01-13,25.711435
2006-01-17,25.530321
2006-01-18,25.44981
2006-01-19,25.60584
2006-01-20,25.130324
2006-01-23,24.990197
2006-01-24,25.083837
2006-01-25,24.97438
2006-01-26,27.707568
2006-01-27,27.859985
2006-01-30,27.808634
2006-01-31,27.745295
2006-02-01,27.078208
2006-02-02,27.246646
2006-02-03,27.079911
2006-02-06,27.015272
2006-02-07,26.914923
2006-02-08,27.035825
2006-02-09,26.986493
2006-02-10,27.054669
2006-02-13,26.997203
2006-02-14,27.291968
2006-02-15,27.364655
2006-02-16,27.365434
2006-02-17,27.257353
2006-02-21,26.848882
2006-02-22,26.941645
2006-02-23,25.010168
2006-02-24,24.947264
2006-02-27,25.083288
2006-02-28,24.846539
2006-03-01,25.015136
2006-03-02,24.871563
2006-03-03,24.827651
2006-03-06,24.691925
2006-03-07,24.584595
2006-03-08,24.619571
2006-03-09,24.505268
2006-03-10,24.724027
2006-03-13,24.708873
2006-03-14,25.002268
2006-03-15,25.009101
2006-03-16,27.582122
2006-03-17,27.613515
2006-03-20,27.577108
2006-03-21,27.392769
2006-03-22,27.56009
2006-03-23,27.573561
2006-03-24,27.567346
2006-03-27,27.547367
2006-03-28,28.828786
2006-03-29,29.032692
2006-03-30,28.860224
2006-03-31,28.766565
2006-04-03,28.562221
2006-04-04,28.699833
2006-04-05,28.864414
2006-04-06,28.972717
2006-04-07,28.830742
2006-04-10,28.722281
2006-04-11,28.520916
2006-04-12,28.414219
2006-04-13,28.56671
2006-04-17,28.377769
2006-04-18,28.726786
2006-04-19,28.564282
2006-04-20,27.96437
2006-04-21,29.502221
2006-04-24,29.418991
2006-04-25,29.329791
2006-04-26,29.664448
2006-04-27,29.727377
2006-04-28,29.678861
2006-05-01,29.561808
2006-05-02,29.575475
2006-05-03,29.361964
2006-05-04,29.53066
2006-05-05,29.914935
2006-05-08,29.851599
2006-05-09,29.857991
2006-05-10,29.426213
2006-05-11,29.085435
2006-05-12,28.812588
2006-05-15,28.811334
2006-05-16,28.320779
2006-05-17,27.922273
2006-05-18,27.882027
2006-05-19,28.106054
2006-05-22,27.691448
2006-05-23,27.514696
2006-05-24,27.526103
2006-05-25,27.772297
2006-05-26,27.896861
2006-05-30,27.468844
2006-05-31,27.75595
2006-06-01,28.20282
2006-06-02,28.090776
2006-06-05,27.654655
2006-06-06,27.521043
2006-06-07,27.555632
2006-06-08,27.532793
2006-06-09,27.429615
2006-06-12,27.082281
2006-06-13,26.83379
2006-06-14,26.991086
2006-06-15,27.53074
2006-06-16,27.450552
2006-06-19,27.446665
2006-06-20,27.341097
2006-06-21,27.598439
2006-06-22,27.393409
2006-06-23,27.328184
2006-06-26,27.441143
2006-06-27,27.076656
2006-06-28,27.159878
2006-06-29,27.731896
2006-06-30,27.754345
2006-07-03,27.770848
2006-07-05,27.535585
2006-07-06,27.551005
2006-07-07,27.356917
2006-07-10,27.374016
2006-07-11,27.366266
2006-07-12,26.915735
2006-07-13,26.44879
2006-07-14,26.10643
2006-07-17,26.173311
2006-07-18,25.968562
2006-07-19,26.467276
2006-07-20,26.79939
2006-07-21,26.633747
2006-07-24,27.208594
2006-07-25,27.244048
2006-07-26,28.550913
2006-07-27,28.071948
2006-07-28,28.414315
2006-07-31,28.400592
2006-08-01,28.145676
2006-08-02,27.431755
2006-08-03,27.562987
2006-08-04,27.727611
2006-08-07,27.637232
2006-08-08,27.479986
2006-08-09,26.822653
2006-08-10,27.157773
2006-08-11,27.124622
2006-08-14,27.186827
2006-08-15,27.450322
2006-08-16,27.726227
2006-08-17,27.823646
2006-08-18,27.658607
2006-08-21,27.314474
2006-08-22,27.266504
2006-08-23,27.045135
2006-08-24,26.902383
2006-08-25,26.863059
2006-08-28,27.156413
2006-08-29,27.324053
2006-08-30,27.350003
2006-08-31,27.487135
2006-09-01,27.719426
2006-09-05,27.726881
2006-09-06,27.443363
2006-09-07,27.459594
2006-09-08,27.744313
2006-09-11,27.970598
2006-09-12,28.616588
2006-09-13,28.716893
2006-09-14,28.6797
2006-09-15,28.7601
2006-09-18,28.79895
2006-09-19,28.838842
2006-09-20,29.074534
2006-09-21,28.858109
2006-09-22,28.81827
2006-09-25,29.3321
2006-09-26,29.641255
2006-09-27,29.592384
2006-09-28,29.586357
2006-09-29,29.42289
2006-10-02,29.293266
2006-10-03,29.61961
2006-10-04,30.073043
2006-10-05,30.151436
2006-10-06,30.058793
2006-10-09,30.291767
2006-10-10,30.438728
2006-10-11,30.351468
2006-10-12,30.716373
2006-10-13,30.606116
2006-10-16,30.609089
2006-10-17,30.310306
2006-10-18,30.365938
2006-10-19,30.168563
2006-10-20,30.146004
2006-10-23,30.484553
2006-10-24,30.70659
2006-10-25,29.606988
2006-10-26,29.337467
2006-10-27,29.047417
2006-10-30,29.230639
2006-10-31,29.14147
2006-11-01,28.499094
2006-11-02,28.431091
2006-11-03,28.226851
2006-11-06,28.615061
2006-11-07,28.634499
2006-11-08,28.833979
2006-11-09,28.568429
2006-11-10,28.672725
2006-11-13,28.687488
2006-11-14,33.253608
2006-11-15,33.329781
2006-11-16,33.464662
2006-11-17,33.384097
2006-11-20,33.211988
2006-11-21,33.243335
2006-11-22,33.293323
2006-11-24,33.105943
2006-11-27,32.639598
2006-11-28,32.567013
2006-11-29,32.829093
2006-11-30,32.929983
2006-12-01,32.924425
2006-12-04,33.154981
2006-12-05,33.422911
2006-12-06,33.403377
2006-12-07,33.227196
2006-12-08,33.316672
2006-12-11,33.452141
2006-12-12,33.255628
2006-12-13,33.366715
2006-12-14,33.721996
2006-12-15,33.589973
2006-12-18,33.709015
2006-12-19,33.75099
2006-12-20,33.667446
2006-12-21,33.51944
2006-12-22,33.465039
2006-12-26,33.541367
2006-12-27,33.801013
2006-12-28,33.726942
2006-12-29,33.599604
2007-01-03,33.70442
2007-01-04,33.73638
2007-01-05,33.463775
2007-01-08,33.536255
2007-01-09,33.711566
2007-01-10,33.90311
2007-01-11,34.297366
2007-01-12,34.397361
2007-01-16,34.513854
2007-01-17,35.116864
2007-01-18,35.300641
2007-01-19,35.304853
2007-01-22,35.093461
2007-01-23,35.741731
2007-01-24,35.889501
2007-01-25,35.243301
2007-01-26,35.013535
2007-01-29,35.090085
2007-01-30,35.07313
2007-01-31,36.322969
2007-02-01,36.231312
2007-02-02,36.355098
2007-02-05,36.243293
2007-02-06,36.438581
2007-02-07,35.489263
2007-02-08,35.4225
2007-02-09,35.036839
2007-02-12,34.850659
2007-02-13,35.484316
2007-02-14,35.947071
2007-02-15,36.040162
2007-02-16,36.318594
2007-02-20,36.855175
2007-02-21,36.808468
2007-02-22,36.398482
2007-02-23,36.321797
2007-02-26,35.954088
2007-02-27,27.199809
2007-02-28,31.189172
2007-03-01,30.637349
2007-03-02,30.384136
2007-03-05,30.013728
2007-03-06,30.468724
2007-03-07,30.443996
2007-03-08,30.723316
2007-03-09,30.69334
2007-03-12,30.698195
2007-03-13,30.030904
2007-03-14,25.432244
2007-03-15,25.514258
2007-03-16,25.423755
2007-03-19,25.810708
2007-03-20,26.047246
2007-03-21,26.459535
2007-03-22,26.423814
2007-03-23,26.434316
2007-03-26,26.392165
2007-03-27,26.249736
2007-03-28,25.975991
2007-03-29,25.881859
2007-03-30,25.91126
2007-04-02,26.002173
2007-04-03,26.331376
2007-04-04,26.329282
2007-04-05,26.477878
2007-04-09,26.528866
2007-04-10,26.536534
2007-04-11,26.37275
2007-04-12,26.5247
2007-04-13,26.53788
2007-04-16,26.80689
2007-04-17,26.933206
2007-04-18,26.884737
2007-04-19,26.920168
2007-04-20,27.017193
2007-04-23,26.919836
2007-04-24,26.753538
2007-04-25,27.145666
2007-04-26,26.972824
2007-04-27,26.878405
2007-04-30,26.718829
2007-05-01,26.791523
2007-05-02,26.937355
2007-05-03,27.13946
2007-05-04,27.178677
2007-05-07,27.200038
2007-05-08,27.081113
2007-05-09,26.473515
2007-05-10,26.156696
2007-05-11,26.302892
2007-05-14,26.293304
2007-05-15,26.345494
2007-05-16,26.450521
2007-05-17,26.379061
2007-05-18,26.731893
2007-05-21,26.850853
2007-05-22,26.837758
2007-05-23,26.810828
2007-05-24,26.600496
2007-05-25,26.693276
2007-05-29,26.67477
2007-05-30,26.88339
2007-05-31,26.903876
2007-06-01,27.041735
2007-06-04,27.131428
2007-06-05,26.927626
2007-06-06,26.65853
2007-06-07,26.141582
2007-06-08,26.422886
2007-06-11,26.363319
2007-06-12,26.071545
2007-06-13,26.388596
2007-06-14,26.564746
2007-06-15,26.647186
2007-06-18,26.679756
2007-06-19,26.718744
2007-06-20,26.673488
2007-06-21,26.735283
2007-06-22,26.496276
2007-06-25,26.447396
2007-06-26,26.600363
2007-06-27,26.847897
2007-06-28,27.023989
2007-06-29,26.968668
2007-07-02,27.176381
2007-07-03,27.156315
2007-07-05,27.263806
2007-07-06,27.485473
2007-07-09,27.37792
2007-07-10,26.844985
2007-07-11,26.950271
2007-07-12,27.311695
2007-07-13,27.403701
2007-07-16,27.280811
2007-07-17,27.263589
2007-07-18,27.214887
2007-07-19,27.265591
2007-07-20,26.859949
2007-07-23,26.890102
2007-07-24,27.214236
2007-07-25,27.608781
2007-07-26,27.187731
2007-07-27,26.780565
2007-07-30,27.095802
2007-07-31,24.414923
2007-08-01,24.288747
2007-08-02,24.726996
2007-08-03,24.058449
2007-08-06,24.463976
2007-08-07,24.006979
2007-08-08,24.198212
2007-08-09,24.061638
2007-08-10,24.109244
2007-08-13,24.143161
2007-08-14,23.535433
2007-08-15,23.235292
2007-08-16,23.247771
2007-08-17,23.6432
2007-08-20,23.629493
2007-08-21,23.72973
2007-08-22,24.007487
2007-08-23,23.888917
2007-08-24,24.215339
2007-08-27,24.026881
2007-08-28,23.431314
2007-08-29,24.089007
2007-08-30,23.994759
2007-08-31,24.400543
2007-09-04,24.418561
2007-09-05,24.235099
2007-09-06,24.295847
2007-09-07,23.72191
2007-09-10,23.562837
2007-09-11,23.881663
2007-09-12,23.803235
2007-09-13,24.169926
2007-09-14,24.267562
2007-09-17,24.087232
2007-09-18,24.892033
2007-09-19,24.959792
2007-09-20,24.48592
2007-09-21,24.485483
2007-09-24,24.461589
2007-09-25,24.469555
2007-09-26,24.711573
2007-09-27,24.990504
2007-09-28,25.01384
2007-10-01,25.359767
2007-10-02,25.506725
2007-10-03,25.578979
2007-10-04,25.484919
2007-10-05,25.968179
2007-10-08,25.828663
2007-10-09,25.887686
2007-10-10,25.854351
2007-10-11,25.679497
2007-10-12,25.784169
2007-10-15,25.42259
2007-10-16,25.288996
2007-10-17,25.258505
2007-10-18,25.066399
2007-10-19,24.371972
2007-10-22,24.589742
2007-10-23,24.913147
2007-10-24,25.336158
2007-10-25,25.29394
2007-10-26,25.565211
2007-10-29,25.612958
2007-10-30,25.423087
2007-10-31,25.531006
2007-11-01,24.832571
2007-11-02,24.728455
2007-11-05,24.455771
2007-11-06,24.651129
2007-11-07,288.37475
2007-11-08,118.209903
2007-11-09,115.562178
2007-11-12,115.196746
2007-11-13,119.536973
2007-11-14,116.391557
2007-11-15,116.651116
2007-11-16,116.853741
2007-11-19,114.246602
2007-11-20,118.517621
2007-11-21,116.781988
2007-11-23,118.926615
2007-11-26,115.860759
2007-11-27,117.818071
2007-11-28,121.697669
2007-11-29,122.776223
2007-11-30,123.15847
2007-12-03,122.994684
2007-12-04,122.109846
2007-12-05,121.732613
2007-12-06,123.364896
2007-12-07,123.67266
2007-12-10,124.026163
2007-12-11,120.523062
2007-12-12,120.490691
2007-12-13,120.072216
2007-12-14,117.040045
2007-12-17,115.899177
2007-12-18,115.960577
2007-12-19,114.573243
2007-12-20,115.07631
2007-12-21,119.237858
2007-12-24,132.649205
2007-12-26,131.99152
2007-12-27,130.283128
2007-12-28,130.05722
2007-12-31,127.3876
2008-01-02,124.674221
2008-01-03,123.073835
2008-01-04,119.334556
2008-01-07,119.81281
2008-01-08,126.134507
2008-01-09,130.357993
2008-01-10,131.994714
2008-01-11,128.626355
2008-01-14,129.862275
2008-01-15,126.808605
2008-01-16,128.492549
2008-01-17,126.205577
2008-01-18,125.073482
2008-01-22,127.132167
2008-01-23,131.527901
2008-01-24,156.168868
2008-01-25,155.692821
2008-01-28,144.894015
2008-01-29,162.469746
2008-01-30,179.879255
2008-01-31,167.401653
2008-02-01,171.210714
2008-02-04,166.122027
2008-02-05,168.941818
2008-02-06,195.933303
2008-02-07,209.006997
2008-02-08,207.601827
2008-02-11,209.211945
2008-02-27,195.194452
2008-02-28,194.353018
2008-02-29,192.959223
2008-03-03,193.461838
2008-03-04,193.661536
2008-03-05,193.114952
2008-03-06,188.712449
2008-03-07,186.96453
2008-03-10,184.053379
2008-03-11,189.632544
2008-03-12,188.306074
2008-03-13,209.985281
2008-03-14,206.13922
2008-03-17,203.111661
2008-03-18,208.822204
2008-03-19,206.006647
2008-03-20,213.35445
2008-03-24,260.97991
2008-03-25,260.549627
2008-03-26,255.190545
2008-03-27,265.426987
2008-03-28,280.446682
2008-03-31,258.894186
2008-04-01,269.342766
2008-04-02,269.614812
2008-04-03,268.741856
2008-04-04,268.918594
2008-04-07,268.9062
2008-04-08,267.253486
2008-04-09,263.533164
2008-04-10,266.758781
2008-04-11,261.395568
2008-04-14,259.996503
2008-04-15,260.611307
2008-04-16,264.462835
2008-04-17,270.935474
2008-04-18,276.344158
2008-04-21,279.082276
2008-04-22,250.693997
2008-04-23,286.86231
2008-04-24,264.050248
2008-04-25,251.081663
2008-04-28,251.208821
2008-04-29,255.768591
2010-01-28,105.241204
2010-01-29,96.545615
2010-02-01,64.381913
2010-02-02,46.1571
2010-02-03,26.176188
2010-02-04,25.525473
2010-02-05,25.411161
2010-02-08,25.015723
2010-02-09,25.063149
2010-02-10,23.963398
2010-02-11,22.663558
2010-02-12,22.664783
2010-02-16,23.059683
2010-02-17,23.189316
2010-02-18,23.305515
2010-02-19,23.391862
2010-02-22,23.294057
2010-02-23,19.645203
2010-02-24,19.7171
2010-02-25,19.596859
2010-02-26,19.674699
2010-03-01,20.025221
2010-03-02,19.981782
2010-03-03,19.976645
2010-03-04,20.160595
2010-03-05,20.477586
2010-03-08,20.556471
2010-03-09,20.53846
2010-03-10,20.605876
2010-03-11,20.721274
2010-03-12,20.77029
2010-03-15,20.757907
2010-03-16,20.874606
2010-03-17,20.893903
2010-03-18,20.889361
2010-03-19,20.760712
2010-03-22,21.00625
2010-03-23,21.107677
2010-03-24,20.946391
2010-03-25,20.991501
2010-03-26,21.103478
2010-03-29,21.105888
2010-03-30,21.111995
2010-03-31,20.943919
2010-04-01,21.095326
2010-04-05,21.340475
2010-04-06,21.372865
2010-04-07,21.214833
2010-04-08,21.427016
2010-04-09,21.616174
2010-04-12,21.615941
2010-04-13,21.740726
2010-04-14,22.047008
2010-04-15,22.135531
2010-04-16,21.783066
2010-04-19,21.826253
2010-04-20,22.079951
2010-04-21,22.045165
2010-04-22,22.303123
2010-04-23,22.200164
2010-04-26,22.247962
2010-04-27,20.664862
2010-04-28,20.439049
2010-04-29,20.74303
2010-04-30,20.254773
2010-05-03,20.669457
2010-05-04,20.665667
2010-05-05,20.02496
2010-05-06,19.196304
2010-05-07,18.750701
2010-05-10,19.725323
2010-05-11,19.62415
2010-05-12,19.847748
2010-05-13,19.408421
2010-05-14,19.068614
2010-05-17,19.180637
2010-05-18,18.714991
2010-05-19,18.473406
2010-05-20,17.724479
2010-05-21,18.046265
2010-05-24,17.906613
2010-05-25,18.049001
2010-05-26,17.999945
2010-05-27,18.615746
2010-05-28,18.361498
2010-06-01,18.061669
2010-06-02,18.497991
2010-06-03,18.567216
2010-06-04,17.860025
2010-06-07,17.535574
2010-06-08,17.672231
2010-06-09,17.67358
2010-06-10,18.24652
2010-06-11,18.275848
2010-06-14,18.303021
2010-06-15,18.741083
2010-06-16,18.625168
2010-06-17,18.505517
2010-06-18,18.457655
2010-06-21,18.299396
2010-06-22,17.895432
2010-06-23,17.84644
2010-06-24,17.360752
2010-06-25,17.389748
2010-06-28,17.26773
2010-06-29,16.643213
2010-06-30,16.453411
2010-07-01,16.585418
2010-07-02,16.394415
2010-07-06,16.391933
2010-07-07,16.847204
2010-07-08,16.977679
2010-07-09,17.140414
2010-07-12,17.167951
2010-07-13,17.597646
2010-07-14,17.504377
2010-07-15,17.544314
2010-07-16,16.881677
2010-07-19,17.038875
2010-07-20,17.218748
2010-07-21,16.915553
2010-07-22,17.421381
2010-07-23,17.553451
2010-07-26,17.81611
2010-07-27,17.565791
2010-07-28,17.449323
2010-07-29,17.190442
2010-07-30,17.259753
2010-08-02,17.622252
2010-08-03,17.283608
2010-08-04,17.13575
2010-08-05,17.068681
2010-08-06,16.978112
2010-08-09,17.123176
2010-08-10,16.895454
2010-08-11,16.399308
2010-08-12,16.316437
2010-08-13,16.141753
2010-08-16,16.116643
2010-08-17,16.319535
2010-08-18,16.415715
2010-08-19,16.091801
2010-08-20,16.06325
2010-08-23,15.931976
2010-08-24,15.653807
2010-08-25,15.809663
2010-08-26,15.696263
2010-08-27,15.93741
2010-08-30,15.654421
2010-08-31,15.666797
2010-09-01,16.200586
2010-09-02,16.488618
2010-09-03,16.738278
2010-09-07,16.469405
2010-09-08,16.580158
2010-09-09,16.59062
2010-09-10,16.741895
2010-09-13,16.932008
2010-09-14,16.93412
2010-09-15,16.974456
2010-09-16,16.961684
2010-09-17,17.013906
2010-09-20,17.346334
2010-09-21,17.225738
2010-09-22,17.098756
2010-09-23,17.001402
2010-09-24,17.442278
2010-09-27,17.331699
2010-09-28,17.460588
2010-09-29,17.341665
2010-09-30,17.297705
2010-10-01,17.313295
2010-10-04,17.272685
2010-10-05,17.619293
2010-10-06,17.409095
2010-10-07,17.451623
2010-10-08,17.640087
2010-10-11,17.659346
2010-10-12,17.689223
2010-10-13,17.731411
2010-10-14,17.705493
2010-10-15,17.795026
2010-10-18,17.763667
2010-10-19,17.481544
2010-10-20,17.672076
2010-10-21,17.747263
2010-10-22,17.835247
2010-10-25,17.933954
2010-10-26,17.923928
2010-10-27,17.716206
2010-10-28,17.815823
2010-10-29,17.810842
2010-11-01,17.80148
2010-11-02,17.976787
2010-11-03,18.177569
2010-11-04,18.320761
2010-11-05,18.407144
2010-11-08,18.203762
2010-11-09,18.030572
2010-11-10,18.162093
2010-11-11,18.161951
2010-11-12,17.991062
2010-11-15,17.911024
2010-11-16,17.618352
2010-11-17,17.702555
2010-11-18,17.845852
2010-11-19,17.93474
2010-11-22,17.993793
2010-11-23,17.736961
2010-11-24,18.091854
2010-11-26,17.996851
2010-11-29,17.897207
2010-11-30,17.855201
2010-12-01,18.219594
2010-12-02,18.46212
2010-12-03,18.489619
2010-12-06,18.487982
2010-12-07,18.465179
2010-12-08,18.45497
2010-12-09,18.372032
2010-12-10,18.435331
2010-12-13,18.334862
2010-12-14,18.329519
2010-12-15,18.257513
2010-12-16,18.398427
2010-12-17,18.419385
2010-12-20,18.65609
2010-12-21,18.722604
2010-12-22,18.727951
2010-12-23,18.653579
2010-12-27,18.59924
2010-12-28,18.557215
2010-12-29,18.602635
2010-12-30,18.590476
2010-12-31,18.546084
2011-01-03,18.77406
2011-01-04,18.67115
2011-01-05,18.813687
2011-01-06,18.686034
2011-01-07,18.679251
2011-01-10,18.678217
2011-01-11,18.669183
2011-01-12,18.714287
2011-01-13,18.682662
2011-01-14,18.798918
2011-01-18,18.84858
2011-01-19,18.663135
2011-01-20,18.699214
2011-01-21,18.720875
2011-01-24,18.807937
2011-01-25,18.753053
2011-01-26,18.747461
2011-01-27,18.895445
2011-01-28,18.300016
2011-01-31,18.30745
2011-02-01,18.537151
2011-02-02,18.313808
2011-02-03,18.43315
2011-02-04,18.546634
2011-02-07,18.649987
2011-02-08,18.747226
2011-02-09,18.845132
2011-02-10,18.939485
2011-02-11,19.111179
2011-02-14,19.033543
2011-02-15,19.038687
2011-02-16,19.093093
2011-02-17,19.105429
2011-02-18,19.182382
2011-02-22,18.586416
2011-02-23,18.078785
2011-02-24,18.11289
2011-02-25,18.269602
2011-02-28,18.611516
2011-03-01,18.278283
2011-03-02,18.338014
2011-03-03,18.641217
2011-03-04,18.512706
2011-03-07,18.331818
2011-03-08,18.453496
2011-03-09,18.504075
2011-03-10,18.314961
2011-03-11,18.409847
2011-03-14,18.204046
2011-03-15,18.051438
2011-03-16,17.748666
2011-03-17,17.816119
2011-03-18,17.804806
2011-03-21,18.056552
2011-03-22,17.919245
2011-03-23,18.070249
2011-03-24,18.340302
2011-03-25,18.3825
2011-03-28,18.18628
2011-03-29,18.383445
2011-03-30,18.574251
2011-03-31,18.49978
2011-04-01,18.633305
2011-04-04,18.658772
2011-04-05,18.730778
2011-04-06,18.672032
2011-04-07,18.608454
2011-04-08,18.505843
2011-04-11,18.491924
2011-04-12,18.462623
2011-04-13,18.524213
2011-04-14,18.491743
2011-04-15,18.596379
2011-04-18,18.427703
2011-04-19,18.423348
2011-04-20,18.735907
2011-04-21,18.80251
2011-04-25,18.738294
2011-04-26,18.722491
2011-04-27,18.912645
2011-04-28,18.965786
2011-04-29,18.902073
2011-05-02,18.962348
2011-05-03,18.784782
2011-05-04,18.770654
2011-05-05,18.659492
2011-05-06,18.667668
2011-05-09,18.696171
2011-05-10,18.82587
2011-05-11,18.644036
2011-05-12,18.790145
2011-05-13,18.66254
2011-05-16,18.39695
2011-05-17,18.404909
2011-05-18,18.583867
2011-05-19,18.656529
2011-05-20,18.478427
2011-05-23,18.29801
2011-05-24,18.191591
2011-05-25,18.201708
2011-05-26,18.343849
2011-05-27,18.401473
2011-05-31,18.521367
2011-06-01,18.046418
2011-06-02,18.005885
2011-06-03,17.755985
2011-06-06,17.581462
2011-06-07,17.603362
2011-06-08,17.459999
2011-06-09,17.595378
2011-06-10,17.27111
2011-06-13,17.242065
2011-06-14,17.542169
2011-06-15,17.276017
2011-06-16,17.240582
2011-06-17,17.358895
2011-06-20,17.529937
2011-06-21,17.887786
2011-06-22,17.725564
2011-06-23,17.806675
2011-06-24,17.627716
2011-06-27,17.826623
2011-06-28,18.159522
2011-06-29,18.230881
2011-06-30,18.382279
2011-07-01,18.732513
2011-07-05,18.807593
2011-07-06,18.752591
2011-07-07,19.002688
2011-07-08,18.88552
2011-07-11,18.514827
2011-07-12,18.434895
2011-07-13,18.519996
2011-07-14,18.379149
2011-07-15,18.377693
2011-07-18,18.172982
2011-07-19,18.505095
2011-07-20,18.4155
2011-07-21,18.722772
2011-07-22,18.739503
2011-07-25,18.619277
2011-07-26,18.593843
2011-07-27,18.244562
2011-07-28,18.10644
2011-07-29,18.022074
2011-08-01,17.9193
2011-08-02,17.198941
2011-08-03,17.252156
2011-08-04,16.355364
2011-08-05,16.347176
2011-08-08,15.25695
2011-08-09,15.937684
2011-08-10,15.202667
2011-08-11,15.867862
2011-08-12,16.05441
2011-08-15,16.273471
2011-08-16,16.141419
2011-08-17,16.052776
2011-08-18,15.263243
2011-08-19,15.051605
2011-08-22,15.09915
2011-08-23,15.677462
2011-08-24,15.935626
2011-08-25,15.624516
2011-08-26,15.951437
2011-08-29,16.412582
2011-08-30,16.478126
2011-08-31,16.576946
2011-09-01,16.36851
2011-09-02,15.92127
2011-09-06,15.857005
2011-09-07,16.271156
2011-09-08,16.049855
2011-09-09,15.618152
2011-09-12,15.801644
2011-09-13,15.996671
2011-09-14,16.260147
2011-09-15,16.542765
2011-09-16,16.70952
2011-09-19,16.764707
2011-09-20,16.650578
2011-09-21,16.135506
2011-09-22,15.5873
2011-09-23,15.838823
2011-09-26,16.183163
2011-09-27,16.312176
2011-09-28,16.041658
2011-09-29,15.903292
2011-09-30,15.453206
2011-10-03,15.005794
2011-10-04,15.434768
2011-10-05,15.763201
2011-10-06,16.113988
2011-10-07,16.08566
2011-10-10,16.652168
2011-10-11,16.701154
2011-10-12,16.877513
2011-10-13,16.848668
2011-10-14,17.13347
2011-10-17,16.800236
2011-10-18,17.070963
2011-10-19,16.769642
2011-10-20,16.841798
2011-10-21,17.26963
2011-10-24,17.495536
2011-10-25,17.13338
2011-10-26,17.055118
2011-10-27,17.243193
2011-10-28,17.080413
2011-10-31,16.821168
2011-11-01,16.430744
2011-11-02,16.540513
2011-11-03,16.704203
2011-11-04,16.718805
2011-11-07,16.739946
2011-11-08,16.914721
2011-11-09,16.268717
2011-11-10,16.236277
2011-11-11,16.631018
2011-11-14,16.570384
2011-11-15,16.572234
2011-11-16,16.230544
2011-11-17,15.974936
2011-11-18,15.953934
2011-11-21,15.702143
2011-11-22,15.686144
2011-11-23,15.354521
2011-11-25,15.294123
2011-11-28,15.758732
2011-11-29,15.778824
2011-11-30,16.282964
2011-12-01,16.276079
2011-12-02,16.40236
2011-12-05,16.543043
2011-12-06,16.502131
2011-12-07,16.580851
2011-12-08,16.236306
2011-12-09,16.49547
2011-12-12,16.445361
2011-12-13,16.127234
2011-12-14,15.935986
2011-12-15,15.964061
2011-12-16,15.988357
2011-12-19,15.850414
2011-12-20,16.289594
2011-12-21,16.300413
2011-12-22,16.352787
2011-12-23,16.532383
2011-12-27,16.565731
2011-12-28,16.36831
2011-12-29,16.543726
2011-12-30,16.452775
2012-01-03,16.602547
2012-01-04,16.72625
2012-01-05,16.858633
2012-01-06,16.886307
2012-01-09,16.884665
2012-01-10,16.98771
2012-01-11,17.008071
2012-01-12,17.060226
2012-01-13,17.008723
2012-01-17,17.086622
2012-01-18,17.355032
2012-01-19,17.508282
2012-01-20,17.373289
2012-01-23,17.337658
2012-01-24,17.328524
2012-01-25,17.442029
2012-01-26,17.386934
2012-01-27,17.337654
2012-01-30,17.320027
2012-01-31,17.337916
2012-02-01,17.378476
2012-02-02,17.322322
2012-02-03,17.668163
2012-02-06,17.626467
2012-02-07,17.649031
2012-02-08,17.588269
2012-02-09,17.642099
2012-02-10,17.558767
2012-02-13,17.687533
2012-02-14,17.617158
2012-02-15,17.444339
2012-02-16,17.431137
2012-02-17,17.578442
2012-02-21,15.015387
2012-02-22,14.937866
2012-02-23,15.191234
2012-02-24,15.208903
2012-02-27,15.221794
2012-02-28,15.344941
2012-02-29,15.309125
2012-03-01,15.419692
2012-03-02,15.400562
2012-03-05,15.38838
2012-03-06,15.158365
2012-03-07,15.303322
2012-03-08,15.461961
2012-03-09,15.574622
2012-03-12,15.537709
2012-03-13,15.775235
2012-03-14,15.764084
2012-03-15,15.814579
2012-03-16,15.757589
2012-03-19,15.835677
2012-03-20,15.863112
2012-03-21,15.882246
2012-03-22,15.84857
2012-03-23,15.863781
2012-03-26,16.097236
2012-03-27,16.066068
2012-03-28,15.925627
2012-03-29,16.230947
2012-03-30,16.293407
2012-04-02,16.342977
2012-04-03,16.330318
2012-04-04,16.183129
2012-04-05,16.293833
2012-04-09,16.134184
2012-04-10,15.742006
2012-04-11,15.951899
2012-04-12,16.167539
2012-04-13,16.122631
2012-04-16,16.06839
2012-04-17,16.241746
2012-04-18,16.228064
2012-04-19,16.082231
2012-04-20,16.094887
2012-04-23,15.932033
2012-04-24,15.870431
2012-04-25,16.122328
2012-04-26,16.279084
2012-04-27,16.511029
2012-04-30,16.406218
2012-05-01,16.461053
2012-05-02,16.491477
2012-05-03,16.325513
2012-05-04,16.165316
2012-05-07,16.163646
2012-05-08,15.891366
2012-05-09,15.738777
2012-05-10,15.800753
2012-05-11,15.778808
2012-05-14,15.550959
2012-05-15,15.465139
2012-05-16,15.449947
2012-05-17,14.990261
2012-05-18,14.900589
2012-05-21,15.124064
2012-05-22,14.853754
2012-05-23,14.941701
2012-05-24,15.014722
2012-05-25,14.997161
2012-05-29,15.192813
2012-05-30,14.949679
2012-05-31,14.901115
2012-06-01,14.437851
2012-06-04,14.508138
2012-06-05,14.562998
2012-06-06,14.892203
2012-06-07,14.873977
2012-06-08,15.007347
2012-06-11,14.772745
2012-06-12,14.94704
2012-06-13,14.718127
2012-06-14,14.921835
2012-06-15,15.06561
2012-06-18,15.157435
2012-06-19,15.29834
2012-06-20,15.278266
2012-06-21,14.938065
2012-06-22,15.025524
2012-06-25,14.801084
2012-06-26,14.987665
2012-06-27,14.920646
2012-06-28,14.849723
2012-06-29,15.124925
2012-07-02,15.185796
2012-07-03,15.166967
2012-07-05,15.202817
2012-07-06,15.142652
2012-07-09,15.062067
2012-07-10,14.97731
2012-07-11,14.894651
2012-07-12,14.841495
2012-07-13,15.080061
2012-07-16,14.997274
2012-07-17,15.133987
2012-07-18,15.205372
2012-07-19,15.292419
2012-07-20,15.096774
2012-07-23,14.901251
2012-07-24,14.765223
2012-07-25,14.704841
2012-07-26,14.959043
2012-07-27,15.147573
2012-07-30,15.094731
2012-07-31,14.893992
2012-08-01,14.768625
2012-08-02,14.76382
2012-08-03,15.256924
2012-08-06,15.310591
2012-08-07,15.362413
2012-08-08,15.637907
2012-08-09,15.636454
2012-08-10,15.653777
2012-08-13,15.64901
2012-08-14,15.625915
2012-08-15,15.698137
2012-08-16,15.804022
2012-08-17,15.879116
2012-08-20,15.807531
2012-08-21,15.792476
2012-08-22,15.833906
2012-08-23,15.732717
2012-08-24,15.855934
2012-08-27,15.831614
2012-08-28,15.854742
2012-08-29,15.930949
2012-08-30,15.840554
2012-08-31,15.8881
2012-09-04,15.859921
2012-09-05,15.680023
2012-09-06,16.035694
2012-09-07,16.123312
2012-09-10,16.085129
2012-09-11,16.086992
2012-09-12,16.142158
2012-09-13,16.370997
2012-09-14,16.442712
2012-09-17,16.369521
2012-09-18,16.293811
2012-09-19,16.449052
2012-09-20,16.435005
2012-09-21,16.423971
2012-09-24,16.349233
2012-09-25,16.162384
2012-09-26,16.053031
2012-09-27,16.224964
2012-09-28,16.152851
2012-10-01,16.159683
2012-10-02,16.120661
2012-10-03,16.205506
2012-10-04,16.34619
2012-10-05,16.42271
2012-10-08,16.377189
2012-10-09,16.10873
2012-10-10,15.999377
2012-10-11,15.924566
2012-10-12,15.925746
2012-10-15,16.087358
2012-10-16,16.22692
2012-10-17,16.324304
2012-10-18,16.321271
2012-10-19,16.049291
2012-10-22,15.971478
2012-10-23,15.87701
2012-10-24,15.804664
2012-10-25,15.783905
2012-10-26,15.598472
2012-10-31,15.740935
2012-11-01,15.914166
2012-11-02,15.883072
2012-11-05,15.840475
2012-11-06,15.68891
2012-11-07,15.47211
2012-11-08,15.177474
2012-11-09,15.115147
2012-11-12,15.111832
2012-11-13,15.128153
2012-11-14,15.040486
2012-11-15,15.07411
2012-11-16,15.17875
2012-11-19,15.463379
2012-11-20,15.565473
2012-11-21,15.618633
2012-11-23,15.822695
2012-11-26,15.750405
2012-11-27,15.681347
2012-11-28,15.881387
2012-11-29,15.92425
2012-11-30,15.930483
2012-12-03,15.868574
2012-12-04,15.806687
2012-12-05,15.750139
2012-12-06,15.836254
2012-12-07,15.881925
2012-12-10,15.79445
2012-12-11,15.830997
2012-12-12,15.840825
2012-12-13,15.740766
2012-12-14,15.667548
2012-12-17,15.955103
2012-12-18,16.12612
2012-12-19,16.00317
2012-12-20,16.051203
2012-12-21,15.891317
2012-12-24,15.837347
2012-12-26,15.682361
2012-12-27,15.698441
2012-12-28,15.559329
2012-12-31,15.869404
2013-01-02,16.215909
2013-01-03,16.247337
2013-01-04,16.303261
2013-01-07,16.259773
2013-01-08,16.218666
2013-01-09,16.247095
2013-01-10,16.336187
2013-01-11,16.359977
2013-01-14,16.39592
2013-01-15,16.498429
2013-01-16,16.463714
2013-01-17,16.640918
2013-01-18,16.681721
2013-01-22,16.715155
2013-01-23,16.722636
2013-01-24,16.83392
2013-01-25,17.00668
2013-01-28,16.929112
2013-01-29,16.873413
2013-01-30,16.843509
2013-01-31,16.784688
2013-02-01,16.857257
2013-02-04,16.646849
2013-02-05,16.8678
2013-02-06,16.59891
2013-02-07,16.552735
2013-02-08,16.682724
2013-02-11,16.632543
2013-02-12,16.642962
2013-02-13,16.676902
2013-02-14,16.644087
2013-02-15,16.652751
2013-02-19,19.240391
2013-02-20,18.943829
2013-02-21,18.771615
2013-02-22,18.878118
2013-02-25,18.562053
2013-02-26,18.625447
2013-02-27,18.919545
2013-02-28,18.941389
2013-03-01,19.05284
2013-03-04,19.233998
2013-03-05,19.428088
2013-03-06,19.449117
2013-03-07,19.494972
2013-03-08,19.709322
2013-03-11,19.752232
2013-03-12,19.684351
2013-03-13,19.783277
2013-03-14,19.813852
2013-03-15,19.706777
2013-03-18,19.559354
2013-03-19,19.415753
2013-03-20,19.633875
2013-03-21,19.440509
2013-03-22,19.674107
2013-03-25,19.640393
2013-03-26,19.746759
2013-03-27,19.800708
2013-03-28,19.853429
2013-04-01,19.700088
2013-04-02,19.87279
2013-04-03,19.671977
2013-04-04,19.785457
2013-04-05,19.70526
2013-04-08,19.916957
2013-04-09,19.868535
2013-04-10,20.07993
2013-04-11,20.254298
2013-04-12,20.353249
2013-04-15,19.830815
2013-04-16,20.107315
2013-04-17,19.906409
2013-04-18,19.664632
2013-04-19,19.903682
2013-04-22,19.989116
2013-04-23,20.261949
2013-04-24,20.168825
2013-04-25,20.288025
2013-04-26,20.176021
2013-04-29,20.248204
2013-04-30,20.288077
2013-05-01,20.08993
2013-05-02,20.313881
2013-05-03,20.577421
2013-05-06,20.633716
2013-05-07,20.673916
2013-05-08,20.307039
2013-05-09,20.333621
2013-05-10,20.499057
2013-05-13,20.497459
2013-05-14,20.703524
2013-05-15,20.806044
2013-05-16,20.590797
2013-05-17,20.797678
2013-05-20,20.714668
2013-05-21,20.752324
2013-05-22,20.584756
2013-05-23,20.490211
2013-05-24,20.451384
2013-05-28,20.633234
2013-05-29,20.429044
2013-05-30,20.400507
2013-05-31,20.18009
2013-06-03,20.287212
2013-06-04,20.185398
2013-06-05,19.85569
2013-06-06,20.055955
2013-06-07,20.204376
2013-06-10,20.141511
2013-06-11,19.949474
2013-06-12,19.73831
2013-06-13,20.087386
2013-06-14,20.034514
2013-06-17,20.139181
2013-06-18,20.345541
2013-06-19,20.121173
2013-06-20,19.586074
2013-06-21,19.635702
2013-06-24,19.457549
2013-06-25,19.690764
2013-06-26,19.939907
2013-06-27,20.083663
2013-06-28,20.148449
2013-07-01,20.237648
2013-07-02,20.27621
2013-07-03,20.377924
2013-07-05,20.584222
2013-07-08,20.766755
2013-07-09,20.856984
2013-07-10,20.883751
2013-07-11,21.186762
2013-07-12,21.306039
2013-07-15,21.236415
2013-07-16,21.117245
2013-07-17,21.143301
2013-07-18,21.204236
2013-07-19,21.171836
2013-07-22,21.141656
2013-07-23,21.098919
2013-07-24,20.97496
2013-07-25,21.092645
2013-07-26,21.166431
2013-07-29,21.054271
2013-07-30,20.977552
2013-07-31,20.95403
2013-08-01,21.266766
2013-08-02,21.38787
2013-08-05,21.343868
2013-08-06,21.048914
2013-08-07,20.779497
2013-08-08,20.902874
2013-08-09,20.845686
2013-08-12,20.828069
2013-08-13,20.820293
2013-08-14,20.590352
2013-08-15,20.216185
2013-08-16,20.143256
2013-08-19,20.060871
2013-08-20,20.17904
2013-08-21,19.969868
2013-08-22,20.166588
2013-08-23,20.169901
2013-08-26,20.124667
2013-08-27,19.800309
2013-08-28,19.968432
2013-08-29,20.056412
2013-08-30,19.926453
2013-09-03,20.57737
2013-09-04,20.776814
2013-09-05,20.796409
2013-09-06,20.752081
2013-09-09,20.974599
2013-09-10,21.176293
2013-09-11,21.322578
2013-09-12,21.272674
2013-09-13,21.340515
2013-09-16,21.423832
2013-09-17,21.548153
2013-09-18,21.802472
2013-09-19,21.804355
2013-09-20,21.135654
2013-09-23,21.002825
2013-09-24,21.074188
2013-09-25,20.939929
2013-09-26,21.088556
2013-09-27,21.098913
2013-09-30,21.212352
2013-10-01,21.39803
2013-10-02,21.384639
2013-10-03,21.167666
2013-10-04,21.35347
2013-10-07,21.05544
2013-10-08,20.778352
2013-10-09,20.697931
2013-10-10,21.167156
2013-10-11,21.334454
2013-10-14,21.414643
2013-10-15,21.24205
2013-10-16,21.483725
2013-10-17,21.64137
2013-10-18,21.775313
2013-10-21,21.792371
2013-10-22,21.909477
2013-10-23,21.760265
2013-10-24,21.521875
2013-10-25,21.665783
2013-10-28,21.615562
2013-10-29,21.713018
2013-10-30,21.737934
2013-10-31,21.846599
2013-11-01,21.897755
2013-11-04,21.975903
2013-11-05,22.240183
2013-11-06,22.101127
2013-11-07,21.561724
2013-11-08,21.891625
2013-11-11,21.899974
2013-11-12,21.845025
2013-11-13,22.236462
2013-11-14,22.350603
2013-11-15,22.416953
2013-11-18,22.677265
2013-11-19,22.415545
2013-11-20,22.162594
2013-11-21,22.254987
2013-11-22,22.409315
2013-11-25,22.434225
2013-11-26,22.547996
2013-11-27,22.621067
2013-11-29,22.654111
2013-12-02,21.863087
2013-12-03,21.674553
2013-12-04,21.622484
2013-12-05,21.611314
2013-12-06,21.800606
2013-12-09,21.769859
2013-12-10,21.783147
2013-12-11,21.566329
2013-12-12,21.47891
2013-12-13,21.537048
2013-12-16,21.689996
2013-12-17,21.619069
2013-12-18,21.950783
2013-12-19,21.917509
2013-12-20,22.002976
2013-12-23,22.163093
2013-12-24,22.222757
2013-12-26,22.366132
2013-12-27,22.288138
2013-12-30,22.371737
2013-12-31,22.461151
2014-01-02,22.349288
2014-01-03,22.293674
2014-01-06,22.160992
2014-01-07,22.285636
2014-01-08,22.242018
2014-01-09,22.21537
2014-01-10,22.299037
2014-01-13,21.865535
2014-01-14,22.032547
2014-01-15,22.084827
2014-01-16,21.983157
2014-01-17,21.87754
2014-01-21,21.837716
2014-01-22,21.899161
2014-01-23,21.705088
2014-01-24,21.324335
2014-01-27,21.240003
2014-01-28,20.987199
2014-01-29,20.628529
2014-01-30,20.828914
2014-01-31,20.54748
2014-02-03,20.002227
2014-02-04,20.187687
2014-02-05,20.157757
2014-02-06,20.79252
2014-02-07,21.051573
2014-02-10,21.043371
2014-02-11,21.196209
2014-02-12,21.188712
2014-02-13,21.206471
2014-02-14,21.378578
2014-02-18,21.398549
2014-02-19,21.20107
2014-02-20,21.305575
2014-02-21,21.324869
2014-02-24,21.417064
2014-02-25,21.485117
2014-02-26,21.655467
2014-02-27,21.572195
2014-02-28,21.64462
2014-03-03,21.453789
2014-03-04,21.718552
2014-03-05,21.784609
2014-03-06,21.871361
2014-03-07,21.84557
2014-03-10,21.765294
2014-03-11,21.642777
2014-03-12,21.621524
2014-03-13,21.307755
2014-03-14,21.314023
2014-03-17,21.464615
2014-03-18,21.559572
2014-03-19,21.421375
2014-03-20,21.465741
2014-03-21,21.387303
2014-03-24,21.198005
2014-03-25,21.091062
2014-03-26,20.924566
2014-03-27,20.836279
2014-03-28,21.005753
2014-03-31,21.135836
2014-04-01,21.430319
2014-04-02,21.574088
2014-04-03,21.464156
2014-04-04,21.099044
2014-04-07,20.697369
2014-04-08,20.899211
2014-04-09,21.129696
2014-04-10,20.618573
2014-04-11,20.334867
2014-04-14,20.492814
2014-04-15,20.517835
2014-04-16,20.798689
2014-04-17,20.834926
2014-04-21,20.872742
2014-04-22,20.935671
2014-04-23,20.78378
2014-04-24,20.973946
2014-04-25,20.766019
2014-04-28,20.715162
2014-04-29,20.819231
2014-04-30,20.784816
2014-05-01,20.864048
2014-05-02,20.913936
2014-05-05,20.926564
2014-05-06,20.559908
2014-05-07,20.785811
2014-05-08,20.846263
2014-05-09,20.964108
2014-05-12,21.227675
2014-05-13,21.15404
2014-05-14,20.923033
2014-05-15,20.778499
2014-05-16,20.922445
2014-05-19,21.014003
2014-05-20,20.791924
2014-05-21,21.009931
2014-05-22,21.045719
2014-05-23,21.222721
2014-05-27,21.319617
2014-05-28,21.282663
2014-05-29,21.36445
2014-05-30,21.383883
2014-06-02,21.451763
2014-06-03,21.407757
2014-06-04,21.491021
2014-06-05,21.636538
2014-06-06,21.753425
2014-06-09,21.743946
2014-06-10,21.689908
2014-06-11,21.564455
2014-06-12,21.290544
2014-06-13,21.293107
2014-06-16,21.36564
2014-06-17,21.429339
2014-06-18,21.588732
2014-06-19,21.549472
2014-06-20,21.496939
2014-06-23,21.557127
2014-06-24,21.497622
2014-06-25,21.673389
2014-06-26,21.690444
2014-06-27,21.748138
2014-06-30,21.734099
2014-07-01,21.963409
2014-07-02,21.997366
2014-07-03,22.166236
2014-07-07,22.029441
2014-07-08,21.809489
2014-07-09,22.075898
2014-07-10,21.878613
2014-07-11,21.953275
2014-07-14,22.011985
2014-07-15,21.934129
2014-07-16,21.975613
2014-07-17,21.783739
2014-07-18,22.034436
2014-07-21,21.914489
2014-07-22,21.895351
2014-07-23,21.866122
2014-07-24,22.121153
2014-07-25,21.861533
2014-07-28,21.901019
2014-07-29,21.823219
2014-07-30,21.937491
2014-07-31,21.433228
2014-08-01,21.314005
2014-08-04,21.512623
2014-08-05,21.28116
2014-08-06,21.153352
2014-08-07,20.826542
2014-08-08,21.152502
2014-08-11,21.218609
2014-08-12,21.156751
2014-08-13,21.223949
2014-08-14,21.381235
2014-08-15,21.350789
2014-08-18,21.535188
2014-08-19,21.61047
2014-08-20,21.776807
2014-08-21,21.738592
2014-08-22,21.764484
2014-08-25,21.824039
2014-08-26,21.851666
2014-08-27,21.869566
2014-08-28,21.818889
2014-08-29,21.819527
2014-09-02,21.857762
2014-09-03,21.756829
2014-09-04,21.842526
2014-09-05,21.926416
2014-09-08,21.813399
2014-09-09,21.599105
2014-09-10,21.67152
2014-09-11,21.682866
2014-09-12,21.628975
2014-09-15,21.542113
2014-09-16,21.638739
2014-09-17,21.636823
2014-09-18,21.72429
2014-09-19,21.744424
2014-09-22,21.499691
2014-09-23,21.284045
2014-09-24,21.505305
2014-09-25,21.161985
2014-09-26,21.390205
2014-09-29,21.263431
2014-09-30,21.148887
2014-10-01,20.880838
2014-10-02,20.960491
2014-10-03,21.234662
2014-10-06,21.11625
2014-10-07,20.755924
2014-10-08,21.081391
2014-10-09,20.614124
2014-10-10,20.433786
2014-10-13,20.013295
2014-10-14,20.146515
2014-10-15,19.982256
2014-10-16,20.029669
2014-10-17,20.245439
2014-10-20,20.496353
2014-10-21,20.964838
2014-10-22,20.750179
2014-10-23,21.224658
2014-10-24,21.263097
2014-10-27,21.301665
2014-10-28,21.546936
2014-10-29,21.527201
2014-10-30,21.209264
2014-10-31,21.423471
2014-11-03,21.427549
2014-11-04,21.03194
2014-11-05,21.14968
2014-11-06,21.305516
2014-11-07,21.264881
2014-11-10,21.247701
2014-11-11,21.322941
2014-11-12,21.419247
2014-11-13,21.554079
2014-11-14,21.636417
2014-11-17,21.615528
2014-11-18,21.585574
2014-11-19,21.645983
2014-11-20,21.714117
2014-11-21,21.764089
2014-11-24,21.969588
2014-11-25,22.032086
2014-11-26,22.03839
2014-11-28,22.295236
2014-12-01,22.052685
2014-12-02,22.131293
2014-12-03,22.165964
2014-12-04,22.135995
2014-12-05,22.212675
2014-12-08,22.026323
2014-12-09,21.987855
2014-12-10,21.675927
2014-12-11,21.828532
2014-12-12,21.692857
2014-12-15,21.566854
2014-12-16,21.233784
2014-12-17,21.641717
2014-12-18,21.960141
2014-12-19,22.055264
2014-12-22,22.286841
2014-12-23,22.418683
2014-12-24,22.377611
2014-12-26,22.503848
2014-12-29,22.655195
2014-12-30,22.569386
2014-12-31,22.488639
2015-01-02,22.326849
2015-01-05,21.883108
2015-01-06,21.676422
2015-01-07,22.008253
2015-01-08,22.337747
2015-01-09,22.0823
2015-01-12,21.977392
2015-01-13,21.952014
2015-01-14,21.699207
2015-01-15,21.415694
2015-01-16,21.696381
2015-01-20,21.546035
2015-01-21,21.67982
2015-01-22,21.979224
2015-01-23,21.999684
2015-01-26,22.123649
2015-01-27,21.948663
2015-01-28,21.650993
2015-01-29,22.583275
2015-01-30,22.39044
2015-02-02,22.58994
2015-02-03,22.858936
2015-02-04,22.054499
2015-02-05,22.174956
2015-02-06,22.145069
2015-02-09,22.058337
2015-02-10,22.292933
2015-02-11,22.366618
2015-02-12,22.635451
2015-02-13,22.780481
2015-02-17,22.319688
2015-02-18,22.274138
2015-02-19,22.326084
2015-02-20,22.495636
2015-02-23,22.483687
2015-02-24,22.466001
2015-02-25,22.367958
2015-02-26,22.259879
2015-02-27,22.231771
2015-03-02,22.497276
2015-03-03,22.396101
2015-03-04,22.22099
2015-03-05,22.248571
2015-03-06,22.069741
2015-03-09,22.187363
2015-03-10,21.819924
2015-03-11,21.715649
2015-03-12,22.153331
2015-03-13,21.993213
2015-03-16,22.233634
2015-03-17,22.117998
2015-03-18,22.312052
2015-03-19,22.247125
2015-03-20,22.419089
2015-03-23,22.47412
2015-03-24,22.361035
2015-03-25,21.982252
2015-03-26,21.836561
2015-03-27,21.941339
2015-03-30,22.159755
2015-03-31,22.058794
2015-04-01,21.958785
2015-04-02,22.146314
2015-04-06,22.249193
2015-04-07,22.133461
2015-04-08,22.334406
2015-04-09,22.35477
2015-04-10,22.426593
2015-04-13,22.308727
2015-04-14,22.292432
2015-04-15,22.299409
2015-04-16,22.356291
2015-04-17,22.028572
2015-04-20,22.260617
2015-04-21,22.256317
2015-04-22,22.346879
2015-04-23,22.314235
2015-04-24,22.608505
2015-04-27,22.417242
2015-04-28,22.406422
2015-04-29,22.291187
2015-04-30,22.118163
2015-05-01,22.426092
2015-05-04,22.419716
2015-05-05,22.106109
2015-05-06,21.999297
2015-05-07,22.11457
2015-05-08,22.356685
2015-05-11,22.261493
2015-05-12,22.217867
2015-05-13,22.084865
2015-05-14,22.179179
2015-05-15,22.345047
2015-05-18,22.442481
2015-05-19,22.36866
2015-05-20,22.289441
2015-05-21,22.451123
2015-05-22,22.413893
2015-05-26,22.266261
2015-05-27,22.41458
2015-05-28,22.360219
2015-05-29,22.207775
2015-06-01,22.260522
2015-06-02,22.287648
2015-06-03,22.447642
2015-06-04,22.294686
2015-06-05,22.23287
2015-06-08,22.114311
2015-06-09,22.093532
2015-06-10,22.318185
2015-06-11,22.37485
2015-06-12,22.280858
2015-06-15,22.177707
2015-06-16,22.299645
2015-06-17,22.403665
2015-06-18,22.684343
2015-06-19,22.625134
2015-06-22,22.788681
2015-06-23,22.843498
2015-06-24,22.664627
2015-06-25,22.623428
2015-06-26,22.714647
2015-06-29,22.177366
2015-06-30,22.287738
2015-07-01,22.51907
2015-07-02,22.489916
2015-07-06,22.435997
2015-07-07,22.617302
2015-07-08,22.195514
2015-07-09,22.26783
2015-07-10,22.589531
2015-07-13,22.921264
2015-07-14,22.971863
2015-07-15,22.822729
2015-07-16,22.97979
2015-07-17,22.93676
2015-07-20,22.941997
2015-07-21,22.895007
2015-07-22,22.979345
2015-07-23,22.594979
2015-07-24,22.528279
2015-07-27,22.367717
2015-07-28,22.535572
2015-07-29,22.939304
2015-07-30,22.983936
2015-07-31,23.040171
2015-08-03,22.982455
2015-08-04,23.002772
2015-08-05,22.879174
2015-08-06,22.565724
2015-08-07,22.550405
2015-08-10,22.74285
2015-08-11,22.511559
2015-08-12,22.501571
2015-08-13,22.644771
2015-08-14,22.671073
2015-08-17,22.891146
2015-08-18,22.844072
2015-08-19,22.685067
2015-08-20,22.056397
2015-08-21,21.330912
2015-08-24,20.474657
2015-08-25,20.391091
2015-08-26,21.180808
2015-08-27,21.672242
2015-08-28,21.676468
2015-08-31,21.517149
2015-09-01,21.000108
2015-09-02,21.44144
2015-09-03,21.454094
2015-09-04,21.214998
2015-09-08,21.707238
2015-09-09,21.465462
2015-09-10,21.523734
2015-09-11,21.683225
2015-09-14,21.561447
2015-09-15,21.793858
2015-09-16,22.043799
2015-09-17,22.099073
2015-09-18,21.762407
2015-09-21,22.000062
2015-09-22,21.691951
2015-09-23,21.632502
2015-09-24,21.528018
2015-09-25,21.530197
2015-09-28,20.907389
2015-09-29,20.848144
2015-09-30,21.404229
2015-10-01,21.557013
2015-10-02,21.864592
2015-10-05,22.178614
2015-10-06,22.01982
2015-10-07,22.08899
2015-10-08,22.347854
2015-10-09,22.386355
2015-10-12,22.492613
2015-10-13,22.368377
2015-10-14,22.148239
2015-10-15,22.471092
2015-10-16,22.605341
2015-10-19,22.702618
2015-10-20,22.636492
2015-10-21,22.544279
2015-10-22,22.701498
2015-10-23,22.839898
2015-10-26,23.01516
2015-10-27,22.77666
2015-10-28,22.926121
2015-10-29,23.008701
2015-10-30,23.05934
2015-11-02,23.160302
2015-11-03,23.185356
2015-11-04,23.039383
2015-11-05,23.073325
2015-11-06,23.067948
2015-11-09,22.729075
2015-11-10,22.894552
2015-11-11,22.79474
2015-11-12,22.556456
2015-11-13,21.958166
2015-11-16,22.227195
2015-11-17,22.218903
2015-11-18,22.561382
2015-11-19,22.577911
2015-11-20,22.855014
2015-11-23,22.945855
2015-11-24,22.899837
2015-11-25,23.01288
2015-11-27,22.919658
2015-11-30,22.724789
2015-12-01,22.954215
2015-12-02,22.746782
2015-12-03,22.396133
2015-12-04,22.838522
2015-12-07,22.739017
2015-12-08,22.657488
2015-12-09,22.379479
2015-12-10,22.434704
2015-12-11,21.914112
2015-12-14,22.01429
2015-12-15,22.141227
2015-12-16,22.517973
2015-12-17,22.147808
2015-12-18,21.763958
2015-12-21,21.912119
2015-12-22,22.040654
2015-12-23,22.166603
2015-12-24,22.110101
2015-12-28,22.169112
2015-12-29,22.419081
2015-12-30,22.243227
2015-12-31,22.026321
2016-01-01,22.728572640644867
2016-01-04,22.238359599937635
2016-01-05,22.15133421181843
2016-01-06,21.602699549597865
2016-01-07,21.20345153614598
2016-01-08,21.07564146690295
2016-01-11,21.278739483255443
2016-01-12,21.454883039178963
2016-01-13,20.928700374793003
2016-01-14,20.96807415222296
2016-01-15,20.426226162418445
2016-01-18,20.487639918751476
2016-01-19,20.52394295826602
2016-01-20,20.32479929151225
2016-01-21,20.67288286997123
2016-01-22,20.938156316639827
2016-01-25,20.67304943328978
2016-01-26,20.98364545861096
2016-01-27,20.831158381681018
2016-01-28,20.789943997162712
2016-01-29,21.324467327827204
2016-02-01,21.706779938614527
2016-02-02,21.309641452819644
2016-02-03,20.94353885680223
2016-02-04,20.783922091725376
2016-02-05,20.24999770434368
2016-02-08,20.002432394234475
2016-02-09,19.96138234174908
2016-02-10,19.513790256148223
2016-02-11,19.41419906678032
2016-02-12,19.957200384101963
2016-02-15,20.074951521959157
2016-02-16,20.562527362736525
2016-02-17,20.862909046462484
2016-02-18,20.75266748183689
2016-02-19,20.75963889599029
2016-02-22,21.05124859023915
2016-02-23,20.95795656117817
2016-02-24,21.09904840538005
2016-02-25,21.35095573197627
2016-02-26,21.39886750135125
2016-02-29,21.20418420697644
2016-03-01,21.70860545489084
2016-03-02,21.677442589404077
2016-03-03,21.93433047716319
2016-03-04,21.91490367138241
2016-03-07,21.782571042861253
2016-03-08,21.553126124657
2016-03-09,21.44383676260106
2016-03-10,21.54813162585053
2016-03-11,21.86866048362432
2016-03-14,21.57937572270888
2016-03-15,21.872615261856385
2016-03-16,22.12337592212499
2016-03-17,22.320668227478144
2016-03-18,22.284319967672463
2016-03-21,22.19919517401584
2016-03-22,22.111236197961524
2016-03-23,21.928709526254263
2016-03-24,21.93483079370127
2016-03-25,22.03719882674006
2016-03-28,22.175745486628436
2016-03-29,22.354835790568224
2016-03-30,22.480971669612146
2016-03-31,21.67918978566064
2016-04-01,21.635493076210757
2016-04-04,21.2743907071861
2016-04-05,21.34361017344405
2016-04-06,21.40080048360139
2016-04-07,21.14761547122849
2016-04-08,21.168378625318123
2016-04-11,21.172182394786464
2016-04-12,21.31555281318081
2016-04-13,21.558981808568653
2016-04-14,21.549165240689096
2016-04-15,21.517963924184247
2016-04-18,21.08784542156929
2016-04-19,21.89566143700576
2016-04-20,22.039348111896192
2016-04-21,21.804206440860888
2016-04-22,21.731296195364784
2016-04-25,21.736234770541422
2016-04-26,21.802550702725732
2016-05-06,21.555579228961776
2016-05-11,21.33226110910798
2016-05-12,21.43712223699201
2016-05-13,21.269776976791903
2016-05-16,21.544370306094045
2016-05-17,21.215097838216437
2016-05-18,21.10222248222883
2016-05-19,21.011905214893
2016-05-20,21.19703213505837
2016-05-23,21.160507104493025
2016-05-24,21.407976519495172
2016-05-25,21.504497513516643
2016-05-26,21.475900900233977
2016-05-27,21.51751282543537
2016-05-30,21.59907995813716
2016-05-31,21.465684041365787
2016-06-01,21.297575530370427
2016-06-02,21.399274806688176
2016-06-03,21.33739758166825
2016-06-06,21.36508114077775
2016-06-07,21.46161478229637
2016-06-08,21.45949886912888
2016-06-09,21.324445816190764
2016-06-10,21.18737294830254
2016-06-13,21.06810426710373
2016-06-14,20.951272051825736
2016-06-15,21.04683633900573
2016-06-16,21.09900025281673
2016-06-17,21.18872279395265
2016-06-20,21.399837577077253
2016-06-21,21.33349009390821
2016-06-22,21.190350483358813
2016-06-23,21.40812935427421
2016-06-24,20.60165633085508
2016-06-27,20.138152480692085
2016-06-28,20.503751964566995
2016-06-29,20.97805430253049
2016-06-30,20.708964707048743
2016-07-01,20.921982573353446
2016-07-04,20.85504071436609
2016-07-05,20.593087253314724
2016-07-06,20.75403270414409
2016-07-07,20.99581138974273
2016-07-08,21.38053089221709
2016-07-11,21.5026493529834
2016-07-12,21.660095232108077
2016-07-13,21.47789563147955
2016-07-14,21.509067034448325
2016-07-15,21.42274980884368
2016-07-18,21.51640474945344
2016-07-19,21.533751851577204
2016-07-20,21.570744350302277
2016-07-21,21.5298925459124
2016-07-22,21.612704976062854
2016-07-25,21.586845763680778
2016-07-26,21.55413712220844
2016-07-27,21.488118959806897
2016-07-28,21.26478558441108
2016-07-29,21.30813592561908
2016-08-01,21.464709534537477
2016-08-02,21.015463175268238
2016-08-03,21.18422250724509
2016-08-04,21.329849770518276
2016-08-05,21.457923289683272
2016-08-08,21.43188034914067
2016-08-09,21.391300158757915
2016-08-10,21.28272758607577
2016-08-11,21.670738508409883
2016-08-12,21.635292957667847
2016-08-15,21.687212811388093
2016-08-16,21.56472844156032
2016-08-17,21.44877405184183
2016-08-18,21.40837008521237
2016-08-19,21.457576941702296
2016-08-22,21.4430018064479
2016-08-23,21.53835200888405
2016-08-24,21.454696331617058
2016-08-25,21.38534853777385
2016-08-26,21.321603236125288
2016-08-29,21.382553446896736
2016-08-30,21.326605310120296
2016-08-31,21.22165793733136
2016-09-01,21.215220321254805
2016-09-02,21.319906404959998
2016-09-05,21.39632867655296
2016-09-06,21.366711802768307
2016-09-07,21.44483360995808
2016-09-08,21.246532524395796
2016-09-09,20.725918913343072
2016-09-12,21.025019456181216
2016-09-13,20.727846982699663
2016-09-14,20.667922700960997
2016-09-15,20.901899097494645
2016-09-16,20.827429576581103
2016-09-19,20.88251988349925
2016-09-20,20.863373825535312
2016-09-21,21.09527420773205
2016-09-22,21.212710250731867
2016-09-23,21.18805305606893
2016-09-26,20.91810676970093
2016-09-27,21.050277784702597
2016-09-28,21.189845932378184
2016-09-29,21.030882236810324
2016-09-30,21.149649655552064
2016-10-03,21.03542471950669
2016-10-04,20.99564449460601
2016-10-05,21.051397480081416
2016-10-06,21.071281561898893
2016-10-07,20.97113318356364
2016-10-10,20.953682608467663
2016-10-11,20.75156244108156
2016-10-12,20.89793874325072
2016-10-13,20.74578262208484
2016-10-14,20.782271538389157
2016-10-17,20.65286219305152
2016-10-18,20.58963919501141
2016-10-19,20.71218920236956
2016-10-20,20.735956663719083
2016-10-21,20.81888586525236
2016-10-24,21.03562113388994
2016-10-25,20.63680988090812
2016-10-26,20.69489648183375
2016-10-27,20.42705611222551
2016-10-28,20.61212408818732
2016-10-31,20.112964859447445
2016-11-01,19.91710999138277
2016-11-02,19.83619454457528
2016-11-03,19.657689314964728
2016-11-04,19.71226968542726
2016-11-07,20.261668461470965
2016-11-08,20.319082081654688
2016-11-09,20.429471263124924
2016-11-10,20.7833430901366
2016-11-11,20.74412740593482
2016-11-14,20.598146630274165
2016-11-15,20.566378994581655
2016-11-16,20.76313241844228
2016-11-17,20.993535048357483
2016-11-18,20.901430798051173
2016-11-21,21.009570896287627
2016-11-22,21.380823409577573
2016-11-23,21.31039772710041
2016-11-25,21.47310946746381
2016-11-29,21.313912938222444
2016-11-30,21.043535679045284
2016-12-01,21.207078981332195
2016-12-02,20.83950638941032
2016-12-05,21.038463656595443
2016-12-06,21.16333300819217
2016-12-07,21.659440145180465
2016-12-08,21.595691430517583
2016-12-09,21.68981793170156
2016-12-12,21.44460128700534
2016-12-13,21.618836272860392
2016-12-14,21.409184109339044
2016-12-15,21.48425234023527
2016-12-16,21.361627650401008
2016-12-19,21.45336656323596
2016-12-20,21.66275995108989
2016-12-21,21.60589162433218
2016-12-22,21.34876697758376
2016-12-23,21.38317935377095
2016-12-26,21.351033601769537
2016-12-27,21.35763140989809
2016-12-28,21.25071613884877
2016-12-29,21.27452007246865
2016-12-30,21.08222091037717
2017-01-02,22.31009817029129
2017-01-03,22.463559465129908
2017-01-04,22.860872979509868
2017-01-05,22.560246131509885
2017-01-06,22.769029720838173
2017-01-09,22.84356602813078
2017-01-10,23.041459074483164
2017-01-11,23.006802463799456
2017-01-12,22.919600552272907
2017-01-13,23.03142792258077
2017-01-16,23.07961061517229
2017-01-17,23.140055036501245
2017-01-18,23.016444219506926
2017-01-19,22.91117913842412
2017-01-20,22.99315308089478
2017-01-23,22.945626395862348
2017-01-24,23.236620836962228
2017-01-25,23.395783841791
2017-01-26,23.295909053797818
2017-01-27,23.24751701351866
2017-01-30,23.254475982899734
2017-01-31,23.238324409840263
2017-02-01,23.073157122907787
2017-02-02,23.099018152012427
2017-02-03,23.060357582232843
2017-02-06,22.87065731003817
2017-02-07,22.686008963918187
2017-02-08,22.83165025333787
2017-02-09,23.14666754775021
2017-02-10,23.263072319073817
2017-02-13,23.31427178284025
2017-02-14,23.55816256916561
2017-02-15,23.539129887628835
2017-02-16,23.435121675454965
2017-02-17,23.543195410372554
2017-02-20,23.53196007128277
2017-02-21,23.66717556073633
2017-02-22,23.667186654499343
2017-02-23,23.490150482025907
2017-02-24,23.645316395941418
2017-02-27,23.60387441846873
2017-02-28,23.270240126888883
2017-03-01,23.60423739575882
2017-03-02,23.62271495425859
2017-03-03,23.50149220416881
2017-03-06,23.378261031838413
2017-03-07,23.31102055764434
2017-03-08,23.393708365558982
2017-03-09,23.36423921295788
2017-03-10,23.43094218285874
2017-03-13,23.416437240267975
2017-03-14,23.465708181314763
2017-03-15,23.56052797386701
2017-03-16,23.59271295381305
2017-03-17,23.537634650516782
2017-03-20,23.53447647266008
2017-03-21,23.2611977543266
2017-03-22,23.30903920573858
2017-03-23,23.38833171438007
2017-03-24,23.436251860993774
2017-03-27,23.396397306787037
2017-03-28,23.61802788950514
2017-03-29,23.679641058206133
2017-03-30,23.77759582940191
2017-03-31,23.25512975768134
2017-04-03,22.883200864293304
2017-04-04,22.89368313572439
2017-04-05,22.87286695792065
2017-04-06,23.047053425624167
2017-04-07,22.879184479624005
2017-04-10,22.953089712241237
2017-04-11,22.98836302706674
2017-04-12,22.88912414221633
2017-04-13,22.48366640570286
2017-04-14,22.742248450850912
2017-04-17,22.919121906126115
2017-04-18,22.965245885237277
2017-04-19,23.02905068977086
2017-04-20,23.25820440163041
2017-04-21,23.16782514323421
2017-04-24,23.32879540676825
2017-04-25,23.521444068732716
2017-04-26,23.632098917665157
2017-04-27,23.778355216224305
2017-04-28,23.70195148748089
2017-05-01,23.50404641030593
2017-05-02,23.627612437139387
2017-05-03,23.52849072957621
2017-05-04,23.50489487559902
2017-05-05,23.699124947141097
2017-05-08,23.776103121286447
2017-05-09,23.90373956548729
2017-05-10,23.882194828203097
2017-05-11,23.7270048813385
2017-05-12,23.69713840189524
2017-05-15,23.704009544058977
2017-05-16,23.63316964180788
2017-05-17,23.247012772381357
2017-05-18,23.39665141029357
2017-05-19,23.52953323728225
2017-05-22,23.642510597656297
2017-05-23,23.548478460679487
2017-05-24,23.63827528969288
2017-05-25,23.859868004366
2017-05-26,23.944431018988404
2017-05-29,23.98356984628452
2017-05-30,23.95437732198171
2017-05-31,23.9927519498246
2017-06-01,24.15018122265808
2017-06-02,24.330364166995047
2017-06-05,24.241631418960647
2017-06-06,24.02819192109427
2017-06-07,24.07541740679814
2017-06-08,23.904273659213352
2017-06-09,23.78588960736216
2017-06-12,23.74036696581529
2017-06-13,23.91536468781272
2017-06-14,23.923883956636164
2017-06-15,23.807119207628038
2017-06-16,23.806108775224644
2017-06-19,24.162705710625705
2017-06-20,23.85370250244676
2017-06-21,23.86669621427191
2017-06-22,23.8162701936418
2017-06-23,23.77265762617579
2017-06-26,23.826240520938928
2017-06-27,23.64431472355878
2017-06-28,23.87239664482827
2017-06-29,23.62839502331041
2017-06-30,24.49260231723738
2017-07-03,23.83912530673995
2017-07-04,23.708444640527254
2017-07-05,24.382872787281418
2017-07-06,24.13245987452444
2017-07-07,24.333681098939003
2017-07-10,24.39110433617351
2017-07-11,24.34678915019792
2017-07-12,24.53673719741706
2017-07-13,24.577128455908
2017-07-14,24.63601229133578
2017-07-17,24.72445159203397
2017-07-18,24.83516082122236
2017-07-19,24.9440806781436
2017-07-20,24.854272919253603
2017-07-21,24.88519184973709
2017-07-24,24.774732167446476
2017-07-25,24.973859244329287
2017-07-26,24.89511102626248
2017-07-27,25.04706347633893
2017-07-28,24.83878244520789
2017-07-31,24.628330636633343
2017-08-01,24.682983830819783
2017-08-02,24.64228112070659
2017-08-03,24.55870479765569
2017-08-04,24.512807369010066
2017-08-07,24.55506965648512
2017-08-08,24.577005036840127
2017-08-09,24.52897721240185
2017-08-10,24.14846604800641
2017-08-11,24.27836048343853
2017-08-14,24.4562647658548
2017-08-15,24.25260986784746
2017-08-16,24.37593853113066
2017-08-17,23.995964722751754
2017-08-18,23.880378932356063
2017-08-21,23.92560328178785
2017-08-22,24.19554015229201
2017-08-23,23.97874593328531
2017-08-24,23.91421533968096
2017-08-25,23.986529856169952
2017-08-28,24.002329214320163
2017-08-29,23.94674670822158
2017-08-30,24.1319602412284
2017-08-31,24.30000016001845
2017-09-01,24.419248041819625
2017-09-04,24.25716373493092
2017-09-05,24.342953013209154
2017-09-06,24.501334425668823
2017-09-07,24.293732070921838
2017-09-08,24.205078145131687
2017-09-11,24.32769778271738
2017-09-12,24.43599705623195
2017-09-13,24.602941216540884
2017-09-14,24.48281536999901
2017-09-15,24.399024135859445
2017-09-18,24.324870052019445
2017-09-19,24.29151821082476
2017-09-20,24.3872638540084
2017-09-21,24.327652987812737
2017-09-22,24.377980671777223
2017-09-25,24.3359220813855
2017-09-26,24.32533566575515
2017-09-27,24.469750753627856
2017-09-28,24.47888981585089
2017-09-29,24.56885028645655
2017-10-02,24.82105973990579
2017-10-03,24.91666584993156
2017-10-04,25.039380187985323
2017-10-05,25.191700177358243
2017-10-06,25.234990124791185
2017-10-09,24.973452100303664
2017-10-10,25.126497294415877
2017-10-11,25.167644701241784
2017-10-12,25.002058280332964
2017-10-13,25.072247211546745
2017-10-16,25.117708751323125
2017-10-17,25.121362116348237
2017-10-18,25.038785418742123
2017-10-19,25.028459992518243
2017-10-20,25.064227846253058
2017-10-23,24.90185877456205
2017-10-24,24.99864519513398
2017-10-25,24.9166714432974
2017-10-26,24.995285068681017
2017-10-27,25.47947945634867
2017-10-30,25.21164488808694
2017-10-31,25.18615027736313
2017-11-01,25.20327246479904
2017-11-02,25.03181516993453
2017-11-03,25.019849118239776
2017-11-06,25.146911775297028
2017-11-07,25.11459670986452
2017-11-08,25.17476562704961
2017-11-09,25.196106715102037
2017-11-10,25.265690952447294
2017-11-13,25.36990712414325
2017-11-14,25.41477631889948
2017-11-15,25.27531492947264
2017-11-16,25.48436991445583
2017-11-17,25.555099704737973
2017-11-20,25.615879557960263
2017-11-21,25.756566978913764
2017-11-22,25.537312716445587
2017-11-24,25.866511135464748
2017-11-27,25.887035645376983
2017-11-28,26.186628800475223
2017-11-29,26.27448152042025
2017-11-30,26.40817814114422
2017-12-01,26.403465548831925
2017-12-04,26.701530264390986
2017-12-05,26.499871103873904
2017-12-06,26.3039636245043
2017-12-07,26.35426079815533
2017-12-08,26.483708733103924
2017-12-11,26.55035717305337
2017-12-12,26.547675782210117
2017-12-13,26.583276930630173
2017-12-14,26.61687901846497
2017-12-15,26.75572333423621
2017-12-18,27.042590639238544
2017-12-19,27.016257819651877
2017-12-20,26.96263492909989
2017-12-21,27.103071790401668
2017-12-22,27.052432546578387
2017-12-25,26.54903308625773
2017-12-26,27.14300718947417
2017-12-27,27.09682648010786
2017-12-28,27.17288073999632
2017-12-29,26.99243754777817
2018-01-01,21.815567057911156
2018-01-02,22.210348133495923
2018-01-03,22.32774017788461
2018-01-04,22.42821287391897
2018-01-05,22.63783548472489
2018-01-08,22.659674901754567
2018-01-09,22.694740897747817
2018-01-10,22.694437358464437
2018-01-11,23.068822921010582
2018-01-12,23.364425148007207
2018-01-15,23.29901853911849
2018-01-16,23.20177343285552
2018-01-17,23.28405943378659
2018-01-18,23.27030171003256
2018-01-19,23.495763887139105
2018-01-22,23.755411212314836
2018-01-23,23.96658788694337
2018-01-24,24.06553222081758
2018-01-25,24.027878629596437
2018-01-26,24.270145314766555
2018-01-29,24.19190829813679
2018-01-30,24.06467772324846
2018-01-31,24.022843341088013
2018-02-01,23.720577453741
2018-02-02,23.48768921072445
2018-02-05,22.225349617008536
2018-02-06,22.806187534487748
2018-02-07,22.739846019691264
2018-02-08,21.804592543508683
2018-02-09,21.97321864667361
2018-02-12,22.257318360752052
2018-02-13,22.35536055826198
2018-02-14,22.717390353990687
2018-02-15,22.91222860931966
2018-02-16,22.79415608329032
2018-02-19,22.73380397403179
2018-02-20,22.71369521942566
2018-02-21,22.694157234729797
2018-02-22,22.72846034887789
2018-02-23,23.030578563759573
2018-02-26,23.22538885698169
2018-02-27,23.052527965345757
2018-02-28,23.256218315830683
2018-03-01,23.021949526634288
2018-03-02,23.025234875929
2018-03-05,23.29463792272239
2018-03-06,23.45830438215924
2018-03-07,23.284914227675944
2018-03-08,23.3656024438611
2018-03-09,23.74627987491408
2018-03-12,23.810411955229046
2018-03-13,23.6447875955278
2018-03-14,23.59729864382105
2018-03-15,23.586668218595488
2018-03-16,23.586720233988327
2018-03-19,23.41566292936439
2018-03-20,23.576172911934822
2018-03-21,23.54713680395833
2018-03-22,23.033114049799487
2018-03-23,22.579965392881505
2018-03-26,23.248424753963807
2018-03-27,22.7759638671288
2018-03-28,22.483887859639477
2018-03-29,23.87245854941739
2018-03-30,22.30294772473284
2018-04-02,22.11459997952548
2018-04-03,22.397264680562053
2018-04-04,22.8149165469324
2018-04-05,23.142377835380664
2018-04-06,22.631183854716166
2018-04-09,22.574784775050848
2018-04-10,22.856068802000777
2018-04-11,22.783455774315154
2018-04-12,22.89156029123963
2018-04-13,22.748752253712336
2018-04-16,22.914272265164836
2018-04-17,23.364641228483723
2018-04-18,23.49675640615577
2018-04-19,23.41475474095894
2018-04-20,23.17371058136533
2018-04-23,23.212113851453832
2018-04-24,22.82549486415381
2018-04-25,22.90249817325604
2018-04-26,23.318386122315854
2018-04-27,23.435763464681088
2018-04-30,23.180679124401603
2018-05-01,23.22434330237892
2018-05-02,24.071166546421043
2018-05-03,23.999958583010077
2018-05-04,24.3207592699938
2018-05-07,23.122310177065952
2018-05-08,23.019567849183776
2018-05-09,23.106397507904767
2018-05-10,23.18318247550984
2018-05-11,23.22874017743306
2018-05-14,23.26742294737743
2018-05-15,23.11574341534767
2018-05-16,23.31205375277136
2018-05-17,23.25696578473168
2018-05-18,23.22366499596098
2018-05-21,23.35366253019445
2018-05-22,23.233497911993307
2018-05-23,23.403635537257284
2018-05-24,23.44688702398061
2018-05-25,23.49038149075873
2018-05-28,24.564476024271425
2018-05-29,23.2961693012141
2018-05-30,23.502859851561244
2018-05-31,23.34301749095273
2018-06-01,23.51258902735342
2018-06-04,23.794430692748463
2018-06-05,23.923466064861348
2018-06-06,24.161703611034163
2018-06-07,24.197051186357445
2018-06-08,24.256606198748184
2018-06-11,24.32679409776824
2018-06-12,24.44689745495608
2018-06-13,24.426478654937096
2018-06-14,24.66912385452494
2018-06-15,24.69821801168212
2018-06-18,23.894375900832717
2018-06-19,23.869256367741517
2018-06-20,24.771309187394383
2018-06-21,24.588130199175144
2018-06-22,24.550263048436157
2018-06-25,23.99489410311028
2018-06-26,24.173950441870566
2018-06-27,23.83976976428978
2018-06-28,24.015008593267588
2018-06-29,24.06132849152972
2018-07-02,23.310108159544523
2018-07-03,23.17380707074331
2018-07-05,23.303180793434613
2018-07-06,23.48000715081776
2018-07-09,23.755348131809388
2018-07-10,23.80530173927144
2018-07-11,23.77941951007935
2018-07-12,23.96265512569121
2018-07-13,24.02493986436322
2018-07-16,24.076961587498317
2018-07-17,24.112891825882794
2018-07-18,24.08849983345513
2018-07-19,24.036576029063397
2018-07-20,23.93674677033427
2018-07-23,23.910983831728096
2018-07-24,23.8539718278231
2018-07-25,24.02137190493472
2018-07-26,23.890983329324204
2018-07-30,23.47756255863665
2018-08-01,23.478767436955074
2018-08-02,23.62929117203434
2018-08-03,23.65573974691194
2018-08-06,23.1898048616378
2018-08-07,23.772932034326725
2018-08-08,23.801112029016583
2018-08-09,23.884404451308665
2018-08-10,23.68547783111476
2018-08-13,23.56546365823949
2018-08-14,23.78684457526103
2018-08-15,23.494780738215
2018-08-16,23.600060494669307
2018-08-17,23.62429068921768
2018-08-20,23.76614503651104
2018-08-21,23.97791586777772
2018-08-22,24.014715910848302
2018-08-23,23.982010884967853
2018-08-24,24.13289671002609
2018-08-27,24.30229798175972
2018-08-28,24.35092624254389
2018-08-29,24.635738128549605
2018-08-30,24.492462101200985
2018-08-31,24.49098046648388
2018-09-04,24.55787612446212
2018-09-05,24.274046338420035
2018-09-06,24.18184422707444
2018-09-07,24.17078674190842
2018-09-10,24.261119278644674
2018-09-11,24.46983785240229
2018-09-12,24.517133291216048
2018-09-13,24.52546042238816
2018-09-14,24.44634155890946
2018-09-17,24.12545318025936
2018-09-18,24.449154964415836
2018-09-19,24.452828549047428
2018-09-20,24.61288473841196
2018-09-21,24.54507499896169
2018-09-24,28.39168802612944
2018-09-25,28.50174353697176
2018-09-26,28.560182829762656
2018-09-27,28.660219503985594
2018-09-28,28.63902494228398
2018-10-01,28.93586078061006
2018-10-02,28.53177312054441
2018-10-03,28.424777219021838
2018-10-04,27.962258518736487
2018-10-05,27.65837844818875
2018-10-08,27.85745414363093
2018-10-09,27.619214055573096
2018-10-10,26.64059418595588
2018-10-11,26.15844402049528
2018-10-12,26.642830549724145
2018-10-15,26.551857827162337
2018-10-16,27.14547769490171
2018-10-17,26.89658659707323
2018-10-18,26.29284689263868
2018-10-19,26.07199445132362
2018-10-22,26.115444928451232
2018-10-23,26.1268737265257
2018-10-24,25.31542482202216
2018-10-25,26.09604344009113
2018-10-26,25.258384407095686
2018-10-29,24.758552452913857
2018-10-30,25.1545321337508
2018-10-31,25.482400352264563
2018-11-01,26.0330166969334
2018-11-02,26.376076187874325
2018-11-05,26.262960983918948
2018-11-06,26.393822998212087
2018-11-07,27.139742890047003
2018-11-08,27.149736358125168
2018-11-09,26.759892729596015
2018-11-12,26.23055495628204
2018-11-13,26.2550583667316
2018-11-14,26.0454609414664
2018-11-15,26.06752665406277
2018-11-16,25.985690007534902
2018-11-19,25.30784712556028
2018-11-20,24.749991865497627
2018-11-21,24.97439708350252
2018-11-23,24.89485989097464
2018-11-26,25.446077991705607
2018-11-27,25.516505177983408
2018-11-28,26.272761184107928
2018-11-29,26.16150037304531
2018-11-30,26.1574254068999
2018-12-03,26.666067502095395
2018-12-04,25.730850648714394
2018-12-06,25.81023990124221
2018-12-07,25.060896346089883
2018-12-10,25.0740706218338
2018-12-11,25.089649436607544
2018-12-12,25.349640580792645
2018-12-13,25.238582141666377
2018-12-14,24.8027936007796
2018-12-17,24.136354863678616
2018-12-18,24.356051186893527
2018-12-19,23.79429528975009
2018-12-20,23.23339393707908
2018-12-21,22.652158014926112
2018-12-24,22.45966124979404
2018-12-26,23.86138489005242
2018-12-27,23.90385109448323
2018-12-28,23.959978252558788
2018-12-31,21.70118908143572
2019-01-02,21.79483678310603
2019-01-03,21.307852969163825
2019-01-04,22.064770375013538
2019-01-07,22.57803514899906
2019-01-08,22.83657713774404
2019-01-09,22.953995790508703
2019-01-10,22.949565486506945
2019-01-11,22.956638271969595
2019-01-14,22.812935393152795
2019-01-15,23.04275089803412
2019-01-16,22.9764116446764
2019-01-17,23.143798414309718
2019-01-18,23.488380519533592
2019-01-22,23.083963145807434
2019-01-23,23.11828658779178
2019-01-24,23.268645613289088
2019-01-25,23.535415904050915
2019-01-28,23.40338964423968
2019-01-29,23.23885078311876
2019-01-30,23.67011250302696
2019-01-31,23.86816630666325
2019-02-01,23.963893927858
2019-02-04,25.04507971990155
2019-02-05,25.24484290462126
2019-02-06,25.12638700273333
2019-02-07,24.88657169298006
2019-02-08,24.778844746150725
2019-02-11,24.864094755686533
2019-02-12,25.25801383692877
2019-02-13,25.431939854665355
2019-02-14,25.33763611241609
2019-02-15,25.208414270225088
2019-02-19,25.300888855587477
2019-02-20,25.35372449075929
2019-02-21,25.314343293871296
2019-02-22,25.43964281753312
2019-02-25,25.35030643818521
2019-02-26,25.387248336892146
2019-02-27,25.479034991522266
2019-02-28,24.80765124789728
2019-03-01,25.00295653782772
2019-03-04,24.9216463909984
2019-03-05,24.975337814906908
2019-03-06,24.83763471009235
2019-03-07,24.511614836611777
2019-03-08,24.338529127517425
2019-03-11,24.68332079230818
2019-03-12,24.7423143524032
2019-03-13,24.81105550085987
2019-03-14,24.7334198767776
2019-03-15,24.89533297431935
2019-03-18,25.26831605361584
2019-03-19,25.37364761972664
2019-03-20,25.42227033213804
2019-03-21,25.761541989661108
2019-03-22,25.20587210793877
2019-03-25,25.35410753022089
2019-03-26,25.474778995168787
2019-03-27,25.428043475632307
2019-03-28,25.58675278632577
2019-03-29,25.716508740452937
2019-04-01,25.239988733090787
2019-04-02,25.22858407775082
2019-04-03,25.41567495363632
2019-04-04,25.62846220511941
2019-04-05,25.7975766184419
2019-04-08,25.888249415594004
2019-04-09,25.623874333291777
2019-04-10,25.755848263850403
2019-04-11,25.79084437876933
2019-04-12,25.95112614155592
2019-04-15,25.997987306339144
2019-04-16,26.1066931473691
2019-04-17,26.16255694050823
2019-04-18,26.183615889422448
2019-04-22,26.011928460071903
2019-04-23,26.29408706963935
2019-04-24,26.316519908421878
2019-04-25,26.1462618933152
2019-04-26,26.384983635105883
2019-04-29,26.30662523575836
2019-04-30,26.33781749552643
2019-05-01,26.03125680607543
2019-05-02,26.05378407640183
2019-05-03,26.44962054942972
2019-05-06,26.07891396549459
2019-05-07,25.70321732899697
2019-05-08,25.661801372193267
2019-05-09,25.55443624912824
2019-05-10,25.57830266703107
2019-05-13,24.842469862964457
2019-05-14,25.061826644596927
2019-05-15,25.25612625649425
2019-05-16,25.48294199173448
2019-05-17,25.306729070110723
2019-05-20,25.119838820604983
2019-05-21,25.287743309928075
2019-05-22,25.03388517266924
2019-05-23,24.654778114461678
2019-05-24,24.70194318933085
2019-05-28,24.50668825834648
2019-05-29,24.255796810775067
2019-05-30,24.36962390460345
2019-05-31,24.05861970913273
2019-06-03,23.87680505946107
2019-06-04,24.554404272493585
2019-06-05,24.67471961020917
2019-06-06,24.78214302533766
2019-06-07,24.984677278925044
2019-06-10,25.18890181427414
2019-06-11,25.289604481592395
2019-06-12,25.236469063039323
2019-06-13,25.52472751782927
2019-06-14,25.565274399340947
2019-06-17,25.57587226965293
2019-06-18,25.77829856730078
2019-06-19,25.8477604675706
2019-06-20,26.01391968307832
2019-06-21,25.93975461418647
2019-06-24,25.423917390625903
2019-06-25,25.183295962425987
2019-06-26,25.297139193974317
2019-06-27,25.43781182930784
2019-06-28,25.53865158027505
2019-07-01,25.776813425047443
2019-07-02,25.835666428764608
2019-07-03,26.03058184788806
2019-07-05,26.08986032674122
2019-07-08,26.12428376931789
2019-07-09,26.1553623072456
2019-07-10,26.215622173889027
2019-07-11,26.27290233099078
2019-07-12,26.590064039527757
2019-07-15,26.684186640526192
2019-07-16,26.650426786945943
2019-07-17,26.39382873165841
2019-07-18,26.339621631243265
2019-07-19,26.135664012014
2019-07-22,26.140881478188987
2019-07-23,26.301447990143195
2019-07-24,26.45102281071445
2019-07-25,26.292929011062277
2019-07-26,26.412738340100077
2019-07-29,26.355643969472705
2019-07-30,26.110556597016647
2019-07-31,25.817357984467534
2019-08-01,25.424367961639
2019-08-02,25.2637387256481
2019-08-05,24.58167400968623
2019-08-06,24.90542010749221
2019-08-07,25.052167423095323
2019-08-08,25.546191849770267
2019-08-09,25.39730993022429
2019-08-12,25.042741854162497
2019-08-13,25.455532048336934
2019-08-14,24.65547275812649
2019-08-15,24.617501663875693
2019-08-16,24.897488834996167
2019-08-19,25.20983717253684
2019-08-20,25.224038874790235
2019-08-21,25.72744677008625
2019-08-22,25.74957818889613
2019-08-23,25.006877414165576
2019-08-26,25.261176200874743
2019-08-27,25.154048280034097
2019-08-28,25.48308476092333
2019-08-29,25.880025319943485
2019-08-30,25.74331946466985
2019-09-03,25.430837003556366
2019-09-04,25.69895196497041
2019-09-05,26.203136576737585
2019-09-06,26.26146880502648
2019-09-09,26.38079889914286
2019-09-10,26.30886080356865
2019-09-11,26.36368076375668
2019-09-12,26.47764678770232
2019-09-13,26.428361345330075
2019-09-16,26.08525996731733
2019-09-17,26.24953394011693
2019-09-18,26.235598290112996
2019-09-19,26.135210117771987
2019-09-20,25.850441343205237
2019-09-23,26.25734330597102
2019-09-24,25.977932664677507
2019-09-25,26.220015926519785
2019-09-26,26.047311251407795
2019-09-27,25.954122865361988
2019-09-30,25.64657406958334
2019-10-01,25.43240925562652
2019-10-02,24.97086605688735
2019-10-03,25.080215520181323
2019-10-04,25.329132738819077
2019-10-07,25.21141102244563
2019-10-08,24.938079416094972
2019-10-09,25.15961887964203
2019-10-10,25.313568519115773
2019-10-11,25.611436908601785
2019-10-14,25.56287459983574
2019-10-15,25.81201320724619
2019-10-16,25.91321955477586
2019-10-17,25.98845436743155
2019-10-18,25.9444896919246
2019-10-21,26.03727945196216
2019-10-22,25.855851731308203
2019-10-23,25.734028444699877
2019-10-24,25.71761084414616
2019-10-25,25.68448868556202
2019-10-28,25.73100598703015
2019-10-29,25.587977565939685
2019-10-30,25.738774661775025
2019-10-31,25.56781285327063
2019-11-01,25.671057232699216
2019-11-04,25.609550490908752
2019-11-05,25.6585035263729
2019-11-06,25.683047191821423
2019-11-07,25.535252431011667
2019-11-08,25.545110591108585
2019-11-11,25.55844399244994
2019-11-12,25.46231211490281
2019-11-13,25.39124761788072
2019-11-14,25.48464243466353
2019-11-15,25.54385844103581
2019-11-18,25.621441420440608
2019-11-19,25.350145220019503
2019-11-20,25.284374790352555
2019-11-21,25.14565971665585
2019-11-22,25.30969807611925
2019-11-25,25.52312219179006
2019-11-26,25.71989180295977
2019-11-27,25.894965865337085
2019-11-29,25.729665693722502
2019-12-02,25.51740485729871
2019-12-03,25.24939222728641
2019-12-04,25.372644995260902
2019-12-05,25.3409713156141
2019-12-06,25.553278818288103
2019-12-09,25.577226265441343
2019-12-10,25.52993279675543
2019-12-11,25.6009959440044
2019-12-12,25.8272258645765
2019-12-13,25.83967332677549
2019-12-16,25.950518786548272
2019-12-17,26.07748717471684
2019-12-18,26.08583431190249
2019-12-19,26.17734935083206
2019-12-20,26.267327678195244
2019-12-23,26.137304695655484
2019-12-24,26.509210581258447
2019-12-26,26.825443092070664
2019-12-27,26.82018911963761
2019-12-30,26.41757681114114
2019-12-31,26.423943003155827
2020-01-02,26.72784739134456
2020-01-03,26.50412414833325
2020-01-06,26.579354548593148
2020-01-07,26.537020534932
2020-01-08,26.598024584704397
2020-01-09,26.74769623003288
2020-01-10,26.609304890028152
2020-01-13,26.690273532036905
2020-01-14,26.68197170708526
2020-01-15,26.61817848041874
2020-01-16,26.856315543043305
2020-01-17,26.955209731809244
2020-01-21,26.87267943639545
2020-01-22,26.84943960677493
2020-01-23,26.88162340938749
2020-01-24,26.52195901723021
2020-01-27,26.12130665452177
2020-01-28,26.368835447801537
2020-01-29,26.340428706468444
2020-01-30,26.302766540054517
2020-01-31,25.97231725445789
2020-02-03,25.58906830161686
2020-02-04,26.03021631486024
2020-02-05,26.179729773065095
2020-02-06,26.124668732817067
2020-02-07,26.009031336292065
2020-02-10,26.30282190933949
2020-02-11,26.504173116727483
2020-02-12,26.78119523817984
2020-02-13,26.722914239952605
2020-02-14,26.69002236637437
2020-02-18,26.68136349500303
2020-02-19,26.800529949763643
2020-02-20,26.819269623708703
2020-02-21,26.401683796494577
2020-02-24,25.47855613140644
2020-02-25,24.79131916841346
2020-02-26,24.60106857821035
2020-02-27,23.60548085958979
2020-02-28,23.40459184635963
2020-03-02,24.39063009708829
2020-03-03,23.822079399605357
2020-03-04,24.632427853073462
2020-03-05,23.67905718517345
2020-03-06,23.33681787846407
2020-03-09,21.871498163445075
2020-03-10,23.055298260037027
2020-03-11,21.782701234462667
2020-03-12,19.610505766167087
2020-03-13,20.82184527413945
2020-03-16,18.14949624278861
2020-03-17,18.82793756940774
2020-03-18,17.76345605751902
2020-03-19,18.372541445374253
2020-03-20,17.853008473834343
2020-03-23,17.854288696056933
2020-03-24,19.55079711731594
2020-03-25,19.84863895727376
2020-03-26,20.722513729436866
2020-03-27,20.00874761660738
2020-03-30,20.94689447405888
2020-03-31,21.766660518548008
2020-04-01,20.799368767174265
2020-04-02,20.818741002912684
2020-04-03,20.607945691525583
2020-04-06,22.41619470001827
2020-04-07,22.682871401738527
2020-04-08,23.398012356713316
2020-04-09,23.8316345211087
2020-04-13,23.81007939392912
2020-04-14,24.73706044803267
2020-04-15,24.17914069988864
2020-04-16,24.503616234475825
2020-04-17,25.23285957508871
2020-04-20,24.808815527224517
2020-04-21,24.14672902021468
2020-04-22,24.68427563404465
2020-04-23,24.675245522460447
2020-04-24,25.097980563479577
2020-04-27,25.574387951681015
2020-04-28,25.65331825986743
2020-04-29,26.234216785141275
2020-04-30,26.227133321864216
2020-05-01,25.01282923595107
2020-05-04,27.33662200188499
2020-05-05,27.45921981039572
2020-05-06,27.464702593616643
2020-05-07,27.879735283806
2020-05-08,28.50336649303548
2020-05-11,28.46964238608932
2020-05-12,27.713408830368905
2020-05-13,27.254491563048894
2020-05-14,27.646507592360383
2020-05-15,27.957845222094296
2020-05-18,29.039115485300798
2020-05-19,28.93722804527417
2020-05-20,29.307999967795784
2020-05-21,29.39321472277799
2020-05-22,29.372408417865586
2020-05-26,29.825552360326444
2020-05-27,30.334721289652983
2020-05-28,29.976697638177725
2020-05-29,30.09511835442516
2020-06-01,32.97649423498113
2020-06-02,33.25380725290414
2020-06-03,33.87812012517564
2020-06-04,33.71589316228291
2020-06-05,34.515206820249574
2020-06-08,35.04076897667935
2020-06-09,34.76685400558259
2020-06-10,34.4470834211592
2020-06-11,32.61348692270628
2020-06-12,32.973243142411924
2020-06-15,33.22867040091204
2020-06-16,33.91961656661045
2020-06-17,33.86823749735255
2020-06-18,33.73833582773368
2020-06-19,33.47622559116767
2020-06-22,33.65716796437344
2020-06-23,33.93213605920218
2020-06-24,33.16587943174279
2020-06-25,33.19255506663016
2020-06-26,32.403896827353066
2020-06-29,34.66808429921934
2020-06-30,42.487927227645066
2020-07-01,42.64057281988457
2020-07-02,42.88705437190893
2020-07-06,43.800478065580826
2020-07-07,42.95136040928409
2020-07-08,43.54831537132084
2020-07-09,43.404418525375085
2020-07-10,44.074188067469095
2020-07-13,43.32985058108133
2020-07-14,43.75501929764026
2020-07-15,44.75462316792292
2020-07-16,44.28001899732144
2020-07-17,44.02932224090835
2020-07-20,44.69552128849872
2020-07-21,44.877938195630165
2020-07-22,45.22623339105496
2020-07-23,44.51527836039236
2020-07-24,44.59380007426877
2020-07-27,44.75656341810906
2020-07-28,44.395331549773495
2020-07-29,44.84961448186546
2020-07-30,44.80488650783653
2020-07-31,43.47525934721142
2020-08-03,43.45020130280548
2020-08-04,43.86174162959269
2020-08-05,44.39283063392474
2020-08-06,44.65203718787042
2020-08-07,44.712177947173565
2020-08-10,45.34500227515562
2020-08-11,45.33070401453387
2020-08-12,45.905807811041136
2020-08-13,45.8934912498969
2020-08-14,45.952838017278125
2020-08-17,46.46922826979316
2020-08-18,46.737759916314566
2020-08-19,46.58354774231011
2020-08-20,46.49385558546861
2020-08-21,46.74416582050553
2020-08-24,47.61015902329439
2020-08-25,47.767755942005
2020-08-26,48.10590837420151
2020-08-27,47.96304322468182
2020-08-28,48.41654089994328
2020-08-31,49.65038107653566
2020-09-01,50.11608703218594
2020-09-02,50.85279748818496
2020-09-03,49.51981016818765
2020-09-04,49.27933490952914
2020-09-08,48.54850315228011
2020-09-09,49.25257783000595
2020-09-10,48.600734834392014
2020-09-11,48.58253503848444
2020-09-14,49.165593695922816
2020-09-15,48.99734970262301
2020-09-16,48.90892924672552
2020-09-17,48.14256221624657
2020-09-18,47.14955985484289
2020-09-21,46.88885330215937
2020-09-22,47.95474221621655
2020-09-23,47.0749875232861
2020-09-24,46.89054907854901
2020-09-25,48.09792454907809
2020-09-28,49.69315961668727
2020-09-29,49.24352593553693
2020-09-30,48.51734785149832
2020-10-01,49.12366798624818
2020-10-02,48.93729679652154
2020-10-05,49.486038076542094
2020-10-06,48.67425851416536
2020-10-07,50.03305594945856
2020-10-08,50.27936322062091
2020-10-09,50.89522861030547
2020-10-12,51.38954992732159
2020-10-13,50.840720811569135
2020-10-14,50.22653042514583
2020-10-15,50.35297761399528
2020-10-16,50.03867238450135
2020-10-19,49.36638568428243
2020-10-20,49.95728885270892
2020-10-21,49.47369749063921
2020-10-22,50.0165657808619
2020-10-23,50.594789372376056
2020-10-26,49.06905203801516
2020-10-27,48.94213810835942
2020-10-28,46.80040130912642
2020-10-29,47.39372436554525
2020-10-30,46.68662471611503
2020-11-02,46.23383188605219
2020-11-03,47.34384134749373
2020-11-04,48.22883120736948
2020-11-05,49.49978141146209
2020-11-06,49.24849985506022
2020-11-09,51.10602721609872
2020-11-10,52.109235189824176
2020-11-12,49.20754425230053
2020-11-13,50.42449360214252
2020-11-16,51.6902386151516
2020-11-17,51.70118748797255
2020-11-18,51.00228474610974
2020-11-19,51.45956102110739
2020-11-20,51.4794657027966
2020-11-23,52.0765353550691
2020-11-24,53.759477855263306
2020-11-25,54.25410283462501
2020-11-27,54.52946556223289
2020-11-30,53.08319043286818
2020-12-01,53.57484805913605
2020-12-02,53.54333973350631
2020-12-03,54.583696599436735
2020-12-04,54.95647410164001
2020-12-07,54.77607975389741
2020-12-08,54.823838829326384
2020-12-09,54.552995738984286
2020-12-10,54.367856641516845
2020-12-11,53.72850874122376
2020-12-14,53.52857918731859
2020-12-15,54.360947311403336
2020-12-16,54.84963491855137
2020-12-17,55.16067274517289
2020-12-18,54.71134827131006
2020-12-21,68.62137918639746
2020-12-22,67.30214987552452
2020-12-23,68.34886049918657
2020-12-24,68.55973032352735
2020-12-28,70.90722175658254
2020-12-29,70.75806389482788
2020-12-30,71.41520962128911
2020-12-31,74.45646575391733
2021-01-04,73.52828050859316
2021-01-05,74.39087109433811
2021-01-06,75.05456543604656
2021-01-07,76.66568254007248
2021-01-08,77.95320914440013
2021-01-11,76.22113356285976
2021-01-12,77.4732040813917
2021-01-13,77.49072082138184
2021-01-14,78.01372502435756
2021-01-15,77.05054057427539
2021-01-19,77.53751087660183
2021-01-20,78.90855196936103
2021-01-21,79.16081050774207
2021-01-22,78.48401521029355
2021-01-25,77.96069032214562
2021-01-26,77.49622346791799
2021-01-27,75.17234595391207
2021-01-28,76.10791810687805
2021-01-29,72.35938833739192
2021-02-01,73.10612875117786
2021-02-02,75.19366181462264
2021-02-03,75.54672017897354
2021-02-04,76.89120505869442
2021-02-05,77.86538249506366
2021-02-08,78.6139754331559
2021-02-09,77.573295364888
2021-02-10,76.73110468278443
2021-02-11,76.58036867403776
2021-02-12,76.55119018853235
2021-02-16,77.67796164930104
2021-02-17,78.65366879913064
2021-02-18,78.42118633671133
2021-02-19,79.49880134596566
2021-02-22,79.19263998749061
2021-02-23,79.02632858070562
2021-02-24,80.98678827031722
2021-02-25,77.64190539736757
2021-02-26,79.17858422096215
2021-03-01,79.17505274698252
2021-03-02,78.87287836955349
2021-03-03,79.39865356647908
2021-03-04,77.0254168307129
2021-03-05,76.53394247197555
2021-03-08,77.0605557105283
2021-03-09,81.641995111801
2021-03-10,81.87468543533518
2021-03-11,83.40888360679591
2021-03-12,83.82081273562659
2021-03-15,85.31274721484709
2021-03-16,83.78743677659808
2021-03-17,85.20761466527154
2021-03-18,82.44312376289263
2021-03-19,83.45048980618628
2021-03-22,91.768532789745
2021-03-23,88.93021861464946
2021-03-24,86.68654212158765
2021-03-25,88.5691549427822
2021-03-26,89.83048348513607
2021-03-29,85.5134809349356
2021-03-30,87.52629167598725
2021-03-31,63.90715129939528
2021-04-01,64.53576944996279
2021-04-05,65.268453386609
2021-04-06,65.47821152692455
2021-04-07,65.22614927338451
2021-04-08,65.57603475594816
2021-04-09,66.2657073933346
2021-04-12,66.63296268854955
2021-04-13,67.38367178424488
2021-04-14,66.60764823433736
2021-04-15,67.13568265318146
2021-04-16,67.67207944661199
2021-04-19,66.86464409041214
2021-04-20,65.65168662984146
2021-04-21,66.99562026956627
2021-04-22,66.56933958037841
2021-04-23,66.89139793203167
2021-04-26,66.99721116512443
2021-04-27,66.91192236347341
2021-04-28,66.79843054986266
2021-04-29,66.80898647249313
2021-04-30,65.8771070996291
2021-05-03,57.33723135959772
2021-05-04,56.709163894295806
2021-05-05,56.51490791052311
2021-05-06,57.970638225221045
2021-05-07,57.19820624461578
2021-05-10,55.82974209334397
2021-05-11,55.04891533372167
2021-05-12,52.827296235168376
2021-05-13,53.32517216937613
2021-05-14,54.76586475424133
2021-05-17,54.64521360708092
2021-05-18,54.204449574787816
2021-05-19,53.77472411947181
2021-05-20,54.32995639682172
2021-05-21,54.04388002358143
2021-05-24,54.586416522343214
2021-05-25,54.75099376773948
2021-05-26,55.2940441786217
2021-05-27,55.50593148676494
2021-05-28,55.35002149718028
2021-06-01,50.60434211059147
2021-06-02,50.36489360313704
2021-06-03,49.761045378088006
2021-06-04,50.183449241757074
2021-06-07,50.163528262564775
2021-06-08,50.590596842777735
2021-06-09,50.273521308033786
2021-06-10,50.53690940012906
2021-06-11,50.81850613029794
2021-06-14,50.79734950720937
2021-06-15,50.53656445735184
2021-06-16,50.56884053285628
2021-06-17,50.76460694786883
2021-06-18,50.50571892482747
2021-06-21,51.09293445159417
2021-06-22,51.56655405911772
2021-06-23,51.940629248638814
2021-06-24,52.11118451528446
2021-06-25,52.42889961992347
2021-06-28,50.96111740296249
2021-06-29,51.07949789182835
2021-06-30,42.929360486286
2021-07-01,43.06385930368323
2021-07-02,43.44864761187315
2021-07-06,42.92958490137835
2021-07-07,42.89484717639291
2021-07-08,42.78687227223672
2021-07-09,43.20831196261189
2021-07-12,43.50122665663105
2021-07-13,42.97647045817208
2021-07-14,42.88047339401505
2021-07-15,42.6548767760509
2021-07-16,42.12837170055804
2021-07-19,41.621852808970566
2021-07-20,42.4472474900797
2021-07-21,42.822001572489846
2021-07-22,43.00105072956293
2021-07-23,43.37491143200436
2021-07-26,43.699381182992745
2021-07-27,43.23994158678743
2021-07-28,43.10936745724072
2021-07-29,43.57163137553478
2021-07-30,42.58792484738277
2021-08-02,41.32111740651259
2021-08-03,41.34021360482963
2021-08-04,41.20307445423466
2021-08-05,41.34659171492979
2021-08-06,41.059240944236095
2021-08-09,41.00244451096553
2021-08-10,41.185278322314815
2021-08-11,41.29944787441139
2021-08-12,41.32010877001856
2021-08-13,41.18251247490098
2021-08-16,41.00765463671364
2021-08-17,40.01861057301007
2021-08-18,40.16273112007465
2021-08-19,39.911032685302814
2021-08-20,40.31447428505817
2021-08-23,40.82292120251792
2021-08-24,41.10619444480784
2021-08-25,41.26220719078015
2021-08-26,40.88361826216163
2021-08-27,41.25646019643698
2021-08-30,41.42415589531266
2021-08-31,40.86598173565896
2021-09-01,40.82648968578403
2021-09-02,40.82813952038036
2021-09-03,40.800276156664005
2021-09-07,40.92928478306291
2021-09-08,40.97016319158798
2021-09-09,40.90967419801117
2021-09-10,40.66508408240041
2021-09-13,40.74898041295107
2021-09-14,40.60764671657904
2021-09-15,40.88344178010897
2021-09-16,41.06349645087345
2021-09-17,40.931034602631065
2021-09-20,39.98067147346265
2021-09-21,40.03054716329592
2021-09-22,40.568916615950464
2021-09-23,40.98121180006331
2021-09-24,41.129964468629616
2021-09-27,41.27116644897272
2021-09-28,40.48445365232352
2021-09-29,40.52357891087397
2021-09-30,38.982925390564986
2021-10-01,39.26111120994612
2021-10-04,38.30852973950443
2021-10-05,38.47616199237031
2021-10-06,38.60284748730321
2021-10-07,39.18508722751545
2021-10-08,39.00037731073268
2021-10-11,38.81265681228935
2021-10-12,39.15308343855525
2021-10-13,39.32999646462756
2021-10-14,39.74735972792916
2021-10-15,40.35631634798711
2021-10-18,40.85397779779834
2021-10-19,40.7195392589283
2021-10-20,40.69909432810896
2021-10-21,41.301629336112974
2021-10-22,41.15771074139173
2021-10-25,42.1639144551968
2021-10-26,42.17470651602263
2021-10-27,42.26684448373028
2021-10-28,42.83728153997238
2021-10-29,42.40576201440368
2021-11-01,42.39059237240445
2021-11-02,42.10075123188408
2021-11-03,42.85125966002197
2021-11-04,43.41869749393138
2021-11-05,43.71755147340336
2021-11-08,43.097436296643934
2021-11-09,42.3021135714888
2021-11-10,42.12296401656144
2021-11-11,42.45396998499754
2021-11-12,42.15483612056616
2021-11-15,42.11234675897987
2021-11-16,42.77256114015632
2021-11-17,43.042333452538834
2021-11-18,43.531202516530286
2021-11-19,43.72262889615222
2021-11-22,43.55985780736554
2021-11-23,43.24277064007918
2021-11-24,43.319840386947
2021-11-26,42.04957065133738
2021-11-29,42.69916643565551
2021-11-30,41.87430306015089
2021-12-01,40.84880002042733
2021-12-02,41.62411450012281
2021-12-03,40.75408832979453
2021-12-06,41.34653475268073
2021-12-07,42.26810230423614
2021-12-08,42.55156309703006
2021-12-09,41.79248092122092
2021-12-10,42.095160283918894
2021-12-13,40.94770947887452
2021-12-14,40.66537953153016
2021-12-15,41.18764316977856
2021-12-16,40.22106628737371
2021-12-17,40.03419739870565
2021-12-20,40.60198614885987
2021-12-21,41.75897825395156
2021-12-22,42.52984243298163
2021-12-23,43.10852289971972
2021-12-27,43.46420600458544
2021-12-28,43.48503591479772
2021-12-29,43.589842891302034
2021-12-30,43.36913500332275
2021-12-31,35.57775905918751
2022-01-03,36.59403187221219
2022-01-04,36.38880381270385
2022-01-05,35.33416133325141
2022-01-06,35.23412544301071
2022-01-07,34.69410849777203
2022-01-10,34.463078469409666
2022-01-11,34.80944106446664
2022-01-12,35.05076426349559
2022-01-13,34.38727538779716
2022-01-14,34.239423960748404
2022-01-18,33.5115241749452
2022-01-19,32.88129726331585
2022-01-20,32.26202307649142
2022-01-21,31.2917446521605
2022-01-24,31.64076630041257
2022-01-25,31.133551830217893
2022-01-26,31.04205415141772
2022-01-27,30.190917096027714
2022-01-28,30.752226997202097
2022-01-31,31.579697116413804
2022-02-01,31.805011818357013
2022-02-02,31.59747939710686
2022-02-03,30.58101287169032
2022-02-04,31.462079989959285
2022-02-07,31.48006575804264
2022-02-08,31.96963686137929
2022-02-09,32.43098809146736
2022-02-10,31.79558975854841
2022-02-11,30.850170725941396
2022-02-14,30.944540117326923
2022-02-15,31.72362583055036
2022-02-16,31.80792444404428
2022-02-17,30.907308422567358
2022-02-18,30.694384684728025
2022-02-22,29.767616477407888
2022-02-23,28.70487652348982
2022-02-24,29.386236357157056
2022-02-25,29.97692583756959
2022-02-28,30.210538564310244
2022-03-01,29.72775481717838
2022-03-02,30.377696057477564
2022-03-03,29.6654844268252
2022-03-04,29.13596386494605
2022-03-07,27.49255177654131
2022-03-08,27.62498196018089
2022-03-09,28.366251481164724
2022-03-10,28.87483473014233
2022-03-11,28.300594356329444
2022-03-14,27.79162330275578
2022-03-15,28.77192734631217
2022-03-16,29.801449528373027
2022-03-17,30.33441872168316
2022-03-18,30.990076884135185
2022-03-21,31.08287119468996
2022-03-22,31.8709792682458
2022-03-23,31.436370114447165
2022-03-24,31.71287137683614
2022-03-25,31.661273958301155
2022-03-28,32.56798325268842
2022-03-29,33.14940422883008
2022-03-30,32.66109379145588
2022-03-31,35.502762832411655
2022-04-01,35.910342430199364
2022-04-04,36.64516565420899
2022-04-05,35.77439219092221
2022-04-06,34.824859132688424
2022-04-07,34.97430514538931
2022-04-08,34.61960884740088
2022-04-11,34.00636648167694
2022-04-12,34.08664847487809
2022-04-13,34.99906851671815
2022-04-14,34.50230326529435
2022-04-18,34.60691161088318
2022-04-19,35.60952666340721
2022-04-20,35.148900599915336
2022-04-21,34.81168862930238
2022-04-22,33.99584368934195
2022-04-25,34.26609077236128
2022-04-26,32.428984271692144
2022-04-27,32.4404881147565
2022-04-28,33.14783354702807
2022-04-29,31.414608145154663
2022-05-02,32.039555285939954
2022-05-03,31.959798721065457
2022-05-04,32.94306042406137
2022-05-05,30.970205545357288
2022-05-06,30.459756738623227
2022-05-09,28.817356927572188
2022-05-10,28.75368057259916
2022-05-11,27.61817444559211
2022-05-12,27.7388723023461
2022-05-13,29.02927208844397
2022-05-16,28.371234960902992
2022-05-17,29.22024910610752
2022-05-18,27.137279983121296
2022-05-19,27.13831233308745
2022-05-20,26.58751038569316
2022-05-23,26.77584890027581
2022-05-24,25.863763266428023
2022-05-25,26.65575700493128
2022-05-26,28.15772222724611
2022-05-27,29.26183572384352
2022-05-31,29.326861867339066
2022-06-01,28.9976581584378
2022-06-02,29.91721207332358
2022-06-03,28.95782133641841
2022-06-06,29.253801959175817
2022-06-07,29.212800967057102
2022-06-08,28.915628188264343
2022-06-09,28.19335367321751
2022-06-10,26.961231029918423
2022-06-13,25.51885471868715
2022-06-14,25.395182040986587
2022-06-15,26.18491452640715
2022-06-16,24.619890539120213
2022-06-17,25.081975773342005
2022-06-21,26.237547301622755
2022-06-22,26.187177690057425
2022-06-23,26.57539537922737
2022-06-24,27.91707955325749
2022-06-27,27.532370987316718
2022-06-28,26.40909364048717
2022-06-29,26.098958569885347
2022-06-30,26.919236827411343
2022-07-01,27.23092963068695
2022-07-05,28.04837578208509
2022-07-06,27.79725292129762
2022-07-07,28.63577772966296
2022-07-08,28.57517986093609
2022-07-11,27.65929800530522
2022-07-12,27.603311527392474
2022-07-13,27.80048851469891
2022-07-14,27.69355292345003
2022-07-15,28.27058538012893
2022-07-18,28.465999233801952
2022-07-19,29.45544271255129
2022-07-20,30.05219329413073
2022-07-21,30.55334952954705
2022-07-22,30.27464482637325
2022-07-25,30.208608735902715
2022-07-26,29.07478804747226
2022-07-27,30.288700116605767
2022-07-28,30.880845345006016
2022-07-29,32.00031524932776
2022-08-01,32.511005804735056
2022-08-02,32.37668263153561
2022-08-03,33.258289671783814
2022-08-04,33.39193929751149
2022-08-05,32.85344358081516
2022-08-08,33.03691915831636
2022-08-09,32.3457969784395
2022-08-10,33.48493705063917
2022-08-11,33.33085667891936
2022-08-12,34.156950095055514
2022-08-15,34.382028005897745
2022-08-16,34.86107170034593
2022-08-17,34.33944028886776
2022-08-18,34.30759613765654
2022-08-19,33.473561880639906
2022-08-22,32.428845029346775
2022-08-23,32.576282345030805
2022-08-24,32.84445002927693
2022-08-25,33.34689740578081
2022-08-26,31.94184266278264
2022-08-29,31.730035147378057
2022-08-30,31.3559925435614
2022-08-31,31.062945508054863
2022-09-01,31.30938167361808
2022-09-02,31.03935025650161
2022-09-06,30.97716068486954
2022-09-07,32.04296841711283
2022-09-08,32.39435639179337
2022-09-09,33.06601579249625
2022-09-12,33.536011965606384
2022-09-13,31.749411152476824
2022-09-14,32.246571853470904
2022-09-15,32.13422392241012
2022-09-16,31.85685130286924
2022-09-19,33.197458839908336
2022-09-20,32.57247009956618
2022-09-21,31.64863019744568
2022-09-22,30.89461315571604
2022-09-23,30.025490783273053
2022-09-26,29.96861682226241
2022-09-27,30.161166938111883
2022-09-28,31.119505385886026
2022-09-29,29.885464567712045
2022-09-30,28.80329434390633
2022-10-03,29.360020009096385
2022-10-04,30.665973479172717
2022-10-05,30.433663082628204
2022-10-06,30.14085403556546
2022-10-07,29.047271954245478
2022-10-10,28.769448030783305
2022-10-11,28.563439949377912
2022-10-12,28.810160167151707
2022-10-13,29.089113761173277
2022-10-14,27.997176639562063
2022-10-17,29.170605562123363
2022-10-18,29.753652675166624
2022-10-19,29.333672211611635
2022-10-20,28.850161176789943
2022-10-21,29.75461749920076
2022-10-24,29.904254125774443
2022-10-25,30.75381544617468
2022-10-26,30.520341173208312
2022-10-27,30.381424395048864
2022-10-28,30.96021709528589
2022-10-31,30.958835872195824
2022-11-01,30.63858907779161
2022-11-02,29.430742552819577
2022-11-03,29.266801926025494
2022-11-04,29.542545574380632
2022-11-07,29.295716052138232
2022-11-08,29.26670830130066
2022-11-09,28.259482208370397
2022-11-10,30.56066318439387
2022-11-11,31.389695778076923
2022-11-14,30.92219128698074
2022-11-15,31.422960973361665
2022-11-16,30.690659712429703
2022-11-17,30.30916038727249
2022-11-18,30.338374299632203
2022-11-21,29.84848570375181
2022-11-22,30.219951145913107
2022-11-23,30.498685325849983
2022-11-25,30.71515207409859
2022-11-28,30.43029574637106
2022-11-29,30.43485427034136
2022-11-30,31.515710569680703
2022-12-01,31.497051149289508
2022-12-02,31.46879075820761
2022-12-05,30.493189557374603
2022-12-06,29.93317297412854
2022-12-07,29.67492205039217
2022-12-08,29.99563514325125
2022-12-09,29.809584849444175
2022-12-12,29.91072141290469
2022-12-13,29.87006067993769
2022-12-14,29.655501839971325
2022-12-15,29.09591210285733
2022-12-16,28.512979633656247
2022-12-19,28.83191014743429
2022-12-20,28.49603683201504
2022-12-21,29.01476002635343
2022-12-22,28.146695697459787
2022-12-23,28.3328848283666
2022-12-27,27.879349776334102
2022-12-28,27.616657688532356
2022-12-29,28.40514403087435
2022-12-30,28.312357239930726
2023-01-03,33.85653544918583
2023-01-04,34.4987098132235
2023-01-05,34.21907773292838
2023-01-06,35.08358460927141
2023-01-09,35.3345646175425
2023-01-10,35.58207318780156
2023-01-11,36.82155368922385
2023-01-12,36.97767060199755
2023-01-13,37.3717464943662
2023-01-17,37.3938591851164
2023-01-18,36.90521849826391
2023-01-19,36.21482277058705
2023-01-20,37.17345126156038
2023-01-23,37.76661779875706
2023-01-24,37.69889074403096
2023-01-25,37.90508052071603
2023-01-26,38.67098397773408
2023-01-27,39.55804115364784
2023-01-30,39.07443995341144
2023-01-31,40.18485263854202
2023-02-01,40.742569285634914
2023-02-02,41.97905133702006
2023-02-03,40.65958024980076
2023-02-06,40.60757729619561
2023-02-07,40.707845297483566
2023-02-08,40.33967410547962
2023-02-09,40.25879722914024
2023-02-10,39.767474031553576
2023-02-13,40.32680501960896
2023-02-14,40.80806252362991
2023-02-15,41.28461223782362
2023-02-16,40.37719969971933
2023-02-17,40.38889357045514
2023-02-21,39.02909462224618
2023-02-22,39.227821958268784
2023-02-23,39.19371034822283
2023-02-24,38.585116598758376
2023-02-27,39.01653012190349
2023-02-28,38.526827187342285
2023-03-01,38.03144938314012
2023-03-02,37.91142986984007
2023-03-03,38.71306503437022
2023-03-06,38.42844057926456
2023-03-07,37.90855230688361
2023-03-08,37.812010143741134
2023-03-09,36.913907474311365
2023-03-10,36.546167665836165
2023-03-13,36.62523255098876
2023-03-14,37.24017661216579
2023-03-15,37.164486538691705
2023-03-16,37.85810775606217
2023-03-17,37.38284935001885
2023-03-20,37.83045102435033
2023-03-21,38.86356695759426
2023-03-22,37.998760814367294
2023-03-23,37.97335425685962
2023-03-24,37.843476052910496
2023-03-27,37.89447231694866
2023-03-28,37.86698991169446
2023-03-29,38.58286560372559
2023-03-30,38.66027801960509
2023-03-31,33.508388790737364
2023-04-03,32.693375271069094
2023-04-04,32.640727910596674
2023-04-05,31.977384643561454
2023-04-06,31.97443138739868
2023-04-10,32.1209591739266
2023-04-11,32.16341758123152
2023-04-12,31.66911646575066
2023-04-13,32.36501741963716
2023-04-14,32.40827534550554
2023-04-17,32.64263733554527
2023-04-18,32.69350521952917
2023-04-19,32.665530736543424
2023-04-20,32.16217628850938
2023-04-21,32.52406860863912
2023-04-24,32.54100257557385
2023-04-25,31.88791595558904
2023-04-26,31.723048772754996
2023-04-27,32.57110447143281
2023-04-28,32.63496037821127
2023-05-01,32.331001895534506
2023-05-02,32.35421770989516
2023-05-03,32.10366825230563
2023-05-04,31.856548810731883
2023-05-05,32.47739677006328
2023-05-08,32.5565761692243
2023-05-09,32.541967711024625
2023-05-10,32.696830828579394
2023-05-11,32.85668751104826
2023-05-12,32.57438397658089
2023-05-15,32.612077556288504
2023-05-16,32.48195920829139
2023-05-17,33.1632626871699
2023-05-18,33.66677141321906
2023-05-19,33.38885302133251
2023-05-22,33.28670628728656
2023-05-23,32.972490989528886
2023-05-24,32.86414984602523
2023-05-25,32.712190679819145
2023-05-26,33.45504500775851
2023-05-30,33.68539080575445
2023-05-31,33.16528858652638
2023-06-01,33.55566263205895
2023-06-02,34.3226242574632
2023-06-05,34.43506071870565
2023-06-06,34.79150572523606
2023-06-07,34.551376753698726
2023-06-08,35.0631806181699
2023-06-09,35.23853540059008
2023-06-12,35.83774924926985
2023-06-13,36.22222916907612
2023-06-14,36.1799940802631
2023-06-15,36.43087530985399
2023-06-16,36.38070760573743
2023-06-20,36.56426128128769
2023-06-21,36.13001244743809
2023-06-22,36.5913547767354
2023-06-23,36.166862829895976
2023-06-26,35.70392094173253
2023-06-27,36.46430341646531
2023-06-28,36.60128486523431
2023-06-29,36.65027472434625
2023-06-30,32.59459765345618
2023-07-03,32.78891525616717
2023-07-05,32.97237195901869
2023-07-06,32.50443819990304
2023-07-07,32.53324534350349
2023-07-10,32.633510129296994
2023-07-11,32.90622176383298
2023-07-12,33.19308405874769
2023-07-13,33.51969253694226
2023-07-14,33.596283833638665
2023-07-17,33.76155001684392
2023-07-18,33.88897824236682
2023-07-19,34.01233281463562
2023-07-20,32.84927992150753
2023-07-21,32.87151034464958
2023-07-24,33.06959496528389
2023-07-25,32.98457542274424
2023-07-26,32.97220977190101
2023-07-27,32.6309214843165
2023-07-28,33.20723219346294
2023-07-31,33.354305190724894
2023-08-01,32.98403180552198
2023-08-02,32.3942626042346
2023-08-03,32.47892452500688
2023-08-04,32.99587668977739
2023-08-07,33.34321725520184
2023-08-08,33.07598975567512
2023-08-09,32.674323127012194
2023-08-10,32.74801719935868
2023-08-11,32.63407154003756
2023-08-14,32.739998395036906
2023-08-15,32.28771793334137
2023-08-16,31.88830448202364
2023-08-17,31.357543081772967
2023-08-18,31.269236540939747
2023-08-21,31.64025221253628
2023-08-22,31.68060834400281
2023-08-23,31.94042168527471
2023-08-24,31.304499141805803
2023-08-25,31.73288916736404
2023-08-28,31.833470544811156
2023-08-29,32.629276430328346
2023-08-30,32.747667856083424
2023-08-31,32.45197098076307
2023-09-01,32.25688999744566
2023-09-05,32.24695905262312
2023-09-06,31.95628806472873
2023-09-07,32.05345820582974
2023-09-08,32.05886969382889
2023-09-11,32.90828306364656
2023-09-12,32.630976441091946
2023-09-13,32.86269477548973
2023-09-14,33.183554323855525
2023-09-15,32.61451201087302
2023-09-18,32.1380990072146
2023-09-19,31.973742389826533
2023-09-20,31.655837485660783
2023-09-21,30.789386002972183
2023-09-22,30.49686467783552
2023-09-25,30.66768658318876
2023-09-26,30.117828683939702
2023-09-27,29.999221612669583
2023-09-28,30.333581892329164
2023-09-29,30.49346155137443
2023-10-02,26.861722018580263
2023-10-03,26.201507576171117
2023-10-04,26.730936599581256
2023-10-05,26.58821560668686
2023-10-06,26.756847848109075
2023-10-09,26.79486104545932
2023-10-10,27.087272610680007
2023-10-11,27.18181444686986
2023-10-12,26.885392524520505
2023-10-13,26.498705576607108
2023-10-16,26.920757772441213
2023-10-17,26.979830793817055
2023-10-18,26.507745003770303
2023-10-19,25.841280973640327
2023-10-20,25.431135465661903
2023-10-23,25.465143727612208
2023-10-24,25.725802627186468
2023-10-25,25.203709614889178
2023-10-26,24.806468098279392
2023-10-27,25.07051570121089
2023-10-30,25.30382225562236
2023-10-31,25.49026199410736
2023-11-01,27.804360190437546
2023-11-02,27.517564483887003
2023-11-03,27.3249160741982
2023-11-06,27.356060368138525
2023-11-07,27.66041894375636
2023-11-08,27.25355033838369
2023-11-09,26.704109225580066
2023-11-10,27.03441979698152
2023-11-13,27.049238010213248
2023-11-14,28.116542023267137
2023-11-15,28.150008642426908
2023-11-16,27.844627093449926
2023-11-17,27.968882648505513
2023-11-20,28.12727119516009
2023-11-21,28.03878710474125
2023-11-22,27.706611530402956
2023-11-24,27.74057586366289
2023-11-27,27.729520784284965
2023-11-28,27.945423933950867
2023-11-29,28.08642623000029
2023-11-30,27.841204030790855
2023-12-01,28.198892204154053
2023-12-04,28.25738184090674
2023-12-05,27.964557101287568
2023-12-06,28.15694669556835
2023-12-07,28.346630953410138
2023-12-08,28.522932800339557
2023-12-11,28.735465814461925
2023-12-12,28.67179164969759
2023-12-13,29.123288404295845
2023-12-14,29.706628088867777
2023-12-15,29.50612558042131
2023-12-18,29.55932597273552
2023-12-19,30.15105299025926
2023-12-20,29.59029149590165
2023-12-21,29.97980616279652
2023-12-22,29.46095507128251
2023-12-26,29.577030479940706
2023-12-27,29.6662699129373
2023-12-28,29.637529597562363
2023-12-29,29.350918847115715
2024-01-02,29.13491915650973
2024-01-03,28.32343511564144
2024-01-04,28.187143399000067
2024-01-05,28.15207680741028
2024-01-08,28.599902408352374
2024-01-09,28.466853091164115
2024-01-10,28.742090496108688
2024-01-11,28.72439554317999
2024-01-12,28.363874477924877
2024-01-16,28.373530573525862
2024-01-17,28.07001889153009
2024-01-18,28.184755390489048
2024-01-19,28.501102936911096
2024-01-22,28.46706284531382
2024-01-23,28.1477511970603
2024-01-24,28.19792549640541
2024-01-25,28.129348060422988
2024-01-26,27.209622752723583
2024-01-29,27.513662940544673
2024-01-30,27.348361005470725
2024-01-31,26.57661686203147
2024-02-01,26.92057306381202
2024-02-02,26.2076416378918
2024-02-05,25.816205737454784
2024-02-06,26.016572139316818
2024-02-07,26.718964776760025
2024-02-08,26.62606745053017
2024-02-09,26.95469097644833
2024-02-13,26.347162330339934
2024-02-14,26.717439610483204
2024-02-15,27.166587288363885
2024-02-16,27.02887430605037
2024-02-20,26.901953542998463
2024-02-21,26.98655380527504
2024-02-22,27.35706849573016
2024-02-23,27.546708290329637
2024-02-26,27.559139794003126
2024-02-27,27.75636152508711
2024-02-28,27.753962377554448
2024-02-29,27.783001544719962
2024-03-01,27.856347827758054
2024-03-04,27.571105927320737
2024-03-05,27.22435527635112
2024-03-06,26.99551607149836
2024-03-07,27.081530859253814
2024-03-08,27.066296883501213
2024-03-11,26.99695212602045
2024-03-12,27.22444457785238
2024-03-13,27.169259475495142
2024-03-14,26.954034922898533
2024-03-15,26.684128113673495
2024-03-18,26.909521672157858
2024-03-19,27.142735142957598
2024-03-20,27.549765323822616
2024-03-21,27.77254859400876
2024-03-22,27.37115941371341
2024-03-25,27.276982404973815
2024-03-26,27.306040884811996
2024-03-27,27.62060965034063
2024-03-28,27.568913100970853
2024-04-01,27.260100076792572
2024-04-02,26.847597573903602
2024-04-03,26.70812145924465
2024-04-04,26.409270206081068
2024-04-05,26.560801593449515
2024-04-08,26.798666466298535
2024-04-09,26.950040980361912
2024-04-10,26.530445772468873
2024-04-11,26.665825975052567
2024-04-12,26.30316932455152
2024-04-15,25.86085792808821
2024-04-16,25.707347754527078
2024-04-17,25.587477850971535
2024-04-18,25.483216831923407
2024-04-19,25.134421620540852
2024-04-22,25.25531345836559
2024-04-23,25.54919021947793
2024-04-24,25.80194545252148
2024-04-25,25.82139737204803
2024-04-26,26.027062744250074
2024-04-29,26.62761311804618
2024-04-30,25.951109600864584
2024-05-01,25.25674404678828
2024-05-02,25.439012752589534
2024-05-03,25.62012066921267
2024-05-06,25.879518707252497
2024-05-07,25.68045429399567
2024-05-08,25.574225105283436
2024-05-09,25.755425529113577
2024-05-10,25.596156711549895
2024-05-13,25.55903384937936
2024-05-14,25.715347685788423
2024-05-15,25.7444394814306
2024-05-16,25.57768238555403
2024-05-17,25.699198811328923
2024-05-20,25.513030580924266
2024-05-21,25.753608632223944
2024-05-22,25.45182235200168
2024-05-23,25.013214369982435
2024-05-24,25.253826745909407
2024-05-28,25.18694619073292
2024-05-29,25.021324804843434
2024-05-30,25.158937261797984
2024-05-31,25.280322329705506
2024-06-03,25.271019760691512
2024-06-04,25.22469476719473
2024-06-05,25.41197599441131
2024-06-06,25.506876254925018
2024-06-07,25.512199891998183
2024-06-10,25.644335629533632
2024-06-11,25.506094125004676
2024-06-12,25.80282834318652
2024-06-13,25.821347486055547
2024-06-14,25.61654988843854
2024-06-17,25.98909533003816
2024-06-18,25.942822517871434
2024-06-20,26.021942673038254
2024-06-21,26.223196875539564
2024-06-24,26.194190047944716
2024-06-25,25.535825888655346
2024-06-26,26.113972389964303
2024-06-27,26.130876271143208
2024-06-28,25.894634055556182
2024-07-01,25.725551683209016
2024-07-02,26.21409411880031
2024-07-03,26.68200900780828
2024-07-05,26.88298762593923
2024-07-08,26.90725139321963
2024-07-09,26.855962130621506
2024-07-10,27.195842480112347
2024-07-11,27.38179182070847
2024-07-12,27.19584932715182
2024-07-15,27.09666186339844
2024-07-16,27.647727841484198
2024-07-17,27.20110188816749
2024-07-18,26.984147966799814
2024-07-19,26.706192513426398
2024-07-22,26.954445062751898
2024-07-23,26.710130352170303
2024-07-24,25.72485295910749
2024-07-25,25.507575040897493
2024-07-26,25.789268861545413
2024-07-29,26.253743573381083
2024-07-30,26.471705293722614
2024-07-31,26.671827129403585
2024-08-01,25.342425000007086
2024-08-02,24.41321772848338
2024-08-05,23.72023697377238
2024-08-06,24.00789405809165
2024-08-07,23.555196859170568
2024-08-08,24.064215314548026
2024-08-09,24.14927917581506
2024-08-12,24.022723310863313
2024-08-13,24.660621252712055
2024-08-14,24.540880778294138
2024-08-15,25.169413207161544
2024-08-16,25.383217932401386
2024-08-19,25.688078122326203
2024-08-20,25.70573911886099
2024-08-21,26.060846763464564
2024-08-22,25.537880023395058
2024-08-23,26.042255692110764
2024-08-26,25.835536452707476
2024-08-27,25.824941141254275
2024-08-28,25.664840331946674
2024-08-29,25.516859424894612
2024-08-30,25.905735612661058
2024-09-03,25.52646398082823
2024-09-04,25.53674826434726
2024-09-05,25.713074379530116
2024-09-06,25.223870274780683
2024-09-09,25.595662565076562
2024-09-10,25.594741828203926
2024-09-11,26.06556427459351
2024-09-12,26.509526750001783
2024-09-13,26.62744768488384
2024-09-16,26.66385602212924
2024-09-17,26.714112493074275
2024-09-18,26.709193416996264
2024-09-19,27.418956481454558
2024-09-20,27.198517896012604
2024-09-23,27.396170590488904
2024-09-24,27.00094152323059
2024-09-25,26.75923505695151
2024-09-26,27.124775545609243
2024-09-27,27.136337466134226
2024-09-30,26.913479576799432
2024-10-01,26.99083522159754
2024-10-02,26.79815116840959
2024-10-03,26.551319977677387
2024-10-04,26.693784574169797
2024-10-07,26.54443097514212
2024-10-08,26.58888869872402
2024-10-09,26.926415227275424
2024-10-10,26.674244762052613
2024-10-11,26.589629088123104
2024-10-14,26.769670053925854
2024-10-15,26.735282512722176
2024-10-16,26.975212426394222
2024-10-17,26.856308824551103
2024-10-18,26.986896091956048
2024-10-21,26.7042651260327
2024-10-22,26.626706626975835
2024-10-23,26.23543329175318
2024-10-24,26.412848572012685
2024-10-25,26.646533467838267
2024-10-28,26.904524707605376
2024-10-29,26.608469955102386
2024-10-30,26.731976335581958
2024-10-31,26.188021438010907
2024-11-01,26.627994192385444
2024-11-04,26.69751770092939
2024-11-05,26.96862429322193
2024-11-06,27.402768990238155
2024-11-07,28.141751738896023
2024-11-08,28.802648980903243
2024-11-11,29.375607563414988
2024-11-12,29.3359905662756
2024-11-13,29.39760285826097
2024-11-14,29.27704856928695
2024-11-15,28.739755069809053
2024-11-18,28.784170701930776
2024-11-19,28.623184379481813
2024-11-20,28.55584766843115
2024-11-21,29.115540373205874
2024-11-22,29.40532925259407
2024-11-25,30.001961356281875
2024-11-26,29.464772723117793
2024-11-27,29.748910099766096
2024-11-29,29.90652060363113
2024-12-02,29.88259676973951
2024-12-03,30.12642796493949
2024-12-04,30.246720783971515
2024-12-05,30.480156208312366
2024-12-06,31.041438056968722
2024-12-09,31.239189284137005
2024-12-10,31.077021529406853
2024-12-11,31.2327709611478
2024-12-13,31.532691212597367
2024-12-16,31.448236132848134
2024-12-17,31.975501648592427
2024-12-18,30.916704135990187
2024-12-19,31.139292506306646
2024-12-20,31.110001527384025
2024-12-23,30.851635904567857
2024-12-24,31.30416474278558
2024-12-26,29.967779513818275
2024-12-27,29.818964097305468
2024-12-30,29.446187837919894
2024-12-31,29.14475712376028
2025-01-02,28.774299885100536
2025-01-03,28.931239970839226
2025-01-06,29.0685989788806
2025-01-07,28.629429999636066
2025-01-08,28.734788466417054
2025-01-10,28.37513081506472
2025-01-13,28.493300911999818
2025-01-14,28.698583024464458
2025-01-15,29.00273100950097
2025-01-16,29.321422846629886
2025-01-17,29.547008251665062
2025-01-21,29.668365716278736
2025-01-22,29.532587252374185
2025-01-23,29.883465749173318
2025-01-24,29.669868892428415
2025-01-27,30.017351796375742
2025-01-28,30.618911620778338
2025-01-29,30.836903305894072
2025-01-30,31.42113132664852
2025-01-31,31.076504507850547
2025-02-03,30.913949010364995
2025-02-04,31.126088421945344
2025-02-05,31.040547474016105
2025-02-06,29.709648566402166
2025-02-07,29.300500295653215
2025-02-10,29.412905896275205
2025-02-11,29.31536131587105
2025-02-12,28.954051023219115
2025-02-13,29.32082033742211
2025-02-14,29.499357327715806
2025-02-18,29.43385594888359
2025-02-19,29.299999105497434
2025-02-20,28.856323395577046
2025-02-21,28.10206849827138
2025-02-24,27.98925519724493
2025-02-25,28.068384387186807
2025-02-26,27.65628531206891
2025-02-27,27.11840103460557
2025-02-28,27.44450281275082
2025-03-03,27.037599656859665
2025-03-04,26.626618725117332
2025-03-05,27.09056351232143
2025-03-06,26.56005740165425
2025-03-07,26.563193592606396
2025-03-10,26.033964634611202
2025-03-11,25.629247364488
2025-03-12,25.52616090774659
2025-03-13,24.922071876972996
2025-03-14,25.390015919435665
2025-03-17,25.618220003479184
2025-03-18,25.283133087700303
2025-03-19,25.709908228238934
2025-03-20,25.69033664674765
2025-03-21,25.587875925770202
2025-03-24,26.256791147181538
2025-03-25,26.329514788952455
2025-03-26,26.19026623060942
2025-03-27,26.042886725386225
2025-03-28,25.326705378016406
2025-03-31,25.477621021371192
2025-04-01,25.634863094088143
2025-04-02,25.96864456438691
2025-04-03,24.35317730805907
2025-04-04,23.717770159039613
2025-04-07,23.339812120296983
2025-04-08,22.757452472402505
2025-04-09,24.80613812038007
2025-04-10,23.93047201248217
2025-04-11,24.148957070639213
2025-04-14,24.33158609935804
2025-04-15,24.116120826780847
2025-04-16,23.634655163118214
2025-04-17,23.947122473458187
2025-04-21,23.489630595647206
2025-04-22,25.267571088131923
2025-04-23,25.705436208569285
2025-04-24,26.3357390729035
2025-04-25,26.496475662357525
2025-04-28,26.8916857679664
2025-04-29,26.948341552532828
2025-04-30,26.858149655857154
2025-05-01,26.47650099051439
2025-05-02,26.87651525641822
2025-05-05,26.82252881286119
2025-05-06,26.535874395257675
2025-05-07,26.70810214138449
2025-05-08,26.964405677130262
2025-05-09,26.93532839867287
2025-05-12,28.354946802780443
2025-05-13,28.659991551115176
2025-05-14,28.74156414133089
2025-05-15,29.032229603798864
2025-05-16,29.256958331640355
2025-05-19,29.161771910805363
2025-05-20,28.90698581951409
2025-05-21,28.37763088096257
2025-05-22,28.41857449426012
2025-05-23,28.188918588420396
2025-05-27,28.835954876401267
2025-05-28,28.776305935545892
2025-05-29,28.863120499369614
2025-05-30,28.89889721259917
2025-06-02,28.683242850995754
2025-06-03,28.922810950739112
2025-06-04,28.946979176367996
2025-06-05,28.640729095502625
2025-06-06,28.226577868098648
2025-06-09,28.508280508356833
2025-06-10,28.898919020437344
2025-06-11,28.73845010587591
2025-06-12,28.733840459969155
2025-06-13,28.167446511696326
2025-06-16,28.670919151006064
2025-06-17,28.31376034825867
2025-06-18,28.201139074529856
2025-06-20,28.306294248303033
2025-06-23,28.590005641476267
2025-06-24,29.15697877560816
2025-06-25,28.780977442338656
2025-06-26,29.218595807521613
2025-06-27,29.725984429811646
2025-06-30,29.590487003698147
2025-07-01,30.079647979232366
2025-07-02,29.76368875053717
2025-07-03,30.011681612372875
2025-07-07,29.777258737076384
2025-07-08,29.55186872939905
2025-07-09,29.818174647156642
2025-07-10,29.936220080301585
2025-07-11,29.932490532074738
2025-07-14,30.098104259325794
2025-07-15,29.650870207919596
2025-07-16,29.702496428814044
2025-07-17,29.95249107282135
2025-07-18,30.00415362546893
2025-07-21,30.149786729864683
2025-07-22,30.773156901365066
2025-07-23,31.34239445305954
2025-07-24,30.936570096686513
2025-07-25,30.916438555505568
2025-07-28,31.04823459369108
2025-07-29,31.140859218463067
2025-07-30,31.267959724118658
2025-07-31,30.945982581172675
2025-08-01,30.2270877318319
2025-08-04,30.41660173358656
2025-08-05,30.47544787311271
2025-08-06,30.861381997320557
2025-08-07,30.859547837186188
2025-08-08,30.932976009131345
2025-08-11,30.915911159763642
2025-08-12,31.45796487632873
2025-08-13,32.03410055402457
2025-08-14,31.956079342125122
2025-08-15,31.90551588979417
2025-08-18,31.895324247566958
2025-08-19,32.14305889755751
2025-08-20,31.6110082970098
2025-08-21,31.424158050617606
2025-08-22,32.298759700332255
2025-08-25,32.199597763083084
2025-08-26,32.35620639402662
2025-08-27,32.49734910098914
2025-08-28,32.53643459311112
2025-08-29,32.335565828132054
2025-09-02,32.16205102542065
2025-09-03,31.994635988396755
2025-09-04,32.63810198359348
2025-09-05,32.459870151597904
2025-09-08,32.798816584793336
2025-09-09,32.5761857171809
2025-09-10,32.26110513861963
2025-09-11,32.78132682849946
2025-09-12,32.66962422970431
2025-09-15,33.13868468454948
2025-09-16,33.389167019653094
2025-09-17,33.4744332120679
2025-09-18,33.46031222766669
2025-09-19,33.38997181135502
2025-09-22,33.32322043636451
2025-09-23,33.25916966661606
2025-09-24,33.20496916952598
2025-09-25,33.11494511755856
2025-09-26,33.24929750731166
2025-09-29,33.44527924179699
2025-09-30,33.372665201023906
2025-10-01,33.448349578689665
2025-10-02,33.67074684020475
2025-10-03,33.296886172847906
2025-10-06,33.155212378888216
2025-10-07,32.57867017730216
2025-10-08,32.818315279037435
2025-10-09,32.72810034123117
2025-10-10,32.164752848299806
2025-10-13,32.35198054306914
2025-10-14,32.93080932030167
2025-10-15,32.64891123243162
2025-10-16,32.473869570743055
2025-10-17,32.61516318086635
2025-10-20,32.5985302600585
2025-10-21,34.026072437334236
2025-10-22,33.57319396463578
2025-10-23,33.17691460500345
2025-10-24,33.46655677301558
2025-10-27,33.671761489745116
2025-10-28,33.36991807124153
2025-10-29,33.207047695595215
2025-10-30,32.52466376908242
2025-10-31,32.75226535612736
2025-11-03,32.88313858137449
2025-11-04,33.17492481505466
2025-11-05,33.090153429421896
2025-11-06,32.65782736253115
2025-11-07,32.749397116657015
2025-11-10,32.687955852798844
2025-11-11,33.11111257987529
2025-11-12,32.89359652952248
2025-11-13,32.43560771844665
2025-11-14,31.865463116845753
2025-11-17,31.416347731962013
2025-11-18,31.15718194870411
2025-11-19,31.04883196688452
2025-11-20,30.673726165034893
2025-11-21,31.451405842164156
2025-11-24,31.178229326015973
2025-11-25,32.499164267723394
2025-11-26,32.46420395758366
2025-11-28,32.65151543927488
2025-12-01,32.716223258805314
2025-12-02,32.68269112262139
2025-12-03,32.90755952622102
2025-12-04,32.62166683320374
2025-12-05,33.142663455845415
2025-12-08,32.77236496111864
2025-12-09,32.48680266738329
2025-12-10,33.228896762918545
2025-12-11,33.3860158931921
2025-12-12,33.26082803782548
2025-12-15,33.48463714560998
2025-12-16,33.608579246139286
2025-12-17,33.764573960997716
2025-12-18,33.803284652907905
2025-12-19,33.89358893341681
2025-12-22,34.05769717595402
2025-12-23,34.63808964672561
2025-12-24,34.79542045415246
2025-12-29,34.470615727549585
2025-12-30,34.27128090783013
2025-12-31,33.87616502194197
2026-01-01,33.87623417669128
2026-01-02,33.83841170338937
2026-01-05,33.92437857459078
2026-01-06,34.66892255382921
2026-01-07,34.25566649754795
2026-01-08,35.01935748835456
2026-01-09,35.299534550399905
2026-01-12,35.27421145411841
2026-01-13,35.256249350286275
2026-01-14,34.692824810846766
2026-01-15,34.83670761184738
2026-01-16,34.65081382388776
2026-01-20,33.85537081761328
2026-01-21,34.44238109109052
2026-01-22,34.541831751644395
2026-01-23,34.91591597739669
2026-01-26,34.92734869044544
2026-01-27,35.496884479176956
2026-01-28,35.29621408557671
2026-01-29,35.46715559166753
2026-01-30,34.93180583904064
2026-02-02,35.63965911735952
2026-02-03,35.095367529232725
2026-02-04,35.09133384757344
2026-02-05,33.92563354037134
2026-02-06,33.793886407054444
2026-02-09,33.68243599877649
2026-02-10,37.79910937969061
2026-02-11,37.47693039526851
2026-02-12,37.27443190547369
2026-02-13,37.17384743604817
2026-02-17,37.51528114203112
2026-02-18,37.52695735151365
2026-02-19,36.98995897896764
2026-02-20,37.582941774936934
2026-02-23,36.80922884768224
2026-02-24,37.251219270141135
2026-02-25,37.080962031802
2026-02-26,37.578826440834554
2026-02-27,37.744539269189595
2026-03-02,36.865940663786276
2026-03-03,36.71091220111411
2026-03-04,36.89115909023289
2026-03-05,37.18998382604031
2026-03-06,36.489859990201836
2026-03-09,36.46856751168414
2026-03-10,36.39914763439446
2026-03-11,36.14134428156635
2026-03-12,35.453647904162075
2026-03-13,35.52337256267559
2026-03-16,36.00526662268174
2026-03-17,36.04010292094259
2026-03-18,35.26637722661113
2026-03-19,35.27263595957597
2026-03-20,34.48253943802118
2026-03-23,35.22495933632828
2026-03-24,35.1072199664904
2026-03-25,35.613674404076185
2026-03-26,35.05309378027691
2026-03-27,33.85251681404535
2026-03-30,34.00510712819607
2026-03-31,34.87779977025014
2026-04-01,35.1087205651369
2026-04-02,34.9571921267898
2026-04-06,35.491173311390256
2026-04-07,34.51411215917873
2026-04-08,35.803969397382836
2026-04-09,36.24152568272543
2026-04-10,36.12711626858422
2026-04-13,36.5493812277158
2026-04-14,37.117318315291264
2026-04-15,37.42551984266289
2026-04-16,37.77182892448362
2026-04-17,38.673115472422666
2026-04-20,38.59196685649052
2026-04-21,38.24520470159303
2026-04-22,38.09452694584485
2026-04-23,37.996785125746364
2026-04-24,38.08983945938499
2026-04-27,37.70112649368223
2026-04-28,37.43782586439325
2026-04-29,37.3084205022437
2026-04-30,35.44783641710859
2026-05-01,35.314702679830205
2026-05-04,35.04578060106703
2026-05-05,35.370641980592
2026-05-06,35.78563655102293
2026-05-07,35.99491940279109
2026-05-08,35.63396879812979
2026-05-11,35.042943725990995
2026-05-12,35.2613493437426
2026-05-13,34.74830506133893
2026-05-14,35.24043979098129
2026-05-15,34.899705630009855
2026-05-18,34.799126931595985
2026-05-19,34.14136716365292
2026-05-20,34.99141989280189
2026-05-21,35.12800630751785
2026-05-22,34.93173250799262
2026-05-26,34.85372188283682
2026-05-27,35.89143480975905
2026-05-28,36.00237972653529
2026-05-29,35.66021333130639
2026-06-01,35.22857539329558
2026-06-02,34.61134919215741
2026-06-03,34.42672330016741
2026-06-04,34.79424282039638
2026-06-05,34.307855407731815
2026-06-08,33.73709493954774
2026-06-09,34.60585919331747
2026-06-10,33.64672163646023
2026-06-11,34.25468309764281
2026-06-12,34.356744731483616
