date,trailing_pe
2003-06-12,24.647414
2003-06-13,24.376963
2003-06-16,24.883653
2003-06-17,24.837631
2003-06-18,24.70586
2003-06-19,24.266601
2003-06-20,24.350032
2003-06-23,24.066336
2003-06-24,24.067808
2003-06-25,23.775656
2003-06-26,23.878174
2003-06-27,23.626504
2003-06-30,23.683082
2003-07-01,23.73441
2003-07-02,23.898804
2003-07-03,23.737866
2003-07-07,24.156389
2003-07-08,24.195954
2003-07-09,23.980081
2003-07-10,23.757423
2003-07-11,24.218001
2003-07-14,24.232602
2003-07-15,24.033714
2003-07-16,23.956167
2003-07-17,23.787663
2003-07-18,24.246468
2003-07-21,23.767728
2003-07-22,23.884671
2003-07-23,24.523143
2003-07-24,24.531991
2003-07-25,25.100114
2003-07-28,25.158099
2003-07-29,23.814686
2003-07-30,23.753714
2003-07-31,23.997589
2003-08-01,23.924334
2003-08-04,23.941168
2003-08-05,23.522047
2003-08-06,23.44652
2003-08-07,23.62355
2003-08-08,23.731387
2003-08-11,23.737646
2003-08-12,23.896618
2003-08-13,23.831164
2003-08-14,24.09609
2003-08-15,24.154917
2003-08-18,24.638485
2003-08-19,24.783405
2003-08-20,24.234656
2003-08-21,24.536373
2003-08-22,24.323337
2003-08-25,24.195272
2003-08-26,24.233175
2003-08-27,24.216732
2003-08-28,24.339583
2003-08-29,24.435659
2003-09-02,24.764831
2003-09-03,24.956417
2003-09-04,24.938674
2003-09-05,24.705604
2003-09-08,24.858428
2003-09-09,24.598378
2003-09-10,24.315082
2003-09-11,24.504381
2003-09-12,24.53721
2003-09-15,24.491035
2003-09-16,24.89715
2003-09-17,24.794473
2003-09-18,25.072002
2003-09-19,24.984964
2003-09-22,24.651429
2003-09-23,24.705222
2003-09-24,24.21989
2003-09-25,23.968194
2003-09-26,23.785327
2003-09-29,24.028715
2003-09-30,23.741065
2003-10-01,24.273475
2003-10-02,24.32973
2003-10-03,24.553253
2003-10-06,24.595007
2003-10-07,24.638374
2003-10-08,24.503508
2003-10-09,24.656909
2003-10-10,24.482592
2003-10-13,24.558012
2003-10-14,24.750877
2003-10-15,24.678064
2003-10-16,24.713539
2003-10-17,24.509885
2003-10-20,24.437532
2003-10-21,24.304888
2003-10-22,24.099195
2003-10-23,24.321134
2003-10-24,24.303774
2003-10-27,24.324001
2003-10-28,24.668256
2003-10-29,24.949608
2003-10-30,25.018763
2003-10-31,25.089724
2003-11-03,25.15096
2003-11-04,24.376786
2003-11-05,24.307378
2003-11-06,24.429985
2003-11-07,24.310389
2003-11-10,24.159364
2003-11-11,24.088003
2003-11-12,24.474164
2003-11-13,24.443713
2003-11-14,24.20033
2003-11-17,24.082246
2003-11-18,24.054057
2003-11-19,24.386697
2003-11-20,24.201533
2003-11-21,24.092705
2003-11-24,24.41577
2003-11-25,24.546872
2003-11-26,24.581771
2003-11-28,24.580136
2003-12-01,24.907387
2003-12-02,24.618048
2003-12-03,24.648893
2003-12-04,24.665485
2003-12-05,24.516167
2003-12-08,24.721413
2003-12-09,24.739453
2003-12-10,24.706651
2003-12-11,25.103292
2003-12-12,25.11809
2003-12-15,25.120846
2003-12-16,25.326939
2003-12-17,25.46717
2003-12-18,25.684547
2003-12-19,25.725087
2003-12-22,25.91732
2003-12-23,25.957967
2003-12-24,25.842385
2003-12-26,25.825498
2003-12-29,26.038703
2003-12-30,25.946435
2003-12-31,26.037928
2004-01-02,25.96185
2004-01-05,26.264978
2004-01-06,26.176438
2004-01-07,26.227708
2004-01-08,26.400007
2004-01-09,26.123177
2004-01-12,26.252881
2004-01-13,26.139601
2004-01-14,26.454738
2004-01-15,26.516299
2004-01-16,26.149554
2004-01-20,25.720037
2004-01-21,26.026756
2004-01-22,25.803984
2004-01-23,25.633812
2004-01-26,26.012259
2004-01-27,25.34199
2004-01-28,25.005544
2004-01-29,24.014586
2004-01-30,23.902604
2004-02-02,23.830381
2004-02-03,23.659945
2004-02-04,23.597774
2004-02-05,23.745002
2004-02-06,23.848499
2004-02-09,23.723725
2004-02-10,24.102953
2004-02-11,24.41138
2004-02-12,24.329355
2004-02-13,24.226849
2004-02-17,24.385843
2004-02-18,24.232638
2004-02-19,24.09034
2004-02-20,24.047504
2004-02-23,24.000854
2004-02-24,23.8912
2004-02-25,23.888325
2004-02-26,23.810351
2004-02-27,23.767179
2004-03-01,23.944205
2004-03-02,23.790941
2004-03-03,23.874134
2004-03-04,23.917036
2004-03-05,23.910726
2004-03-08,23.556271
2004-03-09,23.377313
2004-03-10,22.970839
2004-03-11,22.634884
2004-03-12,22.968632
2004-03-15,22.701266
2004-03-16,22.870966
2004-03-17,23.172683
2004-03-18,23.157028
2004-03-19,22.874226
2004-03-22,22.493441
2004-03-23,22.464262
2004-03-24,22.447558
2004-03-25,22.861999
2004-03-26,22.915254
2004-03-29,23.196311
2004-03-30,23.354118
2004-03-31,23.366213
2004-04-01,23.417647
2004-04-02,23.738643
2004-04-05,23.984434
2004-04-06,24.011937
2004-04-07,23.872552
2004-04-08,23.84098
2004-04-12,24.005132
2004-04-13,23.667924
2004-04-14,23.563208
2004-04-15,23.639019
2004-04-16,23.863389
2004-04-19,23.573688
2004-04-20,23.179475
2004-04-21,23.256563
2004-04-22,23.438431
2004-04-23,23.35009
2004-04-26,23.246055
2004-04-27,23.134001
2004-04-28,22.288928
2004-04-29,22.075201
2004-04-30,21.964929
2004-05-03,22.131621
2004-05-04,21.851226
2004-05-05,21.856235
2004-05-06,21.811836
2004-05-07,21.504277
2004-05-10,21.207869
2004-05-11,21.360092
2004-05-12,21.494674
2004-05-13,21.462831
2004-05-14,21.463998
2004-05-17,21.226489
2004-05-18,21.33557
2004-05-19,21.288167
2004-05-20,21.192804
2004-05-21,21.396514
2004-05-24,21.524635
2004-05-25,21.84797
2004-05-26,21.88339
2004-05-27,22.059946
2004-05-28,22.018098
2004-06-01,21.999798
2004-06-02,22.183845
2004-06-03,22.034259
2004-06-04,22.17057
2004-06-07,22.54914
2004-06-08,22.58432
2004-06-09,22.356711
2004-06-10,22.498585
2004-06-14,22.404616
2004-06-15,22.577785
2004-06-16,22.652157
2004-06-17,22.6792
2004-06-18,22.824204
2004-06-21,22.776595
2004-06-22,22.954839
2004-06-23,23.215955
2004-06-24,23.11354
2004-06-25,22.936073
2004-06-28,22.9035
2004-06-29,23.061291
2004-06-30,23.169232
2004-07-01,22.870839
2004-07-02,22.646323
2004-07-06,22.584734
2004-07-07,22.686776
2004-07-08,22.49542
2004-07-09,22.783464
2004-07-12,22.884296
2004-07-13,22.936786
2004-07-14,22.914858
2004-07-15,23.042397
2004-07-16,22.939348
2004-07-19,22.762813
2004-07-20,22.879371
2004-07-21,22.381483
2004-07-22,22.1488
2004-07-23,21.879826
2004-07-26,21.784195
2004-07-27,21.98905
2004-07-28,21.759032
2004-07-29,21.857703
2004-07-30,21.769168
2004-08-02,21.841008
2004-08-03,21.644573
2004-08-04,21.687964
2004-08-05,21.272005
2004-08-06,20.834975
2004-08-09,20.90462
2004-08-10,21.2076
2004-08-11,21.181923
2004-08-12,20.718961
2004-08-13,20.764988
2004-08-16,21.127381
2004-08-17,21.02384
2004-08-18,21.272912
2004-08-19,21.126074
2004-08-20,21.260232
2004-08-23,21.221205
2004-08-24,21.334255
2004-08-25,21.499728
2004-08-26,21.508131
2004-08-27,21.501411
2004-08-30,21.367257
2004-08-31,21.479144
2004-09-01,21.537072
2004-09-02,21.799322
2004-09-03,21.695347
2004-09-07,21.88911
2004-09-08,21.8881
2004-09-09,21.844562
2004-09-10,21.923032
2004-09-13,21.943699
2004-09-14,21.956949
2004-09-15,21.781603
2004-09-16,21.897374
2004-09-17,22.158114
2004-09-20,22.079215
2004-09-21,22.166944
2004-09-22,21.748596
2004-09-23,21.521205
2004-09-24,21.598113
2004-09-27,21.427069
2004-09-28,21.599954
2004-09-29,21.713777
2004-09-30,21.85061
2004-10-01,22.154487
2004-10-04,22.19873
2004-10-05,22.165976
2004-10-06,22.367384
2004-10-07,22.083608
2004-10-08,22.014399
2004-10-11,22.080955
2004-10-12,22.06104
2004-10-13,21.843907
2004-10-14,21.70516
2004-10-15,21.86266
2004-10-18,21.819386
2004-10-19,21.573513
2004-10-20,21.327764
2004-10-21,21.24828
2004-10-22,21.027446
2004-10-25,21.036272
2004-10-26,21.375311
2004-10-27,21.512708
2004-10-28,21.328549
2004-10-29,21.395277
2004-11-01,21.220643
2004-11-02,21.173528
2004-11-03,21.395927
2004-11-04,21.753234
2004-11-05,21.898302
2004-11-08,21.937948
2004-11-09,22.020597
2004-11-10,22.030224
2004-11-11,22.302333
2004-11-12,22.470523
2004-11-15,22.374259
2004-11-16,22.267523
2004-11-17,22.406373
2004-11-18,22.55138
2004-11-19,22.270585
2004-11-22,22.326472
2004-11-23,22.197948
2004-11-24,22.234978
2004-11-26,22.196985
2004-11-29,22.128796
2004-11-30,22.158885
2004-12-01,22.538728
2004-12-02,22.487105
2004-12-03,22.482252
2004-12-06,22.40312
2004-12-07,22.148457
2004-12-08,22.27515
2004-12-09,22.389634
2004-12-10,22.502947
2004-12-13,22.786849
2004-12-14,22.805762
2004-12-15,22.793469
2004-12-16,22.553607
2004-12-17,22.513181
2004-12-20,22.529046
2004-12-21,22.65986
2004-12-22,22.679458
2004-12-23,22.682345
2004-12-27,22.529799
2004-12-28,22.696081
2004-12-29,22.618082
2004-12-30,22.607379
2004-12-31,22.553407
2005-01-03,22.391937
2005-01-04,22.080874
2005-01-05,21.957672
2005-01-06,22.063054
2005-01-07,21.969728
2005-01-10,21.995565
2005-01-11,21.88631
2005-01-12,21.933972
2005-01-13,21.695602
2005-01-14,21.846235
2005-01-18,21.899514
2005-01-19,21.70793
2005-01-20,21.563377
2005-01-21,21.115513
2005-01-24,21.127622
2005-01-25,21.276352
2005-01-26,21.192913
2005-01-27,21.072889
2005-01-28,21.084501
2005-01-31,21.314226
2005-02-01,21.16478
2005-02-02,21.496337
2005-02-03,21.4249
2005-02-04,21.556977
2005-02-07,21.554074
2005-02-08,21.651869
2005-02-09,21.438979
2005-02-10,21.493638
2005-02-11,21.653718
2005-02-14,21.627953
2005-02-15,21.669269
2005-02-16,21.675436
2005-02-17,21.511812
2005-02-18,21.488314
2005-02-22,21.148011
2005-02-23,21.193021
2005-02-24,21.404629
2005-02-25,21.630696
2005-02-28,21.487329
2005-03-01,21.566222
2005-03-02,21.63291
2005-03-03,21.686604
2005-03-04,22.026388
2005-03-07,22.105902
2005-03-08,22.092632
2005-03-09,21.868379
2005-03-10,21.953446
2005-03-11,21.826974
2005-03-14,21.953875
2005-03-15,21.833329
2005-03-16,21.583277
2005-03-17,21.550553
2005-03-18,21.637186
2005-03-21,21.587535
2005-03-22,21.458894
2005-03-23,21.376858
2005-03-24,21.4132
2005-03-28,21.448437
2005-03-29,21.153705
2005-03-30,21.497463
2005-03-31,21.438679
2005-04-01,21.244329
2005-04-04,21.199686
2005-04-05,21.307936
2005-04-06,21.332998
2005-04-07,21.49565
2005-04-08,21.314283
2005-04-11,21.345295
2005-04-12,21.493499
2005-04-13,21.163319
2005-04-14,20.784166
2005-04-15,20.282756
2005-04-18,20.280017
2005-04-19,20.332412
2005-04-20,19.99563
2005-04-21,20.374438
2005-04-22,20.211686
2005-04-25,20.461088
2005-04-26,20.123304
2005-04-27,20.215049
2005-04-28,19.764372
2005-04-29,20.028435
2005-05-02,20.024139
2005-05-03,20.055287
2005-05-04,20.254867
2005-05-05,20.083698
2005-05-06,20.151708
2005-05-09,20.289664
2005-05-10,20.066099
2005-05-11,20.22648
2005-05-12,19.983361
2005-05-13,19.873064
2005-05-16,20.135993
2005-05-17,20.247181
2005-05-18,20.544223
2005-05-19,20.540831
2005-05-20,20.542064
2005-05-23,20.67457
2005-05-24,20.630005
2005-05-25,20.465941
2005-05-26,20.58528
2005-05-27,20.57382
2005-05-31,20.433385
2005-06-01,20.587985
2005-06-02,20.594846
2005-06-03,20.475831
2005-06-06,20.497046
2005-06-07,20.555451
2005-06-08,20.46124
2005-06-09,20.452909
2005-06-10,20.418298
2005-06-13,20.415747
2005-06-14,20.388429
2005-06-15,20.390631
2005-06-16,20.423474
2005-06-17,20.602817
2005-06-20,20.523617
2005-06-21,20.469076
2005-06-22,20.378635
2005-06-23,19.936065
2005-06-24,19.78834
2005-06-27,19.752317
2005-06-28,20.088258
2005-06-29,19.976364
2005-06-30,19.833137
2005-07-01,19.870138
2005-07-05,19.924353
2005-07-06,19.726205
2005-07-07,19.767024
2005-07-08,20.095435
2005-07-11,20.166668
2005-07-12,20.071374
2005-07-13,20.131939
2005-07-14,20.28486
2005-07-15,19.999428
2005-07-18,19.895313
2005-07-19,20.035255
2005-07-20,20.202311
2005-07-21,19.9165
2005-07-22,19.961876
2005-07-25,19.817199
2005-07-26,19.747784
2005-07-27,19.755678
2005-07-28,19.637125
2005-07-29,19.48634
2005-08-01,19.462512
2005-08-02,19.341338
2005-08-03,19.326846
2005-08-04,19.188841
2005-08-05,19.068298
2005-08-08,19.059536
2005-08-09,19.211053
2005-08-10,19.144811
2005-08-11,19.360571
2005-08-12,19.236142
2005-08-15,19.299475
2005-08-16,19.056689
2005-08-17,19.122835
2005-08-18,19.041241
2005-08-19,19.102647
2005-08-22,19.145902
2005-08-23,19.055336
2005-08-24,18.89617
2005-08-25,18.920523
2005-08-26,18.830571
2005-08-29,18.909831
2005-08-30,18.754186
2005-08-31,18.938551
2005-09-01,18.831325
2005-09-02,18.863687
2005-09-06,19.123818
2005-09-07,19.171038
2005-09-08,19.063934
2005-09-09,19.16609
2005-09-12,19.287352
2005-09-13,19.211146
2005-09-14,19.071506
2005-09-15,19.098344
2005-09-16,19.216314
2005-09-19,18.964504
2005-09-20,18.865712
2005-09-21,18.749849
2005-09-22,18.810105
2005-09-23,18.930412
2005-09-26,18.878998
2005-09-27,18.994592
2005-09-28,18.990602
2005-09-29,19.083777
2005-09-30,19.154552
2005-10-03,19.05349
2005-10-04,18.861446
2005-10-05,18.637822
2005-10-06,18.809787
2005-10-07,18.986321
2005-10-10,18.862459
2005-10-11,18.777966
2005-10-12,18.745951
2005-10-13,18.73621
2005-10-14,18.73937
2005-10-17,18.714307
2005-10-18,18.524579
2005-10-19,18.720351
2005-10-20,18.491931
2005-10-21,18.304403
2005-10-24,18.628784
2005-10-25,18.39196
2005-10-26,18.069797
2005-10-27,17.844853
2005-10-28,18.138891
2005-10-31,18.169193
2005-11-01,18.089698
2005-11-02,18.263055
2005-11-03,18.328214
2005-11-04,18.322276
2005-11-07,18.389194
2005-11-08,18.289409
2005-11-09,18.325527
2005-11-10,18.543796
2005-11-11,18.601398
2005-11-14,18.62251
2005-11-15,18.599906
2005-11-16,18.543734
2005-11-17,18.718957
2005-11-18,18.925914
2005-11-21,19.05827
2005-11-22,19.155848
2005-11-23,19.124944
2005-11-25,19.160333
2005-11-28,19.046019
2005-11-29,19.076158
2005-11-30,19.025406
2005-12-01,19.229721
2005-12-02,19.148799
2005-12-05,19.070969
2005-12-06,19.131951
2005-12-07,19.011849
2005-12-08,18.907814
2005-12-09,19.022675
2005-12-12,19.022722
2005-12-13,19.0267
2005-12-14,19.190027
2005-12-15,19.230754
2005-12-16,19.244693
2005-12-19,19.068009
2005-12-20,19.065637
2005-12-21,19.108235
2005-12-22,19.239779
2005-12-23,19.255465
2005-12-27,19.075392
2005-12-28,19.126018
2005-12-29,19.117864
2005-12-30,19.014117
2006-01-03,19.154497
2006-01-04,19.198089
2006-01-05,19.140497
2006-01-06,19.246974
2006-01-09,19.347874
2006-01-10,19.300497
2006-01-11,19.320058
2006-01-12,19.166593
2006-01-13,19.094017
2006-01-17,18.985712
2006-01-18,18.987125
2006-01-19,19.012634
2006-01-20,18.730787
2006-01-23,18.753337
2006-01-24,18.759421
2006-01-25,18.666257
2006-01-26,18.487345
2006-01-27,18.592955
2006-01-30,18.607099
2006-01-31,18.459925
2006-02-01,18.535182
2006-02-02,18.31513
2006-02-03,18.271393
2006-02-06,18.323228
2006-02-07,18.149895
2006-02-08,18.283659
2006-02-09,18.364231
2006-02-10,18.514678
2006-02-13,18.689513
2006-02-14,18.88589
2006-02-15,18.919853
2006-02-16,18.943722
2006-02-17,19.011518
2006-02-21,18.930319
2006-02-22,19.215914
2006-02-23,19.103757
2006-02-24,19.134482
2006-02-27,19.25173
2006-02-28,19.006476
2006-03-01,19.129674
2006-03-02,19.085983
2006-03-03,19.151657
2006-03-06,19.043857
2006-03-07,19.071397
2006-03-08,19.068335
2006-03-09,19.029148
2006-03-10,19.227156
2006-03-13,19.224197
2006-03-14,19.42556
2006-03-15,19.684331
2006-03-16,19.719882
2006-03-17,19.836744
2006-03-20,19.837832
2006-03-21,19.728377
2006-03-22,19.879487
2006-03-23,19.756643
2006-03-24,19.753992
2006-03-27,19.730277
2006-03-28,19.640804
2006-03-29,19.786052
2006-03-30,19.831927
2006-03-31,19.827734
2006-04-03,19.875107
2006-04-04,20.008147
2006-04-05,20.00067
2006-04-06,20.016322
2006-04-07,19.841028
2006-04-10,19.829816
2006-04-11,19.770371
2006-04-12,19.917312
2006-04-13,19.663045
2006-04-17,19.520613
2006-04-18,19.934126
2006-04-19,20.020373
2006-04-20,19.929915
2006-04-21,19.895381
2006-04-24,19.841038
2006-04-25,19.549348
2006-04-26,19.548607
2006-04-27,19.413847
2006-04-28,19.369393
2006-05-01,19.396713
2006-05-02,19.519604
2006-05-03,19.53629
2006-05-04,19.558722
2006-05-05,19.762387
2006-05-08,19.716019
2006-05-09,19.749459
2006-05-10,19.737476
2006-05-11,19.57597
2006-05-12,19.310604
2006-05-15,19.347445
2006-05-16,19.360814
2006-05-17,18.969881
2006-05-18,18.76098
2006-05-19,18.845875
2006-05-22,18.810464
2006-05-23,18.738703
2006-05-24,18.699705
2006-05-25,18.826298
2006-05-26,18.906725
2006-05-30,18.678101
2006-05-31,18.827611
2006-06-01,19.01869
2006-06-02,19.02296
2006-06-05,18.641323
2006-06-06,18.586015
2006-06-07,18.429521
2006-06-08,18.434798
2006-06-09,18.287761
2006-06-12,18.053057
2006-06-13,17.985054
2006-06-14,18.153266
2006-06-15,18.540774
2006-06-16,18.505799
2006-06-19,18.354753
2006-06-20,18.351889
2006-06-21,18.513333
2006-06-22,18.38118
2006-06-23,18.397839
2006-06-26,18.456246
2006-06-27,18.260399
2006-06-28,18.328926
2006-06-29,18.702094
2006-06-30,18.682325
2006-07-03,18.779297
2006-07-05,18.642865
2006-07-06,18.678559
2006-07-07,18.402134
2006-07-10,18.46467
2006-07-11,18.50548
2006-07-12,18.318949
2006-07-13,17.994636
2006-07-14,17.597608
2006-07-17,17.546635
2006-07-18,17.529683
2006-07-19,17.823769
2006-07-20,17.340282
2006-07-21,17.111287
2006-07-24,17.375404
2006-07-25,17.163355
2006-07-26,17.103616
2006-07-27,17.051362
2006-07-28,17.268589
2006-07-31,17.171526
2006-08-01,17.041702
2006-08-02,17.132429
2006-08-03,17.302984
2006-08-04,17.268983
2006-08-07,17.158925
2006-08-08,17.006219
2006-08-09,16.78086
2006-08-10,16.906376
2006-08-11,16.816
2006-08-14,16.874711
2006-08-15,17.147446
2006-08-16,17.512881
2006-08-17,17.540093
2006-08-18,17.490385
2006-08-21,17.349325
2006-08-22,17.355432
2006-08-23,17.253085
2006-08-24,17.162168
2006-08-25,17.15201
2006-08-28,17.253142
2006-08-29,17.278086
2006-08-30,17.29961
2006-08-31,17.335683
2006-09-01,17.443052
2006-09-05,17.480005
2006-09-06,17.353608
2006-09-07,17.258143
2006-09-08,17.288137
2006-09-11,17.342169
2006-09-12,17.502368
2006-09-13,17.682016
2006-09-14,17.618449
2006-09-15,17.686046
2006-09-18,17.726276
2006-09-19,17.671874
2006-09-20,17.750679
2006-09-21,17.499659
2006-09-22,17.455098
2006-09-25,17.657252
2006-09-26,17.918775
2006-09-27,17.94732
2006-09-28,18.033911
2006-09-29,17.954554
2006-10-02,18.016094
2006-10-03,18.129841
2006-10-04,18.347255
2006-10-05,18.513667
2006-10-06,18.43067
2006-10-09,18.442048
2006-10-10,18.493886
2006-10-11,18.442649
2006-10-12,18.603038
2006-10-13,18.436335
2006-10-16,18.531496
2006-10-17,18.334826
2006-10-18,18.249995
2006-10-19,18.159069
2006-10-20,18.016805
2006-10-23,18.103768
2006-10-24,18.016925
2006-10-25,18.028307
2006-10-26,17.987858
2006-10-27,17.837297
2006-10-30,17.916598
2006-10-31,17.859202
2006-11-01,17.737893
2006-11-02,17.685003
2006-11-03,17.64034
2006-11-06,17.860845
2006-11-07,17.998484
2006-11-08,18.038591
2006-11-09,17.880549
2006-11-10,17.946
2006-11-13,18.0495
2006-11-14,18.129772
2006-11-15,18.192326
2006-11-16,18.308861
2006-11-17,18.327614
2006-11-20,18.257573
2006-11-21,18.322531
2006-11-22,18.351289
2006-11-24,18.275371
2006-11-27,18.036696
2006-11-28,17.989096
2006-11-29,18.126612
2006-11-30,18.124382
2006-12-01,18.041381
2006-12-04,18.221998
2006-12-05,18.270996
2006-12-06,18.228943
2006-12-07,18.198816
2006-12-08,18.192125
2006-12-11,18.158601
2006-12-12,18.15211
2006-12-13,18.074248
2006-12-14,18.243455
2006-12-15,18.36666
2006-12-18,18.426173
2006-12-19,18.462907
2006-12-20,18.523082
2006-12-21,18.429759
2006-12-22,18.304846
2006-12-26,18.377848
2006-12-27,18.484704
2006-12-28,18.414142
2006-12-29,18.312646
2007-01-03,18.414739
2007-01-04,18.361369
2007-01-05,18.252764
2007-01-08,18.335734
2007-01-09,18.34697
2007-01-10,18.386901
2007-01-11,18.548134
2007-01-12,18.599103
2007-01-16,18.71199
2007-01-17,18.697706
2007-01-18,18.670963
2007-01-19,18.29663
2007-01-22,18.071061
2007-01-23,18.168488
2007-01-24,18.153191
2007-01-25,17.831104
2007-01-26,17.718745
2007-01-29,17.760601
2007-01-30,17.676809
2007-01-31,17.742455
2007-02-01,17.955238
2007-02-02,17.95033
2007-02-05,17.942829
2007-02-06,17.942139
2007-02-07,17.920593
2007-02-08,17.802045
2007-02-09,17.71377
2007-02-12,17.738235
2007-02-13,17.865939
2007-02-14,18.20637
2007-02-15,18.164607
2007-02-16,18.091448
2007-02-20,18.161551
2007-02-21,18.147355
2007-02-22,18.026441
2007-02-23,17.964559
2007-02-26,17.902986
2007-02-27,17.329319
2007-02-28,17.389087
2007-03-01,17.363421
2007-03-02,17.224633
2007-03-05,17.119197
2007-03-06,17.287998
2007-03-07,17.273463
2007-03-08,17.390329
2007-03-09,17.403854
2007-03-12,17.518324
2007-03-13,17.197984
2007-03-14,17.315308
2007-03-15,17.362351
2007-03-16,17.354069
2007-03-19,17.528021
2007-03-20,17.577061
2007-03-21,17.832128
2007-03-22,17.83059
2007-03-23,17.934856
2007-03-26,17.872401
2007-03-27,17.730276
2007-03-28,17.559375
2007-03-29,17.595831
2007-03-30,17.584567
2007-04-02,17.573884
2007-04-03,17.707838
2007-04-04,17.665716
2007-04-05,17.664083
2007-04-09,17.689674
2007-04-10,17.707487
2007-04-11,17.614259
2007-04-12,17.784286
2007-04-13,17.715333
2007-04-16,17.815183
2007-04-17,17.817925
2007-04-18,17.86282
2007-04-19,17.838152
2007-04-20,17.997054
2007-04-23,17.976673
2007-04-24,17.909724
2007-04-25,18.037476
2007-04-26,17.964266
2007-04-27,18.189331
2007-04-30,18.030348
2007-05-01,18.094384
2007-05-02,18.242073
2007-05-03,18.327942
2007-05-04,18.32492
2007-05-07,18.371682
2007-05-08,18.36265
2007-05-09,18.47547
2007-05-10,18.241454
2007-05-11,18.395645
2007-05-14,18.33129
2007-05-15,18.360032
2007-05-16,18.428263
2007-05-17,18.399816
2007-05-18,18.462939
2007-05-21,18.492716
2007-05-22,18.478963
2007-05-23,18.515433
2007-05-24,18.416622
2007-05-25,18.533238
2007-05-29,18.562893
2007-05-30,18.729308
2007-05-31,18.806463
2007-06-01,18.897792
2007-06-04,18.943915
2007-06-05,18.845539
2007-06-06,18.686258
2007-06-07,18.377729
2007-06-08,18.664062
2007-06-11,18.675183
2007-06-12,18.476287
2007-06-13,18.837185
2007-06-14,18.967098
2007-06-15,19.069721
2007-06-18,18.998598
2007-06-19,19.183347
2007-06-20,19.013485
2007-06-21,19.069574
2007-06-22,18.874843
2007-06-25,18.825156
2007-06-26,18.729322
2007-06-27,18.814523
2007-06-28,18.82313
2007-06-29,18.837302
2007-07-02,18.520638
2007-07-03,18.582265
2007-07-05,18.576801
2007-07-06,18.644298
2007-07-09,18.760662
2007-07-10,18.480127
2007-07-11,18.64561
2007-07-12,18.973114
2007-07-13,18.920564
2007-07-16,19.056887
2007-07-17,19.206922
2007-07-18,19.163562
2007-07-19,19.224631
2007-07-20,19.007634
2007-07-23,19.150694
2007-07-24,18.827529
2007-07-25,18.522807
2007-07-26,18.039023
2007-07-27,17.780739
2007-07-30,18.038985
2007-07-31,17.834972
2007-08-01,17.989964
2007-08-02,18.111186
2007-08-03,17.684989
2007-08-06,18.00172
2007-08-07,18.624906
2007-08-08,18.732995
2007-08-09,18.137397
2007-08-10,18.123278
2007-08-13,18.249373
2007-08-14,17.903896
2007-08-15,17.505321
2007-08-16,17.415434
2007-08-17,17.870064
2007-08-20,18.014361
2007-08-21,17.976208
2007-08-22,18.312829
2007-08-23,18.177817
2007-08-24,18.419082
2007-08-27,18.329076
2007-08-28,17.848367
2007-08-29,18.231661
2007-08-30,18.134789
2007-08-31,18.381804
2007-09-04,18.481723
2007-09-05,18.269739
2007-09-06,18.434315
2007-09-07,18.081177
2007-09-10,18.097459
2007-09-11,18.287556
2007-09-12,18.330969
2007-09-13,18.496221
2007-09-14,18.515099
2007-09-17,18.423273
2007-09-18,19.023425
2007-09-19,19.109672
2007-09-20,18.962603
2007-09-21,19.052855
2007-09-24,18.919257
2007-09-25,19.043439
2007-09-26,19.129286
2007-09-27,19.227243
2007-09-28,19.218486
2007-10-01,19.501658
2007-10-02,19.420852
2007-10-03,19.22011
2007-10-04,19.295842
2007-10-05,19.483167
2007-10-08,19.439923
2007-10-09,19.613628
2007-10-10,19.53521
2007-10-11,19.403066
2007-10-12,19.099526
2007-10-15,18.948079
2007-10-16,18.870849
2007-10-17,18.821184
2007-10-18,18.80139
2007-10-19,18.166942
2007-10-22,18.253412
2007-10-23,18.356775
2007-10-24,18.247289
2007-10-25,18.13854
2007-10-26,18.223772
2007-10-29,18.304751
2007-10-30,18.208616
2007-10-31,18.444097
2007-11-01,18.056316
2007-11-02,18.186415
2007-11-05,18.181573
2007-11-06,18.35407
2007-11-07,17.873238
2007-11-08,17.927876
2007-11-09,17.56826
2007-11-12,17.411836
2007-11-13,17.820292
2007-11-14,17.728345
2007-11-15,18.187727
2007-11-16,18.17821
2007-11-19,17.913883
2007-11-20,17.941231
2007-11-21,17.624788
2007-11-23,17.909422
2007-11-26,17.607794
2007-11-27,17.915104
2007-11-28,18.417186
2007-11-29,18.300749
2007-11-30,18.405698
2007-12-03,18.203434
2007-12-04,18.094093
2007-12-05,18.362514
2007-12-06,18.658989
2007-12-07,18.715429
2007-12-10,18.825459
2007-12-11,18.330738
2007-12-12,18.44
2007-12-13,18.592289
2007-12-14,18.322953
2007-12-17,18.009659
2007-12-18,18.11187
2007-12-19,18.002781
2007-12-20,18.088953
2007-12-21,18.4106
2007-12-24,18.612231
2007-12-26,18.614091
2007-12-27,18.374663
2007-12-28,18.402389
2007-12-31,18.266168
2008-01-02,17.945813
2008-01-03,18.036225
2008-01-04,17.591487
2008-01-07,17.478916
2008-01-08,17.079056
2008-01-09,17.197362
2008-01-10,17.39652
2008-01-11,17.052384
2008-01-14,17.272291
2008-01-15,16.871026
2008-01-16,16.815903
2008-01-17,16.204517
2008-01-18,16.410306
2008-01-22,16.353374
2008-01-23,16.698398
2008-01-24,16.757163
2008-01-25,16.62415
2008-01-28,16.877998
2008-01-29,17.092081
2008-01-30,17.917788
2008-01-31,18.054394
2008-02-01,18.344244
2008-02-04,18.161349
2008-02-05,17.567969
2008-02-06,17.51282
2008-02-07,17.594328
2008-02-08,17.487783
2008-02-11,17.640759
2008-02-12,17.753345
2008-02-13,18.024511
2008-02-14,17.757757
2008-02-15,17.678355
2008-02-19,17.685774
2008-02-20,17.745955
2008-02-21,17.492358
2008-02-22,17.584256
2008-02-25,17.878324
2008-02-26,17.928324
2008-02-27,17.956657
2008-02-28,17.824868
2008-02-29,17.478722
2008-03-03,17.582709
2008-03-04,17.522408
2008-03-05,17.688241
2008-03-06,17.361465
2008-03-07,17.07949
2008-03-10,16.768529
2008-03-11,17.388948
2008-03-12,17.437171
2008-03-13,17.537365
2008-03-14,17.299733
2008-03-17,17.302716
2008-03-18,17.997817
2008-03-19,17.555831
2008-03-20,17.887492
2008-03-24,18.137191
2008-03-25,18.251845
2008-03-26,18.132105
2008-03-27,17.943987
2008-03-28,17.905878
2008-03-31,18.040989
2008-04-01,18.634003
2008-04-02,18.575049
2008-04-03,18.542763
2008-04-04,18.604973
2008-04-07,18.539266
2008-04-08,18.450374
2008-04-09,18.25076
2008-04-10,18.362304
2008-04-11,17.598275
2008-04-14,17.576025
2008-04-15,17.606748
2008-04-16,18.061906
2008-04-17,17.86614
2008-04-18,18.282978
2008-04-21,18.188919
2008-04-22,17.97718
2008-04-23,17.822304
2008-04-24,18.025206
2008-04-25,18.181317
2008-04-28,18.177845
2008-04-29,18.100107
2008-04-30,18.023002
2008-05-01,18.281597
2008-05-02,18.34015
2008-05-05,18.252089
2008-05-06,18.315283
2008-05-07,17.989804
2008-05-08,18.097581
2008-05-09,17.952899
2008-05-12,18.154736
2008-05-13,18.268444
2008-05-14,18.277785
2008-05-15,18.332911
2008-05-16,18.279564
2008-05-19,18.372399
2008-05-20,18.155491
2008-05-21,17.838219
2008-05-22,17.805546
2008-05-23,17.557392
2008-05-27,17.698964
2008-05-28,17.847142
2008-05-29,17.937014
2008-05-30,18.041111
2008-06-02,17.848434
2008-06-03,17.716023
2008-06-04,17.694912
2008-06-05,17.916874
2008-06-06,17.232177
2008-06-09,17.30601
2008-06-10,17.292516
2008-06-11,16.908983
2008-06-12,16.94246
2008-06-13,17.140041
2008-06-16,17.088353
2008-06-17,16.918674
2008-06-18,16.931668
2008-06-19,17.090429
2008-06-20,16.810474
2008-06-23,16.814477
2008-06-24,16.604856
2008-06-25,16.525155
2008-06-26,15.873189
2008-06-27,15.784307
2008-06-30,15.928
2008-07-01,15.946479
2008-07-02,15.461668
2008-07-03,15.62886
2008-07-07,15.630687
2008-07-08,16.00062
2008-07-09,15.617336
2008-07-10,15.807861
2008-07-11,15.639225
2008-07-14,15.562134
2008-07-15,15.252251
2008-07-16,15.734032
2008-07-17,15.914617
2008-07-18,15.880469
2008-07-21,15.871208
2008-07-22,16.137439
2008-07-23,16.305593
2008-07-24,15.827607
2008-07-25,15.936091
2008-07-28,15.592892
2008-07-29,16.006406
2008-07-30,16.252855
2008-07-31,15.284804
2008-08-01,15.183916
2008-08-04,15.101219
2008-08-05,15.543594
2008-08-06,15.512631
2008-08-07,15.291023
2008-08-08,15.799156
2008-08-11,15.819063
2008-08-12,15.659326
2008-08-13,15.527524
2008-08-14,15.615158
2008-08-15,15.731873
2008-08-18,15.534987
2008-08-19,15.273477
2008-08-20,15.248416
2008-08-21,15.280632
2008-08-22,15.517794
2008-08-25,15.210229
2008-08-26,15.228993
2008-08-27,15.321339
2008-08-28,15.684394
2008-08-29,15.463214
2008-09-02,15.463916
2008-09-03,15.386842
2008-09-04,14.835837
2008-09-05,14.857712
2008-09-08,15.206613
2008-09-09,14.699384
2008-09-10,14.79346
2008-09-11,15.049871
2008-09-12,14.954112
2008-09-15,14.350398
2008-09-16,14.50926
2008-09-17,13.818852
2008-09-18,14.33121
2008-09-19,14.786422
2008-09-22,14.329125
2008-09-23,13.969549
2008-09-24,13.78193
2008-09-25,13.977114
2008-09-26,13.947668
2008-09-29,13.072789
2008-09-30,13.626085
2008-10-01,13.276484
2008-10-02,12.375941
2008-10-03,12.204473
2008-10-06,11.925845
2008-10-07,11.415369
2008-10-08,11.36486
2008-10-09,10.615682
2008-10-10,10.877795
2008-10-13,11.667039
2008-10-14,11.473384
2008-10-15,10.463721
2008-10-16,10.918869
2008-10-17,10.682977
2008-10-20,11.05776
2008-10-21,10.768526
2008-10-22,10.21526
2008-10-23,10.218258
2008-10-24,9.783308
2008-10-27,9.539645
2008-10-28,10.521417
2008-10-29,10.511309
2008-10-30,10.81612
2008-10-31,11.015456
2008-11-03,10.96099
2008-11-04,11.548879
2008-11-05,10.979389
2008-11-06,10.320776
2008-11-07,10.574372
2008-11-10,10.550209
2008-11-11,10.26932
2008-11-12,9.726758
2008-11-13,10.284926
2008-11-14,9.817261
2008-11-17,9.641451
2008-11-18,9.695628
2008-11-19,9.056899
2008-11-20,8.53049
2008-11-21,9.113706
2008-11-24,9.567551
2008-11-25,9.701144
2008-11-26,9.979389
2008-11-28,10.248534
2008-12-01,9.377101
2008-12-02,9.865306
2008-12-03,10.094457
2008-12-04,9.82536
2008-12-05,10.077528
2008-12-08,10.504074
2008-12-09,10.155341
2008-12-10,10.285418
2008-12-11,9.850666
2008-12-12,9.884184
2008-12-15,9.825441
2008-12-16,10.357125
2008-12-17,10.332248
2008-12-18,10.013267
2008-12-19,10.112935
2008-12-22,9.974326
2008-12-23,9.907094
2008-12-24,9.931255
2008-12-26,9.983099
2008-12-29,9.859616
2008-12-30,10.139694
2008-12-31,10.345634
2009-01-02,10.775958
2009-01-05,10.719569
2009-01-06,10.928037
2009-01-07,10.509273
2009-01-08,10.550753
2009-01-09,10.378451
2009-01-12,10.142876
2009-01-13,9.906886
2009-01-14,9.54712
2009-01-15,9.577957
2009-01-16,9.685991
2009-01-20,9.220916
2009-01-21,9.426706
2009-01-22,9.401318
2009-01-23,9.477752
2009-01-26,9.6272
2009-01-27,9.827386
2009-01-28,10.225582
2009-01-29,10.01164
2009-01-30,9.776441
2009-02-02,9.534704
2009-02-03,9.746413
2009-02-04,9.703444
2009-02-05,9.772621
2009-02-06,9.98691
2009-02-09,10.246844
2009-02-10,9.695485
2009-02-11,10.298814
2009-02-12,10.197127
2009-02-13,10.180125
2009-02-17,9.694184
2009-02-18,9.670864
2009-02-19,9.44324
2009-02-20,9.247705
2009-02-23,8.815404
2009-02-24,9.10469
2009-02-25,8.914465
2009-02-26,8.788068
2009-02-27,8.595263
2009-03-02,8.01845
2009-03-03,7.908617
2009-03-04,8.110063
2009-03-05,7.735205
2009-03-06,7.730399
2009-03-09,7.688557
2009-03-10,8.342113
2009-03-11,8.376388
2009-03-12,8.734904
2009-03-13,8.689455
2009-03-16,8.807207
2009-03-17,9.029455
2009-03-18,9.175867
2009-03-19,9.162324
2009-03-20,8.861363
2009-03-23,9.534006
2009-03-24,9.468041
2009-03-25,9.506418
2009-03-26,9.986818
2009-03-27,9.785622
2009-03-30,9.314907
2009-03-31,9.414902
2009-04-01,9.532275
2009-04-02,10.059097
2009-04-03,10.129318
2009-04-06,10.196858
2009-04-07,9.863495
2009-04-08,9.929896
2009-04-09,10.446672
2009-04-13,10.484071
2009-04-14,10.319724
2009-04-15,10.483457
2009-04-16,10.881433
2009-04-17,11.200864
2009-04-20,10.695646
2009-04-21,11.189088
2009-04-22,11.448338
2009-04-23,11.718883
2009-04-24,12.046311
2009-04-27,11.890886
2009-04-28,11.848946
2009-04-29,12.204516
2009-04-30,12.46346
2009-05-01,12.601276
2009-05-04,13.005502
2009-05-05,13.073488
2009-05-06,13.336512
2009-05-07,13.131685
2009-05-08,13.568376
2009-05-11,13.184242
2009-05-12,13.022615
2009-05-13,12.499294
2009-05-14,12.797865
2009-05-15,12.7268
2009-05-18,13.132094
2009-05-19,13.149671
2009-05-20,13.148295
2009-05-21,12.705547
2009-05-22,12.676357
2009-05-26,13.051459
2009-05-27,12.733647
2009-05-28,12.822282
2009-05-29,13.062427
2009-06-01,13.729215
2009-06-02,13.788268
2009-06-03,13.516053
2009-06-04,13.757645
2009-06-05,13.867072
2009-06-08,13.849162
2009-06-09,13.832785
2009-06-10,13.748714
2009-06-11,13.739412
2009-06-12,13.767236
2009-06-15,13.335382
2009-06-16,13.132386
2009-06-17,13.155089
2009-06-18,13.132763
2009-06-19,13.131336
2009-06-22,12.656222
2009-06-23,12.623268
2009-06-24,12.655682
2009-06-25,13.033089
2009-06-26,12.993455
2009-06-29,13.096325
2009-06-30,12.939376
2009-07-01,12.373336
2009-07-02,11.954736
2009-07-06,11.969015
2009-07-07,11.572581
2009-07-08,11.535851
2009-07-09,11.599115
2009-07-10,11.634035
2009-07-13,11.969963
2009-07-14,12.112921
2009-07-15,12.52182
2009-07-16,12.75795
2009-07-17,13.188261
2009-07-20,13.531211
2009-07-21,13.806563
2009-07-22,13.875049
2009-07-23,14.396255
2009-07-24,14.401005
2009-07-27,14.609903
2009-07-28,14.839152
2009-07-29,14.69721
2009-07-30,15.180867
2009-07-31,15.256928
2009-08-03,15.57036
2009-08-04,15.718544
2009-08-05,15.648111
2009-08-06,15.740035
2009-08-07,16.137952
2009-08-10,15.967174
2009-08-11,15.761361
2009-08-12,16.032224
2009-08-13,16.064152
2009-08-14,15.822723
2009-08-17,15.366878
2009-08-18,15.57956
2009-08-19,15.609405
2009-08-20,15.80138
2009-08-21,16.2012
2009-08-24,16.220597
2009-08-25,16.326329
2009-08-26,16.176638
2009-08-27,16.312313
2009-08-28,16.235103
2009-08-31,16.046284
2009-09-01,15.517032
2009-09-02,15.438957
2009-09-03,15.665734
2009-09-04,15.978518
2009-09-08,16.179516
2009-09-09,16.459274
2009-09-10,16.608306
2009-09-11,16.680971
2009-09-14,16.878003
2009-09-15,17.086358
2009-09-16,17.355453
2009-09-17,17.390313
2009-09-18,17.388872
2009-09-21,17.296178
2009-09-22,17.448019
2009-09-23,17.289657
2009-09-24,17.042484
2009-09-25,16.858052
2009-09-28,17.130315
2009-09-29,17.100081
2009-09-30,16.951723
2009-10-01,16.496615
2009-10-02,16.257397
2009-10-05,16.560259
2009-10-06,16.74186
2009-10-07,16.695886
2009-10-08,16.89721
2009-10-09,16.986258
2009-10-12,16.98247
2009-10-13,16.998678
2009-10-14,17.444041
2009-10-15,17.45228
2009-10-16,18.020572
2009-10-19,18.233427
2009-10-20,18.425891
2009-10-21,19.125474
2009-10-22,19.573169
2009-10-23,19.321967
2009-10-26,19.118933
2009-10-27,19.162526
2009-10-28,18.752699
2009-10-29,19.128402
2009-10-30,18.658245
2009-11-02,18.854217
2009-11-03,19.215749
2009-11-04,19.247378
2009-11-05,19.722735
2009-11-06,19.963313
2009-11-09,20.504582
2009-11-10,20.444719
2009-11-11,20.548858
2009-11-12,20.342067
2009-11-13,20.474935
2009-11-16,20.886809
2009-11-17,20.896453
2009-11-18,20.80775
2009-11-19,20.49676
2009-11-20,20.436047
2009-11-23,20.745656
2009-11-24,20.687191
2009-11-25,21.066999
2009-11-27,20.727071
2009-11-30,20.757869
2009-12-01,21.056704
2009-12-02,21.030335
2009-12-03,20.887288
2009-12-04,21.193616
2009-12-07,21.179393
2009-12-08,20.897602
2009-12-09,20.890721
2009-12-10,20.963454
2009-12-11,21.168806
2009-12-14,21.419411
2009-12-15,21.356583
2009-12-16,21.28344
2009-12-17,21.140686
2009-12-18,21.100359
2009-12-21,21.243239
2009-12-22,21.271681
2009-12-23,21.271651
2009-12-24,21.359915
2009-12-28,21.333606
2009-12-29,21.375318
2009-12-30,21.318044
2009-12-31,21.038742
2010-01-04,21.395406
2010-01-05,21.471278
2010-01-06,21.51501
2010-01-07,21.79459
2010-01-08,22.126203
2010-01-11,22.385089
2010-01-12,22.205781
2010-01-13,22.311581
2010-01-14,22.298537
2010-01-15,22.025135
2010-01-19,22.215608
2010-01-20,21.937571
2010-01-21,21.46101
2010-01-22,21.522748
2010-01-25,21.601143
2010-01-26,21.600586
2010-01-27,21.21231
2010-01-28,20.698093
2010-01-29,20.563639
2010-02-01,20.862358
2010-02-02,20.965056
2010-02-03,20.886303
2010-02-04,19.183286
2010-02-05,19.075347
2010-02-08,18.863319
2010-02-09,19.188734
2010-02-10,19.01348
2010-02-11,19.252983
2010-02-12,19.11586
2010-02-16,19.481655
2010-02-17,19.589035
2010-02-18,19.783028
2010-02-19,19.889735
2010-02-22,19.902561
2010-02-23,19.432109
2010-02-24,19.623949
2010-02-25,19.558864
2010-02-26,19.632058
2010-03-01,19.793972
2010-03-02,19.847867
2010-03-03,19.877357
2010-03-04,19.961851
2010-03-05,20.265082
2010-03-08,20.168948
2010-03-09,20.331526
2010-03-10,20.405217
2010-03-11,20.462354
2010-03-12,20.608082
2010-03-15,20.657822
2010-03-16,20.901418
2010-03-17,20.979617
2010-03-18,21.080865
2010-03-19,21.00503
2010-03-22,21.087586
2010-03-23,21.31942
2010-03-24,21.200495
2010-03-25,21.157056
2010-03-26,21.221174
2010-03-29,21.405483
2010-03-30,21.446147
2010-03-31,21.321469
2010-04-01,21.446218
2010-04-05,21.607479
2010-04-06,21.608278
2010-04-07,21.482505
2010-04-08,21.55443
2010-04-09,21.665788
2010-04-12,21.732466
2010-04-13,21.762762
2010-04-14,22.034284
2010-04-15,22.240654
2010-04-16,22.103579
2010-04-19,22.104888
2010-04-20,22.023245
2010-04-21,22.236714
2010-04-22,22.285015
2010-04-23,22.439267
2010-04-26,22.352103
2010-04-27,21.054216
2010-04-28,21.149387
2010-04-29,21.616919
2010-04-30,21.165102
2010-05-03,21.617445
2010-05-04,20.891213
2010-05-05,20.575593
2010-05-06,19.893311
2010-05-07,19.48026
2010-05-10,20.610239
2010-05-11,20.566157
2010-05-12,20.978347
2010-05-13,20.681157
2010-05-14,20.239136
2010-05-17,20.176875
2010-05-18,19.902164
2010-05-19,19.629477
2010-05-20,18.737914
2010-05-21,19.026166
2010-05-24,18.723926
2010-05-25,18.693425
2010-05-26,18.741981
2010-05-27,19.365019
2010-05-28,19.077941
2010-06-01,18.677737
2010-06-02,19.141997
2010-06-03,19.240563
2010-06-04,18.35882
2010-06-07,17.891712
2010-06-08,18.065364
2010-06-09,18.036367
2010-06-10,18.675411
2010-06-11,18.769352
2010-06-14,18.741672
2010-06-15,19.306942
2010-06-16,18.825037
2010-06-17,18.858787
2010-06-18,18.925708
2010-06-21,18.990175
2010-06-22,18.527563
2010-06-23,18.447127
2010-06-24,18.117936
2010-06-25,18.220747
2010-06-28,18.119439
2010-06-29,17.413791
2010-06-30,17.31463
2010-07-01,17.232741
2010-07-02,17.054118
2010-07-06,17.07191
2010-07-07,17.683682
2010-07-08,17.918187
2010-07-09,18.059394
2010-07-12,17.92384
2010-07-13,18.251196
2010-07-14,18.295512
2010-07-15,18.273293
2010-07-16,17.547312
2010-07-19,17.651572
2010-07-20,17.878721
2010-07-21,17.662932
2010-07-22,17.793317
2010-07-23,18.125481
2010-07-26,18.485076
2010-07-27,18.206787
2010-07-28,18.189178
2010-07-29,18.145135
2010-07-30,18.169241
2010-08-02,18.518339
2010-08-03,18.333998
2010-08-04,18.445998
2010-08-05,18.46465
2010-08-06,18.368731
2010-08-09,18.476123
2010-08-10,18.331244
2010-08-11,17.649676
2010-08-12,17.500751
2010-08-13,17.459421
2010-08-16,17.453402
2010-08-17,17.765495
2010-08-18,17.733961
2010-08-19,17.356664
2010-08-20,17.245783
2010-08-23,17.055472
2010-08-24,16.720221
2010-08-25,16.691263
2010-08-26,16.641367
2010-08-27,17.004563
2010-08-30,16.725427
2010-08-31,16.674859
2010-09-01,17.319338
2010-09-02,17.547075
2010-09-03,17.797834
2010-09-07,17.638558
2010-09-08,17.818484
2010-09-09,17.838909
2010-09-10,17.971251
2010-09-13,18.160474
2010-09-14,18.105052
2010-09-15,18.122432
2010-09-16,18.010378
2010-09-17,18.173569
2010-09-20,18.451972
2010-09-21,18.479157
2010-09-22,18.38913
2010-09-23,18.115732
2010-09-24,18.623536
2010-09-27,18.476896
2010-09-28,18.576978
2010-09-29,18.57243
2010-09-30,18.492052
2010-10-01,18.51857
2010-10-04,18.311949
2010-10-05,18.810186
2010-10-06,18.921259
2010-10-07,18.894444
2010-10-08,19.048719
2010-10-11,18.997998
2010-10-12,18.932268
2010-10-13,19.210712
2010-10-14,19.135792
2010-10-15,18.74028
2010-10-18,18.765134
2010-10-19,18.4368
2010-10-20,17.937187
2010-10-21,17.632846
2010-10-22,17.635367
2010-10-25,17.682344
2010-10-26,17.553757
2010-10-27,17.359846
2010-10-28,17.286367
2010-10-29,17.309383
2010-11-01,17.325518
2010-11-02,17.444896
2010-11-03,17.459012
2010-11-04,17.889851
2010-11-05,17.986293
2010-11-08,17.925698
2010-11-09,17.724239
2010-11-10,17.698519
2010-11-11,17.590781
2010-11-12,17.397782
2010-11-15,17.431081
2010-11-16,17.160937
2010-11-17,17.182078
2010-11-18,17.491697
2010-11-19,17.574706
2010-11-22,17.516131
2010-11-23,17.297291
2010-11-24,17.481383
2010-11-26,17.345128
2010-11-29,17.343504
2010-11-30,17.290211
2010-12-01,17.738629
2010-12-02,18.006792
2010-12-03,18.058519
2010-12-06,18.026711
2010-12-07,18.108433
2010-12-08,18.056185
2010-12-09,18.097578
2010-12-10,18.283912
2010-12-13,18.285791
2010-12-14,18.367189
2010-12-15,18.277525
2010-12-16,18.500716
2010-12-17,18.439835
2010-12-20,18.459827
2010-12-21,18.595081
2010-12-22,18.643823
2010-12-23,18.603062
2010-12-27,18.633694
2010-12-28,18.651338
2010-12-29,18.642463
2010-12-30,18.609685
2010-12-31,18.630911
2011-01-03,18.767072
2011-01-04,18.754857
2011-01-05,18.848716
2011-01-06,18.818136
2011-01-07,18.846094
2011-01-10,18.871331
2011-01-11,18.927956
2011-01-12,19.088654
2011-01-13,19.102976
2011-01-14,19.19144
2011-01-18,19.287295
2011-01-19,19.098143
2011-01-20,18.908626
2011-01-21,18.90464
2011-01-24,19.058087
2011-01-25,18.99674
2011-01-26,18.989513
2011-01-27,18.752078
2011-01-28,18.401359
2011-01-31,18.58872
2011-02-01,18.701328
2011-02-02,18.628667
2011-02-03,18.584268
2011-02-04,18.638441
2011-02-07,18.820958
2011-02-08,18.969591
2011-02-09,18.960476
2011-02-10,19.012575
2011-02-11,19.148339
2011-02-14,19.137155
2011-02-15,19.315118
2011-02-16,19.316915
2011-02-17,19.361229
2011-02-18,19.42055
2011-02-22,18.80519
2011-02-23,18.489773
2011-02-24,18.573668
2011-02-25,18.732898
2011-02-28,18.851908
2011-03-01,18.437506
2011-03-02,18.513256
2011-03-03,18.95277
2011-03-04,18.73319
2011-03-07,18.576035
2011-03-08,18.860707
2011-03-09,18.815099
2011-03-10,18.429571
2011-03-11,18.647515
2011-03-14,18.490239
2011-03-15,18.292692
2011-03-16,17.927587
2011-03-17,18.209741
2011-03-18,18.339371
2011-03-21,18.736297
2011-03-22,18.585956
2011-03-23,18.650521
2011-03-24,18.837502
2011-03-25,18.897958
2011-03-28,18.891277
2011-03-29,19.030251
2011-03-30,19.113059
2011-03-31,19.156196
2011-04-01,19.328476
2011-04-04,19.35147
2011-04-05,19.268563
2011-04-06,19.303479
2011-04-07,19.211928
2011-04-08,19.050391
2011-04-11,19.033024
2011-04-12,18.879682
2011-04-13,18.834618
2011-04-14,18.83057
2011-04-15,18.898969
2011-04-18,18.633677
2011-04-19,18.738845
2011-04-20,18.840291
2011-04-21,18.535432
2011-04-25,18.490915
2011-04-26,18.544242
2011-04-27,18.541263
2011-04-28,18.553582
2011-04-29,18.387497
2011-05-02,18.366312
2011-05-03,18.269074
2011-05-04,18.019694
2011-05-05,17.910449
2011-05-06,18.047718
2011-05-09,18.126577
2011-05-10,18.26628
2011-05-11,18.064361
2011-05-12,18.069842
2011-05-13,17.866364
2011-05-16,17.795238
2011-05-17,17.569358
2011-05-18,17.682172
2011-05-19,17.807203
2011-05-20,17.626415
2011-05-23,17.389856
2011-05-24,17.280848
2011-05-25,17.415292
2011-05-26,17.475506
2011-05-27,17.547226
2011-05-31,17.724758
2011-06-01,17.208878
2011-06-02,17.269142
2011-06-03,17.043484
2011-06-06,16.91262
2011-06-07,16.897363
2011-06-08,16.770798
2011-06-09,16.887917
2011-06-10,16.626358
2011-06-13,16.639421
2011-06-14,16.941546
2011-06-15,16.694079
2011-06-16,16.742861
2011-06-17,16.80761
2011-06-20,16.945887
2011-06-21,17.212006
2011-06-22,17.080692
2011-06-23,17.032439
2011-06-24,16.826289
2011-06-27,16.978439
2011-06-28,17.225394
2011-06-29,17.305164
2011-06-30,17.595069
2011-07-01,17.901816
2011-07-05,17.795304
2011-07-06,17.887819
2011-07-07,18.069746
2011-07-08,17.856641
2011-07-11,17.528667
2011-07-12,17.343191
2011-07-13,17.408108
2011-07-14,17.239122
2011-07-15,17.248359
2011-07-18,17.024535
2011-07-19,17.204032
2011-07-20,17.189262
2011-07-21,17.397076
2011-07-22,17.00802
2011-07-25,16.937694
2011-07-26,16.447283
2011-07-27,15.956827
2011-07-28,15.719581
2011-07-29,15.654815
2011-08-01,15.574275
2011-08-02,15.005798
2011-08-03,15.133507
2011-08-04,14.304253
2011-08-05,14.314957
2011-08-08,13.332028
2011-08-09,13.946626
2011-08-10,13.262718
2011-08-11,13.871027
2011-08-12,14.123425
2011-08-15,14.370843
2011-08-16,14.156945
2011-08-17,14.088379
2011-08-18,13.292522
2011-08-19,13.097197
2011-08-22,13.145098
2011-08-23,13.609266
2011-08-24,13.877185
2011-08-25,13.621579
2011-08-26,13.883378
2011-08-29,14.325837
2011-08-30,14.441077
2011-08-31,14.528974
2011-09-01,14.294533
2011-09-02,13.857006
2011-09-06,13.685807
2011-09-07,14.107321
2011-09-08,13.896436
2011-09-09,13.527931
2011-09-12,13.546076
2011-09-13,13.803782
2011-09-14,14.037416
2011-09-15,14.306764
2011-09-16,14.381954
2011-09-19,14.260139
2011-09-20,14.159332
2011-09-21,13.591875
2011-09-22,13.062945
2011-09-23,13.197349
2011-09-26,13.526535
2011-09-27,13.744614
2011-09-28,13.413012
2011-09-29,13.60553
2011-09-30,13.15514
2011-10-03,12.763
2011-10-04,13.092312
2011-10-05,13.380863
2011-10-06,13.666922
2011-10-07,13.603122
2011-10-10,14.098196
2011-10-11,14.14859
2011-10-12,14.330094
2011-10-13,14.198522
2011-10-14,14.452921
2011-10-17,14.058448
2011-10-18,14.439138
2011-10-19,14.206672
2011-10-20,14.423477
2011-10-21,14.804509
2011-10-24,14.968972
2011-10-25,14.570503
2011-10-26,14.558845
2011-10-27,15.180153
2011-10-28,15.193172
2011-10-31,14.815884
2011-11-01,14.335541
2011-11-02,14.579765
2011-11-03,14.904685
2011-11-04,14.801953
2011-11-07,14.830047
2011-11-08,14.969821
2011-11-09,14.399893
2011-11-10,14.558528
2011-11-11,14.904417
2011-11-14,14.807188
2011-11-15,14.889968
2011-11-16,14.638982
2011-11-17,14.373192
2011-11-18,14.428133
2011-11-21,14.094587
2011-11-22,13.982055
2011-11-23,13.626653
2011-11-25,13.60626
2011-11-28,14.048229
2011-11-29,14.041034
2011-11-30,14.761768
2011-12-01,14.727831
2011-12-02,14.713981
2011-12-05,14.874722
2011-12-06,14.901639
2011-12-07,14.876183
2011-12-08,14.53109
2011-12-09,14.852484
2011-12-12,14.586058
2011-12-13,14.419992
2011-12-14,14.250658
2011-12-15,14.312454
2011-12-16,14.379233
2011-12-19,14.232503
2011-12-20,14.713441
2011-12-21,14.745174
2011-12-22,14.867385
2011-12-23,15.004074
2011-12-27,14.977432
2011-12-28,14.75998
2011-12-29,14.944839
2011-12-30,14.859144
2012-01-03,15.168758
2012-01-04,15.242223
2012-01-05,15.23638
2012-01-06,15.225854
2012-01-09,15.34053
2012-01-10,15.548623
2012-01-11,15.595272
2012-01-12,15.731476
2012-01-13,15.614448
2012-01-17,15.675359
2012-01-18,15.818834
2012-01-19,15.917444
2012-01-20,15.855428
2012-01-23,15.803857
2012-01-24,15.786425
2012-01-25,15.929567
2012-01-26,15.739826
2012-01-27,15.853086
2012-01-30,15.794417
2012-01-31,15.705386
2012-02-01,15.848956
2012-02-02,15.849355
2012-02-03,16.120473
2012-02-06,16.080833
2012-02-07,16.096023
2012-02-08,16.126442
2012-02-09,16.131588
2012-02-10,15.994162
2012-02-13,16.069553
2012-02-14,16.01801
2012-02-15,15.785966
2012-02-16,15.919631
2012-02-17,15.998812
2012-02-21,16.044294
2012-02-22,16.082776
2012-02-23,16.06283
2012-02-24,16.058107
2012-02-27,16.047745
2012-02-28,16.040157
2012-02-29,15.947282
2012-03-01,15.994161
2012-03-02,15.902485
2012-03-05,15.796784
2012-03-06,15.43964
2012-03-07,15.590951
2012-03-08,15.814994
2012-03-09,15.844443
2012-03-12,15.858639
2012-03-13,16.186203
2012-03-14,16.160846
2012-03-15,16.360855
2012-03-16,16.345555
2012-03-19,16.366722
2012-03-20,16.182149
2012-03-21,16.179382
2012-03-22,15.945901
2012-03-23,15.955093
2012-03-26,16.192387
2012-03-27,16.155059
2012-03-28,15.988356
2012-03-29,16.007962
2012-03-30,16.077487
2012-04-02,16.169209
2012-04-03,16.069091
2012-04-04,15.9512
2012-04-05,15.878869
2012-04-09,15.623371
2012-04-10,15.29382
2012-04-11,15.464988
2012-04-12,15.779563
2012-04-13,15.587245
2012-04-16,15.623863
2012-04-17,15.854087
2012-04-18,15.781336
2012-04-19,15.536331
2012-04-20,15.637339
2012-04-23,15.469817
2012-04-24,15.562126
2012-04-25,15.46293
2012-04-26,15.469709
2012-04-27,15.557805
2012-04-30,15.410792
2012-05-01,15.429973
2012-05-02,15.440988
2012-05-03,15.295585
2012-05-04,15.086141
2012-05-07,15.050698
2012-05-08,15.001229
2012-05-09,14.817131
2012-05-10,14.834353
2012-05-11,14.802001
2012-05-14,14.625204
2012-05-15,14.538867
2012-05-16,14.496276
2012-05-17,14.192273
2012-05-18,14.12966
2012-05-21,14.441887
2012-05-22,14.472831
2012-05-23,14.56387
2012-05-24,14.549801
2012-05-25,14.463799
2012-05-29,14.641307
2012-05-30,14.388545
2012-05-31,14.334991
2012-06-01,13.938543
2012-06-04,13.792751
2012-06-05,13.818513
2012-06-06,14.206084
2012-06-07,14.288477
2012-06-08,14.397407
2012-06-11,14.222591
2012-06-12,14.447512
2012-06-13,14.304829
2012-06-14,14.432087
2012-06-15,14.557467
2012-06-18,14.590629
2012-06-19,14.770586
2012-06-20,14.710704
2012-06-21,14.404058
2012-06-22,14.462821
2012-06-25,14.202976
2012-06-26,14.228912
2012-06-27,14.380952
2012-06-28,14.366253
2012-06-29,14.845602
2012-07-02,14.725846
2012-07-03,14.859497
2012-07-05,14.837185
2012-07-06,14.638934
2012-07-09,14.62971
2012-07-10,14.403183
2012-07-11,14.303043
2012-07-12,14.231479
2012-07-13,14.501644
2012-07-16,14.408317
2012-07-17,14.476371
2012-07-18,14.70262
2012-07-19,14.687715
2012-07-20,14.48943
2012-07-23,14.425229
2012-07-24,14.207076
2012-07-25,14.122311
2012-07-26,14.253837
2012-07-27,14.561055
2012-07-30,14.528411
2012-07-31,14.446544
2012-08-01,14.349681
2012-08-02,14.255506
2012-08-03,14.558987
2012-08-06,14.563059
2012-08-07,14.682566
2012-08-08,14.666346
2012-08-09,14.668228
2012-08-10,14.736228
2012-08-13,14.703734
2012-08-14,14.682363
2012-08-15,14.680584
2012-08-16,14.814785
2012-08-17,14.887556
2012-08-20,14.856957
2012-08-21,14.808654
2012-08-22,14.743936
2012-08-23,14.624839
2012-08-24,14.699181
2012-08-27,14.658365
2012-08-28,14.608394
2012-08-29,14.60354
2012-08-30,14.463861
2012-08-31,14.540673
2012-09-04,14.406257
2012-09-05,14.351697
2012-09-06,14.68613
2012-09-07,14.812763
2012-09-10,14.714553
2012-09-11,14.793875
2012-09-12,14.865914
2012-09-13,15.028557
2012-09-14,15.128415
2012-09-17,15.056384
2012-09-18,15.062097
2012-09-19,15.10513
2012-09-20,14.966374
2012-09-21,14.93905
2012-09-24,14.90872
2012-09-25,14.730817
2012-09-26,14.662448
2012-09-27,14.809026
2012-09-28,14.767441
2012-10-01,14.763381
2012-10-02,14.751997
2012-10-03,14.810589
2012-10-04,14.888337
2012-10-05,14.939943
2012-10-08,14.899015
2012-10-09,14.726107
2012-10-10,14.603411
2012-10-11,14.647075
2012-10-12,14.658658
2012-10-15,14.751506
2012-10-16,14.902799
2012-10-17,14.999529
2012-10-18,14.956042
2012-10-19,14.473089
2012-10-22,14.341275
2012-10-23,14.252902
2012-10-24,14.176343
2012-10-25,14.194666
2012-10-26,14.193313
2012-10-31,14.274965
2012-11-01,14.613852
2012-11-02,14.496567
2012-11-05,14.565082
2012-11-06,14.800883
2012-11-07,14.454676
2012-11-08,14.297494
2012-11-09,14.338289
2012-11-12,14.381124
2012-11-13,14.31995
2012-11-14,14.230989
2012-11-15,14.225783
2012-11-16,14.266978
2012-11-19,14.542878
2012-11-20,14.546397
2012-11-21,14.557643
2012-11-23,14.753145
2012-11-26,14.763651
2012-11-27,14.717614
2012-11-28,14.851702
2012-11-29,14.924946
2012-11-30,14.885009
2012-12-03,14.697769
2012-12-04,14.733695
2012-12-05,14.886446
2012-12-06,14.903028
2012-12-07,14.986293
2012-12-10,15.048402
2012-12-11,15.082401
2012-12-12,15.070797
2012-12-13,15.004307
2012-12-14,14.984994
2012-12-17,15.120561
2012-12-18,15.301428
2012-12-19,15.199579
2012-12-20,15.253871
2012-12-21,15.157956
2012-12-24,15.119971
2012-12-26,15.07044
2012-12-27,15.050875
2012-12-28,14.875244
2012-12-31,15.153589
2013-01-02,15.510561
2013-01-03,15.505233
2013-01-04,15.615585
2013-01-07,15.555999
2013-01-08,15.43366
2013-01-09,15.577255
2013-01-10,15.669912
2013-01-11,15.611936
2013-01-14,15.661597
2013-01-15,15.711963
2013-01-16,15.648898
2013-01-17,15.799174
2013-01-18,15.867247
2013-01-22,15.935118
2013-01-23,16.487408
2013-01-24,16.600258
2013-01-25,16.561522
2013-01-28,16.725286
2013-01-29,16.686758
2013-01-30,16.641384
2013-01-31,16.941863
2013-02-01,17.128314
2013-02-04,16.961378
2013-02-05,17.134869
2013-02-06,17.175065
2013-02-07,17.165718
2013-02-08,17.223519
2013-02-11,17.124869
2013-02-12,17.199662
2013-02-13,17.266117
2013-02-14,17.29519
2013-02-15,17.305949
2013-02-19,17.460263
2013-02-20,17.260042
2013-02-21,17.101166
2013-02-22,17.234223
2013-02-25,16.868793
2013-02-26,16.970871
2013-02-27,17.286976
2013-02-28,17.274589
2013-03-01,17.229683
2013-03-04,17.210755
2013-03-05,17.446862
2013-03-06,17.457707
2013-03-07,17.458788
2013-03-08,17.61006
2013-03-11,17.659344
2013-03-12,17.563377
2013-03-13,17.644871
2013-03-14,17.743095
2013-03-15,17.741491
2013-03-18,17.658046
2013-03-19,17.637917
2013-03-20,17.68552
2013-03-21,17.522023
2013-03-22,17.64079
2013-03-25,17.497779
2013-03-26,17.580503
2013-03-27,17.573096
2013-03-28,17.685552
2013-04-01,17.49088
2013-04-02,17.467622
2013-04-03,17.3383
2013-04-04,17.408133
2013-04-05,17.367339
2013-04-08,17.47078
2013-04-09,17.523533
2013-04-10,17.754352
2013-04-11,17.802121
2013-04-12,17.709387
2013-04-15,17.169203
2013-04-16,17.400473
2013-04-17,17.115181
2013-04-18,16.96907
2013-04-19,16.883947
2013-04-22,17.022722
2013-04-23,17.113683
2013-04-24,17.237203
2013-04-25,17.302575
2013-04-26,17.300904
2013-04-29,17.377866
2013-04-30,17.439785
2013-05-01,17.240384
2013-05-02,17.429037
2013-05-03,17.719109
2013-05-06,17.816612
2013-05-07,17.976593
2013-05-08,18.09185
2013-05-09,18.057444
2013-05-10,18.115442
2013-05-13,18.054805
2013-05-14,18.261002
2013-05-15,18.326369
2013-05-16,18.24031
2013-05-17,18.50407
2013-05-20,18.555237
2013-05-21,18.575648
2013-05-22,18.427249
2013-05-23,18.35895
2013-05-24,18.373788
2013-05-28,18.468469
2013-05-29,18.365023
2013-05-30,18.463465
2013-05-31,18.279254
2013-06-03,18.387127
2013-06-04,18.273996
2013-06-05,17.972847
2013-06-06,18.084223
2013-06-07,18.404704
2013-06-10,18.349614
2013-06-11,18.191957
2013-06-12,18.058925
2013-06-13,18.305783
2013-06-14,18.22393
2013-06-17,18.339667
2013-06-18,18.576875
2013-06-19,18.367616
2013-06-20,17.923735
2013-06-21,17.931371
2013-06-24,17.633522
2013-06-25,17.820194
2013-06-26,18.012411
2013-06-27,18.174325
2013-06-28,18.061995
2013-07-01,18.222423
2013-07-02,18.026873
2013-07-03,18.048818
2013-07-05,18.319598
2013-07-08,18.374571
2013-07-09,18.695706
2013-07-10,18.67905
2013-07-11,18.97362
2013-07-12,18.863813
2013-07-15,18.912177
2013-07-16,18.802199
2013-07-17,18.870308
2013-07-18,18.973574
2013-07-19,19.312046
2013-07-22,19.321507
2013-07-23,19.262176
2013-07-24,19.251886
2013-07-25,19.23416
2013-07-26,19.151653
2013-07-29,19.054059
2013-07-30,19.151624
2013-07-31,19.17881
2013-08-01,19.501337
2013-08-02,19.543557
2013-08-05,19.469794
2013-08-06,19.460485
2013-08-07,19.417376
2013-08-08,19.49963
2013-08-09,19.443947
2013-08-12,19.458784
2013-08-13,19.541313
2013-08-14,19.338801
2013-08-15,19.120491
2013-08-16,19.140175
2013-08-19,19.056669
2013-08-20,19.060316
2013-08-21,18.936955
2013-08-22,19.177416
2013-08-23,19.195377
2013-08-26,19.134116
2013-08-27,18.753032
2013-08-28,18.767472
2013-08-29,18.804354
2013-08-30,18.721227
2013-09-03,18.819681
2013-09-04,18.99995
2013-09-05,19.052521
2013-09-06,19.036081
2013-09-09,19.267308
2013-09-10,19.543914
2013-09-11,19.462485
2013-09-12,19.37273
2013-09-13,19.418477
2013-09-16,19.664864
2013-09-17,19.778489
2013-09-18,20.02552
2013-09-19,20.052578
2013-09-20,19.778853
2013-09-23,19.801257
2013-09-24,19.86275
2013-09-25,19.786589
2013-09-26,19.855399
2013-09-27,19.731134
2013-09-30,19.608908
2013-10-01,19.749803
2013-10-02,19.679237
2013-10-03,19.461431
2013-10-04,19.552422
2013-10-07,19.446225
2013-10-08,19.218762
2013-10-09,19.183485
2013-10-10,19.697045
2013-10-11,19.808609
2013-10-14,19.853369
2013-10-15,19.664119
2013-10-16,19.758437
2013-10-17,19.869212
2013-10-18,20.140649
2013-10-21,20.217869
2013-10-22,20.155018
2013-10-23,20.235534
2013-10-24,20.276749
2013-10-25,20.238411
2013-10-28,20.196521
2013-10-29,20.199202
2013-10-30,20.118444
2013-10-31,20.111961
2013-11-01,20.261849
2013-11-04,20.329704
2013-11-05,20.178332
2013-11-06,20.257432
2013-11-07,20.02462
2013-11-08,20.301131
2013-11-11,20.294949
2013-11-12,20.300256
2013-11-13,20.402782
2013-11-14,20.29414
2013-11-15,20.361509
2013-11-18,20.393634
2013-11-19,20.258967
2013-11-20,20.1163
2013-11-21,20.272334
2013-11-22,20.435518
2013-11-25,20.366176
2013-11-26,20.429919
2013-11-27,20.514724
2013-11-29,20.43433
2013-12-02,20.292734
2013-12-03,20.151374
2013-12-04,20.078293
2013-12-05,20.078942
2013-12-06,20.373082
2013-12-09,20.426687
2013-12-10,20.376311
2013-12-11,20.110108
2013-12-12,20.119671
2013-12-13,20.194782
2013-12-16,20.391827
2013-12-17,20.383896
2013-12-18,20.701377
2013-12-19,20.688111
2013-12-20,20.839103
2013-12-23,20.924087
2013-12-24,21.037364
2013-12-26,21.182143
2013-12-27,21.159863
2013-12-30,21.15293
2013-12-31,21.252661
2014-01-02,20.979066
2014-01-03,21.035759
2014-01-06,20.910105
2014-01-07,21.012027
2014-01-08,20.993922
2014-01-09,21.070355
2014-01-10,21.103848
2014-01-13,20.86343
2014-01-14,21.077541
2014-01-15,21.231637
2014-01-16,21.162763
2014-01-17,20.852239
2014-01-21,18.980348
2014-01-22,18.385081
2014-01-23,18.113519
2014-01-24,17.432691
2014-01-27,17.410919
2014-01-28,17.58386
2014-01-29,17.35203
2014-01-30,17.09478
2014-01-31,16.977859
2014-02-03,16.522905
2014-02-04,16.586863
2014-02-05,16.592908
2014-02-06,16.797146
2014-02-07,17.072859
2014-02-10,16.956709
2014-02-11,17.18112
2014-02-12,17.206459
2014-02-13,17.234155
2014-02-14,17.36103
2014-02-18,17.423808
2014-02-19,17.309318
2014-02-20,17.432079
2014-02-21,17.43166
2014-02-24,17.571493
2014-02-25,17.493999
2014-02-26,17.503171
2014-02-27,17.60272
2014-02-28,17.646743
2014-03-03,17.496979
2014-03-04,17.763622
2014-03-05,17.795858
2014-03-06,17.919123
2014-03-07,17.963954
2014-03-10,17.872274
2014-03-11,17.751055
2014-03-12,17.714193
2014-03-13,17.452145
2014-03-14,17.386136
2014-03-17,17.609615
2014-03-18,17.697468
2014-03-19,17.518138
2014-03-20,17.546188
2014-03-21,17.561138
2014-03-24,17.515324
2014-03-25,17.667182
2014-03-26,17.501698
2014-03-27,17.475472
2014-03-28,17.604941
2014-03-31,17.779503
2014-04-01,17.906936
2014-04-02,18.023538
2014-04-03,18.053731
2014-04-04,17.851213
2014-04-07,17.614064
2014-04-08,17.612743
2014-04-09,17.833684
2014-04-10,17.496543
2014-04-11,17.320106
2014-04-14,17.426152
2014-04-15,17.541606
2014-04-16,17.82886
2014-04-17,18.035749
2014-04-21,18.092946
2014-04-22,18.05846
2014-04-23,18.078861
2014-04-24,17.940689
2014-04-25,17.758928
2014-04-28,17.778801
2014-04-29,17.789055
2014-04-30,17.910819
2014-05-01,17.868111
2014-05-02,17.854177
2014-05-05,17.870297
2014-05-06,17.729096
2014-05-07,17.883293
2014-05-08,17.866684
2014-05-09,17.877004
2014-05-12,18.1421
2014-05-13,18.184084
2014-05-14,18.041987
2014-05-15,17.864601
2014-05-16,17.89861
2014-05-19,17.968601
2014-05-20,17.735217
2014-05-21,17.891071
2014-05-22,17.930893
2014-05-23,18.039195
2014-05-27,18.124692
2014-05-28,18.147148
2014-05-29,18.205048
2014-05-30,18.211982
2014-06-02,18.278883
2014-06-03,18.250063
2014-06-04,18.239665
2014-06-05,18.45022
2014-06-06,18.627146
2014-06-09,18.732906
2014-06-10,18.686721
2014-06-11,18.538278
2014-06-12,18.305051
2014-06-13,18.370492
2014-06-16,18.340842
2014-06-17,18.385532
2014-06-18,18.40759
2014-06-19,18.432535
2014-06-20,18.513187
2014-06-23,18.393125
2014-06-24,18.20882
2014-06-25,18.23342
2014-06-26,18.200298
2014-06-27,18.252439
2014-06-30,18.175743
2014-07-01,18.280221
2014-07-02,18.25873
2014-07-03,18.40773
2014-07-07,18.285044
2014-07-08,18.147503
2014-07-09,18.175591
2014-07-10,18.07851
2014-07-11,18.18094
2014-07-14,18.283056
2014-07-15,18.282367
2014-07-16,18.375409
2014-07-17,18.07954
2014-07-18,18.095008
2014-07-21,18.052509
2014-07-22,18.09558
2014-07-23,17.85984
2014-07-24,17.632994
2014-07-25,17.527983
2014-07-28,17.424986
2014-07-29,17.327047
2014-07-30,17.342798
2014-07-31,16.963655
2014-08-01,16.950678
2014-08-04,17.003021
2014-08-05,16.81661
2014-08-06,16.735047
2014-08-07,16.748812
2014-08-08,16.982877
2014-08-11,17.054316
2014-08-12,17.013733
2014-08-13,17.172629
2014-08-14,17.252038
2014-08-15,17.20405
2014-08-18,17.467706
2014-08-19,17.509394
2014-08-20,17.681707
2014-08-21,17.676797
2014-08-22,17.601166
2014-08-25,17.661903
2014-08-26,17.602883
2014-08-27,17.596425
2014-08-28,17.54088
2014-08-29,17.541135
2014-09-02,17.577616
2014-09-03,17.563796
2014-09-04,17.590004
2014-09-05,17.651316
2014-09-08,17.641653
2014-09-09,17.571895
2014-09-10,17.587827
2014-09-11,17.609807
2014-09-12,17.537124
2014-09-15,17.538614
2014-09-16,17.637196
2014-09-17,17.686704
2014-09-18,17.758053
2014-09-19,17.73785
2014-09-22,17.596513
2014-09-23,17.448386
2014-09-24,17.534654
2014-09-25,17.273169
2014-09-26,17.421755
2014-09-29,17.367014
2014-09-30,17.35282
2014-10-01,17.027244
2014-10-02,17.007611
2014-10-03,17.238607
2014-10-06,17.181847
2014-10-07,16.775275
2014-10-08,17.071486
2014-10-09,16.676574
2014-10-10,16.435198
2014-10-13,16.18042
2014-10-14,16.381963
2014-10-15,16.347622
2014-10-16,16.596327
2014-10-17,16.846649
2014-10-20,16.897879
2014-10-21,17.156933
2014-10-22,16.833876
2014-10-23,17.096621
2014-10-24,17.232953
2014-10-27,17.154296
2014-10-28,17.406907
2014-10-29,17.321212
2014-10-30,17.360055
2014-10-31,17.539162
2014-11-03,17.501057
2014-11-04,17.568692
2014-11-05,17.665911
2014-11-06,17.859838
2014-11-07,17.877654
2014-11-10,17.963426
2014-11-11,17.940571
2014-11-12,17.951221
2014-11-13,17.949697
2014-11-14,17.961631
2014-11-17,17.94669
2014-11-18,18.082216
2014-11-19,18.030229
2014-11-20,18.062715
2014-11-21,18.239597
2014-11-24,18.288194
2014-11-25,18.313515
2014-11-26,18.303483
2014-11-28,18.146818
2014-12-01,17.909547
2014-12-02,18.049177
2014-12-03,18.282278
2014-12-04,18.198944
2014-12-05,18.229864
2014-12-08,18.029591
2014-12-09,18.045455
2014-12-10,17.70446
2014-12-11,17.786287
2014-12-12,17.454181
2014-12-15,17.4161
2014-12-16,17.415508
2014-12-17,17.528943
2014-12-18,17.958766
2014-12-19,18.054031
2014-12-22,18.221043
2014-12-23,18.303063
2014-12-24,18.312707
2014-12-26,18.313414
2014-12-29,18.316045
2014-12-30,18.229305
2014-12-31,18.042373
2015-01-02,18.015299
2015-01-05,17.597086
2015-01-06,17.388739
2015-01-07,17.494662
2015-01-08,17.843309
2015-01-09,17.648953
2015-01-12,17.532725
2015-01-13,17.486994
2015-01-14,17.386856
2015-01-15,17.284324
2015-01-16,17.401651
2015-01-20,19.18056
2015-01-21,19.308022
2015-01-22,19.558944
2015-01-23,19.336927
2015-01-26,19.356914
2015-01-27,19.075661
2015-01-28,18.798299
2015-01-29,18.941061
2015-01-30,18.604897
2015-02-02,18.888906
2015-02-03,19.265462
2015-02-04,19.109505
2015-02-05,19.280551
2015-02-06,19.237104
2015-02-09,19.166115
2015-02-10,19.278102
2015-02-11,19.260336
2015-02-12,19.451593
2015-02-13,19.54312
2015-02-17,19.354862
2015-02-18,19.435409
2015-02-19,19.453175
2015-02-20,19.679072
2015-02-23,19.599536
2015-02-24,19.65581
2015-02-25,19.646504
2015-02-26,19.551882
2015-02-27,19.467178
2015-03-02,19.633547
2015-03-03,19.500015
2015-03-04,19.345626
2015-03-05,19.374309
2015-03-06,19.114132
2015-03-09,19.27943
2015-03-10,18.924883
2015-03-11,18.909898
2015-03-12,19.149356
2015-03-13,18.974001
2015-03-16,19.28455
2015-03-17,19.206411
2015-03-18,19.384552
2015-03-19,19.252343
2015-03-20,19.351648
2015-03-23,19.071744
2015-03-24,19.000872
2015-03-25,18.680543
2015-03-26,18.625319
2015-03-27,18.700764
2015-03-30,18.956733
2015-03-31,18.775655
2015-04-01,18.623765
2015-04-02,18.651933
2015-04-06,18.790798
2015-04-07,18.764823
2015-04-08,18.803875
2015-04-09,18.923821
2015-04-10,19.263627
2015-04-13,19.056762
2015-04-14,19.067521
2015-04-15,18.995691
2015-04-16,18.942256
2015-04-17,21.695534
2015-04-20,21.934674
2015-04-21,21.786929
2015-04-22,21.780797
2015-04-23,21.580835
2015-04-24,21.378095
2015-04-27,21.361264
2015-04-28,21.361291
2015-04-29,21.30944
2015-04-30,21.130205
2015-05-01,21.382735
2015-05-04,21.423703
2015-05-05,21.04159
2015-05-06,21.001968
2015-05-07,21.117387
2015-05-08,21.369277
2015-05-11,21.348508
2015-05-12,21.331487
2015-05-13,21.441326
2015-05-14,21.641851
2015-05-15,21.621161
2015-05-18,21.664578
2015-05-19,21.607143
2015-05-20,21.528159
2015-05-21,21.63471
2015-05-22,21.594121
2015-05-26,21.360706
2015-05-27,21.480815
2015-05-28,21.390476
2015-05-29,21.178668
2015-06-01,21.26291
2015-06-02,21.299447
2015-06-03,21.409661
2015-06-04,21.172704
2015-06-05,21.195811
2015-06-08,21.040004
2015-06-09,21.04173
2015-06-10,21.257145
2015-06-11,21.349385
2015-06-12,21.237294
2015-06-15,21.064425
2015-06-16,21.081343
2015-06-17,21.447688
2015-06-18,21.653571
2015-06-19,21.561116
2015-06-22,21.721362
2015-06-23,21.679103
2015-06-24,21.475374
2015-06-25,21.313348
2015-06-26,21.353091
2015-06-29,20.94206
2015-06-30,20.964721
2015-07-01,21.044969
2015-07-02,21.034345
2015-07-06,20.910896
2015-07-07,21.081464
2015-07-08,20.705211
2015-07-09,20.778048
2015-07-10,20.991148
2015-07-13,21.208778
2015-07-14,21.262704
2015-07-15,21.027016
2015-07-16,21.131868
2015-07-17,20.193816
2015-07-20,20.18795
2015-07-21,20.001632
2015-07-22,19.968855
2015-07-23,19.768579
2015-07-24,19.324155
2015-07-27,19.264926
2015-07-28,19.491518
2015-07-29,19.613308
2015-07-30,19.582298
2015-07-31,19.616722
2015-08-03,19.530014
2015-08-04,19.546788
2015-08-05,19.652828
2015-08-06,19.566184
2015-08-07,19.46716
2015-08-10,19.837142
2015-08-11,19.599369
2015-08-12,19.596354
2015-08-13,19.576339
2015-08-14,19.700094
2015-08-17,19.792424
2015-08-18,19.760177
2015-08-19,19.569585
2015-08-20,19.156504
2015-08-21,18.691308
2015-08-24,18.066702
2015-08-25,17.776039
2015-08-26,18.326722
2015-08-27,18.764076
2015-08-28,18.788883
2015-08-31,18.54474
2015-09-01,18.056389
2015-09-02,18.450323
2015-09-03,18.190756
2015-09-04,17.932233
2015-09-08,18.433085
2015-09-09,18.233987
2015-09-10,18.249717
2015-09-11,18.345055
2015-09-14,18.258562
2015-09-15,18.564999
2015-09-16,18.723059
2015-09-17,18.604375
2015-09-18,18.218347
2015-09-21,18.33422
2015-09-22,18.087865
2015-09-23,17.968396
2015-09-24,17.841859
2015-09-25,17.891289
2015-09-28,17.537231
2015-09-29,17.647862
2015-09-30,17.924541
2015-10-01,17.893234
2015-10-02,18.101903
2015-10-05,18.636437
2015-10-06,18.632026
2015-10-07,18.879899
2015-10-08,19.22714
2015-10-09,19.284697
2015-10-12,19.305189
2015-10-13,19.095851
2015-10-14,18.709531
2015-10-15,18.899859
2015-10-16,18.845233
2015-10-19,18.855318
2015-10-20,19.079794
2015-10-21,18.995104
2015-10-22,18.867505
2015-10-23,18.774839
2015-10-26,18.747955
2015-10-27,18.592362
2015-10-28,18.707194
2015-10-29,18.799395
2015-10-30,18.782346
2015-11-02,19.007017
2015-11-03,18.953987
2015-11-04,18.907267
2015-11-05,18.93033
2015-11-06,18.950027
2015-11-09,18.830429
2015-11-10,18.84657
2015-11-11,18.899931
2015-11-12,18.629843
2015-11-13,18.522452
2015-11-16,18.744205
2015-11-17,18.705801
2015-11-18,18.802878
2015-11-19,18.868615
2015-11-20,18.97197
2015-11-23,18.900423
2015-11-24,18.85533
2015-11-25,18.877704
2015-11-27,18.907328
2015-11-30,18.76945
2015-12-01,18.882271
2015-12-02,18.686491
2015-12-03,18.479276
2015-12-04,18.748636
2015-12-07,18.670517
2015-12-08,18.378948
2015-12-09,18.332897
2015-12-10,18.421053
2015-12-11,18.119142
2015-12-14,18.157905
2015-12-15,18.168518
2015-12-16,18.488059
2015-12-17,18.185354
2015-12-18,17.908368
2015-12-21,18.077968
2015-12-22,18.296924
2015-12-23,18.523895
2015-12-24,18.509562
2015-12-28,18.474812
2015-12-29,18.647401
2015-12-30,18.503053
2015-12-31,18.380106
2016-01-01,15.68035588508893
2016-01-04,15.42347343963252
2016-01-05,15.410655324711117
2016-01-06,15.233940835850396
2016-01-07,14.85349547693288
2016-01-08,14.69073209909928
2016-01-11,14.700790427406464
2016-01-12,14.823128916262853
2016-01-13,14.388778148057934
2016-01-14,14.5549160004644
2016-01-15,14.284552314522536
2016-01-18,14.293243653076386
2016-01-19,14.280281485167704
2016-01-20,14.119566104938968
2016-01-21,14.243649074647175
2016-01-22,14.372526223104783
2016-01-25,14.117489692975642
2016-01-26,14.415687424216744
2016-01-27,14.299548892170383
2016-01-28,14.29541177619579
2016-01-29,14.67353048626641
2016-02-01,14.806066645432692
2016-02-02,14.411897044708002
2016-02-03,14.611334346881527
2016-02-04,15.001172941415629
2016-02-05,14.82434311027135
2016-02-08,14.64005689737194
2016-02-09,14.737357520773928
2016-02-10,14.789059092541176
2016-02-11,14.49927468731685
2016-02-12,14.744164370784182
2016-02-15,14.751245170306596
2016-02-16,15.026602320891032
2016-02-17,15.256933863709826
2016-02-18,15.279535540603684
2016-02-19,15.256436938036412
2016-02-22,15.493251247916737
2016-02-23,15.301924246555414
2016-02-24,15.265401323619107
2016-02-25,15.410108351010347
2016-02-26,15.38609271932622
2016-02-29,15.336070875854237
2016-03-01,15.66787133374446
2016-03-02,15.626471696699747
2016-03-03,15.759694571585438
2016-03-04,15.818628198791243
2016-03-07,15.893848040094335
2016-03-08,15.626290819569382
2016-03-09,15.726043914294108
2016-03-10,15.768174169932822
2016-03-11,15.971196609101822
2016-03-14,15.22866394257599
2016-03-15,15.950538106273264
2016-03-16,16.0693922551296
2016-03-17,16.3821168854587
2016-03-18,16.57126468415743
2016-03-21,16.68171408580515
2016-03-22,16.598396285295102
2016-03-23,16.463662050581437
2016-03-24,16.365168955617072
2016-03-25,16.414358653516
2016-03-28,16.483196750579317
2016-03-29,16.598630376662726
2016-03-30,16.674573937593447
2016-03-31,16.943082557696858
2016-04-01,16.823854406122592
2016-04-04,16.7020762852478
2016-04-05,16.595479709501813
2016-04-06,16.634782153611578
2016-04-07,16.589457732349047
2016-04-08,16.709118118734978
2016-04-11,16.733660231238417
2016-04-12,16.882572495566
2016-04-13,17.156811494129677
2016-04-14,17.213926091626824
2016-04-15,17.194194721302697
2016-04-18,15.996629592135957
2016-04-19,17.318635012927864
2016-04-20,17.31787737715802
2016-04-21,17.099427056383902
2016-04-22,17.044821767653758
2016-04-25,16.935746412331522
2016-04-26,17.15666409759194
2016-05-06,17.157008387711993
2016-05-11,17.27401309318917
2016-05-12,17.092292754093425
2016-05-13,16.960378754874746
2016-05-16,17.11447881260116
2016-05-17,17.175356293414026
2016-05-18,17.07308281172877
2016-05-19,16.82741050498807
2016-05-20,16.8798300035577
2016-05-23,16.858565865091627
2016-05-24,17.020707493733482
2016-05-25,17.170013989408474
2016-05-26,17.102264517024416
2016-05-27,17.157386849208965
2016-05-30,17.195339117109384
2016-05-31,17.02778123093852
2016-06-01,17.01206461170514
2016-06-02,17.019340569776123
2016-06-03,16.985567133550635
2016-06-06,17.228055342461285
2016-06-07,17.371109665388786
2016-06-08,17.455560988749063
2016-06-09,17.514690684467997
2016-06-10,17.310239779995147
2016-06-13,16.959554845210587
2016-06-14,16.7838110220479
2016-06-15,16.888370605885992
2016-06-16,16.812651829443194
2016-06-17,16.98481748440312
2016-06-20,17.281325529792397
2016-06-21,17.287622466169083
2016-06-22,17.238402636709292
2016-06-23,17.38099538370291
2016-06-24,16.506719421354347
2016-06-27,15.966642696982928
2016-06-28,16.308467043447745
2016-06-29,16.963477074902304
2016-06-30,17.55601708445209
2016-07-01,17.596638967343917
2016-07-04,17.571884900489042
2016-07-05,17.24058648665631
2016-07-06,17.20525168229066
2016-07-07,17.020830022271703
2016-07-08,17.46366866936587
2016-07-11,17.567481465763844
2016-07-12,17.949745233791468
2016-07-13,17.91952592671791
2016-07-14,17.93258187542988
2016-07-15,17.91341094632555
2016-07-18,17.82266697774792
2016-07-19,17.806215350091097
2016-07-20,17.873983011884164
2016-07-21,17.609312670787872
2016-07-22,17.758833937744306
2016-07-25,17.736565700060297
2016-07-26,17.92597476960362
2016-07-27,17.80099700764799
2016-07-28,17.789525395122194
2016-07-29,17.731302832580795
2016-08-01,17.712426728960192
2016-08-02,17.40152183040027
2016-08-03,17.50832487098093
2016-08-04,17.686121762453023
2016-08-05,17.969065706920595
2016-08-08,17.934364276146454
2016-08-09,17.93383014122667
2016-08-10,17.862319986244856
2016-08-11,18.067952705079467
2016-08-12,18.040716013349435
2016-08-15,18.19318142724885
2016-08-16,18.150734851256534
2016-08-17,18.135998226040748
2016-08-18,18.1545979930458
2016-08-19,18.162979555197197
2016-08-22,17.66322605068117
2016-08-23,18.215649918419896
2016-08-24,18.17816798495365
2016-08-25,18.116138126425437
2016-08-26,18.02962127548379
2016-08-29,18.11949063264581
2016-08-30,18.03608735699729
2016-08-31,17.762598712651663
2016-09-01,17.79914841210219
2016-09-02,17.88273560511387
2016-09-05,17.160767418694306
2016-09-06,17.12376113350905
2016-09-07,17.28919379773834
2016-09-08,17.18321687679206
2016-09-09,16.65407829629255
2016-09-12,16.866507143262552
2016-09-13,16.610849079406783
2016-09-14,16.628920327274514
2016-09-15,16.923593884558215
2016-09-16,16.77118293025438
2016-09-19,16.86016492867331
2016-09-20,17.003379795723863
2016-09-21,17.22505031199808
2016-09-22,17.4211395769934
2016-09-23,17.308393103416105
2016-09-26,17.123809078057267
2016-09-27,17.333052791815202
2016-09-28,17.391561240157667
2016-09-29,17.332466505169982
2016-09-30,18.233636675394678
2016-10-03,18.25856317279349
2016-10-04,18.04823604693565
2016-10-05,18.15254313380731
2016-10-06,18.173412026120253
2016-10-07,17.90200721210592
2016-10-10,17.98543940963038
2016-10-11,17.761571845423155
2016-10-12,18.262010739114004
2016-10-13,17.845366046015453
2016-10-14,17.859722758178567
2016-10-17,18.48664882602264
2016-10-18,18.570477002035496
2016-10-19,18.661750530381678
2016-10-20,18.471726905634416
2016-10-21,18.404701494002747
2016-10-24,18.446712325939217
2016-10-25,18.39669158505511
2016-10-26,18.444466306375197
2016-10-27,18.41359180303207
2016-10-28,18.45260152904023
2016-10-31,18.552920584470947
2016-11-01,18.31030513640725
2016-11-02,18.29434630243241
2016-11-03,18.25858297948084
2016-11-04,18.300499595044364
2016-11-07,18.76561942121387
2016-11-08,18.81834102862619
2016-11-09,19.313266043874517
2016-11-10,19.66448192946063
2016-11-11,19.7411576181055
2016-11-14,19.8527540379783
2016-11-15,19.92720318636976
2016-11-16,19.733886108199528
2016-11-17,19.8170398301734
2016-11-18,19.782007756807083
2016-11-21,19.86244277197817
2016-11-22,19.950161018840227
2016-11-23,19.567470797742114
2016-11-25,20.20534115416243
2016-11-29,20.06689975624203
2016-11-30,20.07292076583324
2016-12-01,20.223019407854384
2016-12-02,20.220267826315645
2016-12-05,20.21618826200834
2016-12-06,20.32774554874106
2016-12-07,20.71202728379905
2016-12-08,20.56466537462207
2016-12-09,20.69284309657972
2016-12-12,20.507694072758405
2016-12-13,20.553515304192253
2016-12-14,20.360218938803943
2016-12-15,20.415120124565718
2016-12-16,20.286424272626384
2016-12-19,20.454223633155596
2016-12-20,20.586854667043514
2016-12-21,20.49764058714516
2016-12-22,20.445213157009267
2016-12-23,20.478926847551648
2016-12-26,20.480161517111853
2016-12-27,20.52936983113002
2016-12-28,20.2957247995529
2016-12-29,20.28324370076988
2016-12-30,20.22067618391297
2017-01-02,21.67515230187899
2017-01-03,21.799872613190637
2017-01-04,21.94757132341623
2017-01-05,21.838790229119912
2017-01-06,21.97412039388448
2017-01-09,21.833825349495346
2017-01-10,21.92297153338493
2017-01-11,22.05230961052595
2017-01-12,21.98373334959576
2017-01-13,22.090407391641616
2017-01-16,22.083322924253228
2017-01-17,21.89165079205304
2017-01-18,22.00690277183026
2017-01-19,22.179447613931423
2017-01-20,22.266732946929707
2017-01-23,22.146977296433285
2017-01-24,22.38212783740688
2017-01-25,22.62059430245761
2017-01-26,22.790858219317705
2017-01-27,22.703501814133357
2017-01-30,22.54743683048121
2017-01-31,22.342485138494023
2017-02-01,22.345102866880417
2017-02-02,22.25356330267997
2017-02-03,22.44703725602415
2017-02-06,22.444374892889456
2017-02-07,22.49705363129453
2017-02-08,22.48785094690184
2017-02-09,22.68923029969547
2017-02-10,22.83891201391539
2017-02-13,23.091080792997168
2017-02-14,23.08118319303156
2017-02-15,23.19891851708145
2017-02-16,23.167660971195605
2017-02-17,23.23911082074322
2017-02-20,23.22640771844548
2017-02-21,23.317790765231333
2017-02-22,23.28235654602574
2017-02-23,23.116282777474865
2017-02-24,23.20632221712399
2017-02-27,23.31041163629125
2017-02-28,23.19104526618049
2017-03-01,23.57439894419644
2017-03-02,23.334226841466783
2017-03-03,23.40423925027808
2017-03-06,23.31306517626897
2017-03-07,23.26071703414689
2017-03-08,23.217373192831285
2017-03-09,23.08574816571782
2017-03-10,23.20503329724254
2017-03-13,23.209230058886693
2017-03-14,22.994847991419046
2017-03-15,23.3011329872442
2017-03-16,23.222331587139607
2017-03-17,23.29868046766848
2017-03-20,23.27548909359572
2017-03-21,22.930988774919555
2017-03-22,23.057487452736805
2017-03-23,23.01144606370881
2017-03-24,22.90602728403124
2017-03-27,22.8271410968131
2017-03-28,23.093267822541897
2017-03-29,23.050120858012768
2017-03-30,23.170867682168048
2017-03-31,22.30507183982526
2017-04-03,21.447181907790377
2017-04-04,21.40224978089571
2017-04-05,21.396817889386924
2017-04-06,21.466415509708604
2017-04-07,21.49348299294656
2017-04-10,21.527541592593508
2017-04-11,21.593652577838725
2017-04-12,21.274217589562635
2017-04-13,21.05463297297307
2017-04-14,21.08865483167853
2017-04-17,21.33313000999991
2017-04-18,21.2142509175072
2017-04-19,21.26345062452923
2017-04-20,21.49244584904564
2017-04-21,21.571553717731245
2017-04-24,21.913717261172835
2017-04-25,22.42927376201852
2017-04-26,22.393857772455057
2017-04-27,22.391099414228066
2017-04-28,21.92212198440886
2017-05-01,21.767231181662343
2017-05-02,22.262941785822488
2017-05-03,22.244941646579115
2017-05-04,22.24264507842353
2017-05-05,22.379640929268824
2017-05-08,22.316739261605694
2017-05-09,22.37569727137356
2017-05-10,22.313067512012196
2017-05-11,22.28390503453706
2017-05-12,22.1802486833025
2017-05-15,22.30016329527447
2017-05-16,22.286100507830007
2017-05-17,21.8131125887817
2017-05-18,21.851409215685777
2017-05-19,22.116396619118888
2017-05-22,22.29442622751128
2017-05-23,22.3369667430103
2017-05-24,22.407352309931557
2017-05-25,22.612034266647377
2017-05-26,22.64175609217328
2017-05-29,22.2890170163752
2017-05-30,22.626939695055192
2017-05-31,22.36563047496965
2017-06-01,22.519948507654533
2017-06-02,22.62667022157224
2017-06-05,22.515610533969724
2017-06-06,22.03423511186081
2017-06-07,22.35566626371338
2017-06-08,22.451707098404675
2017-06-09,22.514626160265767
2017-06-12,22.5456392502459
2017-06-13,22.677210073510835
2017-06-14,22.61827287097425
2017-06-15,22.74192954678201
2017-06-16,22.837044745172552
2017-06-19,23.06140633942764
2017-06-20,22.816695548318467
2017-06-21,22.67194845916622
2017-06-22,22.64776474159737
2017-06-23,22.750338380442333
2017-06-26,22.72053286055548
2017-06-27,22.557441716067963
2017-06-28,22.807676903973714
2017-06-29,22.604034313704943
2017-06-30,21.964592037568096
2017-07-03,21.744358964818424
2017-07-04,21.73514311836158
2017-07-05,22.130377201793387
2017-07-06,21.99908770271316
2017-07-07,22.19779656612864
2017-07-10,22.255059000047623
2017-07-11,22.20215918229808
2017-07-12,22.324076088150456
2017-07-13,22.295362448698096
2017-07-14,22.41513234506852
2017-07-17,22.381257017289716
2017-07-18,22.310121270594617
2017-07-19,22.32694139316879
2017-07-20,22.191332122114257
2017-07-21,22.203820656978465
2017-07-24,22.15133195497375
2017-07-25,22.17092474604532
2017-07-26,22.230476931179677
2017-07-27,22.056099703292467
2017-07-28,22.121493502500496
2017-07-31,22.05275888065211
2017-08-01,21.982570797585502
2017-08-02,22.066246870971085
2017-08-03,22.14972434311941
2017-08-04,22.2091724518398
2017-08-07,22.208365145805168
2017-08-08,22.14152655156832
2017-08-09,22.115625037868096
2017-08-10,21.810754701374623
2017-08-11,21.84434682031436
2017-08-14,22.089677663142112
2017-08-15,22.069007516323342
2017-08-16,22.088064281462096
2017-08-17,21.690904729672443
2017-08-18,21.627117459068227
2017-08-21,21.658650207561948
2017-08-22,21.925265381108478
2017-08-23,21.7011730449828
2017-08-24,21.61151361057107
2017-08-25,21.711480061094356
2017-08-28,21.71846781328465
2017-08-29,21.846877745502592
2017-08-30,21.9487655656057
2017-08-31,22.027599298926805
2017-09-01,22.01926695279832
2017-09-04,22.019305405981672
2017-09-05,21.828595971417226
2017-09-06,21.86916940502484
2017-09-07,21.985377698040462
2017-09-08,22.08791318782572
2017-09-11,22.319468453224463
2017-09-12,22.43094110739717
2017-09-13,22.37806574246128
2017-09-14,22.459625018709083
2017-09-15,22.586358229583062
2017-09-18,22.824940724196885
2017-09-19,22.868991676173724
2017-09-20,23.039245913723533
2017-09-21,23.076130662450453
2017-09-22,23.144530152768525
2017-09-25,23.150444798339155
2017-09-26,23.178910711573717
2017-09-27,23.234982770543397
2017-09-28,23.237394791114355
2017-09-29,23.302593236847805
2017-10-02,22.648555393193792
2017-10-03,22.753159753859403
2017-10-04,22.77059212107691
2017-10-05,22.827394357118017
2017-10-06,22.82616757206108
2017-10-09,22.81259504236935
2017-10-10,22.86236216151856
2017-10-11,22.889840759490937
2017-10-12,23.01712608843751
2017-10-13,22.963092113902
2017-10-16,22.971321545282727
2017-10-17,22.91690406432605
2017-10-18,22.941690996059556
2017-10-19,22.96717044256728
2017-10-20,23.21018670196549
2017-10-23,23.159576586754536
2017-10-24,23.364852810109443
2017-10-25,23.143411327113306
2017-10-26,23.23076948106093
2017-10-27,23.276524387656465
2017-10-30,23.05392318804448
2017-10-31,22.96822171365456
2017-11-01,22.96104680447992
2017-11-02,23.091915733803297
2017-11-03,23.046415708008944
2017-11-06,23.054197968694336
2017-11-07,23.10366035166691
2017-11-08,23.059348094273208
2017-11-09,22.753592510437063
2017-11-10,22.743862565385
2017-11-13,22.77800747319824
2017-11-14,22.777837771250773
2017-11-15,22.61895096982945
2017-11-16,22.83443888419509
2017-11-17,22.71025885919031
2017-11-20,22.84094323232633
2017-11-21,23.00999228262907
2017-11-22,23.021410157881007
2017-11-24,23.011722578550568
2017-11-27,23.062234874554417
2017-11-28,23.42160743462393
2017-11-29,23.66674630950057
2017-11-30,24.05231293433631
2017-12-01,23.79655997469804
2017-12-04,24.02952135633681
2017-12-05,23.79502176015647
2017-12-06,23.820226936974645
2017-12-07,24.062370560435017
2017-12-08,24.16697108167044
2017-12-11,24.11657483482574
2017-12-12,24.124191051893504
2017-12-13,24.23076864459863
2017-12-14,24.06986671785224
2017-12-15,24.20524306056769
2017-12-18,24.444909833313258
2017-12-19,24.478733910186243
2017-12-20,24.588475605379912
2017-12-21,24.590341953428403
2017-12-22,24.59650595206868
2017-12-25,23.995247684703195
2017-12-26,24.62387846653632
2017-12-27,24.69679649942474
2017-12-28,24.73696419833757
2017-12-29,24.65489511334295
2018-01-01,21.2442942887248
2018-01-02,21.382836416280544
2018-01-03,21.48687170543169
2018-01-04,21.63116159825693
2018-01-05,21.804601408253102
2018-01-08,21.89890415162268
2018-01-09,22.01312230744109
2018-01-10,21.992709748720728
2018-01-11,22.31669655928489
2018-01-12,22.53540476216769
2018-01-15,22.535387550824765
2018-01-16,22.3677728424053
2018-01-17,22.56018917056983
2018-01-18,22.457237915575963
2018-01-19,22.545557862686643
2018-01-22,22.560340962245416
2018-01-23,22.51730275565993
2018-01-24,22.49610654939505
2018-01-25,22.533308791028933
2018-01-26,22.808878045695916
2018-01-29,22.813052369605312
2018-01-30,22.61661910010707
2018-01-31,22.675096608998203
2018-02-01,22.62280582266916
2018-02-02,22.170932065969023
2018-02-05,21.2026449328676
2018-02-06,21.553392290667915
2018-02-07,21.57949462698686
2018-02-08,20.727092489133376
2018-02-09,20.94385932630468
2018-02-12,21.311234833442096
2018-02-13,21.39719726869422
2018-02-14,21.66092291031552
2018-02-15,21.97659578774616
2018-02-16,21.978902503294403
2018-02-19,21.97890956997777
2018-02-20,21.77454959935268
2018-02-21,21.77315957617612
2018-02-22,21.8819605760374
2018-02-23,22.08782138259578
2018-02-26,22.40669226202706
2018-02-27,22.118146768519072
2018-02-28,21.4051404005699
2018-03-01,20.99325462715138
2018-03-02,20.9503974945413
2018-03-05,21.20532678399755
2018-03-06,21.308944609499587
2018-03-07,21.31839945411761
2018-03-08,21.43173590042407
2018-03-09,21.9094608599556
2018-03-12,21.62881267809642
2018-03-13,21.561970458486147
2018-03-14,21.306449557864195
2018-03-15,21.377152297819823
2018-03-16,21.5254193491946
2018-03-19,21.47055255005449
2018-03-20,21.587507609392485
2018-03-21,21.59168815512684
2018-03-22,20.864408626643986
2018-03-23,20.54623401825709
2018-03-26,20.97796204614685
2018-03-27,20.612636862428687
2018-03-28,20.52095855133504
2018-03-29,21.039164007916828
2018-03-30,20.871761901866083
2018-04-02,19.43693504506608
2018-04-03,19.73328658421788
2018-04-04,19.79254489043394
2018-04-05,19.998806020387867
2018-04-06,19.433371817130208
2018-04-09,19.36886268761729
2018-04-10,19.68935785349005
2018-04-11,19.52308585696712
2018-04-12,19.82437053473715
2018-04-13,19.74462152562984
2018-04-16,19.962401441065317
2018-04-17,20.101891763112093
2018-04-18,20.35625430986104
2018-04-19,20.264420728907428
2018-04-20,20.128145948515584
2018-04-23,20.10974533114188
2018-04-24,19.468187512988163
2018-04-25,19.604911717276394
2018-04-26,19.484910885811
2018-04-27,19.477649651780236
2018-04-30,19.15939910480024
2018-05-01,19.01747180377899
2018-05-02,18.890514092373643
2018-05-03,18.962609986831644
2018-05-04,19.23630741543167
2018-05-07,19.281803757060644
2018-05-08,19.389993619813136
2018-05-09,19.558207279690027
2018-05-10,19.67956784104664
2018-05-11,19.73085418311908
2018-05-14,19.688031244125156
2018-05-15,19.60571862800636
2018-05-16,19.660045775967763
2018-05-17,19.728375049009856
2018-05-18,19.859305462339428
2018-05-21,20.16154534629631
2018-05-22,19.881429263885497
2018-05-23,19.939146184113728
2018-05-24,20.035155871464127
2018-05-25,20.004655972508548
2018-05-28,20.040424493328537
2018-05-29,19.684249493128355
2018-05-30,19.95298357134066
2018-05-31,19.607824122659363
2018-06-01,19.856982083669845
2018-06-04,19.85351713609233
2018-06-05,19.885649415655227
2018-06-06,20.095538710293106
2018-06-07,20.12518749654004
2018-06-08,20.202715116212488
2018-06-11,20.233777555783487
2018-06-12,20.242011305481277
2018-06-13,20.06962991555312
2018-06-14,20.00472688418663
2018-06-15,19.9804284084253
2018-06-18,19.9341171939004
2018-06-19,19.49843915463912
2018-06-20,19.50213999808923
2018-06-21,19.263901719479264
2018-06-22,19.286138131577705
2018-06-25,19.00101150689565
2018-06-26,18.97023101891938
2018-06-27,18.791452743112902
2018-06-28,18.82848272636045
2018-06-29,18.88693923724433
2018-07-02,18.10417263305783
2018-07-03,18.022218190671087
2018-07-05,18.1269509861185
2018-07-06,18.16884035584507
2018-07-09,18.523580817351903
2018-07-10,18.582546185572237
2018-07-11,18.27029825183197
2018-07-12,18.47887372065976
2018-07-13,18.59217459331881
2018-07-16,18.492532160500183
2018-07-17,18.57723609138578
2018-07-18,18.80785655673746
2018-07-19,18.80627467710553
2018-07-20,18.837325545806515
2018-07-23,18.734261763469263
2018-07-24,18.79185947347797
2018-07-25,19.075404742412207
2018-07-26,19.273380395240338
2018-07-30,19.02776780987201
2018-08-01,19.15445596487161
2018-08-02,19.136485314499307
2018-08-03,19.167731563843816
2018-08-06,19.202621065245594
2018-08-07,19.33696126973577
2018-08-08,19.246659113906045
2018-08-09,19.133314498327405
2018-08-10,18.975367328639184
2018-08-13,18.890113040437697
2018-08-14,19.02846602461493
2018-08-15,18.94727172310465
2018-08-16,19.17302830354564
2018-08-17,19.29650113503915
2018-08-20,19.43038895533802
2018-08-21,19.56432972963477
2018-08-22,19.393480236462427
2018-08-23,19.312379618798552
2018-08-24,19.399041185120097
2018-08-27,19.629435100800343
2018-08-28,19.614281208111343
2018-08-29,19.61471702924744
2018-08-30,19.468217402645617
2018-08-31,19.415016676152234
2018-09-04,19.440008990431892
2018-09-05,19.57959298539484
2018-09-06,19.64669709632486
2018-09-07,19.605638477562927
2018-09-10,19.702021703076756
2018-09-11,19.70913743597125
2018-09-12,19.760365364153564
2018-09-13,19.84764783487528
2018-09-14,19.94035711299862
2018-09-17,19.94479181691288
2018-09-18,20.13031484144104
2018-09-19,20.11214468502586
2018-09-20,20.18019047430109
2018-09-21,20.265076131742894
2018-09-24,20.11100384380783
2018-09-25,20.06251716079064
2018-09-26,20.020339531777545
2018-09-27,20.03323996282888
2018-09-28,20.04934153650146
2018-10-01,19.088410484365884
2018-10-02,19.081343450500363
2018-10-03,19.172857364502224
2018-10-04,19.0987087878176
2018-10-05,18.96750454775351
2018-10-08,18.96662787655005
2018-10-09,18.673885142375084
2018-10-10,18.007022580459296
2018-10-11,17.61118566353792
2018-10-12,17.746824837354147
2018-10-15,17.75910419953478
2018-10-16,18.07913284225752
2018-10-17,17.958099140824768
2018-10-18,17.576934190493617
2018-10-19,17.489659141871428
2018-10-22,17.437182909625108
2018-10-23,17.061616826930592
2018-10-24,16.50647878139934
2018-10-25,16.67189467638917
2018-10-26,16.533018176134743
2018-10-29,16.254743898544483
2018-10-30,16.64185129234021
2018-10-31,16.786656331342314
2018-11-01,17.118671959834025
2018-11-02,17.08980801796168
2018-11-05,17.187873919837863
2018-11-06,17.383369327406907
2018-11-07,17.709684636789234
2018-11-08,17.661737416945872
2018-11-09,17.499254377072795
2018-11-12,17.19560890425361
2018-11-13,17.22772209048922
2018-11-14,17.183717913449826
2018-11-15,17.419779614170658
2018-11-16,17.427194027777862
2018-11-19,17.167897386959417
2018-11-20,16.802237045396904
2018-11-21,16.952174050761677
2018-11-23,16.85025937181034
2018-11-26,17.01618459865174
2018-11-27,17.03617053874445
2018-11-28,17.466477698142782
2018-11-29,17.453824647228476
2018-11-30,17.649235866912644
2018-12-03,17.832528982434006
2018-12-04,17.042885271491542
2018-12-06,16.916173738297186
2018-12-07,16.46417966571617
2018-12-10,16.501919653921316
2018-12-11,16.398880233030415
2018-12-12,16.493719286435148
2018-12-13,16.409779363955327
2018-12-14,16.15781675528043
2018-12-17,15.87872380192108
2018-12-18,15.981783104262968
2018-12-19,15.634546527164698
2018-12-20,15.382086710928972
2018-12-21,15.125965820172706
2018-12-24,14.667531570437124
2018-12-26,15.391832020125465
2018-12-27,15.604766642992669
2018-12-28,15.53461434303065
2018-12-31,15.974774778323583
2019-01-02,15.99796563523558
2019-01-03,15.505761006002924
2019-01-04,16.127723536255992
2019-01-07,16.204077731919465
2019-01-08,16.463925616968943
2019-01-09,16.579626901152643
2019-01-10,16.80374631484695
2019-01-11,16.78079076358477
2019-01-14,16.767919901363236
2019-01-15,16.714223984444722
2019-01-16,16.72398511247454
2019-01-17,17.003917659315377
2019-01-18,17.341535480487273
2019-01-22,17.014185568708257
2019-01-23,16.981815928971702
2019-01-24,17.097633431033394
2019-01-25,17.308597485383064
2019-01-28,16.9627513583759
2019-01-29,17.18294651949191
2019-01-30,17.459038698048335
2019-01-31,17.49032102994006
2019-02-01,17.515600782051884
2019-02-04,17.749534620463635
2019-02-05,17.87966841696952
2019-02-06,17.890752133756617
2019-02-07,17.775071995529256
2019-02-08,17.800037170472727
2019-02-11,17.88672344748428
2019-02-12,18.191143462726806
2019-02-13,18.28790602302996
2019-02-14,18.194473623970477
2019-02-15,18.42674606027856
2019-02-19,18.39612317290007
2019-02-20,18.49183415927734
2019-02-21,18.4304165466018
2019-02-22,18.5371081869274
2019-02-25,18.567207108426675
2019-02-26,18.508452519626807
2019-02-27,18.58340405147433
2019-02-28,18.76773375699086
2019-03-01,18.79001089880296
2019-03-04,18.68577048129144
2019-03-05,18.589559584574328
2019-03-06,18.460189166948457
2019-03-07,18.31893581012636
2019-03-08,18.256586603338405
2019-03-11,18.38551134518013
2019-03-12,18.215855324036685
2019-03-13,18.36741953535127
2019-03-14,18.273476907813567
2019-03-15,18.26020115223991
2019-03-18,18.42752837732529
2019-03-19,18.345871418728823
2019-03-20,18.22774697941783
2019-03-21,18.396738817528348
2019-03-22,17.966049426511713
2019-03-25,18.023990765075904
2019-03-26,18.14714316559211
2019-03-27,18.18801959137753
2019-03-28,18.34532631655484
2019-03-29,18.48158037396098
2019-04-01,18.53225634871025
2019-04-02,18.5176320910266
2019-04-03,18.496493202689106
2019-04-04,18.61376669818412
2019-04-05,18.659173282547005
2019-04-08,18.60170324432441
2019-04-09,18.34014575833803
2019-04-10,18.347169080013856
2019-04-11,18.513373060644557
2019-04-12,18.766283757792408
2019-04-15,18.671097873710565
2019-04-16,18.781996445783854
2019-04-17,18.8195405444131
2019-04-18,19.026694398190266
2019-04-22,18.96083481268512
2019-04-23,19.110717978298336
2019-04-24,19.052532663065342
2019-04-25,18.6513576386847
2019-04-26,18.75533612354266
2019-04-29,18.790709027567917
2019-04-30,18.82924617696448
2019-05-01,18.66172192201966
2019-05-02,18.6322979191395
2019-05-03,18.864583147171498
2019-05-06,18.66335414335778
2019-05-07,18.28838867305154
2019-05-08,18.267630290208537
2019-05-09,18.23041937332397
2019-05-10,18.295648815239375
2019-05-13,17.763525716350877
2019-05-14,17.925939472517673
2019-05-15,17.953367057004535
2019-05-16,18.126322567887968
2019-05-17,17.921758540260505
2019-05-20,17.863627109941234
2019-05-21,18.06115219631315
2019-05-22,17.902733223609005
2019-05-23,17.640895377194422
2019-05-24,17.65435857448753
2019-05-28,17.48689144361161
2019-05-29,17.403185555962295
2019-05-30,17.465146963878706
2019-05-31,17.673775878772368
2019-06-03,17.793039139177335
2019-06-04,18.16010496209484
2019-06-05,18.35659843538877
2019-06-06,18.34747226963475
2019-06-07,18.5175049317452
2019-06-10,18.56712053903236
2019-06-11,18.45935076020274
2019-06-12,18.47616615055064
2019-06-13,18.606988820768333
2019-06-14,18.50111019233582
2019-06-17,18.449422868664897
2019-06-18,18.800694540534337
2019-06-19,18.794678715381345
2019-06-20,19.08571327202842
2019-06-21,18.99370267053176
2019-06-24,18.9607156100203
2019-06-25,18.827889247001988
2019-06-26,18.878131795551813
2019-06-27,18.875387931530348
2019-06-28,19.091233277996874
2019-07-01,19.830449321397616
2019-07-02,19.793163789306465
2019-07-03,19.900808480352985
2019-07-05,19.79943532270469
2019-07-08,19.671763174873824
2019-07-09,19.62306272996804
2019-07-10,19.555628168832573
2019-07-11,19.710044078484355
2019-07-12,20.065636828993448
2019-07-15,19.983961021479747
2019-07-16,20.11740013986481
2019-07-17,19.687206114438126
2019-07-18,19.73243754771612
2019-07-19,19.822501470950225
2019-07-22,19.82010353304604
2019-07-23,20.05133325066143
2019-07-24,20.140982805881936
2019-07-25,20.07916550506652
2019-07-26,20.04127314166909
2019-07-29,20.043068729065038
2019-07-30,20.09747187468639
2019-07-31,19.884445548216167
2019-08-01,19.48959000966543
2019-08-02,19.36531661318965
2019-08-05,18.811320177013453
2019-08-06,19.09302804343127
2019-08-07,19.093792544339884
2019-08-08,19.417565421462665
2019-08-09,19.320075047855727
2019-08-12,19.07028353591705
2019-08-13,19.27594736289933
2019-08-14,18.705636460332222
2019-08-15,18.734213610855903
2019-08-16,19.055897725121675
2019-08-19,19.265957441365025
2019-08-20,19.11861569175445
2019-08-21,19.2775639416254
2019-08-22,19.30195418724344
2019-08-23,18.791614326686997
2019-08-26,18.9164940389484
2019-08-27,18.84148683295584
2019-08-28,19.043221560905717
2019-08-29,19.372891365032856
2019-08-30,19.44161343652738
2019-09-03,19.145381833049743
2019-09-04,19.367154014501548
2019-09-05,19.733268239652265
2019-09-06,19.756484717885066
2019-09-09,19.796636597751608
2019-09-10,20.00439471473488
2019-09-11,20.188550444193098
2019-09-12,20.183818114105318
2019-09-13,20.285608540925427
2019-09-16,20.22852767792537
2019-09-17,20.235645883721293
2019-09-18,20.199103820593105
2019-09-19,20.085215061026645
2019-09-20,19.969292650424208
2019-09-23,19.969096074287727
2019-09-24,19.8636046479263
2019-09-25,19.993098592949664
2019-09-26,20.019657486322565
2019-09-27,19.94064159237041
2019-09-30,20.218599185241285
2019-10-01,19.731735872325096
2019-10-02,19.34027476957323
2019-10-03,19.460270270068648
2019-10-04,19.692382216369644
2019-10-07,19.57995533914501
2019-10-08,19.280657119171494
2019-10-09,19.433215926455
2019-10-10,19.59199794559446
2019-10-11,19.98129143389991
2019-10-14,19.952720640504715
2019-10-15,20.08760832739573
2019-10-16,20.071310280976306
2019-10-17,20.153243400837912
2019-10-18,19.95497664812569
2019-10-21,20.08776591997322
2019-10-22,20.2242478221397
2019-10-23,20.22283620615472
2019-10-24,20.21311862788991
2019-10-25,20.362933719950817
2019-10-28,20.41362105005704
2019-10-29,20.504238723258428
2019-10-30,20.46833577030452
2019-10-31,20.20390530022331
2019-11-01,20.655121383376315
2019-11-04,20.87902133307555
2019-11-05,20.927643003604928
2019-11-06,20.92152791188285
2019-11-07,20.95726366553991
2019-11-08,20.97098837427123
2019-11-11,20.952231697666505
2019-11-12,20.992715595163585
2019-11-13,20.910682866366447
2019-11-14,20.96071695573001
2019-11-15,21.089572861574016
2019-11-18,21.01126583855673
2019-11-19,20.982790874164607
2019-11-20,20.828465955198187
2019-11-21,20.780231468588767
2019-11-22,20.90644206470416
2019-11-25,21.078671178347637
2019-11-26,21.16274429355589
2019-11-27,21.117334371296916
2019-11-29,20.989538134820894
2019-12-02,20.719964361543397
2019-12-03,20.480599309856387
2019-12-04,20.56167643771437
2019-12-05,20.574769852456868
2019-12-06,20.817444561741876
2019-12-09,20.7700609529207
2019-12-10,20.73039520542722
2019-12-11,20.870862413885103
2019-12-12,21.014390327218084
2019-12-13,20.95902092345718
2019-12-16,20.956199306007544
2019-12-17,20.95458100302348
2019-12-18,20.86953139183927
2019-12-19,20.915366204365323
2019-12-20,21.05581456786492
2019-12-23,21.144441043484267
2019-12-24,21.14219444933777
2019-12-26,21.17292695700556
2019-12-27,21.13612094777134
2019-12-30,20.99846951059379
2019-12-31,22.241034782061863
2020-01-02,22.593556632690653
2020-01-03,22.58037931783348
2020-01-06,22.56559963249899
2020-01-07,22.54777303839512
2020-01-08,22.613758114479044
2020-01-09,22.73369702252066
2020-01-10,22.59002260241729
2020-01-13,22.769788932378287
2020-01-14,22.78261336511122
2020-01-15,22.80574956827442
2020-01-16,23.05325250102796
2020-01-17,23.04084104327843
2020-01-21,22.764415495958676
2020-01-22,22.64168919172188
2020-01-23,22.89637147202212
2020-01-24,22.78320481131904
2020-01-27,22.33649738908645
2020-01-28,22.44734300530041
2020-01-29,22.473580708070447
2020-01-30,22.508227875586364
2020-01-31,21.975393730475336
2020-02-03,21.96699781831536
2020-02-04,22.359770546228454
2020-02-05,22.735368147439893
2020-02-06,22.796961595948414
2020-02-07,22.60899172878826
2020-02-10,22.74501491210179
2020-02-11,22.8628453366625
2020-02-12,23.073767902951968
2020-02-13,22.928628878494223
2020-02-14,22.910417249656536
2020-02-18,22.79468787600109
2020-02-19,22.79272807746677
2020-02-20,22.77057343542316
2020-02-21,22.66537427396049
2020-02-24,21.98665790908492
2020-02-25,21.12736628395344
2020-02-26,20.97253585096149
2020-02-27,20.21468239122433
2020-02-28,19.93066224270989
2020-03-02,20.631951912089207
2020-03-03,20.14082790913983
2020-03-04,21.014688173224023
2020-03-05,20.068331474654222
2020-03-06,19.953454963740743
2020-03-09,18.155959132962007
2020-03-10,19.123665391405385
2020-03-11,18.04142562055695
2020-03-12,16.13038020808778
2020-03-13,17.45087746672515
2020-03-16,15.49806995845035
2020-03-17,16.162015621049232
2020-03-18,15.06101870873614
2020-03-19,15.081390555309136
2020-03-20,14.260663935390138
2020-03-23,13.685099786550706
2020-03-24,15.34459202752819
2020-03-25,16.097748809127147
2020-03-26,17.11321768792131
2020-03-27,16.443145511629943
2020-03-30,16.69020433600324
2020-03-31,18.180386092215183
2020-04-01,17.416304843318066
2020-04-02,17.77974701882814
2020-04-03,17.08631703983879
2020-04-06,18.311454424385666
2020-04-07,18.294523643521952
2020-04-08,18.972687361195725
2020-04-09,19.26946211526029
2020-04-13,18.709801635186096
2020-04-14,19.07954417408117
2020-04-15,18.565206764916123
2020-04-16,18.425991185479983
2020-04-17,19.265709570012344
2020-04-20,18.768781720773312
2020-04-21,18.30666173581932
2020-04-22,18.53104449341984
2020-04-23,18.66526380175585
2020-04-24,18.81911345478489
2020-04-27,19.29801082153048
2020-04-28,19.630195017853712
2020-04-29,20.04912603920134
2020-04-30,19.609129599328025
2020-05-01,19.012822212067984
2020-05-04,18.868994927674954
2020-05-05,18.95346233910972
2020-05-06,18.705423073581
2020-05-07,18.908016951010318
2020-05-08,19.379485387316176
2020-05-11,19.135519641900324
2020-05-12,18.590739701782173
2020-05-13,18.110273310986507
2020-05-14,18.30749765830356
2020-05-15,18.263973650990845
2020-05-18,19.442192857925267
2020-05-19,19.19342418941286
2020-05-20,19.526634195766388
2020-05-21,19.562420708818596
2020-05-22,19.54417464805215
2020-05-26,20.369182244736304
2020-05-27,21.03325686886934
2020-05-28,20.86655145438152
2020-05-29,20.751632017569897
2020-06-01,20.450552474314048
2020-06-02,20.69617093069907
2020-06-03,21.5084657811987
2020-06-04,21.716801570185645
2020-06-05,22.541949493762104
2020-06-08,22.954031481841334
2020-06-09,22.39376289070236
2020-06-10,21.875069683631136
2020-06-11,20.335890692859344
2020-06-12,20.725028991944196
2020-06-15,20.9236439419086
2020-06-16,21.320807905249225
2020-06-17,21.1961403863084
2020-06-18,21.119859649746843
2020-06-19,20.84736541962373
2020-06-22,20.967239698111527
2020-06-23,20.97074210346924
2020-06-24,20.24855224313872
2020-06-25,20.526927822185595
2020-06-26,20.177910824271237
2020-06-29,20.967603847088405
2020-06-30,29.72747150166714
2020-07-01,29.565130614715343
2020-07-02,29.880003646738377
2020-07-06,30.431511815643336
2020-07-07,29.747447736934213
2020-07-08,29.732106524472368
2020-07-09,29.02124466672815
2020-07-10,29.488605077988066
2020-07-13,29.574788234396483
2020-07-14,30.212316183584157
2020-07-15,31.200680825950496
2020-07-16,31.091986649408
2020-07-17,31.19060397543821
2020-07-20,30.789801337858528
2020-07-21,31.18949456584632
2020-07-22,31.44204133527644
2020-07-23,31.381666989144986
2020-07-24,31.099754116129176
2020-07-27,31.24539466146824
2020-07-28,31.05236855659279
2020-07-29,31.524553721454534
2020-07-30,31.228248130689742
2020-07-31,31.083040938438018
2020-08-03,31.218156118955097
2020-08-04,31.349250472089537
2020-08-05,32.09561670194529
2020-08-06,32.25636913744416
2020-08-07,32.822569222415005
2020-08-10,33.762227805794105
2020-08-11,33.910900973152074
2020-08-12,34.01682464900828
2020-08-13,33.768104035702216
2020-08-14,33.91683016568197
2020-08-17,33.679173238633325
2020-08-18,33.48078721427758
2020-08-19,33.403181384273275
2020-08-20,33.23683592363303
2020-08-21,33.29220202745972
2020-08-24,34.040748700218984
2020-08-25,33.98301037918756
2020-08-26,33.97271537106044
2020-08-27,34.15584052106776
2020-08-28,34.504465995006115
2020-08-31,33.78769023858005
2020-09-01,34.14471767983734
2020-09-02,34.6792141292199
2020-09-03,33.71082869777056
2020-09-04,33.8165301831597
2020-09-08,33.191001434960775
2020-09-09,33.648399177992324
2020-09-10,33.22608087254742
2020-09-11,33.70606790123818
2020-09-14,34.17220292720111
2020-09-15,34.18021221489806
2020-09-16,34.534670524905415
2020-09-17,34.56616706536175
2020-09-18,34.14038777072014
2020-09-21,33.48731348956537
2020-09-22,33.87521696321002
2020-09-23,33.22837841988977
2020-09-24,33.23901412089763
2020-09-25,33.87771162424082
2020-09-28,34.47433154345391
2020-09-29,34.11239801628322
2020-09-30,45.08704212485173
2020-10-01,45.1719564168139
2020-10-02,45.94105054912576
2020-10-05,46.92846751370846
2020-10-06,45.96200564428543
2020-10-07,47.46856926226096
2020-10-08,48.0542634578086
2020-10-09,48.00140120865382
2020-10-12,48.60638323169652
2020-10-13,47.3817674081504
2020-10-14,47.66515228232747
2020-10-15,47.65809443316514
2020-10-16,48.03686326842242
2020-10-19,47.45143449075409
2020-10-20,47.918397844798896
2020-10-21,47.36455161319421
2020-10-22,48.14779119970257
2020-10-23,48.213890444683216
2020-10-26,46.4647483902868
2020-10-27,44.95401795771596
2020-10-28,42.83967168052897
2020-10-29,43.98372315672942
2020-10-30,43.95210084575761
2020-11-02,45.01510823557321
2020-11-03,46.53391738143977
2020-11-04,45.79193878234417
2020-11-05,47.53293664542997
2020-11-06,47.36988273778988
2020-11-09,49.89096841168388
2020-11-10,50.99653325800428
2020-11-12,49.60843910566092
2020-11-13,50.7642065906319
2020-11-16,52.18303476535798
2020-11-17,51.97913555906528
2020-11-18,51.75026471285869
2020-11-19,51.90098796272626
2020-11-20,51.824645842768575
2020-11-23,52.449922401632975
2020-11-24,53.75639832091078
2020-11-25,52.954958936035744
2020-11-27,53.259781240109085
2020-11-30,51.73158666227007
2020-12-01,51.72393785680768
2020-12-02,51.91977231479881
2020-12-03,52.41688676169374
2020-12-04,53.09891641668361
2020-12-07,53.08527822968967
2020-12-08,53.44466329254213
2020-12-09,53.35375049558576
2020-12-10,53.10440833104294
2020-12-11,52.97243614645033
2020-12-14,52.22188063509604
2020-12-15,53.02593955361198
2020-12-16,52.67587192240551
2020-12-17,52.98595760483676
2020-12-18,52.91707282607801
2020-12-21,53.071796105172616
2020-12-22,52.59082705539854
2020-12-23,52.939360454719406
2020-12-24,53.56648332901902
2020-12-28,53.13938454269136
2020-12-29,52.6946370885454
2020-12-30,53.13359875441608
2020-12-31,72.80670242404018
2021-01-04,68.15940227728817
2021-01-05,69.66645468035993
2021-01-06,71.32335959793163
2021-01-07,71.68132855192918
2021-01-08,71.25103112687641
2021-01-11,70.95634139971594
2021-01-12,72.31154937235202
2021-01-13,71.91169513238472
2021-01-14,73.28496528078848
2021-01-15,71.20495373209049
2021-01-19,71.78735463836756
2021-01-20,72.51005343061924
2021-01-21,70.99760219689415
2021-01-22,70.46859194416456
2021-01-25,69.19842490609587
2021-01-26,68.8031870006576
2021-01-27,67.57832019798012
2021-01-28,70.40775420649467
2021-01-29,67.06194643920617
2021-02-01,66.0777518264218
2021-02-02,68.11902277250095
2021-02-03,69.22845476315871
2021-02-04,69.95011803104707
2021-02-05,70.16750595937236
2021-02-08,71.81263126630925
2021-02-09,71.44774404506848
2021-02-10,71.46814819028506
2021-02-11,70.89972585001703
2021-02-12,71.64970644582114
2021-02-16,72.44343029559907
2021-02-17,72.45722152916778
2021-02-18,71.63339352828034
2021-02-19,74.32994519248213
2021-02-22,76.19032506734744
2021-02-23,76.87856153059451
2021-02-24,79.11863662667899
2021-02-25,76.91748598235338
2021-02-26,76.20864894976287
2021-03-01,76.06535871303996
2021-03-02,76.06708854167911
2021-03-03,76.54816897308629
2021-03-04,74.59722190116896
2021-03-05,75.88040200041925
2021-03-08,77.27264661576154
2021-03-09,77.06875438531577
2021-03-10,78.54247848283741
2021-03-11,79.13893046987124
2021-03-12,81.07479809979145
2021-03-15,82.91119063916868
2021-03-16,81.18118860270805
2021-03-17,82.54072695135561
2021-03-18,82.2533928123321
2021-03-19,81.8229846706727
2021-03-22,84.59064446603792
2021-03-23,81.86556219803883
2021-03-24,82.14119152207027
2021-03-25,84.20012068561277
2021-03-26,85.85303561058089
2021-03-29,85.54492281892429
2021-03-30,86.83529174890248
2021-03-31,66.63550636649396
2021-04-01,66.8476333130009
2021-04-05,66.62244932310317
2021-04-06,66.37310037685398
2021-04-07,66.00832457141343
2021-04-08,65.98813328801458
2021-04-09,66.58787885132193
2021-04-12,66.51156294358272
2021-04-13,66.06192557314394
2021-04-14,65.9969033488418
2021-04-15,66.1668023096697
2021-04-16,66.29232862563748
2021-04-19,65.76580019846197
2021-04-20,64.434630858738
2021-04-21,65.5971305258784
2021-04-22,65.68911415120576
2021-04-23,65.98962638603668
2021-04-26,66.24857748894838
2021-04-27,66.74539066433167
2021-04-28,66.60067662975939
2021-04-29,66.86828914711526
2021-04-30,66.4530675425747
2021-05-03,65.52120600009404
2021-05-04,65.61012477527504
2021-05-05,65.76421176850766
2021-05-06,66.92093219559766
2021-05-07,67.1474202951535
2021-05-10,67.17989737939048
2021-05-11,66.01855444380904
2021-05-12,64.0214593515264
2021-05-13,65.44717260076071
2021-05-14,66.84658746113462
2021-05-17,67.15894105567125
2021-05-18,66.26453648717
2021-05-19,65.54635577677053
2021-05-20,65.51199062958219
2021-05-21,65.75360334535749
2021-05-24,66.37764936514722
2021-05-25,66.29318637386842
2021-05-26,66.81185522369054
2021-05-27,67.84896036343122
2021-05-28,67.73812443466443
2021-06-01,65.15003523765664
2021-06-02,65.47606118635015
2021-06-03,64.89676902148453
2021-06-04,64.85664552961204
2021-06-07,64.38417524298174
2021-06-08,64.53978085377463
2021-06-09,63.700051739063
2021-06-10,63.234679349880224
2021-06-11,63.36847353465619
2021-06-14,62.84954355140046
2021-06-15,63.06646546875739
2021-06-16,62.45266479205609
2021-06-17,61.2464212208422
2021-06-18,60.53717967777533
2021-06-21,62.49514201630151
2021-06-22,62.45329838051352
2021-06-23,62.33814699260012
2021-06-24,62.83993567605344
2021-06-25,62.91877680956787
2021-06-28,62.036878878439474
2021-06-29,61.71352245500344
2021-06-30,39.44518484392178
2021-07-01,39.69621492509449
2021-07-02,39.64082994701749
2021-07-06,38.66223863836868
2021-07-07,39.05785397700988
2021-07-08,38.51214303573278
2021-07-09,39.12846082814261
2021-07-12,39.18645563359427
2021-07-13,38.8208013752378
2021-07-14,38.811929709889895
2021-07-15,38.904940002954575
2021-07-16,38.57429610240722
2021-07-19,37.658939530672136
2021-07-20,38.774312179076034
2021-07-21,39.13591463390394
2021-07-22,39.03741171007744
2021-07-23,39.20517090056446
2021-07-26,39.18634389335118
2021-07-27,38.95551459383578
2021-07-28,38.8307316363299
2021-07-29,39.11260883742217
2021-07-30,39.06981119893962
2021-08-02,39.52349350178538
2021-08-03,40.091244672118
2021-08-04,39.49538211842922
2021-08-05,39.718448123655264
2021-08-06,39.890414715216025
2021-08-09,39.735070494022345
2021-08-10,40.121468474087536
2021-08-11,40.64853290704587
2021-08-12,40.54449190586189
2021-08-13,40.41042189477006
2021-08-16,40.54979635463779
2021-08-17,40.05503374445378
2021-08-18,39.5933256827618
2021-08-19,39.20723748345432
2021-08-20,39.2601124724884
2021-08-23,39.68046750336937
2021-08-24,39.99805601335623
2021-08-25,40.242835451098905
2021-08-26,40.07160222709633
2021-08-27,40.348516109210216
2021-08-30,40.24957154994261
2021-08-31,40.24345172299829
2021-09-01,40.0156279606587
2021-09-02,40.43889965681406
2021-09-03,40.12757840877653
2021-09-07,39.44511659880824
2021-09-08,39.43685306343769
2021-09-09,39.353093494637065
2021-09-10,39.04744094498299
2021-09-13,39.19797885388039
2021-09-14,38.68771128189756
2021-09-15,39.15455285694623
2021-09-16,38.94330681862959
2021-09-17,38.540878319667
2021-09-20,38.189696177597966
2021-09-21,37.91503213525331
2021-09-22,38.28165424974864
2021-09-23,38.872408655054336
2021-09-24,38.93235171145496
2021-09-27,39.49471415640328
2021-09-28,39.06699223457395
2021-09-29,39.0960500651956
2021-09-30,29.689817743314308
2021-10-01,30.052513911996385
2021-10-04,29.86034817911602
2021-10-05,30.184284639719525
2021-10-06,30.32063385679091
2021-10-07,30.54984681775243
2021-10-08,30.541245810279097
2021-10-11,30.273365239384503
2021-10-12,30.20324338967488
2021-10-13,30.257994432090012
2021-10-14,30.827591988195454
2021-10-15,31.130051171178017
2021-10-18,31.152347726261173
2021-10-19,31.328804351081427
2021-10-20,31.536120412421685
2021-10-21,31.60168912974685
2021-10-22,31.693825400238524
2021-10-25,31.771146152552834
2021-10-26,31.570460227059176
2021-10-27,31.17858228008642
2021-10-28,31.57412838353417
2021-10-29,31.56793033585469
2021-11-01,31.49762500674263
2021-11-02,31.596837192383084
2021-11-03,31.539317724172307
2021-11-04,31.67256400642985
2021-11-05,31.99426454492601
2021-11-08,32.12304160864474
2021-11-09,32.20453417834114
2021-11-10,32.00248673760056
2021-11-11,31.8868234356232
2021-11-12,32.12746473916769
2021-11-15,32.16608150817533
2021-11-16,32.14723091628854
2021-11-17,31.97389640178376
2021-11-18,31.884365335941077
2021-11-19,31.719056532855475
2021-11-22,31.817641248928737
2021-11-23,31.872883425813185
2021-11-24,31.82043627867872
2021-11-26,30.946982245479656
2021-11-29,31.009037049493376
2021-11-30,30.26028186943908
2021-12-01,29.82870226013336
2021-12-02,30.69595336190705
2021-12-03,30.691586810012684
2021-12-06,31.20169197602885
2021-12-07,31.501457341719497
2021-12-08,31.59812096256209
2021-12-09,31.50612892464494
2021-12-10,31.623337615310803
2021-12-13,31.28638257633012
2021-12-14,30.988336884834357
2021-12-15,31.26116991813737
2021-12-16,31.281380219614345
2021-12-17,30.749272865784803
2021-12-20,30.291286875096223
2021-12-21,30.88573154786805
2021-12-22,30.984115505800915
2021-12-23,31.34785230573716
2021-12-27,31.675688190950645
2021-12-28,31.84520296335029
2021-12-29,31.902382222677996
2021-12-30,31.77853125576053
2021-12-31,28.14138636234189
2022-01-03,27.906664090509416
2022-01-04,28.485255658042277
2022-01-05,28.217256238665627
2022-01-06,28.35246900296328
2022-01-07,28.34907297501341
2022-01-10,28.03375655155865
2022-01-11,28.20735941603061
2022-01-12,28.289132992710226
2022-01-13,28.351640343597765
2022-01-14,28.191929893965888
2022-01-18,27.863316468960065
2022-01-19,27.552186705246807
2022-01-20,27.21185715873549
2022-01-21,26.943079091034026
2022-01-24,27.08376335898451
2022-01-25,26.848198294699863
2022-01-26,26.628802012915568
2022-01-27,26.379903370853736
2022-01-28,26.55026111790701
2022-01-31,26.88103030857533
2022-02-01,27.268424601889524
2022-02-02,27.44775458933886
2022-02-03,26.99253329820796
2022-02-04,26.697921603312057
2022-02-07,26.725959336131996
2022-02-08,27.00920542324076
2022-02-09,27.373364592804982
2022-02-10,26.92650130441442
2022-02-11,26.52655371489099
2022-02-14,26.426127606642453
2022-02-15,26.829980634259798
2022-02-16,26.973731361378192
2022-02-17,26.470992276292108
2022-02-18,26.228220131052097
2022-02-22,25.97989061768272
2022-02-23,25.492382852679352
2022-02-24,25.80362097738231
2022-02-25,26.42825821936444
2022-02-28,26.60341082308772
2022-03-01,26.19369552126805
2022-03-02,26.70181673855742
2022-03-03,26.72263351913376
2022-03-04,26.66337493661022
2022-03-07,25.946828082421597
2022-03-08,25.78044483080449
2022-03-09,26.10385414748305
2022-03-10,26.214128579827733
2022-03-11,26.004504411568824
2022-03-14,26.069314299781325
2022-03-15,26.4702073610326
2022-03-16,26.817046630942304
2022-03-17,27.175270887523777
2022-03-18,27.278481549374654
2022-03-21,27.355787151384494
2022-03-22,27.502191588684514
2022-03-23,27.25157381257714
2022-03-24,27.45594373194236
2022-03-25,27.630960921367866
2022-03-28,27.648219937188827
2022-03-29,27.883471514363755
2022-03-30,27.83970835198205
2022-03-31,28.26503448427839
2022-04-01,28.043792698368865
2022-04-04,28.02327357901935
2022-04-05,27.62933004817957
2022-04-06,27.41415277573106
2022-04-07,27.495493312025896
2022-04-08,27.32756294025376
2022-04-11,27.248582046850235
2022-04-12,27.21297062915709
2022-04-13,27.474225226089665
2022-04-14,27.446487032866845
2022-04-18,27.34200879938655
2022-04-19,27.83739522679206
2022-04-20,27.98998104003677
2022-04-21,27.70687201230705
2022-04-22,27.018675754174215
2022-04-25,27.02152476898097
2022-04-26,26.427713499397004
2022-04-27,26.517782281140583
2022-04-28,26.821597496390137
2022-04-29,26.115743127813325
2022-05-02,25.818383048464177
2022-05-03,26.000106379606347
2022-05-04,26.74908547918428
2022-05-05,26.036049143058516
2022-05-06,25.86587336155464
2022-05-09,25.249994910317756
2022-05-10,25.084535023113016
2022-05-11,24.84968471328522
2022-05-12,24.884974647922576
2022-05-13,25.193740485858047
2022-05-16,25.150841807455308
2022-05-17,25.72366448059565
2022-05-18,24.755789129900883
2022-05-19,24.51703543483345
2022-05-20,24.248559815788447
2022-05-23,24.64676817657536
2022-05-24,24.616704085697293
2022-05-25,24.774944745917683
2022-05-26,25.273764631716084
2022-05-27,25.793430420546805
2022-05-31,25.850896813591163
2022-06-01,25.74006695551226
2022-06-02,26.179418528997005
2022-06-03,26.088063730152975
2022-06-06,26.196870603780795
2022-06-07,26.552622723015627
2022-06-08,26.068135133973072
2022-06-09,25.55323729816741
2022-06-10,24.79583779747303
2022-06-13,24.045861865789348
2022-06-14,23.989453147534565
2022-06-15,24.232678264408666
2022-06-16,23.416490726197107
2022-06-17,23.35907988309102
2022-06-21,23.854895395289624
2022-06-22,23.72608495197485
2022-06-23,23.598797547602725
2022-06-24,24.425973245997053
2022-06-27,24.663201323195054
2022-06-28,24.38023759691538
2022-06-29,24.228663617142395
2022-06-30,24.025732141337585
2022-07-01,24.224395147944648
2022-07-05,23.919182915661075
2022-07-06,24.063864850414195
2022-07-07,24.35050882164142
2022-07-08,24.238049973305355
2022-07-11,24.075642147569845
2022-07-12,23.99893449933515
2022-07-13,23.709420028754245
2022-07-14,23.57075672290624
2022-07-15,23.944428894884727
2022-07-18,23.799262773332394
2022-07-19,24.654199673147083
2022-07-20,24.838860339330797
2022-07-21,25.009021674404465
2022-07-22,24.931216569618208
2022-07-25,25.048670809649558
2022-07-26,24.915287110168244
2022-07-27,25.308193490536336
2022-07-28,25.834220651959857
2022-07-29,26.35556288645112
2022-08-01,26.337153178279276
2022-08-02,26.058980246819157
2022-08-03,26.316444444808266
2022-08-04,26.401108276479803
2022-08-05,26.45836152870618
2022-08-08,26.441330982727987
2022-08-09,26.328136967962237
2022-08-10,26.91432532577189
2022-08-11,27.03836691366627
2022-08-12,27.432988554769416
2022-08-15,27.49728687266005
2022-08-16,27.620243128542032
2022-08-17,27.40402289801069
2022-08-18,27.483007351664646
2022-08-19,27.130068455558508
2022-08-22,26.601731202739803
2022-08-23,26.65300265298327
2022-08-24,26.73995192515448
2022-08-25,27.149080465591243
2022-08-26,26.194800334155435
2022-08-29,26.121770116780816
2022-08-30,25.734658708121515
2022-08-31,25.550857381904866
2022-09-01,25.58579304954284
2022-09-02,25.331959187224975
2022-09-06,25.38023120214003
2022-09-07,25.795258090058763
2022-09-08,25.86748047026968
2022-09-09,26.20374784658089
2022-09-12,26.36289794613256
2022-09-13,25.360920941051862
2022-09-14,25.314063789938004
2022-09-15,25.04308234294137
2022-09-16,24.525902165709017
2022-09-19,25.0882467994088
2022-09-20,24.777285345865916
2022-09-21,24.4443420669959
2022-09-22,24.07917447280419
2022-09-23,23.627497356795452
2022-09-26,23.1174446359462
2022-09-27,23.04568111548881
2022-09-28,23.563586493942733
2022-09-29,23.13059779535972
2022-09-30,22.024057315097878
2022-10-03,22.736450958208785
2022-10-04,23.53307600321238
2022-10-05,23.396983883996903
2022-10-06,23.14045093515375
2022-10-07,22.693675455998267
2022-10-10,22.768166990934542
2022-10-11,22.770969477109197
2022-10-12,22.58554698922576
2022-10-13,23.08201912913119
2022-10-14,22.56697712664037
2022-10-17,23.073782574103408
2022-10-18,23.61820837787553
2022-10-19,23.455429295842645
2022-10-20,23.007431359800275
2022-10-21,23.61654394399469
2022-10-24,23.935540908269445
2022-10-25,24.25819742446437
2022-10-26,24.341591212749865
2022-10-27,24.61994137249459
2022-10-28,25.20561313210737
2022-10-31,24.903639544579757
2022-11-01,24.88889408501064
2022-11-02,24.4503077134884
2022-11-03,24.7047836827154
2022-11-04,25.09737699101001
2022-11-07,25.3647302772484
2022-11-08,25.5824642513194
2022-11-09,25.21237260482752
2022-11-10,26.278993864387758
2022-11-11,26.25187868554828
2022-11-14,26.073536888785604
2022-11-15,26.27514345585648
2022-11-16,26.07103670184407
2022-11-17,26.005892151256585
2022-11-18,26.19092116117236
2022-11-21,26.28803816848588
2022-11-22,26.486052401460935
2022-11-23,26.53527570159692
2022-11-25,26.68788409304307
2022-11-28,26.205889286743147
2022-11-29,26.368128888252503
2022-11-30,26.82824444727911
2022-12-01,26.82744150636663
2022-12-02,26.99415337999218
2022-12-05,26.53408098305964
2022-12-06,26.22945773187652
2022-12-07,26.193516229180798
2022-12-08,26.34330688010861
2022-12-09,26.129228107710937
2022-12-12,26.57597438302073
2022-12-13,26.670694462472515
2022-12-14,26.62046299479517
2022-12-15,25.926620296020037
2022-12-16,25.80139546467657
2022-12-19,25.799627959230182
2022-12-20,25.83634657983569
2022-12-21,26.313533707082687
2022-12-22,25.98348384542964
2022-12-23,26.1316795887577
2022-12-27,26.21717761661878
2022-12-28,25.872417519309035
2022-12-29,26.189428870950948
2022-12-30,26.097181943325083
2023-01-03,23.13963266166895
2023-01-04,23.054662638965585
2023-01-05,22.9152041091232
2023-01-06,23.533231984726687
2023-01-09,23.433787882278807
2023-01-10,23.562110279469582
2023-01-11,23.78653878716012
2023-01-12,23.92179677649237
2023-01-13,23.89229255177103
2023-01-17,23.69115232185577
2023-01-18,23.254128342438683
2023-01-19,22.76971300369856
2023-01-20,23.090205411066453
2023-01-23,23.342787544402164
2023-01-24,23.493710378763744
2023-01-25,23.369198281769133
2023-01-26,23.49921294427882
2023-01-27,23.58183242038963
2023-01-30,23.15914467752593
2023-01-31,23.60843481435648
2023-02-01,23.72530402787945
2023-02-02,23.90904533129555
2023-02-03,23.784659796386247
2023-02-06,23.7352307477676
2023-02-07,23.79394936718905
2023-02-08,23.654066162336065
2023-02-09,23.445890326574663
2023-02-10,23.618790542910094
2023-02-13,23.826850521989087
2023-02-14,23.75946422333737
2023-02-15,23.90868333458122
2023-02-16,23.64851771628205
2023-02-17,23.79735114376241
2023-02-21,23.251545837587383
2023-02-22,23.19076796189885
2023-02-23,23.282698872276328
2023-02-24,23.148071280384983
2023-02-27,23.340806515462344
2023-02-28,23.33294959593492
2023-03-01,23.42077054248449
2023-03-02,23.701723232507987
2023-03-03,23.953186802106377
2023-03-06,23.90516241563564
2023-03-07,23.60200217530756
2023-03-08,23.655968721247227
2023-03-09,23.30899242301801
2023-03-10,22.883798296538178
2023-03-13,22.744227035750036
2023-03-14,22.984098854865653
2023-03-15,22.407343373529965
2023-03-16,22.692128172994927
2023-03-17,22.3229598092775
2023-03-20,22.876078558678607
2023-03-21,23.13429793352275
2023-03-22,22.69320023209659
2023-03-23,22.642131035868957
2023-03-24,22.72162665670074
2023-03-27,22.9041161319924
2023-03-28,23.028808266484884
2023-03-29,23.35574007906886
2023-03-30,23.377374925934976
2023-03-31,21.619874829971035
2023-04-03,21.69014242457672
2023-04-04,21.20151244536844
2023-04-05,20.925887505591007
2023-04-06,20.92066432626353
2023-04-10,21.108299074780028
2023-04-11,21.232793854466983
2023-04-12,21.303389300933556
2023-04-13,21.38380932721449
2023-04-14,21.35797901464048
2023-04-17,21.526615945372345
2023-04-18,21.62641130003266
2023-04-19,21.611289030295488
2023-04-20,21.571412281869904
2023-04-21,21.519642523543528
2023-04-24,21.56832868296465
2023-04-25,21.17259738848586
2023-04-26,20.776663952439325
2023-04-27,21.18932093067785
2023-04-28,21.38488351023629
2023-05-01,21.509859923589204
2023-05-02,21.284467280722616
2023-05-03,21.20277732661831
2023-05-04,21.057530675883893
2023-05-05,21.37477411986362
2023-05-08,21.295754872945103
2023-05-09,21.332661218957043
2023-05-10,21.26379925236353
2023-05-11,21.12680423083205
2023-05-12,21.12906591844759
2023-05-15,21.23617089696451
2023-05-16,20.946883768534413
2023-05-17,21.30291703677713
2023-05-18,21.445207479471403
2023-05-19,21.387439779689757
2023-05-22,21.38835788290369
2023-05-23,21.124811318228875
2023-05-24,20.85716551104173
2023-05-25,20.92072375540652
2023-05-26,21.10562380275098
2023-05-30,21.05698716158484
2023-05-31,20.61317226380084
2023-06-01,20.87321662955832
2023-06-02,21.49164563644848
2023-06-05,21.338793395224005
2023-06-06,21.467695621485618
2023-06-07,21.80816557296353
2023-06-08,21.847237091865065
2023-06-09,21.78896582952613
2023-06-12,21.9405851396672
2023-06-13,22.194503780383688
2023-06-14,22.12995488581217
2023-06-15,22.464559488528337
2023-06-16,22.43076807012231
2023-06-20,22.103770137066768
2023-06-21,22.228925858680302
2023-06-22,22.070572911049883
2023-06-23,21.90532070876974
2023-06-26,21.87997854320389
2023-06-27,22.15455935892232
2023-06-28,22.14606090265733
2023-06-29,22.353719376497228
2023-06-30,22.558755385061207
2023-07-03,22.55471980190523
2023-07-05,22.390933069653634
2023-07-06,22.225367050458257
2023-07-07,22.276169650139163
2023-07-10,22.585978807042007
2023-07-11,22.857261112483457
2023-07-12,22.81108120919204
2023-07-13,22.845631907061243
2023-07-14,22.770006087673764
2023-07-17,22.86576231562043
2023-07-18,22.99486165567151
2023-07-19,22.98325965157795
2023-07-20,23.076864610965508
2023-07-21,22.97077956736924
2023-07-24,23.025368927648252
2023-07-25,22.995490186501048
2023-07-26,23.148038282980764
2023-07-27,22.95861114294884
2023-07-28,23.10055398577391
2023-07-31,22.96636565426786
2023-08-01,23.038922668728578
2023-08-02,22.789884052182536
2023-08-03,22.65066949666853
2023-08-04,22.5027605766297
2023-08-07,22.785737341059143
2023-08-08,22.68077882586768
2023-08-09,22.66131040328817
2023-08-10,22.59750617174125
2023-08-11,22.62076168365381
2023-08-14,22.62743363135517
2023-08-15,22.339284493832384
2023-08-16,22.21580402385648
2023-08-17,22.0288941245186
2023-08-18,22.055035562181263
2023-08-21,22.024588627202032
2023-08-22,21.9798375345259
2023-08-23,22.198383321948445
2023-08-24,21.928037338045797
2023-08-25,22.116764222826124
2023-08-28,22.28934169632941
2023-08-29,22.462217297358613
2023-08-30,22.56125151805088
2023-08-31,22.403235316685432
2023-09-01,22.518539281971226
2023-09-05,22.13820102239736
2023-09-06,22.032382424480065
2023-09-07,21.962767506175144
2023-09-08,21.86107199343662
2023-09-11,21.85954771883586
2023-09-12,21.778589924769378
2023-09-13,21.63349714097461
2023-09-14,21.84677854040637
2023-09-15,21.730148297948265
2023-09-18,21.775579855487717
2023-09-19,21.674384307479176
2023-09-20,21.59005622256485
2023-09-21,21.23909153462268
2023-09-22,21.166746158481512
2023-09-25,21.269132091735013
2023-09-26,20.946074594138032
2023-09-27,21.105826828076644
2023-09-28,21.195643179712462
2023-09-29,21.04833086575556
2023-10-02,22.06648056479124
2023-10-03,21.92017644838276
2023-10-04,22.004193336126924
2023-10-05,21.86436699412732
2023-10-06,22.15526025067883
2023-10-09,22.511304272484917
2023-10-10,22.64051550302744
2023-10-11,22.781809137934623
2023-10-12,22.56911446607561
2023-10-13,22.37621828529613
2023-10-16,22.611248950862446
2023-10-17,22.68228853161402
2023-10-18,22.130312914860088
2023-10-19,21.93064544052216
2023-10-20,21.70499382756455
2023-10-23,21.60408248007768
2023-10-24,21.75908532504404
2023-10-25,21.48283114669626
2023-10-26,21.3876972567425
2023-10-27,21.20075863878172
2023-10-30,21.4605410404862
2023-10-31,21.624628149082596
2023-11-01,21.64233055613556
2023-11-02,22.066395646444533
2023-11-03,22.14817102891989
2023-11-06,22.090785391890883
2023-11-07,22.03408710140862
2023-11-08,22.265793050335315
2023-11-09,22.195585142081036
2023-11-10,22.51095445057547
2023-11-13,22.481183429432445
2023-11-14,23.013732022378363
2023-11-15,23.037126416766164
2023-11-16,23.04475443570105
2023-11-17,23.13078371973944
2023-11-20,23.14218428447521
2023-11-21,23.193483469109832
2023-11-22,23.207816235812263
2023-11-24,23.275489350143054
2023-11-27,23.075534846886825
2023-11-28,23.084723496814334
2023-11-29,23.1712550147125
2023-11-30,23.378689519759845
2023-12-01,23.773811783260456
2023-12-04,23.759777776966047
2023-12-05,23.610005351363075
2023-12-06,23.72776501292505
2023-12-07,23.74896694532765
2023-12-08,23.822534618139738
2023-12-11,24.001599178443886
2023-12-12,24.158157227285415
2023-12-13,24.451837443428545
2023-12-14,24.79812746074921
2023-12-15,24.713103534100934
2023-12-18,24.742450843109282
2023-12-19,25.62012367429745
2023-12-20,25.132001854300043
2023-12-21,25.449719606869248
2023-12-22,25.5132361295508
2023-12-26,25.698583740163727
2023-12-27,25.7133792121325
2023-12-28,25.743745109901084
2023-12-29,25.693960522575725
2024-01-02,25.532342860453255
2024-01-03,25.078422383019202
2024-01-04,25.084851274751593
2024-01-05,25.14176053234157
2024-01-08,25.450315070068285
2024-01-09,25.218027958325
2024-01-10,25.349190317243387
2024-01-11,25.29442204208248
2024-01-12,25.06728184530287
2024-01-16,24.868997382626084
2024-01-17,24.655348948746145
2024-01-18,24.966861778679363
2024-01-19,25.14083657129651
2024-01-22,25.345914103765505
2024-01-23,25.62084935546502
2024-01-24,25.320671447048554
2024-01-25,25.681787957610435
2024-01-26,26.200153455911238
2024-01-29,26.376004635384714
2024-01-30,26.39039411134451
2024-01-31,26.188645374334484
2024-02-01,26.61481041427261
2024-02-02,26.66636607058773
2024-02-05,26.524761465622095
2024-02-06,26.524181266897305
2024-02-07,27.031647506214235
2024-02-08,26.873810718687515
2024-02-09,26.91047587719815
2024-02-13,26.942542844480982
2024-02-14,27.0827288998864
2024-02-15,27.176857134676705
2024-02-16,27.082719508052733
2024-02-20,26.99278173587972
2024-02-21,27.16244160267125
2024-02-22,27.463112704810875
2024-02-23,27.55936806279334
2024-02-26,27.545779255238934
2024-02-27,27.541194632650285
2024-02-28,27.62338249389835
2024-02-29,27.731651928874562
2024-03-01,27.816564276500134
2024-03-04,27.909632983714445
2024-03-05,27.694009783784054
2024-03-06,27.829673554887524
2024-03-07,28.09215857061122
2024-03-08,27.985874388378964
2024-03-11,27.838721329623848
2024-03-12,27.965283567080334
2024-03-13,28.033269840564532
2024-03-14,27.911456318664698
2024-03-15,27.934227464168153
2024-03-18,28.021456328370856
2024-03-19,28.248735966369946
2024-03-20,28.550843156402394
2024-03-21,28.925444145359336
2024-03-22,28.75806772745721
2024-03-25,28.555807334351208
2024-03-26,28.45181629771309
2024-03-27,28.733210586135833
2024-03-28,28.90275299544458
2024-04-01,28.61448183917692
2024-04-02,28.18371789078976
2024-04-03,28.382982376480502
2024-04-04,28.114050910430482
2024-04-05,28.520517181958525
2024-04-08,28.451980698685393
2024-04-09,28.370065280739084
2024-04-10,28.123201685679227
2024-04-11,28.075413229871355
2024-04-12,27.77766416164824
2024-04-15,27.578659309981195
2024-04-16,27.527254325939555
2024-04-17,27.465316435368166
2024-04-18,27.27253637598368
2024-04-19,27.210693424363242
2024-04-22,27.413137794799187
2024-04-23,27.779320265937812
2024-04-24,28.599178150209553
2024-04-25,28.59912425220689
2024-04-26,28.818478077449534
2024-04-29,29.01757604538585
2024-04-30,28.54143824106348
2024-05-01,28.2971803367084
2024-05-02,28.10430630498217
2024-05-03,28.291548181364956
2024-05-06,28.558756693087552
2024-05-07,28.64065851988323
2024-05-08,28.78301034014831
2024-05-09,29.028439722784913
2024-05-10,29.053448524148695
2024-05-13,28.92198502970907
2024-05-14,28.921341147601012
2024-05-15,29.10328084922386
2024-05-16,28.973907554666788
2024-05-17,29.00886866483132
2024-05-20,29.059978591459092
2024-05-21,28.963360959706296
2024-05-22,29.00784460503764
2024-05-23,28.654968288035484
2024-05-24,28.816215996218155
2024-05-28,28.452642667745693
2024-05-29,28.047658286868813
2024-05-30,28.28240392094357
2024-05-31,28.572505937295425
2024-06-03,28.21947509340441
2024-06-04,28.153973433565934
2024-06-05,28.437619320085304
2024-06-06,28.26640146625241
2024-06-07,28.294926616874715
2024-06-10,28.381121288546936
2024-06-11,28.224616208102375
2024-06-12,28.45485818450719
2024-06-13,28.303078463496693
2024-06-14,28.010247661515145
2024-06-17,28.315768988111806
2024-06-18,28.46775310095226
2024-06-20,28.48342193814406
2024-06-21,28.44369646938447
2024-06-24,28.569092313695986
2024-06-25,28.363148774092153
2024-06-26,28.40675396486969
2024-06-27,28.314953290241238
2024-06-28,28.39247097331838
2024-07-01,28.03869671113531
2024-07-02,28.234475019043114
2024-07-03,28.348015482084115
2024-07-05,28.234627177870863
2024-07-08,28.27092290954174
2024-07-09,28.151696577590094
2024-07-10,28.385784491008724
2024-07-11,28.870942591301333
2024-07-12,29.02514370163444
2024-07-15,29.228738554094765
2024-07-16,29.979175079705453
2024-07-17,29.59072825711484
2024-07-18,29.314577222045937
2024-07-19,29.07939679476303
2024-07-22,29.436125712380825
2024-07-23,29.293459441901764
2024-07-24,29.003222461940567
2024-07-25,28.532996127083518
2024-07-26,27.29052399641484
2024-07-29,27.24768288529621
2024-07-30,27.259604261383622
2024-07-31,27.73570770408274
2024-08-01,27.22651765728867
2024-08-02,26.6158492830322
2024-08-05,26.159422813460793
2024-08-06,26.35776824576235
2024-08-07,26.18568503989428
2024-08-08,26.8913237118195
2024-08-09,26.896392902285374
2024-08-12,26.758087615684452
2024-08-13,27.03580235564155
2024-08-14,27.148755905244073
2024-08-15,27.568023664606752
2024-08-16,27.65289624132933
2024-08-19,27.78698225927894
2024-08-20,27.79014795643922
2024-08-21,27.90310879724333
2024-08-22,27.85851140509786
2024-08-23,28.148001981362032
2024-08-26,28.112010224215283
2024-08-27,28.062435807583146
2024-08-28,28.11581215749792
2024-08-29,28.304684721789737
2024-08-30,28.61476362145456
2024-09-03,28.09003627247544
2024-09-04,27.966641572790245
2024-09-05,27.65777629468242
2024-09-06,27.37440630286979
2024-09-09,27.801986788233474
2024-09-10,27.872046221701652
2024-09-11,27.891952696104152
2024-09-12,28.11609747253903
2024-09-13,28.38807312061142
2024-09-16,28.58955892307894
2024-09-17,28.687070483569496
2024-09-18,28.687070483569496
2024-09-19,29.2434658466084
2024-09-20,28.921940765758325
2024-09-23,29.154225536664974
2024-09-24,29.417825945168598
2024-09-25,29.23900730386867
2024-09-26,29.493730537619903
2024-09-27,29.43877733693067
2024-09-30,29.528134180148044
2024-10-01,29.529499740516098
2024-10-02,29.456237165235358
2024-10-03,29.3258413944302
2024-10-04,29.504402096896406
2024-10-07,29.40903632205419
2024-10-08,29.466677213356018
2024-10-09,29.825855956335968
2024-10-10,29.614162376245233
2024-10-11,30.09703008255745
2024-10-14,30.322047414743242
2024-10-15,30.04997875120083
2024-10-16,30.433813430537846
2024-10-17,30.21278777914437
2024-10-18,30.299392889558465
2024-10-21,30.078941465770235
2024-10-22,28.156152093214036
2024-10-23,28.899739765817998
2024-10-24,29.03043529975194
2024-10-25,28.878424991453844
2024-10-28,29.10097477081747
2024-10-29,28.694340252827452
2024-10-30,28.54447812836337
2024-10-31,27.86243646398816
2024-11-01,28.304840405886583
2024-11-04,28.20919044437173
2024-11-05,28.800807144727106
2024-11-06,30.110251412327532
2024-11-07,29.574904943522565
2024-11-08,29.857101926068076
2024-11-11,30.34508316851969
2024-11-12,30.07384336585764
2024-11-13,30.146210233251455
2024-11-14,29.620346502050687
2024-11-15,29.3222911285151
2024-11-18,29.213827956292572
2024-11-19,29.117097680052417
2024-11-20,29.171981377425467
2024-11-21,29.999513783860955
2024-11-22,30.22195537062486
2024-11-25,30.546114362551833
2024-11-26,30.57856197854824
2024-11-27,30.432804844291066
2024-11-29,30.521091699661326
2024-12-02,30.272953763592596
2024-12-03,30.14078123096807
2024-12-04,30.23276188923005
2024-12-05,29.997129705530995
2024-12-06,29.87931450028394
2024-12-09,29.581184608159965
2024-12-10,29.407740178072487
2024-12-11,29.280708150193302
2024-12-13,29.07146512176893
2024-12-16,29.117343989364414
2024-12-17,29.004319845638072
2024-12-18,28.131701764201622
2024-12-19,28.11945261696801
2024-12-20,28.473137868867738
2024-12-23,28.447029039256908
2024-12-24,28.66681061064438
2024-12-26,28.756032488541138
2024-12-27,28.51394530711257
2024-12-30,28.27827391797038
2024-12-31,28.257924751102397
2025-01-02,28.1228296276425
2025-01-03,28.43316982146408
2025-01-06,28.348154037701836
2025-01-07,28.34999225617929
2025-01-08,28.44098276794566
2025-01-10,28.347276493701063
2025-01-13,28.799104467159793
2025-01-14,29.245888315651978
2025-01-15,29.210867974884337
2025-01-16,29.557425604337528
2025-01-17,29.705193426285202
2025-01-21,30.473890963279153
2025-01-22,30.330600095206155
2025-01-23,30.348764018335704
2025-01-24,30.414020706391593
2025-01-27,30.144175832968923
2025-01-28,30.759190999633045
2025-01-29,30.831698532508305
2025-01-30,30.084558456477428
2025-01-31,30.15096481868596
2025-02-03,29.715979064736295
2025-02-04,29.499709736847727
2025-02-05,27.982813340371294
2025-02-06,28.329765533967937
2025-02-07,28.358610654863824
2025-02-10,28.564783128006802
2025-02-11,28.595610873166905
2025-02-12,28.294799491723204
2025-02-13,28.562736177767352
2025-02-14,28.520283549972245
2025-02-18,28.711103765141875
2025-02-19,28.71271003630739
2025-02-20,28.642250933889848
2025-02-21,27.888197887851042
2025-02-24,27.69162799602759
2025-02-25,27.947275532988762
2025-02-26,27.956666631565756
2025-02-27,27.761568830485096
2025-02-28,28.17832067739177
2025-03-03,27.78337886656144
2025-03-04,27.33730891177938
2025-03-05,27.671701122813474
2025-03-06,27.54957919326869
2025-03-07,28.00739319986915
2025-03-10,27.59902875018688
2025-03-11,26.87895205122738
2025-03-12,26.691415505476918
2025-03-13,26.304996280011096
2025-03-14,26.83027184763913
2025-03-17,27.19733521702903
2025-03-18,26.959482296436732
2025-03-19,27.096651903484116
2025-03-20,26.946162605676395
2025-03-21,26.67956728210825
2025-03-24,27.19858007348908
2025-03-25,27.166126969942
2025-03-26,27.077274909586
2025-03-27,26.88461328018584
2025-03-28,26.32935643725718
2025-03-31,26.53975268355248
2025-04-01,26.70033923748731
2025-04-02,27.00727755957132
2025-04-03,25.467545204543946
2025-04-04,24.105264658981053
2025-04-07,23.8974073835488
2025-04-08,23.548842173922846
2025-04-09,25.620902081123777
2025-04-10,24.804445993617897
2025-04-11,25.263474863223117
2025-04-14,25.48904721115313
2025-04-15,25.289700902443016
2025-04-16,24.900864326196373
2025-04-17,25.018680748125128
2025-04-21,24.452253348656274
2025-04-22,25.636402665005356
2025-04-23,25.39874171869957
2025-04-24,26.223046161298633
2025-04-25,26.10692823113826
2025-04-28,26.226786816310145
2025-04-29,26.561388351195088
2025-04-30,26.734413700501808
2025-05-01,26.90149324857803
2025-05-02,27.49744851495551
2025-05-05,27.594237103721884
2025-05-06,27.318882602450323
2025-05-07,26.932708681749553
2025-05-08,27.305701796705836
2025-05-09,27.287079302656007
2025-05-12,28.379667819764208
2025-05-13,28.355086259630074
2025-05-14,28.146532301536887
2025-05-15,28.639860380381755
2025-05-16,28.99132524943156
2025-05-19,29.034172329210122
2025-05-20,28.87229874056917
2025-05-21,28.416839559917975
2025-05-22,28.512416421348888
2025-05-23,28.312489909466823
2025-05-27,28.916374506180897
2025-05-28,28.628280082873065
2025-05-29,28.63870716244587
2025-05-30,28.752640237337822
2025-06-02,28.565234977975518
2025-06-03,28.78064768866957
2025-06-04,28.967244860924225
2025-06-05,28.955511580131134
2025-06-06,29.227268975591173
2025-06-09,29.10094939745941
2025-06-10,29.137870478199957
2025-06-11,28.925689462589382
2025-06-12,29.112399964853935
2025-06-13,28.67779526694091
2025-06-16,28.94812347612817
2025-06-17,28.6199738030431
2025-06-18,28.662011404240083
2025-06-20,28.68952830854787
2025-06-23,29.04376882314422
2025-06-24,29.39665428082916
2025-06-25,29.0293741996839
2025-06-26,29.34897688406366
2025-06-27,29.429095545799342
2025-06-30,29.824313097613118
2025-07-01,30.00825975203192
2025-07-02,29.920907887993316
2025-07-03,30.02418532536064
2025-07-07,29.817080619262587
2025-07-08,30.097662089716287
2025-07-09,30.076099035647424
2025-07-10,30.44179511581926
2025-07-11,30.051383227309998
2025-07-14,30.15699135464334
2025-07-15,29.958608162443078
2025-07-16,30.22376459152722
2025-07-17,30.323543370392304
2025-07-18,30.354659988981215
2025-07-21,30.17229654946578
2025-07-22,30.385051082575426
2025-07-23,30.72116807199248
2025-07-24,30.77791806014112
2025-07-25,31.05107916103836
2025-07-28,30.955375707392673
2025-07-29,30.344038731953933
2025-07-30,30.066377706665765
2025-07-31,30.2752382552694
2025-08-01,29.643398762465438
2025-08-04,30.059309827610626
2025-08-05,30.01360175127411
2025-08-06,29.812011990360823
2025-08-07,29.726212323543127
2025-08-08,29.694963706832013
2025-08-11,29.699127307432647
2025-08-12,30.036664399202106
2025-08-13,30.19931968519676
2025-08-14,29.90782312543864
2025-08-15,29.726677543412592
2025-08-18,29.890220511079047
2025-08-19,30.133412978667668
2025-08-20,29.812522022426645
2025-08-21,29.76104783100852
2025-08-22,30.36762989286252
2025-08-25,29.93304787121376
2025-08-26,30.113718950731133
2025-08-27,30.25658352335933
2025-08-28,30.29996919872888
2025-08-29,30.047134158528866
2025-09-02,29.699441263966246
2025-09-03,29.632854728847814
2025-09-04,29.85313557498453
2025-09-05,29.814604998764036
2025-09-08,29.794109412498635
2025-09-09,29.607926560114645
2025-09-10,29.78559612416701
2025-09-11,30.31720435803781
2025-09-12,29.932374038991888
2025-09-15,29.99741776297178
2025-09-16,29.95924998432323
2025-09-17,29.752011673252703
2025-09-18,30.11637351312993
2025-09-19,30.157811190856766
2025-09-22,30.27522136188108
2025-09-23,30.23725944663871
2025-09-24,30.163090875969687
2025-09-25,29.943897616640104
2025-09-26,30.121272739171175
2025-09-29,30.39199794615058
2025-09-30,30.462990291470607
2025-10-01,30.432444119588702
2025-10-02,30.545555933085293
2025-10-03,30.618500874919352
2025-10-06,30.7450758960241
2025-10-07,30.382337428910045
2025-10-08,30.724869287806264
2025-10-09,30.421437494845353
2025-10-10,29.621236572377793
2025-10-13,29.82717921353451
2025-10-14,30.416633235451993
2025-10-15,30.213595388432775
2025-10-16,29.99588980053639
2025-10-17,29.978046825242117
2025-10-20,30.267626565275766
2025-10-21,30.570694883567263
2025-10-22,30.150337246455845
2025-10-23,30.33701190068498
2025-10-24,30.426430459531034
2025-10-27,30.606004652784687
2025-10-28,30.455109341670862
2025-10-29,30.68652381085835
2025-10-30,30.334912347849162
2025-10-31,30.507008771169165
2025-11-03,30.12612639115279
2025-11-04,29.07984250418352
2025-11-05,29.212016707181494
2025-11-06,29.149557360780392
2025-11-07,29.28247262620589
2025-11-10,29.419171654290043
2025-11-11,29.462135496645878
2025-11-12,29.491789946251235
2025-11-13,28.995662526141125
2025-11-14,28.928690054705577
2025-11-17,28.68206105957048
2025-11-18,28.604603335607646
2025-11-19,28.611182873657658
2025-11-20,28.215921888993154
2025-11-21,28.634280762604398
2025-11-24,28.57190397165676
2025-11-25,28.984561026362073
2025-11-26,29.1289535449275
2025-11-28,29.282421323366226
2025-12-01,28.94853173374069
2025-12-02,28.904807660452157
2025-12-03,29.593021177051234
2025-12-04,29.678347324514892
2025-12-05,29.492503056274487
2025-12-08,29.41352235134953
2025-12-09,29.246627333453706
2025-12-10,29.609416174339948
2025-12-11,30.094663748968134
2025-12-12,29.95581221968815
2025-12-15,29.91939031277863
2025-12-16,29.791006013640455
2025-12-17,29.42356334558873
2025-12-18,29.41090401538066
2025-12-19,29.609507154738015
2025-12-22,30.070116796824543
2025-12-23,30.092405102360207
2025-12-24,30.18303193766694
2025-12-29,30.077132917377796
2025-12-30,30.098504162656408
2025-12-31,29.7682385916464
2026-01-01,29.7682385916464
2026-01-02,30.15373820789924
2026-01-05,30.647300505470273
2026-01-06,31.221758362617717
2026-01-07,30.49979124119077
2026-01-08,30.91039058096943
2026-01-09,30.91821118853059
2026-01-12,31.168069849193014
2026-01-13,31.29311209168735
2026-01-14,31.459668326080216
2026-01-15,31.710679470583056
2026-01-16,31.83864002844875
2026-01-20,31.103244191763594
2026-01-21,31.925122642990942
2026-01-22,31.570337377270075
2026-01-23,31.267524373361617
2026-01-26,31.3616795487598
2026-01-27,29.11340885159682
2026-01-28,28.420463730964652
2026-01-29,28.923775646439886
2026-01-30,28.800418511261505
2026-02-02,29.20816403988203
2026-02-03,29.331416373190688
2026-02-04,30.58015025733121
2026-02-05,30.19822070206706
2026-02-06,30.99352902588931
2026-02-09,31.10546909143451
2026-02-10,31.2130364479413
2026-02-11,31.236391482820338
2026-02-12,30.96227516317686
2026-02-13,31.20544512002469
2026-02-17,31.32262732636967
2026-02-18,31.59093220298472
2026-02-19,31.603150105320182
2026-02-20,31.894207087038673
2026-02-23,31.354974143192276
2026-02-24,31.820173985619693
2026-02-25,31.60110189721243
2026-02-26,31.83523260552091
2026-02-27,31.818493522880825
2026-03-02,32.069431759473545
2026-03-03,31.634543054425368
2026-03-04,31.58306525329429
2026-03-05,30.922794054742514
2026-03-06,30.48540022133514
2026-03-09,30.66432444691257
2026-03-10,30.472180821913653
2026-03-11,30.48535267036064
2026-03-12,29.693713604954787
2026-03-13,29.60164779788906
2026-03-16,29.844837165260003
2026-03-17,29.975015013363652
2026-03-18,29.60652508561493
2026-03-19,29.468296988162965
2026-03-20,29.033788771715894
2026-03-23,29.33615442554087
2026-03-24,29.824818682417032
2026-03-25,30.07213942364067
2026-03-26,29.48861735845768
2026-03-27,28.984399806686124
2026-03-30,28.63811649244833
2026-03-31,29.411213339468432
2026-04-01,29.864825752341417
2026-04-02,29.859329890202467
2026-04-06,29.976812425542775
2026-04-07,29.912757402913833
2026-04-08,31.030820875256097
2026-04-09,31.395296786992244
2026-04-10,31.269194629055804
2026-04-13,31.578744692405227
2026-04-14,31.68214849379365
2026-04-15,31.36272453260033
2026-04-16,31.19469270547582
2026-04-17,31.635657852840332
2026-04-20,31.725747028007792
2026-04-21,31.16085949222288
2026-04-22,30.114678226830794
2026-04-23,30.658942883277593
2026-04-24,30.481576406061595
2026-04-27,30.48040806575745
2026-04-28,30.205458226727526
2026-04-29,30.051920968494333
2026-04-30,30.48062068519277
2026-05-01,30.411142843352394
2026-05-04,29.953937301362274
2026-05-05,30.139541009589163
2026-05-06,31.25444720408004
2026-05-07,30.757722749488444
2026-05-08,30.60247133814258
2026-05-11,30.725346483553114
2026-05-12,30.817151446092364
2026-05-13,30.56765016419842
2026-05-14,30.6343452793655
2026-05-15,30.304606795041682
2026-05-18,30.237230018975833
2026-05-19,29.780829544274972
2026-05-20,30.137794591132547
2026-05-21,30.07983944111304
2026-05-22,30.267264884892544
2026-05-26,30.67370535264508
2026-05-27,30.79440578060837
2026-05-28,30.65097328241626
2026-05-29,30.501808862335164
2026-06-01,30.25928751465396
2026-06-02,30.460330995946844
2026-06-03,30.522233480879976
2026-06-04,30.91258656185003
2026-06-05,30.707865485154873
2026-06-08,30.448605699926105
2026-06-09,30.876074514947447
2026-06-10,29.82365325725669
2026-06-11,30.682006364834148
2026-06-12,30.925726201622336
2026-06-15,31.279913703061844
2026-06-16,31.484604390210805
2026-06-17,31.374750718847693
2026-06-18,31.69630314121969
2026-06-22,31.69630314121969
2026-06-23,31.511781135615884
2026-06-24,31.352863460131392
2026-06-25,31.614537596278797
2026-06-26,32.097315579339856
2026-06-29,31.36372291718585
2026-06-30,32.043047575735976
2026-07-01,32.02508585638323
2026-07-02,32.04222019495877
2026-07-06,32.20395508538917
2026-07-07,31.76214074738613
2026-07-08,31.316476061648004
2026-07-09,31.471524991546534
2026-07-10,31.721313833929088
2026-07-13,31.492777192828385
2026-07-14,31.377758986409383
2026-07-15,31.370683008294318
2026-07-16,31.480755621513467
2026-07-17,31.166179876839752
2026-07-20,30.985596966339834
2026-07-21,30.975578757618617
