date,trailing_pe
2003-06-12,47.405699
2003-06-13,46.888799
2003-06-16,47.75208
2003-06-17,47.955303
2003-06-18,47.726195
2003-06-19,47.3631
2003-06-20,47.18433
2003-06-23,46.257464
2003-06-24,46.420499
2003-06-25,46.152051
2003-06-26,46.826961
2003-06-27,46.268502
2003-06-30,46.296668
2003-07-01,46.281441
2003-07-02,46.767122
2003-07-03,46.279047
2003-07-07,47.056906
2003-07-08,46.934107
2003-07-09,46.767369
2003-07-10,46.056135
2003-07-11,46.317013
2003-07-14,46.494387
2003-07-15,46.142521
2003-07-16,45.927178
2003-07-17,40.616609
2003-07-18,41.439791
2003-07-21,41.313801
2003-07-22,41.948221
2003-07-23,41.527984
2003-07-24,41.630743
2003-07-25,42.947957
2003-07-28,43.501224
2003-07-29,42.471034
2003-07-30,42.363934
2003-07-31,41.708566
2003-08-01,41.257582
2003-08-04,41.569576
2003-08-05,40.539375
2003-08-06,40.449135
2003-08-07,40.453724
2003-08-08,40.913409
2003-08-11,41.153386
2003-08-12,40.727942
2003-08-13,41.387274
2003-08-14,42.066399
2003-08-15,41.953732
2003-08-18,42.484831
2003-08-19,42.826662
2003-08-20,42.831211
2003-08-21,43.037122
2003-08-22,42.426801
2003-08-25,42.144938
2003-08-26,42.164256
2003-08-27,42.386767
2003-08-28,42.717497
2003-08-29,42.864714
2003-09-02,43.248548
2003-09-03,43.197432
2003-09-04,42.939993
2003-09-05,42.655775
2003-09-08,43.039068
2003-09-09,42.958371
2003-09-10,42.102687
2003-09-11,42.292954
2003-09-12,43.010154
2003-09-15,42.679543
2003-09-16,42.979835
2003-09-17,42.494529
2003-09-18,42.852549
2003-09-19,42.940385
2003-09-22,42.345176
2003-09-23,42.545904
2003-09-24,41.886129
2003-09-25,41.234574
2003-09-26,41.00503
2003-09-29,41.594468
2003-09-30,41.064982
2003-10-01,41.703556
2003-10-02,41.948289
2003-10-03,42.375416
2003-10-06,42.500413
2003-10-07,42.141805
2003-10-08,42.336126
2003-10-09,42.443355
2003-10-10,42.292354
2003-10-13,42.866305
2003-10-14,42.996764
2003-10-15,44.206906
2003-10-16,43.567263
2003-10-17,43.087593
2003-10-20,43.327979
2003-10-21,43.072456
2003-10-22,53.527915
2003-10-23,55.422191
2003-10-24,54.484463
2003-10-27,55.335207
2003-10-28,61.291916
2003-10-29,59.558964
2003-10-30,59.778819
2003-10-31,59.600601
2003-11-03,59.768669
2003-11-04,59.735477
2003-11-05,59.400448
2003-11-06,59.531078
2003-11-07,59.78635
2003-11-10,59.124432
2003-11-11,58.989122
2003-11-12,59.751318
2003-11-13,59.629831
2003-11-14,59.820075
2003-11-17,59.362574
2003-11-18,59.148164
2003-11-19,59.284611
2003-11-20,58.771601
2003-11-21,58.92538
2003-11-24,59.701762
2003-11-25,61.847608
2003-11-26,62.559498
2003-11-28,62.64372
2003-12-01,64.565062
2003-12-02,64.513792
2003-12-03,64.985155
2003-12-04,65.566545
2003-12-05,64.869724
2003-12-08,65.906251
2003-12-09,66.001763
2003-12-10,64.701092
2003-12-11,65.494429
2003-12-12,66.214683
2003-12-15,65.972808
2003-12-16,66.035432
2003-12-17,66.474172
2003-12-18,67.17844
2003-12-19,67.088085
2003-12-22,67.820984
2003-12-23,67.707764
2003-12-24,67.490769
2003-12-26,68.033773
2003-12-29,69.180666
2003-12-30,68.618134
2003-12-31,68.717285
2004-01-02,68.292297
2004-01-05,69.594577
2004-01-06,68.953484
2004-01-07,69.562788
2004-01-08,63.779319
2004-01-09,62.605113
2004-01-12,62.478714
2004-01-13,61.809118
2004-01-14,62.010922
2004-01-15,61.084224
2004-01-16,61.216267
2004-01-20,62.391585
2004-01-21,64.774349
2004-01-22,63.989104
2004-01-23,63.185843
2004-01-26,63.701441
2004-01-27,59.890364
2004-01-28,53.456866
2004-01-29,38.923255
2004-01-30,39.556691
2004-02-02,38.591122
2004-02-03,37.020964
2004-02-04,35.778044
2004-02-05,35.323216
2004-02-06,35.993401
2004-02-09,36.005808
2004-02-10,36.247406
2004-02-11,37.068746
2004-02-12,36.932495
2004-02-13,36.621208
2004-02-17,37.029266
2004-02-18,36.858711
2004-02-19,37.082802
2004-02-20,36.734327
2004-02-23,36.79149
2004-02-24,36.934277
2004-02-25,37.054451
2004-02-26,37.057548
2004-02-27,37.207225
2004-03-01,37.804767
2004-03-02,37.311719
2004-03-03,37.141968
2004-03-04,37.303714
2004-03-05,37.507814
2004-03-08,37.120523
2004-03-09,36.55017
2004-03-10,35.524483
2004-03-11,35.26285
2004-03-12,35.801792
2004-03-15,35.017999
2004-03-16,35.339087
2004-03-17,35.833294
2004-03-18,35.783009
2004-03-19,35.779765
2004-03-22,35.069179
2004-03-23,35.192762
2004-03-24,35.037047
2004-03-25,35.98323
2004-03-26,36.030044
2004-03-29,36.565047
2004-03-30,36.801465
2004-03-31,36.536127
2004-04-01,36.718592
2004-04-02,37.278682
2004-04-05,37.193698
2004-04-06,36.773593
2004-04-07,36.259193
2004-04-08,36.07385
2004-04-12,36.45724
2004-04-13,35.751679
2004-04-14,35.812887
2004-04-15,35.874275
2004-04-16,36.265491
2004-04-19,36.170996
2004-04-20,35.669698
2004-04-21,35.698517
2004-04-22,35.970937
2004-04-23,35.038022
2004-04-26,34.782336
2004-04-27,34.042707
2004-04-28,31.643751
2004-04-29,29.224257
2004-04-30,29.153097
2004-05-03,29.19541
2004-05-04,29.539536
2004-05-05,29.391727
2004-05-06,29.013405
2004-05-07,28.010466
2004-05-10,27.924634
2004-05-11,28.302801
2004-05-12,28.216042
2004-05-13,28.407521
2004-05-14,28.38127
2004-05-17,27.837605
2004-05-18,28.329512
2004-05-19,28.342808
2004-05-20,28.270519
2004-05-21,28.610166
2004-05-24,28.867164
2004-05-25,29.44795
2004-05-26,29.516336
2004-05-27,29.846802
2004-05-28,29.784201
2004-06-01,29.735657
2004-06-02,29.848024
2004-06-03,29.231126
2004-06-04,29.556067
2004-06-07,30.120726
2004-06-08,30.182742
2004-06-09,29.799976
2004-06-10,29.963985
2004-06-14,29.516258
2004-06-15,29.796825
2004-06-16,29.850184
2004-06-17,29.917044
2004-06-18,30.350059
2004-06-21,30.265932
2004-06-22,30.355403
2004-06-23,30.644135
2004-06-24,30.592033
2004-06-25,30.690032
2004-06-28,30.567919
2004-06-29,30.948247
2004-06-30,31.017263
2004-07-01,30.429341
2004-07-02,30.284682
2004-07-06,30.099106
2004-07-07,29.945147
2004-07-08,29.666473
2004-07-09,29.799023
2004-07-12,29.843402
2004-07-13,29.866214
2004-07-14,29.937776
2004-07-15,29.91266
2004-07-16,29.937994
2004-07-19,29.789106
2004-07-20,30.031158
2004-07-21,29.422738
2004-07-22,28.54575
2004-07-23,27.803673
2004-07-26,27.685042
2004-07-27,27.472489
2004-07-28,26.676748
2004-07-29,25.945933
2004-07-30,25.915934
2004-08-02,26.034448
2004-08-03,25.793579
2004-08-04,25.833095
2004-08-05,25.32059
2004-08-06,24.844356
2004-08-09,24.960087
2004-08-10,25.38206
2004-08-11,25.247577
2004-08-12,24.895396
2004-08-13,24.82393
2004-08-16,25.503221
2004-08-17,25.640883
2004-08-18,25.87317
2004-08-19,25.901091
2004-08-20,26.146359
2004-08-23,25.88985
2004-08-24,25.965857
2004-08-25,26.243442
2004-08-26,26.369047
2004-08-27,26.416776
2004-08-30,26.212021
2004-08-31,26.310718
2004-09-01,26.376536
2004-09-02,26.714467
2004-09-03,26.673187
2004-09-07,26.887222
2004-09-08,26.599214
2004-09-09,26.700146
2004-09-10,26.460421
2004-09-13,26.407155
2004-09-14,26.366489
2004-09-15,26.276585
2004-09-16,26.378637
2004-09-17,26.279105
2004-09-20,26.314894
2004-09-21,26.420851
2004-09-22,26.093108
2004-09-23,25.872166
2004-09-24,26.096577
2004-09-27,26.085186
2004-09-28,26.663765
2004-09-29,26.80181
2004-09-30,27.171351
2004-10-01,27.31807
2004-10-04,27.355374
2004-10-05,27.356226
2004-10-06,27.198597
2004-10-07,26.847775
2004-10-08,26.709643
2004-10-11,26.668085
2004-10-12,26.405694
2004-10-13,25.799259
2004-10-14,25.755799
2004-10-15,25.973259
2004-10-18,25.950843
2004-10-19,25.455227
2004-10-20,25.4177
2004-10-21,24.719188
2004-10-22,23.526732
2004-10-25,23.677092
2004-10-26,20.915476
2004-10-27,20.865411
2004-10-28,19.397524
2004-10-29,19.683238
2004-11-01,19.700559
2004-11-02,19.619088
2004-11-03,19.869095
2004-11-04,20.339641
2004-11-05,20.451188
2004-11-08,20.441609
2004-11-09,20.627443
2004-11-10,20.687691
2004-11-11,20.852711
2004-11-12,21.082448
2004-11-15,20.961608
2004-11-16,20.833261
2004-11-17,20.994903
2004-11-18,21.037981
2004-11-19,20.91483
2004-11-22,21.121144
2004-11-23,21.021343
2004-11-24,21.210776
2004-11-26,21.43382
2004-11-29,21.387839
2004-11-30,21.263108
2004-12-01,21.495051
2004-12-02,21.218554
2004-12-03,21.196339
2004-12-06,21.117328
2004-12-07,20.70038
2004-12-08,20.764506
2004-12-09,20.919985
2004-12-10,20.901151
2004-12-13,21.157468
2004-12-14,21.142363
2004-12-15,21.338642
2004-12-16,21.156285
2004-12-17,21.081241
2004-12-20,21.295161
2004-12-21,21.557267
2004-12-22,21.574637
2004-12-23,21.621923
2004-12-27,21.561394
2004-12-28,21.689326
2004-12-29,21.676152
2004-12-30,21.574985
2004-12-31,21.54157
2005-01-03,21.309797
2005-01-04,20.828392
2005-01-05,20.725654
2005-01-06,20.840752
2005-01-07,20.894871
2005-01-10,20.953911
2005-01-11,20.73377
2005-01-12,20.857746
2005-01-13,20.784611
2005-01-14,20.991116
2005-01-18,20.770773
2005-01-19,20.618011
2005-01-20,20.423563
2005-01-21,20.227268
2005-01-24,19.500897
2005-01-25,19.998084
2005-01-26,20.029803
2005-01-27,19.303176
2005-01-28,19.319451
2005-01-31,19.8332
2005-02-01,20.024197
2005-02-02,20.150368
2005-02-03,19.909969
2005-02-04,20.1617
2005-02-07,20.228237
2005-02-08,20.151981
2005-02-09,19.884773
2005-02-10,20.110583
2005-02-11,20.28246
2005-02-14,20.323282
2005-02-15,20.428776
2005-02-16,20.661722
2005-02-17,20.614344
2005-02-18,20.820792
2005-02-22,20.522377
2005-02-23,20.805617
2005-02-24,21.043926
2005-02-25,21.322618
2005-02-28,21.132704
2005-03-01,21.151302
2005-03-02,21.096414
2005-03-03,21.099104
2005-03-04,21.698078
2005-03-07,21.516398
2005-03-08,21.469699
2005-03-09,21.482422
2005-03-10,21.255219
2005-03-11,21.320128
2005-03-14,21.327447
2005-03-15,21.21691
2005-03-16,20.80366
2005-03-17,21.004109
2005-03-18,21.050692
2005-03-21,20.84277
2005-03-22,20.767467
2005-03-23,20.572845
2005-03-24,20.557495
2005-03-28,20.451577
2005-03-29,19.999004
2005-03-30,20.278274
2005-03-31,20.468585
2005-04-01,20.399401
2005-04-04,20.286826
2005-04-05,20.341488
2005-04-06,20.301401
2005-04-07,20.495334
2005-04-08,20.213975
2005-04-11,20.14339
2005-04-12,20.142092
2005-04-13,19.599576
2005-04-14,19.056488
2005-04-15,18.580733
2005-04-18,18.859834
2005-04-19,18.926275
2005-04-20,18.572979
2005-04-21,18.532367
2005-04-22,18.236343
2005-04-25,18.39219
2005-04-26,17.407082
2005-04-27,17.072423
2005-04-28,16.004921
2005-04-29,16.422181
2005-05-02,16.52836
2005-05-03,16.620608
2005-05-04,16.874082
2005-05-05,16.789901
2005-05-06,16.819708
2005-05-09,16.815589
2005-05-10,16.557235
2005-05-11,16.556763
2005-05-12,16.090639
2005-05-13,15.784961
2005-05-16,15.842478
2005-05-17,16.071817
2005-05-18,16.450657
2005-05-19,16.390089
2005-05-20,16.262032
2005-05-23,16.409331
2005-05-24,16.367843
2005-05-25,16.184192
2005-05-26,16.302552
2005-05-27,16.358328
2005-05-31,16.227699
2005-06-01,16.473053
2005-06-02,16.43356
2005-06-03,16.349844
2005-06-06,16.35233
2005-06-07,16.419034
2005-06-08,16.341777
2005-06-09,16.276166
2005-06-10,16.344211
2005-06-13,16.450715
2005-06-14,16.500746
2005-06-15,16.638012
2005-06-16,16.85057
2005-06-17,16.83871
2005-06-20,16.643098
2005-06-21,16.563635
2005-06-22,16.541393
2005-06-23,16.174531
2005-06-24,15.984218
2005-06-27,15.930381
2005-06-28,16.150768
2005-06-29,16.24931
2005-06-30,15.995474
2005-07-01,15.823021
2005-07-05,15.794967
2005-07-06,15.728653
2005-07-07,15.707339
2005-07-08,16.00665
2005-07-11,16.236073
2005-07-12,16.192379
2005-07-13,16.149076
2005-07-14,16.17251
2005-07-15,16.132399
2005-07-18,16.090753
2005-07-19,16.193916
2005-07-20,16.454407
2005-07-21,16.29758
2005-07-22,16.401145
2005-07-25,15.195485
2005-07-26,14.604917
2005-07-27,14.753204
2005-07-28,14.253313
2005-07-29,14.196737
2005-08-01,14.149777
2005-08-02,14.333028
2005-08-03,14.393631
2005-08-04,14.247217
2005-08-05,14.159355
2005-08-08,14.155307
2005-08-09,14.230843
2005-08-10,14.274503
2005-08-11,14.402419
2005-08-12,14.276337
2005-08-15,14.269794
2005-08-16,14.021995
2005-08-17,13.967974
2005-08-18,13.875049
2005-08-19,13.898659
2005-08-22,13.896746
2005-08-23,13.673529
2005-08-24,13.543685
2005-08-25,13.546569
2005-08-26,13.465502
2005-08-29,13.545332
2005-08-30,13.438711
2005-08-31,13.570077
2005-09-01,13.610603
2005-09-02,13.566439
2005-09-06,13.665057
2005-09-07,13.752755
2005-09-08,13.691404
2005-09-09,13.831461
2005-09-12,13.873378
2005-09-13,13.712027
2005-09-14,13.757115
2005-09-15,13.733307
2005-09-16,13.845696
2005-09-19,13.587898
2005-09-20,13.390722
2005-09-21,13.24573
2005-09-22,13.303175
2005-09-23,13.326171
2005-09-26,13.314276
2005-09-27,13.312595
2005-09-28,13.327775
2005-09-29,13.410451
2005-09-30,13.500562
2005-10-03,13.448304
2005-10-04,13.321055
2005-10-05,13.013309
2005-10-06,12.938934
2005-10-07,13.07693
2005-10-10,12.998998
2005-10-11,13.015767
2005-10-12,12.963246
2005-10-13,12.939387
2005-10-14,12.991358
2005-10-17,13.07232
2005-10-18,12.86863
2005-10-19,12.997803
2005-10-20,12.954393
2005-10-21,13.237845
2005-10-24,13.620494
2005-10-25,13.648302
2005-10-26,13.691678
2005-10-27,13.484525
2005-10-28,13.707684
2005-10-31,13.742375
2005-11-01,13.770368
2005-11-02,13.884161
2005-11-03,13.826804
2005-11-04,13.821364
2005-11-07,13.878734
2005-11-08,13.790354
2005-11-09,13.789684
2005-11-10,13.923958
2005-11-11,14.10765
2005-11-14,14.216119
2005-11-15,14.205416
2005-11-16,14.218389
2005-11-17,14.405277
2005-11-18,14.443195
2005-11-21,14.526873
2005-11-22,14.584037
2005-11-23,14.520143
2005-11-25,14.622166
2005-11-28,14.57669
2005-11-29,14.728091
2005-11-30,14.5945
2005-12-01,14.877962
2005-12-02,14.844778
2005-12-05,14.85773
2005-12-06,14.973599
2005-12-07,14.927654
2005-12-08,14.918756
2005-12-09,14.850774
2005-12-12,14.870028
2005-12-13,14.981714
2005-12-14,14.891994
2005-12-15,14.828418
2005-12-16,14.770701
2005-12-19,14.715252
2005-12-20,14.466466
2005-12-21,14.732546
2005-12-22,14.869669
2005-12-23,14.925605
2005-12-27,14.822907
2005-12-28,14.92716
2005-12-29,14.912837
2005-12-30,14.787393
2006-01-03,15.074957
2006-01-04,15.047229
2006-01-05,15.031952
2006-01-06,15.21716
2006-01-09,15.302859
2006-01-10,15.214337
2006-01-11,15.090495
2006-01-12,14.878637
2006-01-13,14.910627
2006-01-17,14.805851
2006-01-18,14.644031
2006-01-19,14.835196
2006-01-20,14.600541
2006-01-23,14.79204
2006-01-24,15.018543
2006-01-25,15.038891
2006-01-26,14.78772
2006-01-27,14.91333
2006-01-30,15.129428
2006-01-31,15.261236
2006-02-01,15.307004
2006-02-02,15.315216
2006-02-03,15.524916
2006-02-06,15.76391
2006-02-07,15.358127
2006-02-08,15.36605
2006-02-09,15.419337
2006-02-10,15.379116
2006-02-13,15.236926
2006-02-14,15.603667
2006-02-15,15.564939
2006-02-16,15.725245
2006-02-17,15.721073
2006-02-21,15.723505
2006-02-22,15.77906
2006-02-23,15.737371
2006-02-24,15.774833
2006-02-27,15.714902
2006-02-28,15.539296
2006-03-01,15.723572
2006-03-02,15.814813
2006-03-03,15.830456
2006-03-06,15.661498
2006-03-07,15.514759
2006-03-08,15.404711
2006-03-09,15.372479
2006-03-10,15.646704
2006-03-13,15.651442
2006-03-14,15.920681
2006-03-15,16.119729
2006-03-16,16.153342
2006-03-17,16.178043
2006-03-20,16.121084
2006-03-21,15.925393
2006-03-22,16.039693
2006-03-23,16.070688
2006-03-24,16.078976
2006-03-27,16.176501
2006-03-28,16.096941
2006-03-29,16.288678
2006-03-30,16.341216
2006-03-31,16.228766
2006-04-03,16.381846
2006-04-04,16.446677
2006-04-05,16.574228
2006-04-06,16.63837
2006-04-07,16.417206
2006-04-10,16.161394
2006-04-11,16.05316
2006-04-12,16.141931
2006-04-13,16.210257
2006-04-17,16.343554
2006-04-18,16.716603
2006-04-19,16.833235
2006-04-20,16.506032
2006-04-21,16.638217
2006-04-24,16.551563
2006-04-25,16.613345
2006-04-26,17.104544
2006-04-27,16.961133
2006-04-28,17.045721
2006-05-01,17.171525
2006-05-02,17.302141
2006-05-03,17.297899
2006-05-04,17.481363
2006-05-05,17.599972
2006-05-08,17.661742
2006-05-09,17.80665
2006-05-10,17.782332
2006-05-11,17.521007
2006-05-12,17.139095
2006-05-15,16.931987
2006-05-16,16.898105
2006-05-17,16.448695
2006-05-18,16.269372
2006-05-19,16.317143
2006-05-22,16.010527
2006-05-23,16.030015
2006-05-24,15.930274
2006-05-25,16.262268
2006-05-26,16.483441
2006-05-30,16.110667
2006-05-31,16.305052
2006-06-01,16.485636
2006-06-02,16.617886
2006-06-05,16.131914
2006-06-06,15.972828
2006-06-07,15.609202
2006-06-08,15.596981
2006-06-09,15.494341
2006-06-12,15.217196
2006-06-13,14.920755
2006-06-14,15.157125
2006-06-15,15.641761
2006-06-16,15.541453
2006-06-19,15.273202
2006-06-20,15.315808
2006-06-21,15.683624
2006-06-22,15.603284
2006-06-23,15.709881
2006-06-26,15.762833
2006-06-27,15.55299
2006-06-28,15.585934
2006-06-29,15.977549
2006-06-30,16.052434
2006-07-03,16.27582
2006-07-05,16.063213
2006-07-06,16.079515
2006-07-07,15.91953
2006-07-10,15.779797
2006-07-11,15.76109
2006-07-12,15.647702
2006-07-13,15.204377
2006-07-14,15.223222
2006-07-17,15.040197
2006-07-18,14.983647
2006-07-19,15.387067
2006-07-20,14.9631
2006-07-21,14.638506
2006-07-24,14.843494
2006-07-25,14.927443
2006-07-26,16.180662
2006-07-27,15.993704
2006-07-28,16.260067
2006-07-31,16.310008
2006-08-01,17.203748
2006-08-02,17.446377
2006-08-03,17.552291
2006-08-04,17.4713
2006-08-07,17.538328
2006-08-08,17.265753
2006-08-09,17.2766
2006-08-10,17.311627
2006-08-11,17.109212
2006-08-14,17.073174
2006-08-15,17.38895
2006-08-16,17.684122
2006-08-17,17.609184
2006-08-18,17.617731
2006-08-21,17.602611
2006-08-22,17.686823
2006-08-23,17.649135
2006-08-24,17.497411
2006-08-25,17.552383
2006-08-28,17.526903
2006-08-29,17.621515
2006-08-30,17.613466
2006-08-31,17.702656
2006-09-01,17.897333
2006-09-05,17.973335
2006-09-06,17.776289
2006-09-07,17.574618
2006-09-08,17.62059
2006-09-11,17.146061
2006-09-12,17.333811
2006-09-13,17.477048
2006-09-14,17.393558
2006-09-15,17.440969
2006-09-18,17.526829
2006-09-19,17.327498
2006-09-20,17.422152
2006-09-21,17.304584
2006-09-22,17.270171
2006-09-25,17.371051
2006-09-26,17.695135
2006-09-27,17.63453
2006-09-28,17.691011
2006-09-29,17.554724
2006-10-02,17.543509
2006-10-03,17.342488
2006-10-04,17.370481
2006-10-05,17.635893
2006-10-06,17.725036
2006-10-09,17.876103
2006-10-10,17.724567
2006-10-11,17.56038
2006-10-12,17.775171
2006-10-13,17.935799
2006-10-16,18.074192
2006-10-17,17.801795
2006-10-18,17.762391
2006-10-19,17.709
2006-10-20,17.609788
2006-10-23,17.625235
2006-10-24,16.988993
2006-10-25,16.863807
2006-10-26,17.137333
2006-10-27,17.13303
2006-10-30,17.178694
2006-10-31,16.938965
2006-11-01,16.697822
2006-11-02,17.223944
2006-11-03,17.163485
2006-11-06,17.369991
2006-11-07,17.329995
2006-11-08,17.356979
2006-11-09,17.51161
2006-11-10,17.480547
2006-11-13,17.614581
2006-11-14,17.607064
2006-11-15,17.650967
2006-11-16,17.584642
2006-11-17,17.573906
2006-11-20,17.817496
2006-11-21,17.916433
2006-11-22,18.143698
2006-11-24,18.157631
2006-11-27,17.883054
2006-11-28,18.007203
2006-11-29,18.195969
2006-11-30,18.225489
2006-12-01,18.106477
2006-12-04,18.374902
2006-12-05,18.422525
2006-12-06,18.405875
2006-12-07,18.475061
2006-12-08,18.513544
2006-12-11,18.478583
2006-12-12,18.258564
2006-12-13,18.303738
2006-12-14,18.453605
2006-12-15,18.613577
2006-12-18,18.421248
2006-12-19,18.550433
2006-12-20,18.472678
2006-12-21,18.233684
2006-12-22,18.125208
2006-12-26,18.293927
2006-12-27,18.462092
2006-12-28,18.408169
2006-12-29,18.294661
2007-01-03,18.213242
2007-01-04,18.045096
2007-01-05,17.941041
2007-01-08,17.9589
2007-01-09,17.88525
2007-01-10,17.985737
2007-01-11,18.195017
2007-01-12,18.399526
2007-01-16,18.487048
2007-01-17,18.526787
2007-01-18,18.399659
2007-01-19,18.679026
2007-01-22,18.492138
2007-01-23,18.076208
2007-01-24,18.154284
2007-01-25,18.061021
2007-01-26,18.063073
2007-01-29,16.912672
2007-01-30,16.947004
2007-01-31,16.91549
2007-02-01,15.584675
2007-02-02,15.565678
2007-02-05,15.45277
2007-02-06,15.557902
2007-02-07,15.572326
2007-02-08,15.571958
2007-02-09,15.169496
2007-02-12,15.184382
2007-02-13,15.476505
2007-02-14,15.553904
2007-02-15,15.634164
2007-02-16,15.672268
2007-02-20,15.699519
2007-02-21,15.866616
2007-02-22,15.725465
2007-02-23,15.740319
2007-02-26,15.880372
2007-02-27,15.217215
2007-02-28,15.285335
2007-03-01,15.1674
2007-03-02,14.903164
2007-03-05,14.715404
2007-03-06,15.01883
2007-03-07,14.955338
2007-03-08,15.087965
2007-03-09,15.159102
2007-03-12,15.248756
2007-03-13,14.856778
2007-03-14,14.972076
2007-03-15,15.210755
2007-03-16,15.08919
2007-03-19,15.300851
2007-03-20,16.015675
2007-03-21,16.195444
2007-03-22,16.126561
2007-03-23,16.18977
2007-03-26,16.267576
2007-03-27,16.076729
2007-03-28,15.919386
2007-03-29,15.994078
2007-03-30,15.986212
2007-04-02,16.017067
2007-04-03,16.202206
2007-04-04,16.13696
2007-04-05,16.123307
2007-04-09,16.327634
2007-04-10,16.190004
2007-04-11,16.066841
2007-04-12,16.208546
2007-04-13,16.251314
2007-04-16,16.432666
2007-04-17,16.33749
2007-04-18,16.214075
2007-04-19,16.156687
2007-04-20,16.333139
2007-04-23,16.316088
2007-04-24,16.130049
2007-04-25,16.074644
2007-04-26,16.260679
2007-04-27,16.222858
2007-04-30,15.919395
2007-05-01,15.809087
2007-05-02,16.004954
2007-05-03,15.146278
2007-05-04,15.33291
2007-05-07,15.531567
2007-05-08,15.522801
2007-05-09,15.600503
2007-05-10,15.320839
2007-05-11,15.452711
2007-05-14,15.387571
2007-05-15,15.539989
2007-05-16,15.575926
2007-05-17,15.588625
2007-05-18,15.679201
2007-05-21,15.661981
2007-05-22,15.599369
2007-05-23,15.634989
2007-05-24,15.453625
2007-05-25,15.636625
2007-05-29,15.601575
2007-05-30,15.807058
2007-05-31,15.877351
2007-06-01,16.057706
2007-06-04,16.014944
2007-06-05,15.956761
2007-06-06,15.715679
2007-06-07,15.389388
2007-06-08,15.664071
2007-06-11,15.54549
2007-06-12,15.376596
2007-06-13,15.719457
2007-06-14,15.823569
2007-06-15,15.996251
2007-06-18,16.046566
2007-06-19,16.124537
2007-06-20,15.917833
2007-06-21,16.074482
2007-06-22,15.964001
2007-06-25,15.802752
2007-06-26,15.607855
2007-06-27,15.675919
2007-06-28,15.555855
2007-06-29,15.654578
2007-07-02,15.898343
2007-07-03,15.912262
2007-07-05,15.95473
2007-07-06,16.059818
2007-07-09,16.137522
2007-07-10,15.861416
2007-07-11,16.026386
2007-07-12,16.457912
2007-07-13,16.636342
2007-07-16,16.518925
2007-07-17,16.621878
2007-07-18,16.706316
2007-07-19,16.835386
2007-07-20,16.599333
2007-07-23,16.6426
2007-07-24,16.248925
2007-07-25,15.709021
2007-07-26,15.148404
2007-07-27,14.850907
2007-07-30,15.187907
2007-07-31,15.048783
2007-08-01,15.045751
2007-08-02,15.208195
2007-08-03,14.939511
2007-08-06,15.09264
2007-08-07,15.19885
2007-08-08,15.558092
2007-08-09,15.120567
2007-08-10,15.093263
2007-08-13,15.047796
2007-08-14,14.654599
2007-08-15,14.196944
2007-08-16,14.031584
2007-08-17,14.38052
2007-08-20,14.570304
2007-08-21,14.654197
2007-08-22,15.114926
2007-08-23,14.975564
2007-08-24,15.257089
2007-08-27,15.145041
2007-08-28,14.697615
2007-08-29,15.055287
2007-08-30,15.032877
2007-08-31,15.234098
2007-09-04,15.36446
2007-09-05,15.199995
2007-09-06,15.360348
2007-09-07,15.006725
2007-09-10,14.857418
2007-09-11,15.057786
2007-09-12,15.041577
2007-09-13,15.237847
2007-09-14,15.350383
2007-09-17,15.328339
2007-09-18,15.977205
2007-09-19,16.195317
2007-09-20,16.145688
2007-09-21,16.23645
2007-09-24,16.214468
2007-09-25,16.211934
2007-09-26,16.359173
2007-09-27,16.519752
2007-09-28,16.427562
2007-10-01,16.697071
2007-10-02,16.595893
2007-10-03,16.388829
2007-10-04,16.430446
2007-10-05,16.717712
2007-10-08,16.606382
2007-10-09,16.917927
2007-10-10,16.91017
2007-10-11,16.81267
2007-10-12,16.988477
2007-10-15,16.823216
2007-10-16,16.570884
2007-10-17,16.535658
2007-10-18,16.725137
2007-10-19,16.323854
2007-10-22,16.247167
2007-10-23,16.488453
2007-10-24,16.518029
2007-10-25,16.695178
2007-10-26,16.974096
2007-10-29,17.202224
2007-10-30,16.921158
2007-10-31,17.217268
2007-11-01,16.627018
2007-11-02,16.791618
2007-11-05,16.646442
2007-11-06,17.056345
2007-11-07,16.508686
2007-11-08,16.712135
2007-11-09,16.401881
2007-11-12,15.790768
2007-11-13,16.117166
2007-11-14,16.193021
2007-11-15,15.831647
2007-11-16,15.871769
2007-11-19,15.355303
2007-11-20,15.584533
2007-11-21,15.287417
2007-11-23,15.571595
2007-11-26,15.276096
2007-11-27,15.45122
2007-11-28,16.171644
2007-11-29,16.244447
2007-11-30,16.384886
2007-12-03,16.320061
2007-12-04,16.210313
2007-12-05,16.491825
2007-12-06,16.81543
2007-12-07,16.948266
2007-12-10,17.133083
2007-12-11,16.452195
2007-12-12,16.64873
2007-12-13,16.764222
2007-12-14,16.430269
2007-12-17,15.914264
2007-12-18,16.061783
2007-12-19,16.021533
2007-12-20,16.31351
2007-12-21,16.704072
2007-12-24,16.820518
2007-12-26,16.927131
2007-12-27,16.628579
2007-12-28,16.637042
2007-12-31,16.529665
2008-01-02,16.388688
2008-01-03,16.52669
2008-01-04,16.06156
2008-01-07,15.888805
2008-01-08,15.653989
2008-01-09,15.553707
2008-01-10,15.761641
2008-01-11,15.565981
2008-01-14,16.108772
2008-01-15,15.621842
2008-01-16,15.118868
2008-01-17,14.30629
2008-01-18,14.577856
2008-01-22,14.577453
2008-01-23,14.719176
2008-01-24,15.371262
2008-01-25,15.335937
2008-01-28,15.643892
2008-01-29,16.297656
2008-01-30,16.29003
2008-01-31,16.487052
2008-02-01,16.806127
2008-02-04,16.57195
2008-02-05,15.96305
2008-02-06,15.876904
2008-02-07,17.048716
2008-02-08,17.194039
2008-02-11,17.452786
2008-02-12,17.461403
2008-02-13,17.639126
2008-02-14,17.537585
2008-02-15,17.506519
2008-02-19,17.837936
2008-02-20,18.053606
2008-02-21,18.882371
2008-02-22,18.985582
2008-02-25,19.468771
2008-02-26,19.471426
2008-02-27,19.534805
2008-02-28,19.501164
2008-02-29,18.829184
2008-03-03,19.120562
2008-03-04,18.704709
2008-03-05,19.158386
2008-03-06,18.920741
2008-03-07,18.221808
2008-03-10,17.629029
2008-03-11,18.690277
2008-03-12,18.622405
2008-03-13,19.010002
2008-03-14,18.822395
2008-03-17,18.4022
2008-03-18,19.051883
2008-03-19,17.854142
2008-03-20,17.757334
2008-03-24,18.365358
2008-03-25,18.879994
2008-03-26,18.906458
2008-03-27,18.651033
2008-03-28,18.620609
2008-03-31,18.615463
2008-04-01,19.072652
2008-04-02,18.744786
2008-04-03,19.076887
2008-04-04,19.352283
2008-04-07,19.514862
2008-04-08,19.613371
2008-04-09,19.443386
2008-04-10,19.487552
2008-04-11,19.21404
2008-04-14,19.148593
2008-04-15,19.214981
2008-04-16,20.168746
2008-04-17,20.057837
2008-04-18,20.3221
2008-04-21,20.380486
2008-04-22,19.863772
2008-04-23,19.370087
2008-04-24,18.814357
2008-04-25,19.392535
2008-04-28,19.159363
2008-04-29,18.573674
2008-04-30,18.974606
2008-05-01,18.840887
2008-05-02,19.22518
2008-05-05,19.598588
2008-05-06,19.81711
2008-05-07,19.539556
2008-05-08,19.995556
2008-05-09,19.699042
2008-05-12,20.068204
2008-05-13,20.13203
2008-05-14,20.248969
2008-05-15,20.534512
2008-05-16,20.802337
2008-05-19,20.743253
2008-05-20,20.758455
2008-05-21,20.118925
2008-05-22,20.051111
2008-05-23,19.777518
2008-05-27,19.642712
2008-05-28,20.19259
2008-05-29,19.926238
2008-05-30,20.060649
2008-06-02,19.94143
2008-06-03,19.923648
2008-06-04,19.830738
2008-06-05,20.51069
2008-06-06,20.004098
2008-06-09,20.264607
2008-06-10,20.004431
2008-06-11,19.645924
2008-06-12,19.621002
2008-06-13,20.146497
2008-06-16,20.157554
2008-06-17,20.193951
2008-06-18,20.063938
2008-06-19,20.095278
2008-06-20,19.762165
2008-06-23,19.971631
2008-06-24,19.476557
2008-06-25,19.326667
2008-06-26,18.720529
2008-06-27,18.785875
2008-06-30,18.730666
2008-07-01,18.524659
2008-07-02,17.551373
2008-07-03,17.69249
2008-07-07,17.660458
2008-07-08,17.646536
2008-07-09,17.502386
2008-07-10,17.94195
2008-07-11,17.877938
2008-07-14,17.870988
2008-07-15,17.672563
2008-07-16,17.851259
2008-07-17,17.615253
2008-07-18,17.53955
2008-07-21,17.91178
2008-07-22,17.765073
2008-07-23,17.692142
2008-07-24,16.942756
2008-07-25,17.097951
2008-07-28,16.99887
2008-07-29,17.11533
2008-07-30,17.611948
2008-07-31,17.298229
2008-08-01,16.857558
2008-08-04,16.151167
2008-08-05,16.499783
2008-08-06,16.762209
2008-08-07,16.513468
2008-08-08,16.654949
2008-08-11,16.584248
2008-08-12,16.665384
2008-08-13,17.065721
2008-08-14,16.892776
2008-08-15,16.819979
2008-08-18,16.67275
2008-08-19,16.636972
2008-08-20,16.991123
2008-08-21,17.112849
2008-08-22,17.047988
2008-08-25,16.656144
2008-08-26,16.762971
2008-08-27,16.847122
2008-08-28,17.078565
2008-08-29,16.840034
2008-09-02,16.411043
2008-09-03,16.295183
2008-09-04,15.670699
2008-09-05,15.847749
2008-09-08,15.793297
2008-09-09,15.06159
2008-09-10,15.346667
2008-09-11,15.683963
2008-09-12,16.188732
2008-09-15,15.340923
2008-09-16,15.769277
2008-09-17,15.206062
2008-09-18,15.520593
2008-09-19,16.39976
2008-09-22,15.900671
2008-09-23,15.394354
2008-09-24,15.278446
2008-09-25,15.210535
2008-09-26,14.804865
2008-09-29,13.540853
2008-09-30,13.942212
2008-10-01,13.694984
2008-10-02,12.602273
2008-10-03,12.595884
2008-10-06,12.045505
2008-10-07,11.523016
2008-10-08,11.777762
2008-10-09,10.968159
2008-10-10,10.733239
2008-10-13,12.157878
2008-10-14,11.793093
2008-10-15,10.360643
2008-10-16,10.661214
2008-10-17,10.630524
2008-10-20,11.499519
2008-10-21,10.959884
2008-10-22,9.989408
2008-10-23,9.812055
2008-10-24,9.437491
2008-10-27,9.005019
2008-10-28,9.901166
2008-10-29,10.234538
2008-10-30,10.55893
2008-10-31,10.734034
2008-11-03,10.629783
2008-11-04,11.237443
2008-11-05,10.555836
2008-11-06,9.966184
2008-11-07,10.323759
2008-11-10,10.285187
2008-11-11,9.849237
2008-11-12,9.216255
2008-11-13,9.982634
2008-11-14,9.345263
2008-11-17,9.107125
2008-11-18,9.093617
2008-11-19,8.41747
2008-11-20,7.719796
2008-11-21,8.293314
2008-11-24,8.841803
2008-11-25,9.126106
2008-11-26,9.480482
2008-11-28,9.550895
2008-12-01,8.618069
2008-12-02,9.013912
2008-12-03,8.999961
2008-12-04,8.77708
2008-12-05,9.015676
2008-12-08,9.710105
2008-12-09,9.639282
2008-12-10,9.896672
2008-12-11,9.457642
2008-12-12,9.515824
2008-12-15,9.479313
2008-12-16,10.053483
2008-12-17,10.063195
2008-12-18,9.63464
2008-12-19,9.509187
2008-12-22,9.162092
2008-12-23,9.122615
2008-12-24,9.141217
2008-12-26,9.297792
2008-12-29,9.10589
2008-12-30,9.357806
2008-12-31,9.492289
2009-01-02,9.859969
2009-01-05,9.858967
2009-01-06,10.044217
2009-01-07,9.766196
2009-01-08,9.847359
2009-01-09,9.629119
2009-01-12,9.856505
2009-01-13,9.863003
2009-01-14,9.476555
2009-01-15,9.747296
2009-01-16,9.916971
2009-01-20,9.36294
2009-01-21,9.767847
2009-01-22,9.624795
2009-01-23,9.781644
2009-01-26,24.111458
2009-01-27,29.864994
2009-01-28,32.99467
2009-01-29,36.662195
2009-01-30,35.544238
2009-02-02,35.002843
2009-02-03,35.705465
2009-02-04,36.249535
2009-02-05,37.164766
2009-02-06,48.874886
2009-02-09,49.639397
2009-02-10,47.502158
2009-02-11,47.525814
2009-02-12,48.254117
2009-02-13,47.525193
2009-02-17,45.305574
2009-02-18,45.21065
2009-02-19,44.986501
2009-02-20,77.725731
2009-02-23,72.867518
2009-02-24,75.97143
2009-02-25,74.740605
2009-02-26,150.562659
2009-02-27,148.976881
2009-03-02,167.516011
2009-03-03,168.542082
2009-03-04,175.014544
2009-03-05,185.052266
2009-03-06,186.893796
2009-03-09,189.951945
2009-03-10,197.525238
2009-03-11,202.176314
2009-03-12,207.204222
2009-03-13,208.919872
2009-03-16,211.660822
2009-03-17,212.465429
2009-03-18,218.615374
2009-03-19,221.559269
2009-03-20,217.328522
2009-03-23,224.829552
2009-03-24,231.202749
2009-03-25,226.444804
2009-03-26,235.403399
2009-03-27,230.025462
2009-03-30,220.02251
2009-03-31,221.740802
2009-04-01,227.765879
2010-01-21,87.495472
2010-01-22,82.286166
2010-01-25,74.258111
2010-01-26,67.109988
2010-01-27,64.146539
2010-01-28,63.089497
2010-01-29,62.181493
2010-02-01,64.459161
2010-02-02,47.852815
2010-02-03,38.111164
2010-02-04,36.586822
2010-02-05,33.431833
2010-02-08,32.918566
2010-02-09,33.005179
2010-02-10,32.733864
2010-02-11,33.134843
2010-02-12,33.107155
2010-02-16,34.361967
2010-02-17,34.204384
2010-02-18,34.602309
2010-02-19,34.759589
2010-02-22,34.597046
2010-02-23,33.998154
2010-02-24,33.966661
2010-02-25,32.208548
2010-02-26,32.220041
2010-03-01,32.775665
2010-03-02,33.099508
2010-03-03,33.43718
2010-03-04,33.521195
2010-03-05,33.97622
2010-03-08,33.931574
2010-03-09,33.756027
2010-03-10,33.738343
2010-03-11,33.890986
2010-03-12,34.095406
2010-03-15,34.000914
2010-03-16,34.520547
2010-03-17,34.749893
2010-03-18,34.506286
2010-03-19,34.165742
2010-03-22,34.841735
2010-03-23,35.277046
2010-03-24,35.17115
2010-03-25,34.478191
2010-03-26,34.749817
2010-03-29,35.056889
2010-03-30,35.120564
2010-03-31,34.950421
2010-04-01,35.579367
2010-04-05,36.004173
2010-04-06,36.085966
2010-04-07,36.544424
2010-04-08,36.643364
2010-04-09,36.750261
2010-04-12,35.223208
2010-04-13,35.10641
2010-04-14,35.337528
2010-04-15,34.871377
2010-04-16,34.255567
2010-04-19,34.170085
2010-04-20,33.994373
2010-04-21,31.990851
2010-04-22,31.189327
2010-04-23,31.588303
2010-04-26,31.611377
2010-04-27,27.4735
2010-04-28,26.311097
2010-04-29,26.865419
2010-04-30,26.446307
2010-05-03,26.444709
2010-05-04,25.509315
2010-05-05,25.303288
2010-05-06,24.526791
2010-05-07,24.364414
2010-05-10,25.531708
2010-05-11,25.248506
2010-05-12,25.728233
2010-05-13,25.074598
2010-05-14,24.442038
2010-05-17,24.403977
2010-05-18,24.046726
2010-05-19,23.954258
2010-05-20,22.901623
2010-05-21,23.464526
2010-05-24,23.076767
2010-05-25,23.438158
2010-05-26,23.252765
2010-05-27,24.161343
2010-05-28,23.751961
2010-06-01,22.92142
2010-06-02,23.617062
2010-06-03,23.348194
2010-06-04,22.422567
2010-06-07,22.057631
2010-06-08,22.609005
2010-06-09,22.541492
2010-06-10,23.332918
2010-06-11,23.609155
2010-06-14,23.374703
2010-06-15,23.977882
2010-06-16,23.958175
2010-06-17,23.884957
2010-06-18,24.004884
2010-06-21,24.103459
2010-06-22,23.56433
2010-06-23,23.581384
2010-06-24,23.018251
2010-06-25,23.342914
2010-06-28,23.083408
2010-06-29,22.267722
2010-06-30,22.443198
2010-07-01,22.292915
2010-07-02,22.216801
2010-07-06,22.229953
2010-07-07,23.099254
2010-07-08,23.446257
2010-07-09,24.001713
2010-07-12,22.997115
2010-07-13,23.502957
2010-07-14,23.518004
2010-07-15,23.297592
2010-07-16,22.624092
2010-07-19,22.657079
2010-07-20,22.649806
2010-07-21,22.523
2010-07-22,22.459017
2010-07-23,22.902119
2010-07-26,23.020961
2010-07-27,21.179613
2010-07-28,20.557936
2010-07-29,20.449096
2010-07-30,20.493847
2010-08-02,21.084116
2010-08-03,19.400571
2010-08-04,19.545675
2010-08-05,19.787444
2010-08-06,19.723643
2010-08-09,19.810249
2010-08-10,19.617704
2010-08-11,18.962104
2010-08-12,19.047342
2010-08-13,18.975191
2010-08-16,19.060031
2010-08-17,19.501077
2010-08-18,19.572422
2010-08-19,19.15012
2010-08-20,19.081496
2010-08-23,18.883195
2010-08-24,18.444215
2010-08-25,18.495546
2010-08-26,18.499932
2010-08-27,19.042699
2010-08-30,18.776838
2010-08-31,18.841653
2010-09-01,19.384312
2010-09-02,20.006796
2010-09-03,20.255811
2010-09-07,20.085532
2010-09-08,20.218484
2010-09-09,20.161473
2010-09-10,20.297925
2010-09-13,20.612945
2010-09-14,20.596595
2010-09-15,20.584482
2010-09-16,20.665406
2010-09-17,20.670672
2010-09-20,20.794116
2010-09-21,20.705324
2010-09-22,20.779394
2010-09-23,20.571706
2010-09-24,21.073238
2010-09-27,20.922353
2010-09-28,20.928406
2010-09-29,20.748036
2010-09-30,20.684329
2010-10-01,20.257491
2010-10-04,19.96613
2010-10-05,20.521784
2010-10-06,20.580497
2010-10-07,20.416075
2010-10-08,20.828866
2010-10-11,20.799029
2010-10-12,20.853227
2010-10-13,21.20177
2010-10-14,21.016665
2010-10-15,21.087329
2010-10-18,21.142373
2010-10-19,20.667276
2010-10-20,21.074455
2010-10-21,20.695327
2010-10-22,20.568766
2010-10-25,20.924102
2010-10-26,20.683216
2010-10-27,20.351892
2010-10-28,20.344118
2010-10-29,20.300821
2010-11-01,20.333984
2010-11-02,20.365422
2010-11-03,20.311453
2010-11-04,20.971974
2010-11-05,21.039912
2010-11-08,21.091162
2010-11-09,20.751667
2010-11-10,20.848012
2010-11-11,21.036486
2010-11-12,20.575796
2010-11-15,20.399549
2010-11-16,19.960452
2010-11-17,19.999686
2010-11-18,20.383591
2010-11-19,20.525829
2010-11-22,20.559599
2010-11-23,20.204883
2010-11-24,20.570299
2010-11-26,20.297717
2010-11-29,20.411521
2010-11-30,20.411976
2010-12-01,20.977596
2010-12-02,21.292129
2010-12-03,21.475381
2010-12-06,21.478502
2010-12-07,21.495053
2010-12-08,21.308166
2010-12-09,21.393201
2010-12-10,21.571705
2010-12-13,21.684877
2010-12-14,21.6917
2010-12-15,21.543989
2010-12-16,21.748015
2010-12-17,21.905901
2010-12-20,21.996334
2010-12-21,22.220384
2010-12-22,22.218605
2010-12-23,22.305822
2010-12-27,22.300179
2010-12-28,22.364472
2010-12-29,22.447825
2010-12-30,22.439935
2010-12-31,22.457662
2011-01-03,22.613187
2011-01-04,22.493419
2011-01-05,22.4946
2011-01-06,22.367841
2011-01-07,22.346381
2011-01-10,21.764557
2011-01-11,21.92963
2011-01-12,22.126076
2011-01-13,21.946478
2011-01-14,21.972189
2011-01-18,22.111623
2011-01-19,21.615549
2011-01-20,20.587661
2011-01-21,20.518512
2011-01-24,20.740752
2011-01-25,20.962934
2011-01-26,21.556662
2011-01-27,21.447137
2011-01-28,21.129724
2011-01-31,21.428611
2011-02-01,22.004436
2011-02-02,21.975295
2011-02-03,21.268327
2011-02-04,21.273855
2011-02-07,21.384906
2011-02-08,21.56946
2011-02-09,21.364635
2011-02-10,21.413067
2011-02-11,21.511732
2011-02-14,21.734191
2011-02-15,21.50589
2011-02-16,21.472138
2011-02-17,21.492005
2011-02-18,21.272061
2011-02-22,20.598618
2011-02-23,20.461087
2011-02-24,20.092743
2011-02-25,20.374772
2011-02-28,20.577842
2011-03-01,20.103022
2011-03-02,20.152231
2011-03-03,20.547454
2011-03-04,20.399383
2011-03-07,20.042663
2011-03-08,20.243146
2011-03-09,19.941442
2011-03-10,19.501226
2011-03-11,19.767144
2011-03-14,19.72197
2011-03-15,19.692939
2011-03-16,19.307865
2011-03-17,19.641872
2011-03-18,19.747473
2011-03-21,20.109518
2011-03-22,20.067322
2011-03-23,20.350281
2011-03-24,20.438574
2011-03-25,20.546392
2011-03-28,20.448523
2011-03-29,20.652129
2011-03-30,20.8586
2011-03-31,20.944713
2011-04-01,21.01515
2011-04-04,21.161439
2011-04-05,21.398896
2011-04-06,21.087582
2011-04-07,21.04892
2011-04-08,20.917709
2011-04-11,20.195023
2011-04-12,19.923286
2011-04-13,19.799148
2011-04-14,19.857633
2011-04-15,19.985086
2011-04-18,19.732697
2011-04-19,20.080441
2011-04-20,19.834945
2011-04-21,19.49314
2011-04-25,19.363502
2011-04-26,19.481865
2011-04-27,19.382939
2011-04-28,18.58358
2011-04-29,18.623401
2011-05-02,18.492903
2011-05-03,18.311551
2011-05-04,18.014127
2011-05-05,17.589312
2011-05-06,17.718382
2011-05-09,18.006653
2011-05-10,18.118671
2011-05-11,17.604807
2011-05-12,17.610127
2011-05-13,17.371079
2011-05-16,17.30642
2011-05-17,17.119706
2011-05-18,17.479397
2011-05-19,17.485732
2011-05-20,17.312867
2011-05-23,17.142121
2011-05-24,17.222415
2011-05-25,17.462448
2011-05-26,17.491114
2011-05-27,17.670789
2011-05-31,17.854959
2011-06-01,17.308659
2011-06-02,17.331061
2011-06-03,17.106246
2011-06-06,16.944975
2011-06-07,16.999390000000002
2011-06-08,16.836826
2011-06-09,17.072495
2011-06-10,16.860543
2011-06-13,16.765932
2011-06-14,17.0818
2011-06-15,16.691041
2011-06-16,16.533317
2011-06-17,16.527096
2011-06-20,16.658925
2011-06-21,17.08949
2011-06-22,17.025579
2011-06-23,17.012273
2011-06-24,16.914734
2011-06-27,16.9394
2011-06-28,17.241219
2011-06-29,17.302409
2011-06-30,17.534089
2011-07-01,17.694727
2011-07-05,17.713059
2011-07-06,17.777782
2011-07-07,18.041628
2011-07-08,17.919631
2011-07-11,17.551768
2011-07-12,17.372938
2011-07-13,17.516869
2011-07-14,17.358071
2011-07-15,17.524608
2011-07-18,17.31874
2011-07-19,17.560301
2011-07-20,17.556967
2011-07-21,17.104355
2011-07-22,16.990246
2011-07-25,16.790849
2011-07-26,16.604447
2011-07-27,15.956439
2011-07-28,15.692908
2011-07-29,15.437866
2011-08-01,15.366517
2011-08-02,14.912816
2011-08-03,14.968706
2011-08-04,13.789001
2011-08-05,13.757515
2011-08-08,12.755946
2011-08-09,13.507385
2011-08-10,13.062556
2011-08-11,13.700967
2011-08-12,13.78673
2011-08-15,13.998095
2011-08-16,13.790943
2011-08-17,13.824947
2011-08-18,13.022578
2011-08-19,12.835565
2011-08-22,12.832109
2011-08-23,13.271581
2011-08-24,13.448554
2011-08-25,13.317539
2011-08-26,13.59637
2011-08-29,14.001413
2011-08-30,14.118392
2011-08-31,14.152182
2011-09-01,13.969652
2011-09-02,13.634788
2011-09-06,13.54279
2011-09-07,13.906026
2011-09-08,13.740941
2011-09-09,13.303415
2011-09-12,13.201279
2011-09-13,13.411517
2011-09-14,13.623464
2011-09-15,13.85118
2011-09-16,13.900409
2011-09-19,13.692712
2011-09-20,13.554212
2011-09-21,12.943348
2011-09-22,12.232694
2011-09-23,12.190081
2011-09-26,12.462941
2011-09-27,12.718422
2011-09-28,12.091002
2011-09-29,12.093149
2011-09-30,11.64737
2011-10-03,11.346038
2011-10-04,11.760159
2011-10-05,12.230743
2011-10-06,12.540279
2011-10-07,12.348591
2011-10-10,12.862713
2011-10-11,12.84704
2011-10-12,12.974043
2011-10-13,12.90494
2011-10-14,13.234115
2011-10-17,12.824187
2011-10-18,13.135848
2011-10-19,12.803489
2011-10-20,12.830333
2011-10-21,13.135966
2011-10-24,13.439776
2011-10-25,13.010705
2011-10-26,13.21449
2011-10-27,13.637223
2011-10-28,13.73437
2011-10-31,13.158582
2011-11-01,12.696117
2011-11-02,12.973307
2011-11-03,13.241014
2011-11-04,13.22387
2011-11-07,13.323545
2011-11-08,13.470283
2011-11-09,12.831799
2011-11-10,12.951769
2011-11-11,13.2574
2011-11-14,13.139705
2011-11-15,13.152393
2011-11-16,12.841977
2011-11-17,12.481819
2011-11-18,12.533417
2011-11-21,12.328146
2011-11-22,12.236416
2011-11-23,11.897046
2011-11-25,11.846615
2011-11-28,12.276974
2011-11-29,12.300028
2011-11-30,13.026602
2011-12-01,12.992066
2011-12-02,12.895684
2011-12-05,13.023641
2011-12-06,13.121611
2011-12-07,13.13099
2011-12-08,12.737733
2011-12-09,12.881256
2011-12-12,12.596894
2011-12-13,12.381306
2011-12-14,12.235369
2011-12-15,12.313514
2011-12-16,12.399479
2011-12-19,12.118658
2011-12-20,12.59384
2011-12-21,12.631871
2011-12-22,12.746482
2011-12-23,12.867733
2011-12-27,12.868287
2011-12-28,12.577627
2011-12-29,12.717884
2011-12-30,12.713528
2012-01-03,13.087833
2012-01-04,13.277203
2012-01-05,13.272726
2012-01-06,13.262018
2012-01-09,13.480695
2012-01-10,13.720764
2012-01-11,13.85924
2012-01-12,14.067785
2012-01-13,13.979312
2012-01-17,14.056381
2012-01-18,14.215219
2012-01-19,14.203153
2012-01-20,14.583329
2012-01-23,14.574938
2012-01-24,14.586855
2012-01-25,15.071052
2012-01-26,14.939202
2012-01-27,14.955143
2012-01-30,14.952942
2012-01-31,14.947139
2012-02-01,15.102477
2012-02-02,15.299752
2012-02-03,15.509691
2012-02-06,15.436374
2012-02-07,15.392677
2012-02-08,15.354899
2012-02-09,15.445075
2012-02-10,15.174985
2012-02-13,15.20443
2012-02-14,15.014682
2012-02-15,14.994479
2012-02-16,15.23417
2012-02-17,15.260138
2012-02-21,15.344918
2012-02-22,15.303536
2012-02-23,16.354301
2012-02-24,16.35326
2012-02-27,16.374554
2012-02-28,16.437921
2012-02-29,16.148599
2012-03-01,16.325815
2012-03-02,16.271736
2012-03-05,16.010954
2012-03-06,15.666067
2012-03-07,15.722584
2012-03-08,15.981531
2012-03-09,15.98819
2012-03-12,15.892815
2012-03-13,16.161824
2012-03-14,16.087742
2012-03-15,16.209246
2012-03-16,16.264169
2012-03-19,16.3393
2012-03-20,16.248347
2012-03-21,16.24487
2012-03-22,15.993135
2012-03-23,16.149526
2012-03-26,16.372088
2012-03-27,16.338838
2012-03-28,16.186724
2012-03-29,16.194938
2012-03-30,16.262406
2012-04-02,16.487118
2012-04-03,16.34437
2012-04-04,16.005958
2012-04-05,15.916485
2012-04-09,15.673808
2012-04-10,15.456065
2012-04-11,15.601014
2012-04-12,16.036265
2012-04-13,15.858466
2012-04-16,15.912717
2012-04-17,16.154349
2012-04-18,16.098358
2012-04-19,16.57698
2012-04-20,16.589231
2012-04-23,16.357157
2012-04-24,16.437512
2012-04-25,16.827078
2012-04-26,16.938714
2012-04-27,17.080848
2012-04-30,16.93606
2012-05-01,17.058919
2012-05-02,16.959048
2012-05-03,16.726535
2012-05-04,16.452036
2012-05-07,16.453708
2012-05-08,16.371823
2012-05-09,16.241433
2012-05-10,16.193074
2012-05-11,16.130393
2012-05-14,15.901621
2012-05-15,15.658452
2012-05-16,15.476263
2012-05-17,15.153241
2012-05-18,15.071787
2012-05-21,15.526702
2012-05-22,15.427854
2012-05-23,15.596155
2012-05-24,15.724638
2012-05-25,15.6536
2012-05-29,15.920279
2012-05-30,15.646686
2012-05-31,15.571692
2012-06-01,15.259899
2012-06-04,15.278883
2012-06-05,15.396247
2012-06-06,15.783918
2012-06-07,15.813263
2012-06-08,15.929099
2012-06-11,15.637942
2012-06-12,15.921062
2012-06-13,15.683553
2012-06-14,15.798557
2012-06-15,16.000962
2012-06-18,16.068999
2012-06-19,16.38236
2012-06-20,16.303232
2012-06-21,15.768133
2012-06-22,15.833577
2012-06-25,15.644166
2012-06-26,15.66369
2012-06-27,15.652617
2012-06-28,15.662903
2012-06-29,16.11998
2012-07-02,16.050987
2012-07-03,16.260107
2012-07-05,16.23519
2012-07-06,16.046024
2012-07-09,16.132313
2012-07-10,15.898606
2012-07-11,15.850088
2012-07-12,15.76159
2012-07-13,16.038709
2012-07-16,15.979345
2012-07-17,16.227526
2012-07-18,16.319061
2012-07-19,17.014966
2012-07-20,16.889046
2012-07-23,16.635813
2012-07-24,16.359052
2012-07-25,16.393418
2012-07-26,16.970576
2012-07-27,17.254938
2012-07-30,17.280761
2012-07-31,17.238077
2012-08-01,17.226269
2012-08-02,17.07285
2012-08-03,17.392743
2012-08-06,17.464072
2012-08-07,17.650279
2012-08-08,17.672334
2012-08-09,17.760887
2012-08-10,17.758384
2012-08-13,17.624276
2012-08-14,17.533742
2012-08-15,17.582109
2012-08-16,17.82978
2012-08-17,17.807245
2012-08-20,17.790316
2012-08-21,17.787008
2012-08-22,17.959605
2012-08-23,17.660102
2012-08-24,17.634662
2012-08-27,17.522016
2012-08-28,17.47908
2012-08-29,17.542073
2012-08-30,17.366552
2012-08-31,17.552113
2012-09-04,17.293977
2012-09-05,17.213559
2012-09-06,17.658909
2012-09-07,18.007886
2012-09-10,17.966759
2012-09-11,18.031629
2012-09-12,18.001484
2012-09-13,18.462692
2012-09-14,18.686573
2012-09-17,18.410035
2012-09-18,18.359049
2012-09-19,18.463827
2012-09-20,18.43629
2012-09-21,18.365995
2012-09-24,18.27685
2012-09-25,17.999025
2012-09-26,17.898602
2012-09-27,18.113894
2012-09-28,18.00752
2012-10-01,18.064007
2012-10-02,17.997339
2012-10-03,17.994122
2012-10-04,18.219655
2012-10-05,18.301886
2012-10-08,18.279491
2012-10-09,18.321474
2012-10-10,18.138682
2012-10-11,18.195592
2012-10-12,18.109429
2012-10-15,18.263936
2012-10-16,18.69749
2012-10-17,18.856856
2012-10-18,18.899929
2012-10-19,18.70836
2012-10-22,18.953228
2012-10-23,18.981669
2012-10-24,19.434658
2012-10-25,19.59138
2012-10-26,19.660669
2012-10-31,19.563074
2012-11-01,20.025273
2012-11-02,20.680902
2012-11-05,20.727334
2012-11-06,21.011076
2012-11-07,20.682258
2012-11-08,20.400141
2012-11-09,20.428765
2012-11-12,20.412226
2012-11-13,20.337796
2012-11-14,19.992569
2012-11-15,20.011073
2012-11-16,20.067636
2012-11-19,20.6424
2012-11-20,20.652668
2012-11-21,20.670128
2012-11-23,20.966028
2012-11-26,20.959232
2012-11-27,20.880172
2012-11-28,20.968217
2012-11-29,21.094327
2012-11-30,21.12535
2012-12-03,20.737546
2012-12-04,20.751444
2012-12-05,20.498367
2012-12-06,20.520305
2012-12-07,20.689618
2012-12-10,20.828213
2012-12-11,20.982726
2012-12-12,20.935767
2012-12-13,20.844944
2012-12-14,21.029231
2012-12-17,21.232511
2012-12-18,21.493437
2012-12-19,21.378749
2012-12-20,21.579246
2012-12-21,21.404348
2012-12-24,21.48988
2012-12-26,21.623275
2012-12-27,21.534375
2012-12-28,21.259069
2012-12-31,21.688491
2013-01-02,22.197222
2013-01-03,22.045698
2013-01-04,22.293066
2013-01-07,22.24706
2013-01-08,21.629973
2013-01-09,21.768288
2013-01-10,21.856013
2013-01-11,21.81563
2013-01-14,21.823969
2013-01-15,21.834215
2013-01-16,21.706344
2013-01-17,21.863977
2013-01-18,21.985431
2013-01-22,22.731081
2013-01-23,22.599058
2013-01-24,22.645219
2013-01-25,22.730284
2013-01-28,22.505823
2013-01-29,22.531677
2013-01-30,21.796383
2013-01-31,22.464425
2013-02-01,22.087016
2013-02-04,21.865652
2013-02-05,21.982513
2013-02-06,21.991184
2013-02-07,21.809477
2013-02-08,21.943641
2013-02-11,21.896407
2013-02-12,23.956115
2013-02-13,24.018283
2013-02-14,23.884469
2013-02-15,23.868097
2013-02-19,23.743096
2013-02-20,23.070137
2013-02-21,21.066989
2013-02-22,21.331214
2013-02-25,20.85219
2013-02-26,20.976212
2013-02-27,21.328045
2013-02-28,21.359182
2013-03-01,21.710388
2013-03-04,21.731766
2013-03-05,21.867692
2013-03-06,22.061553
2013-03-07,22.120613
2013-03-08,22.307422
2013-03-11,22.397026
2013-03-12,22.42125
2013-03-13,22.36883
2013-03-14,22.513137
2013-03-15,22.529496
2013-03-18,22.380055
2013-03-19,22.291581
2013-03-20,22.451355
2013-03-21,22.086695
2013-03-22,22.102859
2013-03-25,21.939573
2013-03-26,22.064872
2013-03-27,22.059375
2013-03-28,22.12552
2013-04-01,21.912559
2013-04-02,21.708556
2013-04-03,21.244829
2013-04-04,21.416748
2013-04-05,21.328273
2013-04-08,21.355942
2013-04-09,21.592491
2013-04-10,21.741706
2013-04-11,21.820418
2013-04-12,21.504519
2013-04-15,20.67441
2013-04-16,21.057546
2013-04-17,20.75228
2013-04-18,20.600532
2013-04-19,20.83982
2013-04-22,21.042065
2013-04-23,21.264205
2013-04-24,21.933452
2013-04-25,21.947538
2013-04-26,21.447901
2013-04-29,21.995601
2013-04-30,21.812117
2013-05-01,21.416005
2013-05-02,21.468582
2013-05-03,21.857588
2013-05-06,21.910873
2013-05-07,22.09709
2013-05-08,22.229885
2013-05-09,22.195484
2013-05-10,22.188472
2013-05-13,22.008925
2013-05-14,22.264854
2013-05-15,22.386294
2013-05-16,22.277657
2013-05-17,22.546111
2013-05-20,22.632789
2013-05-21,22.588513
2013-05-22,22.302103
2013-05-23,22.281456
2013-05-24,22.219287
2013-05-28,22.415366
2013-05-29,22.357449
2013-05-30,22.407004
2013-05-31,21.925316
2013-06-03,22.050162
2013-06-04,22.010406
2013-06-05,21.544704
2013-06-06,21.671658
2013-06-07,21.855985
2013-06-10,21.957887
2013-06-11,21.653594
2013-06-12,21.495391
2013-06-13,21.872218
2013-06-14,21.731563
2013-06-17,21.894327
2013-06-18,21.99952
2013-06-19,21.833159
2013-06-20,21.257908
2013-06-21,21.200108
2013-06-24,20.874616
2013-06-25,21.0156
2013-06-26,21.096361
2013-06-27,21.073038
2013-06-28,20.953305
2013-07-01,21.112473
2013-07-02,21.041397
2013-07-03,21.030037
2013-07-05,21.174063
2013-07-08,21.405166
2013-07-09,21.7434
2013-07-10,21.723545
2013-07-11,22.077376
2013-07-12,22.00736
2013-07-15,22.050155
2013-07-16,21.888345
2013-07-17,22.104795
2013-07-18,22.059857
2013-07-19,22.167444
2013-07-22,22.235387
2013-07-23,22.678279
2013-07-24,22.499202
2013-07-25,21.044703
2013-07-26,23.200848
2013-07-29,23.429949
2013-07-30,23.374726
2013-07-31,23.289019
2013-08-01,23.416419
2013-08-02,23.454959
2013-08-05,23.395344
2013-08-06,23.223538
2013-08-07,23.224315
2013-08-08,23.578307
2013-08-09,23.713284
2013-08-12,23.667058
2013-08-13,23.723486
2013-08-14,23.684155
2013-08-15,23.503335
2013-08-16,23.322166
2013-08-19,23.127077
2013-08-20,23.263217
2013-08-21,23.098509
2013-08-22,23.365519
2013-08-23,23.565841
2013-08-26,23.564745
2013-08-27,23.13932
2013-08-28,23.092907
2013-08-29,23.168309
2013-08-30,23.138801
2013-09-03,23.269238
2013-09-04,23.477235
2013-09-05,23.535432
2013-09-06,23.486583
2013-09-09,23.841876
2013-09-10,24.053099
2013-09-11,24.200399
2013-09-12,23.954088
2013-09-13,24.117034
2013-09-16,24.371075
2013-09-17,24.311164
2013-09-18,24.871493
2013-09-19,24.776193
2013-09-20,24.457813
2013-09-23,23.975984
2013-09-24,23.958592
2013-09-25,24.012848
2013-09-26,24.155403
2013-09-27,23.867173
2013-09-30,23.772316
2013-10-01,23.882567
2013-10-02,23.955922
2013-10-03,23.747145
2013-10-04,24.085375
2013-10-07,23.806773
2013-10-08,23.237207
2013-10-09,23.282617
2013-10-10,23.76406
2013-10-11,23.894644
2013-10-14,23.970162
2013-10-15,23.831778
2013-10-16,24.078786
2013-10-17,24.392905
2013-10-18,24.472992
2013-10-21,24.469892
2013-10-22,24.555287
2013-10-23,24.436409
2013-10-24,24.06003
2013-10-25,24.064466
2013-10-28,26.03792
2013-10-29,26.007956
2013-10-30,24.314058
2013-10-31,24.237058
2013-11-01,24.180474
2013-11-04,24.382972
2013-11-05,24.196534
2013-11-06,24.349433
2013-11-07,24.032726
2013-11-08,24.475337
2013-11-11,24.464378
2013-11-12,24.392239
2013-11-13,24.497557
2013-11-14,24.700478
2013-11-15,24.855768
2013-11-18,24.687031
2013-11-19,24.625263
2013-11-20,24.424551
2013-11-21,24.616799
2013-11-22,24.747914
2013-11-25,24.575598
2013-11-26,24.52443
2013-11-27,24.54586
2013-11-29,24.510811
2013-12-02,24.461975
2013-12-03,24.161856
2013-12-04,24.275544
2013-12-05,24.120019
2013-12-06,24.465758
2013-12-09,24.58579
2013-12-10,24.652091
2013-12-11,24.234234
2013-12-12,24.192574
2013-12-13,24.295661
2013-12-16,24.402216
2013-12-17,24.528511
2013-12-18,24.851369
2013-12-19,24.913927
2013-12-20,24.975133
2013-12-23,25.119709
2013-12-24,25.391127
2013-12-26,25.53469
2013-12-27,25.593638
2013-12-30,25.602677
2013-12-31,25.66816
2014-01-02,25.485199
2014-01-03,25.438239
2014-01-06,25.285948
2014-01-07,25.245905
2014-01-08,25.351043
2014-01-09,28.517277
2014-01-10,28.619323
2014-01-13,28.214484
2014-01-14,28.608741
2014-01-15,28.794039
2014-01-16,29.02394
2014-01-17,28.962052
2014-01-21,29.124152
2014-01-22,29.166118
2014-01-23,28.736676
2014-01-24,27.952956
2014-01-27,27.949544
2014-01-28,27.792976
2014-01-29,25.515979
2014-01-30,25.020792
2014-01-31,24.399186
2014-02-03,23.81549
2014-02-04,23.802395
2014-02-05,23.815692
2014-02-06,23.804112
2014-02-07,24.132817
2014-02-10,24.239972
2014-02-11,25.251225
2014-02-12,25.173423
2014-02-13,23.619683
2014-02-14,23.782876
2014-02-18,24.291324
2014-02-19,24.114447
2014-02-20,26.380839
2014-02-21,26.301086
2014-02-24,26.17123
2014-02-25,25.810522
2014-02-26,26.000097
2014-02-27,26.176002
2014-02-28,26.295645
2014-03-03,26.238712
2014-03-04,26.647871
2014-03-05,26.698412
2014-03-06,26.793808
2014-03-07,26.672817
2014-03-10,26.640624
2014-03-11,26.378275
2014-03-12,26.359978
2014-03-13,26.142064
2014-03-14,26.175741
2014-03-17,26.382462
2014-03-18,26.530175
2014-03-19,26.29589
2014-03-20,26.419571
2014-03-21,26.545017
2014-03-24,26.42539
2014-03-25,26.556395
2014-03-26,26.187368
2014-03-27,26.09228
2014-03-28,26.262458
2014-03-31,26.540831
2014-04-01,26.716634
2014-04-02,26.942273
2014-04-03,26.968625
2014-04-04,26.617251
2014-04-07,26.237533
2014-04-08,26.716778
2014-04-09,27.123112
2014-04-10,26.576077
2014-04-11,26.261157
2014-04-14,26.45773
2014-04-15,26.605884
2014-04-16,27.0019
2014-04-17,26.885212
2014-04-21,27.250644
2014-04-22,27.369011
2014-04-23,26.854442
2014-04-24,27.177844
2014-04-25,26.99432
2014-04-28,26.836382
2014-04-29,26.762493
2014-04-30,27.323969
2014-05-01,27.113429
2014-05-02,27.239788
2014-05-05,27.364895
2014-05-06,27.239501
2014-05-07,27.033999
2014-05-08,26.913995
2014-05-09,26.91178
2014-05-12,27.257636
2014-05-13,27.253646
2014-05-14,27.268943
2014-05-15,26.867528
2014-05-16,26.975687
2014-05-19,27.180637
2014-05-20,27.029596
2014-05-21,27.158841
2014-05-22,27.21018
2014-05-23,27.441913
2014-05-27,27.443653
2014-05-28,27.455909
2014-05-29,27.735421
2014-05-30,27.726427
2014-06-02,27.836237
2014-06-03,27.767792
2014-06-04,27.81863
2014-06-05,27.931742
2014-06-06,28.077671
2014-06-09,28.00526
2014-06-10,28.03841
2014-06-11,27.874663
2014-06-12,27.634789
2014-06-13,27.735431
2014-06-16,27.692469
2014-06-17,27.736612
2014-06-18,28.039475
2014-06-19,27.978464
2014-06-20,28.156259
2014-06-23,28.315406
2014-06-24,28.064417
2014-06-25,28.332679
2014-06-26,28.285738
2014-06-27,28.177515
2014-06-30,28.305019
2014-07-01,28.3519
2014-07-02,26.473491
2014-07-03,26.648733
2014-07-07,26.434891
2014-07-08,25.980948
2014-07-09,26.085594
2014-07-10,25.968845
2014-07-11,25.996423
2014-07-14,25.998066
2014-07-15,25.928297
2014-07-16,26.114037
2014-07-17,25.834247
2014-07-18,26.003572
2014-07-21,25.92885
2014-07-22,25.929429
2014-07-23,27.63941
2014-07-24,27.479269
2014-07-25,27.261767
2014-07-28,27.289982
2014-07-29,24.546784
2014-07-30,24.39162
2014-07-31,24.003724
2014-08-01,24.015517
2014-08-04,24.281867
2014-08-05,24.0273
2014-08-06,24.299422
2014-08-07,24.084288
2014-08-08,24.342145
2014-08-11,24.324677
2014-08-12,24.388165
2014-08-13,24.489316
2014-08-14,24.508907
2014-08-15,24.561444
2014-08-18,24.798968
2014-08-19,24.885174
2014-08-20,24.920598
2014-08-21,24.867027
2014-08-22,24.767622
2014-08-25,24.859551
2014-08-26,24.888258
2014-08-27,24.890303
2014-08-28,24.90209
2014-08-29,24.941891
2014-09-02,24.845192
2014-09-03,24.889712
2014-09-04,24.861951
2014-09-05,24.983171
2014-09-08,24.874457
2014-09-09,24.671695
2014-09-10,24.673854
2014-09-11,24.645149
2014-09-12,24.511885
2014-09-15,24.553101
2014-09-16,24.679707
2014-09-17,24.81952
2014-09-18,24.995427
2014-09-19,24.977488
2014-09-22,25.042031
2014-09-23,24.901023
2014-09-24,25.156626
2014-09-25,24.79013
2014-09-26,25.007419
2014-09-29,24.885132
2014-09-30,24.597817
2014-10-01,24.03307
2014-10-02,23.969967
2014-10-03,24.04421
2014-10-06,24.027126
2014-10-07,23.607703
2014-10-08,23.607713
2014-10-09,23.007361
2014-10-10,22.658195
2014-10-13,22.065495
2014-10-14,22.138296
2014-10-15,22.283263
2014-10-16,22.32207
2014-10-17,22.624273
2014-10-20,22.946864
2014-10-21,23.429329
2014-10-22,23.01413
2014-10-23,22.913104
2014-10-24,22.694098
2014-10-27,22.227035
2014-10-28,22.466837
2014-10-29,22.130488
2014-10-30,22.493327
2014-10-31,22.915117
2014-11-03,22.739128
2014-11-04,22.487475
2014-11-05,22.740423
2014-11-06,22.927876
2014-11-07,23.0439
2014-11-10,23.111855
2014-11-11,23.219029
2014-11-12,23.263019
2014-11-13,23.253253
2014-11-14,23.327016
2014-11-17,23.323258
2014-11-18,23.58511
2014-11-19,23.557921
2014-11-20,23.672125
2014-11-21,23.970722
2014-11-24,23.852219
2014-11-25,23.765472
2014-11-26,23.799281
2014-11-28,23.221326
2014-12-01,22.985479
2014-12-02,23.115985
2014-12-03,23.449389
2014-12-04,23.521203
2014-12-05,23.567128
2014-12-08,23.185484
2014-12-09,23.244215
2014-12-10,22.750183
2014-12-11,22.766249
2014-12-12,22.102208
2014-12-15,21.982171
2014-12-16,21.831699
2014-12-17,22.436647
2014-12-18,22.94352
2014-12-19,23.207826
2014-12-22,23.284711
2014-12-23,23.469224
2014-12-24,23.402158
2014-12-26,23.480271
2014-12-29,23.429315
2014-12-30,23.382899
2014-12-31,23.148486
2015-01-02,23.189672
2015-01-05,22.569198
2015-01-06,22.411995
2015-01-07,22.696604
2015-01-08,23.235193
2015-01-09,23.11815
2015-01-12,20.886698
2015-01-13,20.644172
2015-01-14,20.398607
2015-01-15,20.597576
2015-01-16,20.937509
2015-01-20,20.879398
2015-01-21,21.084822
2015-01-22,21.359702
2015-01-23,21.018017
2015-01-26,21.230639
2015-01-27,23.694501
2015-01-28,23.70531
2015-01-29,24.489604
2015-01-30,24.378731
2015-02-02,24.566378
2015-02-03,25.309348
2015-02-04,25.200597
2015-02-05,25.833361
2015-02-06,25.753404
2015-02-09,25.733807
2015-02-10,25.836035
2015-02-11,25.180626
2015-02-12,25.586333
2015-02-13,25.803539
2015-02-17,25.866664
2015-02-18,25.924482
2015-02-19,24.778609
2015-02-20,24.873734
2015-02-23,24.833571
2015-02-24,24.888195
2015-02-25,24.821475
2015-02-26,24.641913
2015-02-27,24.586378
2015-03-02,24.754435
2015-03-03,24.601772
2015-03-04,24.511788
2015-03-05,24.413953
2015-03-06,24.088352
2015-03-09,24.114361
2015-03-10,23.732819
2015-03-11,23.716992
2015-03-12,24.01522
2015-03-13,23.778378
2015-03-16,23.751761
2015-03-17,23.477908
2015-03-18,23.847753
2015-03-19,23.431563
2015-03-20,23.592141
2015-03-23,23.71346
2015-03-24,23.645838
2015-03-25,23.380913
2015-03-26,23.424511
2015-03-27,23.407099
2015-03-30,23.709022
2015-03-31,23.497335
2015-04-01,23.71308
2015-04-02,23.740116
2015-04-06,23.932397
2015-04-07,23.904104
2015-04-08,23.621326
2015-04-09,23.700029
2015-04-10,23.758527
2015-04-13,23.663536
2015-04-14,23.763311
2015-04-15,24.008449
2015-04-16,23.832607
2015-04-17,23.632769
2015-04-20,23.798123
2015-04-21,23.949984
2015-04-22,24.009363
2015-04-23,26.835144
2015-04-24,26.717718
2015-04-27,26.953843
2015-04-28,26.958312
2015-04-29,26.504066
2015-04-30,26.303909
2015-05-01,26.76433
2015-05-04,26.679717
2015-05-05,26.486278
2015-05-06,26.9854
2015-05-07,27.127346
2015-05-08,27.564012
2015-05-11,27.617086
2015-05-12,27.30499
2015-05-13,27.236179
2015-05-14,27.533514
2015-05-15,27.646522
2015-05-18,27.547821
2015-05-19,27.413463
2015-05-20,27.369199
2015-05-21,27.483329
2015-05-22,27.435021
2015-05-26,27.10255
2015-05-27,27.285167
2015-05-28,27.342961
2015-05-29,27.156213
2015-06-01,27.16472
2015-06-02,27.258874
2015-06-03,27.275478
2015-06-04,26.923836
2015-06-05,26.821983
2015-06-08,26.732781
2015-06-09,26.755608
2015-06-10,27.035068
2015-06-11,27.070996
2015-06-12,26.908278
2015-06-15,26.731407
2015-06-16,26.890537
2015-06-17,26.997896
2015-06-18,27.230949
2015-06-19,27.069874
2015-06-22,27.175434
2015-06-23,27.099494
2015-06-24,26.348839
2015-06-25,26.323439
2015-06-26,26.201981
2015-06-29,25.577531
2015-06-30,25.6539
2015-07-01,25.712236
2015-07-02,25.060685
2015-07-06,24.835874
2015-07-07,24.752834
2015-07-08,24.231688
2015-07-09,24.309983
2015-07-10,24.665225
2015-07-13,24.918799
2015-07-14,25.057606
2015-07-15,24.848974
2015-07-16,24.782788
2015-07-17,24.618009
2015-07-20,24.395867
2015-07-21,24.258139
2015-07-22,24.291065
2015-07-23,26.335567
2015-07-24,25.749758
2015-07-27,25.457869
2015-07-28,25.901481
2015-07-29,26.224228
2015-07-30,26.403705
2015-07-31,26.322602
2015-08-03,26.126816
2015-08-04,26.054028
2015-08-05,26.233083
2015-08-06,26.061324
2015-08-07,25.693005
2015-08-10,26.348465
2015-08-11,25.840477
2015-08-12,25.904255
2015-08-13,25.840494
2015-08-14,25.955708
2015-08-17,26.112805
2015-08-18,25.934213
2015-08-19,25.612587
2015-08-20,25.155828
2015-08-21,24.535086
2015-08-24,23.507616
2015-08-25,23.085115
2015-08-26,23.735999
2015-08-27,24.596202
2015-08-28,24.748679
2015-08-31,24.617196
2015-09-01,23.837163
2015-09-02,24.179942
2015-09-03,24.32857
2015-09-04,23.835688
2015-09-08,24.440344
2015-09-09,24.248757
2015-09-10,24.299845
2015-09-11,24.261158
2015-09-14,23.951118
2015-09-15,24.151853
2015-09-16,24.50042
2015-09-17,24.375042
2015-09-18,23.87579
2015-09-21,23.92114
2015-09-22,23.484403
2015-09-23,22.986527
2015-09-24,22.919818
2015-09-25,22.892577
2015-09-28,22.867464
2015-09-29,22.962792
2015-09-30,23.454472
2015-10-01,23.702616
2015-10-02,24.274662
2015-10-05,24.915586
2015-10-06,25.233939
2015-10-07,25.93517
2015-10-08,26.480374
2015-10-09,26.465916
2015-10-12,26.233368
2015-10-13,26.130142
2015-10-14,26.361109
2015-10-15,26.347437
2015-10-16,26.354188
2015-10-19,26.150687
2015-10-20,26.210328
2015-10-21,25.967655
2015-10-22,26.147269
2015-10-23,34.214251
2015-10-26,33.971401
2015-10-27,33.568105
2015-10-28,34.47319
2015-10-29,34.158269
2015-10-30,34.252596
2015-11-02,34.628464
2015-11-03,34.555643
2015-11-04,34.891904
2015-11-05,34.702986
2015-11-06,34.781714
2015-11-09,34.674428
2015-11-10,34.401916
2015-11-11,34.445147
2015-11-12,33.738553
2015-11-13,34.154672
2015-11-16,34.589799
2015-11-17,34.554314
2015-11-18,35.150088
2015-11-19,35.129053
2015-11-20,35.034984
2015-11-23,35.056336
2015-11-24,35.335216
2015-11-25,35.122073
2015-11-27,35.081053
2015-11-30,35.140609
2015-12-01,35.397759
2015-12-02,34.937113
2015-12-03,34.616756
2015-12-04,35.231517
2015-12-07,34.606613
2015-12-08,33.93536
2015-12-09,34.975563
2015-12-10,34.710842
2015-12-11,33.784007
2015-12-14,33.309604
2015-12-15,33.485343
2015-12-16,33.842768
2015-12-17,33.187706
2015-12-18,32.754573
2015-12-21,34.043499
2015-12-22,34.455732
2015-12-23,35.270284
2015-12-24,35.197993
2015-12-28,34.930261
2015-12-29,35.245239
2015-12-30,34.879803
2015-12-31,34.608914
2017-09-04,22.57149258476896
2017-09-20,28.986789288793418
2017-09-21,28.871421976273844
2017-10-09,26.568660305945134
2017-11-22,26.985802348377224
2018-01-01,20.732003805026405
2018-01-15,21.676116931408
2018-02-19,20.565729137339552
2018-03-21,20.152324601866823
2018-03-22,19.500656874091
2018-03-29,21.144811857910465
2018-03-30,19.61486750787949
2018-05-02,19.526439640686352
2018-05-03,19.58865105832904
2018-05-04,19.90942877105701
2018-05-28,20.34046562753782
2018-06-07,18.847756599665257
2018-06-08,18.91256844010865
2018-06-11,18.932599613339114
2018-06-12,18.933096857430726
2018-06-13,18.764908495147814
2018-06-14,18.794249207431264
2018-06-15,18.6957857851632
2018-06-18,18.691680038512683
2018-06-19,18.37638800514417
2018-06-20,18.32257904666176
2018-06-21,18.10288436935046
2018-06-22,18.26647791141414
2018-06-25,18.01495444101881
2018-06-26,18.08365422659222
2018-06-27,18.041512470093306
2018-06-28,18.084393589151205
2018-06-29,18.15097799639728
2018-07-02,16.110367665878073
2018-07-03,16.103214787993018
2018-07-05,16.19344805809659
2018-07-06,16.296173044815674
2018-07-09,16.441364241453574
2018-07-10,16.5274205227818
2018-07-11,16.27719259003991
2018-07-12,16.31522918878909
2018-07-13,16.28980781506931
2018-07-16,16.150802157478832
2018-07-17,16.345941621884194
2018-07-18,16.415226666048394
2018-07-19,16.30198197542942
2018-07-20,16.229030288845646
2018-07-23,16.16219478935117
2018-07-24,16.343256816791627
2018-07-25,16.44476122730876
2018-07-26,16.51202926335937
2018-07-30,16.40251532952576
2018-08-01,16.388715952563963
2018-08-02,16.372271614922074
2018-08-03,16.54490960254047
2018-08-06,16.55679311861227
2018-08-07,16.592098134490264
2018-08-08,16.561165354369063
2018-08-09,16.554985996297606
2018-08-10,16.343657442524407
2018-08-13,16.20373666945509
2018-08-14,16.28616807921481
2018-08-15,16.0122825077034
2018-08-16,16.10290294338286
2018-08-17,16.197933572237723
2018-08-20,16.28239197442453
2018-08-21,16.344800498523973
2018-08-22,16.282218529974894
2018-08-23,16.171380723671994
2018-08-24,16.347503420755903
2018-08-27,16.537397309256097
2018-08-28,16.454379703491202
2018-08-29,16.557298991208615
2018-08-30,16.37372052959542
2018-08-31,16.312489455149255
2018-09-04,16.169139587781704
2018-09-05,16.288744820512346
2018-09-06,16.321247177370434
2018-09-07,16.214357389028287
2018-09-10,16.217800719314
2018-09-11,16.24744008522428
2018-09-12,16.336710418316276
2018-09-13,16.417511057344203
2018-09-14,16.465566333528276
2018-09-17,16.504624420110314
2018-09-18,16.589014507740934
2018-09-19,16.73041220562373
2018-09-20,16.85190718631954
2018-09-21,16.826658060695863
2018-09-24,16.86437758211064
2018-09-25,16.777477988358203
2018-09-26,16.62089785711848
2018-09-27,16.52724646179931
2018-09-28,16.4778907114752
2018-10-01,15.829554171453749
2018-10-02,15.93077060080382
2018-10-03,15.802978569871067
2018-10-04,15.762732314365724
2018-10-05,15.660376606463734
2018-10-08,15.59427134870939
2018-10-09,15.116913814872667
2018-10-10,14.748464557014938
2018-10-11,14.566749236445052
2018-10-12,14.56976680022651
2018-10-15,14.5270112427036
2018-10-16,14.755956091849775
2018-10-17,14.644436073881293
2018-10-18,14.468145773292228
2018-10-19,14.437836043327817
2018-10-22,14.290717151079164
2018-10-23,14.206835789677069
2018-10-24,13.752674053844643
2018-10-25,13.965120356148727
2018-10-26,13.919334916063722
2018-10-29,13.84382719873394
2018-10-30,14.280059333911955
2018-10-31,16.165741244711782
2018-11-02,14.851204221983709
2018-11-05,14.901761240276729
2018-11-06,15.15528717662731
2018-11-07,15.41738549065857
2018-11-08,15.350303583272265
2018-11-09,15.159887785414622
2018-11-12,14.939886180168212
2018-11-13,14.951827712833612
2018-11-14,14.934000660480557
2018-11-15,15.162342044978589
2018-11-16,15.274864770330602
2018-11-19,15.037802857896102
2018-11-20,14.7585756912725
2018-11-21,14.90197211126691
2018-11-23,14.727438548556371
2018-11-26,14.872184748654243
2018-11-27,14.728640392062193
2018-11-28,14.989390686978046
2018-11-29,15.048044172488472
2018-11-30,15.09394096419832
2018-12-03,15.270637840477454
2018-12-04,14.763522809533407
2018-12-06,14.683540414710002
2018-12-07,14.372983137044312
2018-12-10,14.3410941229599
2018-12-11,15.975154153145278
2018-12-12,16.075938855096098
2018-12-13,15.889644078095174
2018-12-14,15.810143113335672
2018-12-17,15.513865268965782
2018-12-18,15.5755349849678
2018-12-19,15.323412589927544
2018-12-20,15.157256749835836
2018-12-21,15.003535797963444
2018-12-24,14.2389433995158
2018-12-26,14.82688471325298
2018-12-27,15.091551455641325
2018-12-28,14.997770868049352
2018-12-31,14.557034564975124
2019-01-02,14.56442154799062
2019-01-03,14.200742490393576
2019-01-04,14.745981150038409
2019-01-07,14.803173468604216
2019-01-08,14.948748269210386
2019-01-09,14.947451682971042
2019-01-10,15.1111519116233
2019-01-11,15.066142815104604
2019-01-14,14.907282227232324
2019-01-15,14.81967733397904
2019-01-16,14.86599936796872
2019-01-17,15.063602122039804
2019-01-18,15.304823431140372
2019-01-22,15.172066654176332
2019-01-23,15.031648077922982
2019-01-24,14.9314075719532
2019-01-25,15.19455201586817
2019-01-28,15.148161847795937
2019-01-29,15.314105088018223
2019-01-30,15.45824878007202
2019-01-31,15.550137142874224
2019-02-01,15.666564618427634
2019-02-04,15.6471197575561
2019-02-05,15.71971946764965
2019-02-06,15.662878528315382
2019-02-07,15.466778324107825
2019-02-08,15.490352622264425
2019-02-11,15.503402571405903
2019-02-12,15.833852860174026
2019-02-13,15.872766152032158
2019-02-14,15.799162076108642
2019-02-15,15.94729191600792
2019-02-19,16.040212819826554
2019-02-20,16.259467776110306
2019-02-21,16.247692074754283
2019-02-22,16.352591863191186
2019-02-25,16.40518679230156
2019-02-26,16.29784813316318
2019-02-27,16.328585385219398
2019-02-28,16.181916612908783
2019-03-01,16.1411649343936
2019-03-04,16.097066108524327
2019-03-05,16.053936752910662
2019-03-06,16.03697621825594
2019-03-07,15.856864335603548
2019-03-08,15.883832262874895
2019-03-11,16.096450283595786
2019-03-12,16.168668726726615
2019-03-13,16.250261365454882
2019-03-14,16.148486966302325
2019-03-15,16.169339074504087
2019-03-18,16.204993223957953
2019-03-19,16.185260633299222
2019-03-20,16.180120307721996
2019-03-21,16.325292575518528
2019-03-22,15.859373625997565
2019-03-25,15.874303990292686
2019-03-26,15.99677940230146
2019-03-27,16.014715338155288
2019-03-28,16.199190323007553
2019-03-29,16.309299031791596
2019-04-01,17.557248475097932
2019-04-02,17.75614257330011
2019-04-03,17.964328399710116
2019-04-04,18.14106112060816
2019-04-05,18.120321492581976
2019-04-08,18.11436319866065
2019-04-09,17.9443512727535
2019-04-10,17.917859627477636
2019-04-11,17.877775085718792
2019-04-12,18.11100408554911
2019-04-15,18.053772502168133
2019-04-16,18.11544732277322
2019-04-17,17.9862378386507
2019-04-18,18.010443177659795
2019-04-22,18.17499505164618
2019-04-23,18.266944302006426
2019-04-24,18.146886222972288
2019-04-25,17.925665979492912
2019-04-26,18.065281452778954
2019-04-29,18.03201774684113
2019-04-30,18.178147340543024
2019-05-01,17.874771361682203
2019-05-02,17.952233180891962
2019-05-03,18.14054777973877
2019-05-06,17.945962836613575
2019-05-07,17.682629749147928
2019-05-08,17.69539368668794
2019-05-09,17.584321297613258
2019-05-10,17.803386196180952
2019-05-13,17.455640031590946
2019-05-14,17.577728103821084
2019-05-15,17.58013939764971
2019-05-16,17.793895766384836
2019-05-17,17.67850445162068
2019-05-20,17.386048121903702
2019-05-21,17.61252784690602
2019-05-22,17.498357696874255
2019-05-23,17.249252484369823
2019-05-24,17.336830580380358
2019-05-28,17.179860294266
2019-05-29,17.14544468188571
2019-05-30,17.084201391259867
2019-05-31,16.971141429575628
2019-06-03,25.315739428623388
2019-06-04,25.90186465323615
2019-06-05,26.212772562146128
2019-06-06,26.50120885632165
2019-06-07,26.675289824499103
2019-06-10,26.720325720599
2019-06-11,26.700227934724197
2019-06-12,26.724641526559463
2019-06-13,27.10022849649346
2019-06-14,26.804494093179358
2019-06-17,26.55559899469348
2019-06-18,26.763056870194795
2019-06-19,26.63905622588505
2019-06-20,26.959626374893496
2019-06-21,26.875830989015054
2019-06-24,27.472407736526343
2019-06-25,27.471969157873957
2019-06-26,27.418291463207726
2019-06-27,27.51204995799796
2019-06-28,27.76123183239317
2019-07-01,34.22510222857109
2019-07-02,34.1827443118517
2019-07-03,34.54876707681029
2019-07-05,34.17623645282602
2019-07-08,33.8165711614099
2019-07-09,33.4750562552862
2019-07-10,33.413242009592345
2019-07-11,33.555701037622896
2019-07-12,33.887574532495435
2019-07-15,34.2740153894247
2019-07-16,34.33396308284386
2019-07-17,33.693692311026
2019-07-18,33.83878384528526
2019-07-19,33.9278634270919
2019-07-22,34.19690842518733
2019-07-23,34.86842195171037
2019-07-24,34.862001158556524
2019-07-25,34.6045369249403
2019-07-26,34.63156103371837
2019-07-29,34.24846185851866
2019-07-30,34.72861849158191
2019-07-31,34.20722777520586
2019-08-01,34.025282557641745
2019-08-02,33.6200713759394
2019-08-05,33.436249323535456
2019-08-06,32.79305129559197
2019-08-07,33.46963871171624
2019-08-08,34.093582200808555
2019-08-09,33.85052074335057
2019-08-12,33.300087739636176
2019-08-13,33.68769276567945
2019-08-14,32.60157405769051
2019-08-15,32.602048577193884
2019-08-16,33.17389221260509
2019-08-19,33.424966515641046
2019-08-20,33.03388671244246
2019-08-21,33.20847192773031
2019-08-22,32.98439805175899
2019-08-23,32.18106913918705
2019-08-26,32.27731045291216
2019-08-27,32.30456966761727
2019-08-28,32.57750526235585
2019-08-29,32.96351884995808
2019-08-30,33.183899310528666
2019-09-03,32.89505753417126
2019-09-04,33.24830895254487
2019-09-05,33.31127769464935
2019-09-06,33.47289207945096
2019-09-09,33.29692526644846
2019-09-10,33.61581518740819
2019-09-11,33.93985956888144
2019-09-12,34.18523663478266
2019-09-13,34.568374728704924
2019-09-16,33.994991294356645
2019-09-17,34.2446766075957
2019-09-18,34.275648485840414
2019-09-19,34.32597068826003
2019-09-20,34.26386966458639
2019-09-23,34.38182470798059
2019-09-24,34.05010845557383
2019-09-25,34.240305800428644
2019-09-26,34.168595860129095
2019-09-27,34.080408073756644
2019-09-30,26.035893965975117
2019-10-01,25.43944497064073
2019-10-02,24.96041903371662
2019-10-03,25.066110834550766
2019-10-04,25.196442228531247
2019-10-07,25.117329848584955
2019-10-08,24.683921881334395
2019-10-09,24.93878914129985
2019-10-10,25.182442184285254
2019-10-11,25.664603024316257
2019-10-14,25.46459297167182
2019-10-15,25.64376678768076
2019-10-16,25.721175910235143
2019-10-17,25.76792754033149
2019-10-18,25.74068466659384
2019-10-21,25.65566838012669
2019-10-22,25.55344726558794
2019-10-23,25.7206985722947
2019-10-24,25.80339365615089
2019-10-25,26.071364906519737
2019-10-28,26.144351934969908
2019-10-29,26.319217813027937
2019-10-30,26.318060597702235
2019-10-31,26.13106882684911
2019-11-01,26.39489348745396
2019-11-04,26.604760402020773
2019-11-05,26.67615214525788
2019-11-06,26.650291258579408
2019-11-07,26.818880322195103
2019-11-08,26.92506157610919
2019-11-11,26.81353761538801
2019-11-12,27.00839097371981
2019-11-13,26.88230333566155
2019-11-14,27.014220679221975
2019-11-15,26.989752414454745
2019-11-18,26.93060802153723
2019-11-19,26.847179257650957
2019-11-20,26.528852962245807
2019-11-21,26.4915080499545
2019-11-22,26.532615393463743
2019-11-25,26.697962122469956
2019-11-26,26.83802671611901
2019-11-27,26.9010341660741
2019-11-29,26.775706814029547
2019-12-02,26.521764624749668
2019-12-03,26.34617994476798
2019-12-04,26.33451648231916
2019-12-05,26.50988099090315
2019-12-06,26.77886952950765
2019-12-09,26.745028163823218
2019-12-10,26.58522684460264
2019-12-11,26.7753195853614
2019-12-12,27.157911879677584
2019-12-13,26.938839549994128
2019-12-16,27.06247040737253
2019-12-17,27.112654275606594
2019-12-18,27.048339109158537
2019-12-19,27.136765031369457
2019-12-20,27.22931756814565
2019-12-23,27.365425416450734
2019-12-24,27.51028703675408
2019-12-26,27.624607646188124
2019-12-27,27.53954877587828
2019-12-30,27.370712065128654
2019-12-31,35.76957651577766
2020-01-02,35.53418842226834
2020-01-03,34.956624030884434
2020-01-06,34.79725260922095
2020-01-07,34.7238205209718
2020-01-08,34.89952524871265
2020-01-09,35.016291463854614
2020-01-10,34.865156040779496
2020-01-13,35.340306059329514
2020-01-14,35.2029435359701
2020-01-15,35.42595269364845
2020-01-16,35.6303393689062
2020-01-17,35.8052526292912
2020-01-21,35.42059447849343
2020-01-22,35.281602418620494
2020-01-23,35.233236632248186
2020-01-24,34.98691765333623
2020-01-27,34.248812492481875
2020-01-28,34.586371854903696
2020-01-29,34.71132612512706
2020-01-30,34.50670289125512
2020-01-31,33.74167207087257
2020-02-03,34.4632122932977
2020-02-04,35.071512335266895
2020-02-05,35.728552311172706
2020-02-06,35.69835837179368
2020-02-07,35.17593932870064
2020-02-10,35.179363366387804
2020-02-11,35.3618658025645
2020-02-12,35.54936289936801
2020-02-13,35.41191564671689
2020-02-14,35.43136537885776
2020-02-18,35.3449821020107
2020-02-19,35.41334688413842
2020-02-20,35.45529572373301
2020-02-21,35.309240214892874
2020-02-24,34.292469529565544
2020-02-25,32.81442766765302
2020-02-26,32.69992807313415
2020-02-27,31.18022722232995
2020-02-28,30.80963880381649
2020-03-02,32.08589145602051
2020-03-03,31.83293109771798
2020-03-04,33.11093189590296
2020-03-05,32.036476677349896
2020-03-06,31.190147878067705
2020-03-09,28.30077922678892
2020-03-10,29.41825812522525
2020-03-11,28.016070427125985
2020-03-12,25.31215527228589
2020-03-13,27.08886123031861
2020-03-16,23.970375537941468
2020-03-17,25.55771737744236
2020-03-18,23.986362482751744
2020-03-19,24.52223550902561
2020-03-20,23.65696666248236
2020-03-23,22.4835552687539
2020-03-24,25.09441460938409
2020-03-25,25.65161788849645
2020-03-26,26.92309032218203
2020-03-27,25.8984967642741
2020-03-30,26.37211958036558
2020-03-31,27.025701808043024
2020-04-01,25.784700299146863
2020-04-02,26.171164277396425
2020-04-03,25.56014902658729
2020-04-06,28.197579677690022
2020-04-07,28.87623119291946
2020-04-08,30.320666519044853
2020-04-09,31.8285214218696
2020-04-13,30.946108518439228
2020-04-14,31.302817611684667
2020-04-15,29.890054071047715
2020-04-16,29.72674973168768
2020-04-17,30.939717354595167
2020-04-20,30.145113714536024
2020-04-21,29.401550597587292
2020-04-22,30.025974175959565
2020-04-23,30.184925291045808
2020-04-24,30.656506875520805
2020-04-27,31.46391952740562
2020-04-28,32.07410983378785
2020-04-29,32.89715290086761
2020-04-30,31.92269428809149
2020-05-01,31.231819630510536
2020-05-04,31.35853786891169
2020-05-05,31.45224970494935
2020-05-06,30.87822488234151
2020-05-07,31.53722981445112
2020-05-08,32.289770621958574
2020-05-11,31.79934280336463
2020-05-12,31.30170799906409
2020-05-13,30.61937278351997
2020-05-14,30.993568532461097
2020-05-15,31.29111100578674
2020-05-18,32.71933608300492
2020-05-19,32.391190820304466
2020-05-20,32.91807539905292
2020-05-21,32.589289032554454
2020-05-22,32.53289225270938
2020-05-26,33.40235568471984
2020-05-27,33.75046246653988
2020-05-28,34.025593774366605
2020-05-29,34.053167486095305
2020-06-01,34.24029389166702
2020-06-02,34.8424187070545
2020-06-03,35.63614418604949
2020-06-04,35.76197589750578
2020-06-05,36.64894762646551
2020-06-08,36.7794713612442
2020-06-09,36.34030547031752
2020-06-10,35.89517802800986
2020-06-11,33.07809934338891
2020-06-12,33.71629865268257
2020-06-15,34.02899401955352
2020-06-16,34.74687422361554
2020-06-17,34.4831896870453
2020-06-18,34.49855817728581
2020-06-19,34.38932481174153
2020-06-22,33.32677653126786
2020-06-23,33.39900956406253
2020-06-24,32.414893574708444
2020-06-25,32.82332939327287
2020-06-26,32.374632042673035
2020-06-29,33.10420702984699
2020-06-30,36.7918603975052
2020-07-01,36.87216334404086
2020-07-02,37.38383028362161
2020-07-06,38.73089940376278
2020-07-07,38.72853901767379
2020-07-08,38.16651188023086
2020-07-09,37.81597755890496
2020-07-10,38.475387481949625
2020-07-13,38.47023502018288
2020-07-14,39.44789456342957
2020-07-15,40.101995097466585
2020-07-16,40.24622416417908
2020-07-17,40.56849593263233
2020-07-20,40.23860102848118
2020-07-21,40.57858381746247
2020-07-22,41.02965855739388
2020-07-23,40.91400324503682
2020-07-24,40.78763502291433
2020-07-27,41.359510375992905
2020-07-28,40.45849605644344
2020-07-29,40.79339063844171
2020-07-30,40.00012718065501
2020-07-31,40.04469255416421
2020-08-03,39.80536288182569
2020-08-04,40.33384009686691
2020-08-05,40.94478850961482
2020-08-06,40.76438271887777
2020-08-07,40.91065338736957
2020-08-10,41.30651846187165
2020-08-11,41.24310830944491
2020-08-12,41.49133609335664
2020-08-13,41.45962452952839
2020-08-14,41.52163003199478
2020-08-17,41.684957899304855
2020-08-18,41.53810770235787
2020-08-19,41.41245307743969
2020-08-20,41.23618115147276
2020-08-21,41.02167519694145
2020-08-24,41.71714870880663
2020-08-25,41.58744703396737
2020-08-26,41.98705076097829
2020-08-27,41.89320996054312
2020-08-28,42.35631167849058
2020-08-31,41.73136720697781
2020-09-01,42.87883263161096
2020-09-02,43.838132739045335
2020-09-03,42.62817051500686
2020-09-04,42.68038067387827
2020-09-08,41.79958309998722
2020-09-09,42.87741827639958
2020-09-10,42.47420594716336
2020-09-11,43.02993097119089
2020-09-14,43.6261373920476
2020-09-15,43.83500451303328
2020-09-16,43.86924791373523
2020-09-17,44.20532483878459
2020-09-18,43.448783077823485
2020-09-21,42.00724722222658
2020-09-22,42.100906034744746
2020-09-23,40.86096542563008
2020-09-24,41.15413665067391
2020-09-25,41.49107800811024
2020-09-28,42.12550303936109
2020-09-29,41.82780669478271
2020-09-30,53.961110184882415
2020-10-01,53.21731006387183
2020-10-02,53.65699722353012
2020-10-05,55.02595031647135
2020-10-06,54.326932501027
2020-10-07,55.758782275412365
2020-10-08,56.34252346000102
2020-10-09,56.75717928176572
2020-10-12,57.01351054166745
2020-10-13,56.14923989195101
2020-10-14,56.34016595775192
2020-10-15,56.18719230678212
2020-10-16,56.54793156134161
2020-10-19,55.87506388671256
2020-10-20,56.01654614241298
2020-10-21,56.09389042519752
2020-10-22,56.094930284244576
2020-10-23,56.30075329297108
2020-10-26,54.91139616345009
2020-10-27,54.38235541505794
2020-10-28,52.818742396824064
2020-10-29,53.96243803447935
2020-10-30,53.898503644710885
2020-11-02,55.722313876183385
2020-11-03,56.58451764436249
2020-11-04,55.64875674128943
2020-11-05,57.90261553439497
2020-11-06,58.00931069697588
2020-11-09,59.2944281681484
2020-11-10,59.60366392651664
2020-11-12,57.88364852038656
2020-11-13,58.83237530841667
2020-11-16,60.01128733501966
2020-11-17,59.77666848349866
2020-11-18,59.2890853459048
2020-11-19,59.54523651497082
2020-11-20,59.49605926360028
2020-11-23,59.97267052665487
2020-11-24,61.4724130291856
2020-11-25,61.12408898212593
2020-11-27,61.06154413849716
2020-11-30,60.51097226983863
2020-12-01,61.13765980448928
2020-12-02,60.28969594038944
2020-12-03,59.87500367119789
2020-12-04,61.08546374650212
2020-12-07,60.66363457112366
2020-12-08,61.02078273083966
2020-12-09,61.06545115587754
2020-12-10,60.6342074852903
2020-12-11,60.31668647205597
2020-12-14,59.50801850874028
2020-12-15,60.61548320199243
2020-12-16,60.42100046759771
2020-12-17,61.13099525765495
2020-12-18,61.41945378376759
2020-12-21,65.30733323267037
2020-12-22,64.93882836143878
2020-12-23,64.989844868635
2020-12-24,65.58465992664205
2020-12-28,65.12937006443181
2020-12-29,64.98964055719681
2020-12-30,65.85983192252878
2020-12-31,37.89074211111414
2021-01-04,37.475775452215984
2021-01-05,38.33731606253767
2021-01-06,39.904161414451806
2021-01-07,40.21947926947024
2021-01-08,40.01549035217155
2021-01-11,40.01542377435116
2021-01-12,40.55028630211066
2021-01-13,40.12123970313201
2021-01-14,39.97023274741516
2021-01-15,39.38957242456175
2021-01-19,39.54524705447865
2021-01-20,39.683328620054425
2021-01-21,39.087119873956006
2021-01-22,38.92081047499685
2021-01-25,38.70802746675267
2021-01-26,38.16815496932504
2021-01-27,37.02381346424676
2021-01-28,37.69935944282928
2021-01-29,36.9683229611742
2021-02-01,37.39800297655914
2021-02-02,37.88338028454061
2021-02-03,36.6930975544258
2021-02-04,36.49336213292664
2021-02-05,37.11638820772944
2021-02-08,37.43009718142001
2021-02-09,37.17199414715253
2021-02-10,37.095727097609085
2021-02-11,37.14894387011472
2021-02-12,37.528561892811226
2021-02-16,37.45839342550355
2021-02-17,37.40910368660456
2021-02-18,37.17717626304311
2021-02-19,37.860254907605366
2021-02-22,37.99812242765889
2021-02-23,38.12206447907884
2021-02-24,38.469231451960574
2021-02-25,37.55065372886385
2021-02-26,37.04872727445942
2021-03-01,37.98832955701478
2021-03-02,38.20384450239332
2021-03-03,37.805678262812336
2021-03-04,37.02441915330176
2021-03-05,37.89605512895815
2021-03-08,38.38541882154063
2021-03-09,38.63868013274605
2021-03-10,39.270049789367874
2021-03-11,39.48719965165898
2021-03-12,39.56006772838823
2021-03-15,39.62720217476932
2021-03-16,39.27616491074278
2021-03-17,39.62607093436948
2021-03-18,39.416122924743206
2021-03-19,39.228526359305725
2021-03-22,39.65097294050638
2021-03-23,38.81575501093853
2021-03-24,39.085870655593
2021-03-25,39.64679015447771
2021-03-26,40.63392624591683
2021-03-29,40.49389103002415
2021-03-30,40.36580617211639
2021-03-31,34.04697077041662
2021-04-01,34.39138788867493
2021-04-05,33.52751923430451
2021-04-06,33.60610607991104
2021-04-07,33.01713136015115
2021-04-08,33.069721439529914
2021-04-09,33.34892179752237
2021-04-12,33.45899766872916
2021-04-13,33.38779581338644
2021-04-14,33.60667101388847
2021-04-15,34.01991241478003
2021-04-16,34.42152900921817
2021-04-19,34.27260358992746
2021-04-20,33.94516086264964
2021-04-21,34.579705145893776
2021-04-22,33.82157978098022
2021-04-23,34.550896662387586
2021-04-26,34.727579792932275
2021-04-27,34.655395999407354
2021-04-28,34.730172668885494
2021-04-29,34.95536787598933
2021-04-30,34.579000883947025
2021-05-03,35.101722763057715
2021-05-04,35.474383601365844
2021-05-05,35.939895587042464
2021-05-06,36.29974648894355
2021-05-07,36.598544843550805
2021-05-10,36.442605464354976
2021-05-11,36.56866007321379
2021-05-12,35.63568600478647
2021-05-13,36.18119382896472
2021-05-14,36.60579117354592
2021-05-17,36.92508124911178
2021-05-18,36.51745962445428
2021-05-19,35.953430389637454
2021-05-20,35.96952974934788
2021-05-21,36.06786004671645
2021-05-24,36.36906826846423
2021-05-25,36.05057198830015
2021-05-26,36.07069051204202
2021-05-27,36.342333527455175
2021-05-28,36.28516552205266
2021-06-01,36.79320645607602
2021-06-02,36.44915395394301
2021-06-03,36.45081979639821
2021-06-04,36.515652902048885
2021-06-07,36.06509355709724
2021-06-08,36.12914473170506
2021-06-09,35.85275773159243
2021-06-10,35.64446367084581
2021-06-11,35.77715883029888
2021-06-14,35.317373747058824
2021-06-15,35.25200461663595
2021-06-16,34.83979140961256
2021-06-17,34.08492407439637
2021-06-18,33.53331959056795
2021-06-21,34.22079648354671
2021-06-22,34.3369870588392
2021-06-23,34.12614861089627
2021-06-24,34.220670380570446
2021-06-25,34.23305166165796
2021-06-28,34.22590389702916
2021-06-29,34.211931407086766
2021-06-30,25.62793344670142
2021-07-01,25.77048296653616
2021-07-02,25.791256972164238
2021-07-06,24.42040377069869
2021-07-07,24.669032935247348
2021-07-08,24.334833871489767
2021-07-09,24.821986084608227
2021-07-12,24.88721198403972
2021-07-13,24.65134883551453
2021-07-14,24.605152063728568
2021-07-15,24.616039458183067
2021-07-16,24.241733542759704
2021-07-19,23.715769873669007
2021-07-20,24.000801679455225
2021-07-21,24.261606102603164
2021-07-22,24.267044797623537
2021-07-23,24.433761026158415
2021-07-26,24.64471912756272
2021-07-27,24.679465933575944
2021-07-28,24.74374507942832
2021-07-29,25.0107019636756
2021-07-30,25.11257013937889
2021-08-02,24.81918815902697
2021-08-03,25.06948683798505
2021-08-04,24.82288696149852
2021-08-05,24.78856963654513
2021-08-06,25.154316825798546
2021-08-09,25.126160138774253
2021-08-10,25.49891463812042
2021-08-11,25.860888030293
2021-08-12,25.812849189963195
2021-08-13,25.83221222371967
2021-08-16,25.70499040908226
2021-08-17,25.395117166559206
2021-08-18,25.107114541783822
2021-08-19,24.873823218376614
2021-08-20,25.032196060190365
2021-08-23,25.24271907137641
2021-08-24,25.410133299596424
2021-08-25,25.51677198996825
2021-08-26,25.34139582647004
2021-08-27,25.675060086989088
2021-08-30,25.63238682946679
2021-08-31,25.554115516234376
2021-09-01,25.483678563542217
2021-09-02,25.636618789679545
2021-09-03,25.45843951065206
2021-09-07,25.291813822827653
2021-09-08,25.035023600210938
2021-09-09,25.05264664250789
2021-09-10,25.03991314266562
2021-09-13,25.034689049026703
2021-09-14,24.74221827756387
2021-09-15,25.01313262404309
2021-09-16,24.741190786264053
2021-09-17,24.233044761076105
2021-09-20,23.59502306184205
2021-09-21,23.55330394378921
2021-09-22,23.78985965451318
2021-09-23,24.12177428713328
2021-09-24,24.085024648940127
2021-09-27,24.273571034363133
2021-09-28,23.96253946844424
2021-09-29,23.869628982988534
2021-09-30,20.22217460295394
2021-10-01,20.44827150725869
2021-10-04,19.58044863305535
2021-10-05,19.764030169968684
2021-10-06,19.711958256144563
2021-10-07,19.977378548233705
2021-10-08,19.86540644301432
2021-10-11,19.91096879581633
2021-10-12,19.89902621626214
2021-10-13,20.048721066114503
2021-10-14,20.535823937986727
2021-10-15,20.588748758412084
2021-10-18,20.57974279210368
2021-10-19,20.68096116825515
2021-10-20,20.85004385918305
2021-10-21,20.801475113274908
2021-10-22,20.766617222822127
2021-10-25,20.952573925281065
2021-10-26,21.028692692139057
2021-10-27,20.7273253140794
2021-10-28,20.937891177418724
2021-10-29,20.83274296957729
2021-11-01,20.879897283509724
2021-11-02,21.1096736618503
2021-11-03,21.342746711831214
2021-11-04,21.31966104910312
2021-11-05,21.49785732705769
2021-11-08,21.76246171379691
2021-11-09,21.821020790524177
2021-11-10,21.66533236613797
2021-11-11,22.00711331173314
2021-11-12,22.00382014813188
2021-11-15,21.903354440224447
2021-11-16,21.83325337104928
2021-11-17,21.69450142268027
2021-11-18,21.599009886497445
2021-11-19,21.564145415443583
2021-11-22,21.59711861850893
2021-11-23,21.616198502123044
2021-11-24,21.45581703156369
2021-11-26,21.07739571816736
2021-11-29,21.181214833990275
2021-11-30,20.6553043166406
2021-12-01,20.429522879025253
2021-12-02,20.832928903979145
2021-12-03,20.78481732735479
2021-12-06,21.091749419854736
2021-12-07,21.460484071629093
2021-12-08,21.4966193700902
2021-12-09,21.37798485181784
2021-12-10,21.519682851834546
2021-12-13,21.374553158362087
2021-12-14,21.350464844503133
2021-12-15,21.41014497628149
2021-12-16,21.633354736737463
2021-12-17,21.348966566384146
2021-12-20,21.028541994146497
2021-12-21,21.303653452594045
2021-12-22,21.46801970831805
2021-12-23,21.68552602916344
2021-12-27,22.004982064324608
2021-12-28,22.127179441019425
2021-12-29,22.222124732793155
2021-12-30,22.140872513800947
2021-12-31,21.253269144910977
2022-01-03,20.964531244198945
2022-01-04,21.238289126626945
2022-01-05,21.220905105715943
2022-01-06,20.958727974819
2022-01-07,20.94040378453825
2022-01-10,20.73250725363556
2022-01-11,20.962982353323127
2022-01-12,21.162882311968094
2022-01-13,20.992086307548863
2022-01-14,20.81693799851432
2022-01-18,20.54172178117317
2022-01-19,20.498478309568966
2022-01-20,20.204889959205065
2022-01-21,19.701220890100718
2022-01-24,19.706152465826623
2022-01-25,19.53683389717754
2022-01-26,19.338232295291117
2022-01-27,19.40774288256143
2022-01-28,19.517853337089367
2022-01-31,19.798801619199036
2022-02-01,20.129714926179616
2022-02-02,20.1765172438507
2022-02-03,19.81874220499375
2022-02-04,19.47841457534009
2022-02-07,19.395538819423138
2022-02-08,19.699848920351613
2022-02-09,20.119099564213
2022-02-10,20.005356385137308
2022-02-11,19.70103687094044
2022-02-14,19.53020454615845
2022-02-15,19.898645676215462
2022-02-16,20.027316231750216
2022-02-17,19.687330664204804
2022-02-18,19.650679356807068
2022-02-22,19.37899248216613
2022-02-23,19.124011277893345
2022-02-24,19.06567486846333
2022-02-25,19.748235816105268
2022-02-28,19.516079470036143
2022-03-01,19.064549815782748
2022-03-02,19.491512936280124
2022-03-03,19.51428918324593
2022-03-04,19.431522885983235
2022-03-07,18.765321858934165
2022-03-08,18.671222001291014
2022-03-09,19.20998795822835
2022-03-10,19.267728320605496
2022-03-11,19.1252291964413
2022-03-14,19.099983756117897
2022-03-15,19.31005515636497
2022-03-16,19.61582369125201
2022-03-17,19.99763434455896
2022-03-18,20.116800744692828
2022-03-21,20.39603914397529
2022-03-22,20.50136955035117
2022-03-23,20.42135459720249
2022-03-24,20.822601416673685
2022-03-25,21.052042301101217
2022-03-28,20.95509029291661
2022-03-29,21.11624820398484
2022-03-30,21.04570572768021
2022-03-31,19.224623509409344
2022-04-01,19.44285017120009
2022-04-04,18.97792861634044
2022-04-05,18.827970360487907
2022-04-06,18.61767028654681
2022-04-07,18.73506278619118
2022-04-08,18.838916290570378
2022-04-11,18.75323584553456
2022-04-12,18.7595556383708
2022-04-13,19.034037059615127
2022-04-14,18.96904470383738
2022-04-18,18.98476649169893
2022-04-19,19.16095496089853
2022-04-20,19.29312835883542
2022-04-21,18.96982076949018
2022-04-22,18.26259369301686
2022-04-25,18.20926450322469
2022-04-26,17.927544092357508
2022-04-27,18.19277878448761
2022-04-28,18.476536712748324
2022-04-29,18.112318695748677
2022-05-02,18.052620698805278
2022-05-03,18.254963320343062
2022-05-04,18.847458716460984
2022-05-05,18.260726339212084
2022-05-06,18.011452356802575
2022-05-09,17.428180609959025
2022-05-10,17.325872039781398
2022-05-11,17.33101003374235
2022-05-12,17.298374822974086
2022-05-13,17.563599482544337
2022-05-16,17.53085703076768
2022-05-17,18.0327811437058
2022-05-18,17.460394296651742
2022-05-19,17.579541356806136
2022-05-20,17.541610731079217
2022-05-23,17.865653662503387
2022-05-24,17.757485708798114
2022-05-25,17.83997085520398
2022-05-26,18.16467460503083
2022-05-27,18.581567684144883
2022-05-31,18.28482054350307
2022-06-01,18.13154697674849
2022-06-02,18.582411880651577
2022-06-03,18.3748263176115
2022-06-06,18.5533678357382
2022-06-07,18.68763890823818
2022-06-08,18.294816778891875
2022-06-09,17.857553083049325
2022-06-10,17.313276143717616
2022-06-13,16.63415679967077
2022-06-14,16.494659696377802
2022-06-15,16.499339891602894
2022-06-16,15.896568320916437
2022-06-17,15.879640461125607
2022-06-21,16.153960830811652
2022-06-22,15.944848653106709
2022-06-23,15.721399783297588
2022-06-24,16.346982327988652
2022-06-27,16.215065319349293
2022-06-28,16.041815614115286
2022-06-29,15.924526027507731
2022-06-30,15.603078500743075
2022-07-01,15.707567633153095
2022-07-05,15.036246538007711
2022-07-06,15.12882520626346
2022-07-07,15.26835386917051
2022-07-08,15.11607742878522
2022-07-11,15.075650086026
2022-07-12,15.043603199920272
2022-07-13,14.961255802216716
2022-07-14,14.678485492230603
2022-07-15,14.916505081562995
2022-07-18,14.949727564208604
2022-07-19,15.414008174936429
2022-07-20,15.43166846242364
2022-07-21,15.648124184154373
2022-07-22,15.533920573289077
2022-07-25,15.600926101426168
2022-07-26,15.498175229176637
2022-07-27,15.692489963317326
2022-07-28,15.957058797970038
2022-07-29,16.167371393424148
2022-08-01,16.03579193560112
2022-08-02,15.873952996114024
2022-08-03,15.894439277371
2022-08-04,15.9019138598715
2022-08-05,15.95943216663229
2022-08-08,16.046816668080343
2022-08-09,15.965581787850711
2022-08-10,16.4248880839922
2022-08-11,16.47038264684858
2022-08-12,16.779728354301774
2022-08-15,16.76447376898817
2022-08-16,16.862564132120067
2022-08-17,16.62690083138554
2022-08-18,16.66999058515909
2022-08-19,16.36855560132098
2022-08-22,16.107896954377303
2022-08-23,16.265261504421893
2022-08-24,16.305029594649678
2022-08-25,16.673921885820448
2022-08-26,16.151068304517793
2022-08-29,16.04031870299354
2022-08-30,15.766062868821418
2022-08-31,15.574853812600958
2022-09-01,15.359183227327382
2022-09-02,15.345427177715916
2022-09-06,15.295231578794606
2022-09-07,15.712763363511684
2022-09-08,15.866623704241857
2022-09-09,16.103532895119603
2022-09-12,16.245918463528604
2022-09-13,15.670636132475227
2022-09-14,15.478316074963162
2022-09-15,15.271442314509253
2022-09-16,15.032458167916417
2022-09-19,15.38523185914605
2022-09-20,15.09308528659874
2022-09-21,14.76189019993877
2022-09-22,14.5781389053559
2022-09-23,14.27968616403734
2022-09-26,14.045406734138291
2022-09-27,14.076910143199926
2022-09-28,14.44683575015172
2022-09-29,14.225402374787263
2022-09-30,14.467643955110267
2022-10-03,14.990426436543206
2022-10-04,15.521185077185557
2022-10-05,15.351554825870211
2022-10-06,15.195179823689612
2022-10-07,14.808758264373616
2022-10-10,14.845085161167882
2022-10-11,14.7357707494148
2022-10-12,14.61727055803906
2022-10-13,15.042910220473429
2022-10-14,14.529374832951705
2022-10-17,14.89897878827301
2022-10-18,15.183873672798304
2022-10-19,15.012031702667231
2022-10-20,14.906976457247865
2022-10-21,15.422831870741817
2022-10-24,15.326522593968228
2022-10-25,15.713835487599724
2022-10-26,15.818827151962838
2022-10-27,15.77684681680979
2022-10-28,15.938714057282654
2022-10-31,15.796983149947582
2022-11-01,15.834286289747126
2022-11-02,15.426948804482288
2022-11-03,15.546393780612377
2022-11-04,16.07596381150828
2022-11-07,16.2027928642019
2022-11-08,16.474904659863498
2022-11-09,16.213698771229595
2022-11-10,17.113666487037932
2022-11-11,17.312850818578436
2022-11-14,17.27709262377727
2022-11-15,17.25728899376603
2022-11-16,17.08818430747414
2022-11-17,16.92521700999698
2022-11-18,17.034707085698333
2022-11-21,17.099016282032583
2022-11-22,17.480672724349667
2022-11-23,17.45812145348647
2022-11-25,17.532217383939358
2022-11-28,17.146425823712292
2022-11-29,17.19752115636585
2022-11-30,17.613395318221993
2022-12-01,17.60755811538913
2022-12-02,17.801823129514677
2022-12-05,17.454350199129447
2022-12-06,17.301062438784626
2022-12-07,17.25868249490493
2022-12-08,17.37533718865261
2022-12-09,17.20848654844798
2022-12-12,17.362678666142934
2022-12-13,17.59617954506263
2022-12-14,17.400921398192665
2022-12-15,16.875183754312594
2022-12-16,16.80536518956117
2022-12-19,16.65432522902596
2022-12-20,16.76257308895343
2022-12-21,16.90283886536494
2022-12-22,15.91450826231816
2022-12-23,16.02695907306261
2022-12-27,16.031955206239548
2022-12-28,15.792107678554412
2022-12-29,15.957504170219911
2022-12-30,15.83854282905986
2023-01-03,16.79047663452643
2023-01-04,17.082898904318892
2023-01-05,16.809798286790322
2023-01-06,17.388510739670227
2023-01-09,17.49281250604944
2023-01-10,17.708693669715608
2023-01-11,17.955783996150174
2023-01-12,18.012477188202716
2023-01-13,18.133701203820983
2023-01-17,17.939494723066943
2023-01-18,17.69141473423091
2023-01-19,17.555215391324683
2023-01-20,17.914145305433536
2023-01-23,17.971259750669727
2023-01-24,17.978559313447175
2023-01-25,18.015038591687784
2023-01-26,18.10210369679213
2023-01-27,18.04088495013996
2023-01-30,17.91504411109991
2023-01-31,18.35483379263456
2023-02-01,18.43324470804593
2023-02-02,18.380946746429483
2023-02-03,18.04678852660716
2023-02-06,17.852136124028195
2023-02-07,18.083980294519566
2023-02-08,17.937701408143507
2023-02-09,17.685316974934203
2023-02-10,17.748294150430905
2023-02-13,17.838389314739526
2023-02-14,17.87677117927779
2023-02-15,17.95619535857152
2023-02-16,17.74998283145206
2023-02-17,17.578862722008033
2023-02-21,17.293223216440584
2023-02-22,17.40991931909511
2023-02-23,17.441771370506707
2023-02-24,17.55566430889854
2023-02-27,17.59626673295182
2023-02-28,17.675478536746397
2023-03-01,17.79589534374755
2023-03-02,18.010187733375787
2023-03-03,18.26211188281065
2023-03-06,17.96149767399008
2023-03-07,17.603944648300406
2023-03-08,17.686001558755052
2023-03-09,17.237424964691417
2023-03-10,16.8666858253506
2023-03-13,16.682526407546302
2023-03-14,16.88840906136822
2023-03-15,16.335257020950344
2023-03-16,16.52704370574391
2023-03-17,16.272581580342067
2023-03-20,16.587489700278372
2023-03-21,16.791107155440834
2023-03-22,16.495768843284143
2023-03-23,16.472774106165176
2023-03-24,16.605718186091757
2023-03-27,16.728962504248926
2023-03-28,16.812385020951425
2023-03-29,17.045342066805844
2023-03-30,17.141324165984038
2023-03-31,19.60864042845184
2023-04-03,20.11956524612896
2023-04-04,19.8245252114695
2023-04-05,19.78043235101856
2023-04-06,19.73706983018451
2023-04-10,19.834317313177227
2023-04-11,19.97893493173968
2023-04-12,19.992804981691663
2023-04-13,20.193864645549127
2023-04-14,20.05735501887825
2023-04-17,20.17505593187908
2023-04-18,20.255393441400983
2023-04-19,20.19232354363686
2023-04-20,20.17736794712379
2023-04-21,19.99474398295778
2023-04-24,20.13298924264637
2023-04-25,19.700641171436928
2023-04-26,19.468529119696925
2023-04-27,19.732696295545125
2023-04-28,19.955803688217053
2023-05-01,19.94803696875186
2023-05-02,19.758923444341008
2023-05-03,19.53992236213273
2023-05-04,19.41477955649665
2023-05-05,19.736742014088996
2023-05-08,19.67821937754369
2023-05-09,19.494517094154016
2023-05-10,19.504364714188902
2023-05-11,19.31122758744892
2023-05-12,19.34447812135418
2023-05-15,19.508231473132547
2023-05-16,19.187381666640267
2023-05-17,19.315405658578623
2023-05-18,19.42136254973207
2023-05-19,19.471669327367405
2023-05-22,19.365068241663945
2023-05-23,19.06749607221008
2023-05-24,18.853046592701453
2023-05-25,18.781156001180435
2023-05-26,18.85950283100368
2023-05-30,18.74786350403306
2023-05-31,18.53710030272685
2023-06-01,18.76724864376109
2023-06-02,19.40047459177267
2023-06-05,19.381071446428752
2023-06-06,19.507477235206107
2023-06-07,19.73678385029296
2023-06-08,19.66800961912157
2023-06-09,19.506360402626857
2023-06-12,19.59185396587648
2023-06-13,20.04909759664549
2023-06-14,19.962018299096496
2023-06-15,20.13182552853741
2023-06-16,20.153993968281103
2023-06-20,19.988314139932186
2023-06-21,20.058955747003868
2023-06-22,20.001149509910547
2023-06-23,19.84477957064161
2023-06-26,20.04328427759806
2023-06-27,20.32338162266796
2023-06-28,20.185755882930515
2023-06-29,20.441622474596123
2023-06-30,21.97498397092742
2023-07-03,22.74809415230129
2023-07-05,22.073270683130357
2023-07-06,21.91666960316825
2023-07-07,22.11055953319412
2023-07-10,22.10858891343183
2023-07-11,22.32339925593213
2023-07-12,22.61236488671805
2023-07-13,22.790574458900643
2023-07-14,22.65913099561953
2023-07-17,22.676642991798403
2023-07-18,22.852345981309597
2023-07-19,22.734681850553745
2023-07-20,22.78979708804249
2023-07-21,22.789529071584457
2023-07-24,22.860203680872303
2023-07-25,23.262896429704835
2023-07-26,23.196695645356943
2023-07-27,23.04157715754282
2023-07-28,23.201557599151226
2023-07-31,23.321278335786765
2023-08-01,23.217542475490923
2023-08-02,22.93154461565469
2023-08-03,22.79317326918994
2023-08-04,22.73185695864114
2023-08-07,22.890178811384445
2023-08-08,22.65035492500137
2023-08-09,22.54443821941095
2023-08-10,22.56446164777188
2023-08-11,22.50347509399876
2023-08-14,22.54667034214662
2023-08-15,22.17561297093566
2023-08-16,22.02827441164292
2023-08-17,21.98800225926396
2023-08-18,21.96936173181915
2023-08-21,21.97393994874948
2023-08-22,21.95669565097323
2023-08-23,21.99654072991721
2023-08-24,21.90115177208014
2023-08-25,21.96027440644462
2023-08-28,22.12176959564408
2023-08-29,22.49298238208696
2023-08-30,22.526992111611
2023-08-31,22.51597725677781
2023-09-01,22.74438044047923
2023-09-05,22.333662421251788
2023-09-06,22.25916842757138
2023-09-07,22.160565319241563
2023-09-08,22.18795250993412
2023-09-11,22.28041073506175
2023-09-12,22.226200889882872
2023-09-13,22.094268073127427
2023-09-14,22.40393131903576
2023-09-15,22.159985606863504
2023-09-18,22.136844941843925
2023-09-19,22.11529161264141
2023-09-20,21.88750846700617
2023-09-21,21.439771371380367
2023-09-22,21.412654990414268
2023-09-25,21.584118859167347
2023-09-26,21.270779919081196
2023-09-27,21.274302087601324
2023-09-28,21.4967376043108
2023-09-29,21.448731946025053
2023-10-02,21.44732701780061
2023-10-03,21.383690464885923
2023-10-04,21.63902561799144
2023-10-05,21.36619399946597
2023-10-06,21.57086442606322
2023-10-09,21.602298670775724
2023-10-10,21.835821867088736
2023-10-11,21.88656839332537
2023-10-12,21.55503601992621
2023-10-13,21.47611373260541
2023-10-16,21.674020268882074
2023-10-17,21.892838806219302
2023-10-18,21.328559246142948
2023-10-19,21.09798804573632
2023-10-20,20.826904633298525
2023-10-23,20.60373122136957
2023-10-24,20.835597061568944
2023-10-25,20.59778870311765
2023-10-26,20.745502254543517
2023-10-27,20.73332980823268
2023-10-30,20.937414313657364
2023-10-31,21.03237176793494
2023-11-01,21.511277593706534
2023-11-02,22.45957494692457
2023-11-03,22.922464939344746
2023-11-06,22.80502944811614
2023-11-07,20.80286899479323
2023-11-08,21.73779733265569
2023-11-09,21.50546121454177
2023-11-10,21.922089029206585
2023-11-13,21.86785713540792
2023-11-14,22.5936967454566
2023-11-15,22.634194718096246
2023-11-16,22.5741800343038
2023-11-17,22.72763860535885
2023-11-20,22.823282467742498
2023-11-21,22.852826990652574
2023-11-22,22.879721141763955
2023-11-24,22.955972568082352
2023-11-27,22.853703833226678
2023-11-28,22.98169570416704
2023-11-29,23.07568701353701
2023-11-30,23.321523240947275
2023-12-01,23.54480575434018
2023-12-04,23.17336974360237
2023-12-05,22.874536810325875
2023-12-06,22.93886986053138
2023-12-07,23.194312872428082
2023-12-08,23.14005786107507
2023-12-11,23.285530202160803
2023-12-12,23.37485255554367
2023-12-13,23.85588637991585
2023-12-14,24.183698560656094
2023-12-15,24.066370227468543
2023-12-18,24.054708583346397
2023-12-19,24.247225035759943
2023-12-20,23.834245617739136
2023-12-21,24.143874647117475
2023-12-22,24.228015183134
2023-12-26,24.336568961140884
2023-12-27,24.313668105022458
2023-12-28,24.270171216718314
2023-12-29,24.190711312109297
2024-01-02,24.265936725513214
2024-01-03,23.88725590275275
2024-01-04,23.632915374442497
2024-01-05,23.847774219114907
2024-01-08,23.93122652070467
2024-01-09,23.613348529052924
2024-01-10,23.648541037570464
2024-01-11,23.55193342256272
2024-01-12,23.604686715778545
2024-01-16,23.41536864172413
2024-01-17,23.143092230304358
2024-01-18,23.168409390219416
2024-01-19,23.344934179958116
2024-01-22,23.52142171525428
2024-01-23,23.536614329496214
2024-01-24,23.16075342864617
2024-01-25,23.586710771022116
2024-01-26,24.21627211031501
2024-01-29,24.311239722235317
2024-01-30,24.78193081224132
2024-01-31,24.226227235347547
2024-02-01,24.663018149521918
2024-02-02,24.78030587209151
2024-02-05,24.219378761092017
2024-02-06,23.949982807626636
2024-02-07,24.57651122429706
2024-02-08,24.60305346526217
2024-02-09,24.59609150370689
2024-02-13,24.16558200437318
2024-02-14,24.549504003095898
2024-02-15,26.554149840722815
2024-02-16,26.562660570015133
2024-02-20,26.38406232982579
2024-02-21,28.987549896550302
2024-02-22,29.34091834375891
2024-02-23,31.25093512875793
2024-02-26,31.472436667425082
2024-02-27,31.36095464849942
2024-02-28,31.24497607868281
2024-02-29,31.44539334538188
2024-03-01,31.64134120339282
2024-03-04,31.483069896466677
2024-03-05,31.334922205503457
2024-03-06,32.0785480165934
2024-03-07,32.36641453231295
2024-03-08,32.136503788481534
2024-03-11,32.497585548582464
2024-03-12,32.48300786919863
2024-03-13,32.77470800305091
2024-03-14,32.595391329661815
2024-03-15,32.62207790432155
2024-03-18,33.14729052007445
2024-03-19,33.15635033768336
2024-03-20,33.479666250375644
2024-03-21,33.71415298471426
2024-03-22,33.41523216711989
2024-03-25,33.42399485978441
2024-03-26,33.38758017114098
2024-03-27,33.817736030754446
2024-03-28,33.93304644460259
2024-04-01,33.8700427089203
2024-04-02,33.732593961454626
2024-04-03,33.923602695218854
2024-04-04,33.59977023287964
2024-04-05,33.90969810334189
2024-04-08,33.91987807505027
2024-04-09,34.01745964857964
2024-04-10,33.39259371186254
2024-04-11,33.44820138696283
2024-04-12,32.85732078314873
2024-04-15,32.69521844570957
2024-04-16,32.45445466672558
2024-04-17,32.48317674103323
2024-04-18,32.45293219316711
2024-04-19,32.354662100121445
2024-04-22,32.386828376790824
2024-04-23,32.41148739894648
2024-04-24,32.621050973267415
2024-04-25,32.3128789132571
2024-04-26,32.366995239797696
2024-04-29,32.63884931604839
2024-04-30,32.048716528251404
2024-05-01,33.335443990668765
2024-05-02,30.961126461898033
2024-05-03,31.26928571232635
2024-05-06,31.58947337283495
2024-05-07,31.958252304972547
2024-05-08,31.611975753198603
2024-05-09,32.13822069456025
2024-05-10,32.17955573764029
2024-05-13,32.15422392828222
2024-05-14,32.17950147383664
2024-05-15,32.23139792789867
2024-05-16,31.995336073932368
2024-05-17,32.267120945690486
2024-05-20,32.314984741877055
2024-05-21,32.310718826881434
2024-05-22,32.22700845876924
2024-05-23,31.711285468452264
2024-05-24,31.989135497894683
2024-05-28,31.861564279538598
2024-05-29,31.40928042665929
2024-05-30,31.6866231525635
2024-05-31,32.015540066736804
2024-06-03,31.82073398690463
2024-06-04,31.432749017294523
2024-06-05,31.659089755298723
2024-06-06,31.685657316742457
2024-06-07,31.366079390707387
2024-06-10,31.174330875890153
2024-06-11,31.329439739197177
2024-06-12,31.335198471763352
2024-06-13,31.377596928393828
2024-06-14,31.083438200966476
2024-06-17,31.299473623328055
2024-06-18,31.262493954833612
2024-06-20,31.29610605448706
2024-06-21,31.320208985904447
2024-06-24,31.622119559201206
2024-06-25,31.15879563786454
2024-06-26,31.369811389108037
2024-06-27,31.075774796853903
2024-06-28,31.09634053606595
2024-07-01,30.576978465360344
2024-07-02,30.252330955461346
2024-07-03,30.493920574105605
2024-07-05,30.261906420217358
2024-07-08,30.494258692698953
2024-07-09,30.155521757053
2024-07-10,30.591930297306927
2024-07-11,30.194630105758083
2024-07-12,30.474976510902366
2024-07-15,30.38428985997319
2024-07-16,30.97922440210154
2024-07-17,31.210312164943115
2024-07-18,30.8941915274187
2024-07-19,30.48162003973209
2024-07-22,31.405886370461896
2024-07-23,31.47609953936683
2024-07-24,29.603489699528208
2024-07-25,29.916366083542854
2024-07-26,30.42047363135678
2024-07-29,30.471636646232163
2024-07-30,30.50549862342233
2024-07-31,31.21470085630405
2024-08-01,31.080530858241875
2024-08-02,30.23707805123326
2024-08-05,29.547711186769497
2024-08-06,30.04658491902186
2024-08-07,29.707011874857447
2024-08-08,30.2203570615034
2024-08-09,30.19060719152246
2024-08-12,29.895905884868462
2024-08-13,30.366549823465142
2024-08-14,30.366815270094392
2024-08-15,30.84647496612444
2024-08-16,30.78556621307717
2024-08-19,30.838368901694075
2024-08-20,30.763652369150048
2024-08-21,31.152870954018375
2024-08-22,31.09999095583621
2024-08-23,31.52037543429993
2024-08-26,31.64229225740304
2024-08-27,31.519436043390485
2024-08-28,31.486584406412717
2024-08-29,31.623867452429987
2024-08-30,32.01569947179967
2024-09-03,31.105378660205336
2024-09-04,31.11839854382245
2024-09-05,30.782031966145578
2024-09-06,30.466585318867
2024-09-09,30.768732346197297
2024-09-10,30.700082575147484
2024-09-11,30.818565366934195
2024-09-12,31.087485126013046
2024-09-13,31.424343316090386
2024-09-16,31.74919448912074
2024-09-17,31.76148882828896
2024-09-18,31.76148882828896
2024-09-19,32.312470248248545
2024-09-20,31.71455969379595
2024-09-23,32.1642826530187
2024-09-24,31.134850254041318
2024-09-25,30.34023374453747
2024-09-26,30.95896663122622
2024-09-27,30.89556078745561
2024-09-30,30.66127847960335
2024-10-01,31.200973447774818
2024-10-02,31.002143094597457
2024-10-03,30.82176189203141
2024-10-04,30.87951613066604
2024-10-07,30.813236588655098
2024-10-08,30.44203732937206
2024-10-09,30.9783171471094
2024-10-10,30.81072392020062
2024-10-11,31.128117210843385
2024-10-14,31.245170869968423
2024-10-15,31.139142428394795
2024-10-16,31.704010345290754
2024-10-17,31.884403286513372
2024-10-18,31.86174102139826
2024-10-21,31.50424999346766
2024-10-22,31.88706945894275
2024-10-23,30.953163993892424
2024-10-24,31.423100678975132
2024-10-25,30.847207160859917
2024-10-28,31.056227733266162
2024-10-29,30.57916232799995
2024-10-30,31.65454127364078
2024-10-31,31.096236720298673
2024-11-01,31.136244145256427
2024-11-04,31.158124440834417
2024-11-05,31.73329596588492
2024-11-06,33.99542968369908
2024-11-07,34.14982264575901
2024-11-08,32.919502517289125
2024-11-11,32.8362413459652
2024-11-12,32.33005089195857
2024-11-13,32.13864802765992
2024-11-14,32.18256236412318
2024-11-15,31.948786972159372
2024-11-18,32.12005332832874
2024-11-19,31.730867321313575
2024-11-20,31.94581894334058
2024-11-21,32.73769833365598
2024-11-22,32.83573675621191
2024-11-25,33.218859652370206
2024-11-26,32.881695677893575
2024-11-27,32.887176306956626
2024-11-29,33.06728487603537
2024-12-02,33.00209395109893
2024-12-03,32.84349924312394
2024-12-04,32.54872721122328
2024-12-05,31.961111812084077
2024-12-06,31.80540146038898
2024-12-09,31.92252216830321
2024-12-10,31.69642194884297
2024-12-11,31.42332646109823
2024-12-13,30.925196154861386
2024-12-16,30.625353096142824
2024-12-17,30.608157800268017
2024-12-18,29.934709282674866
2024-12-19,29.923045406163432
2024-12-20,29.814787336455666
2024-12-23,29.766272330725652
2024-12-24,29.919896519878915
2024-12-26,30.544692665057294
2024-12-27,30.336637877633702
2024-12-30,29.969841593837234
2024-12-31,30.09948844821269
2025-01-02,29.57973002303896
2025-01-03,29.57632043100859
2025-01-06,29.88736212080009
2025-01-07,29.91759699063071
2025-01-08,29.926368912770133
2025-01-10,29.69697436873433
2025-01-13,30.46658297959244
2025-01-14,30.885375884244933
2025-01-15,30.957478370593947
2025-01-16,31.357307541981168
2025-01-17,31.555161471420046
2025-01-21,31.950366728546996
2025-01-22,32.1308056385109
2025-01-23,32.21049275016522
2025-01-24,32.06076539630287
2025-01-27,32.57475988157506
2025-01-28,32.62204477586557
2025-01-29,32.33737696863711
2025-01-30,32.29418461126823
2025-01-31,32.250278338218614
2025-02-03,32.267274558960594
2025-02-04,33.86382362906327
2025-02-05,33.38759180076726
2025-02-06,33.476417210003326
2025-02-07,33.003170237495254
2025-02-10,33.32126974141729
2025-02-11,33.100731151713234
2025-02-12,31.94369949966113
2025-02-13,32.54095834804045
2025-02-14,33.367894104870494
2025-02-18,33.68872377987103
2025-02-19,33.59141527441
2025-02-20,28.814890225292984
2025-02-21,28.10757356844319
2025-02-24,28.154412578940196
2025-02-25,28.399126761025947
2025-02-26,28.43088757785973
2025-02-27,28.33981667759484
2025-02-28,28.649370739722066
2025-03-03,28.149107283661902
2025-03-04,27.489609570792744
2025-03-05,28.241064679237375
2025-03-06,28.13653509807744
2025-03-07,28.233992361276687
2025-03-10,27.565997338937102
2025-03-11,27.433938236479747
2025-03-12,27.358503484790507
2025-03-13,27.352143269409567
2025-03-14,27.605688127909627
2025-03-17,27.82712690933597
2025-03-18,27.798457662767746
2025-03-19,27.907855336334688
2025-03-20,27.737151753909274
2025-03-21,27.37249102570516
2025-03-24,27.718920530907546
2025-03-25,27.68615908173908
2025-03-26,27.798314958804205
2025-03-27,27.840311000064087
2025-03-28,27.386191119640262
2025-03-31,27.664145612349888
2025-04-01,27.75802835841785
2025-04-02,27.994575010028086
2025-04-03,26.867898650024753
2025-04-04,25.28626388145925
2025-04-07,24.95012010638139
2025-04-08,24.382150400061967
2025-04-09,26.36740591532853
2025-04-10,25.76628043187986
2025-04-11,26.56457845043959
2025-04-14,26.814650485210006
2025-04-15,26.690270801903186
2025-04-16,26.504892425573885
2025-04-17,26.607496379407532
2025-04-21,26.158785378500433
2025-04-22,25.06495961929648
2025-04-23,24.057333030848497
2025-04-24,25.38220582442323
2025-04-25,25.379237451960535
2025-04-28,26.090151578017814
2025-04-29,26.22553686032605
2025-04-30,27.597219732643772
2025-05-01,28.7721999723863
2025-05-02,29.89689732937078
2025-05-05,29.845007530223963
2025-05-06,30.472441118433117
2025-05-07,30.35372331265989
2025-05-08,29.999126969749152
2025-05-09,30.265358319196576
2025-05-12,30.61389131759046
2025-05-13,30.73130959923677
2025-05-14,30.45054230011331
2025-05-15,30.830314617138253
2025-05-16,31.130107559863585
2025-05-19,31.257707373727207
2025-05-20,31.154743183737533
2025-05-21,30.827683667892888
2025-05-22,30.615459157886434
2025-05-23,30.60601033691144
2025-05-27,31.03633714850128
2025-05-28,30.768546203201094
2025-05-29,30.73458290352462
2025-05-30,30.82824459896785
2025-06-02,31.223892454057417
2025-06-03,31.436413465604527
2025-06-04,31.186056400082585
2025-06-05,31.14138274483496
2025-06-06,31.09820965510491
2025-06-09,31.39986521572041
2025-06-10,31.507078506691997
2025-06-11,31.325919227690534
2025-06-12,31.659662917217652
2025-06-13,31.33254172668161
2025-06-16,31.330008545861013
2025-06-17,31.160809699258056
2025-06-18,30.94519720166848
2025-06-20,30.862319364210464
2025-06-23,31.08803190846964
2025-06-24,31.539644971369594
2025-06-25,31.382334530354278
2025-06-26,31.681100726971945
2025-06-27,31.66823053298211
2025-06-30,31.90925259929012
2025-07-01,32.6115876198825
2025-07-02,32.94614718293684
2025-07-03,33.0694775077032
2025-07-07,32.850470781093506
2025-07-08,32.76059937475135
2025-07-09,33.20694978484584
2025-07-10,33.284766124648634
2025-07-11,33.250621075242115
2025-07-14,32.93372871451646
2025-07-15,32.13297430103831
2025-07-16,32.295749309003135
2025-07-17,32.35505502651225
2025-07-18,32.55126342243485
2025-07-21,32.71833433414712
2025-07-22,33.35317293417046
2025-07-23,33.61515376722402
2025-07-24,31.99269136658465
2025-07-25,34.62098666296146
2025-07-28,34.07279731265507
2025-07-29,34.038522738803486
2025-07-30,33.271843669189316
2025-07-31,34.04558210996093
2025-08-01,34.30806211071408
2025-08-04,34.74471275944231
2025-08-05,33.10132428517723
2025-08-06,32.555757300279254
2025-08-07,32.40334541094686
2025-08-08,32.60932673177348
2025-08-11,32.5902960330393
2025-08-12,32.98899715653606
2025-08-13,33.543344370357936
2025-08-14,34.139210173025965
2025-08-15,34.22765098606212
2025-08-18,33.899741662714604
2025-08-19,34.14591476234945
2025-08-20,34.27739946944804
2025-08-21,34.38778849912214
2025-08-22,34.77613477081426
2025-08-25,34.82691476570388
2025-08-26,34.963687477391545
2025-08-27,34.81662825335725
2025-08-28,35.06786560678047
2025-08-29,35.021696036662625
2025-09-02,35.0068210296659
2025-09-03,34.45911855631967
2025-09-04,34.59505183383373
2025-09-05,34.742234436165155
2025-09-08,34.89378300704995
2025-09-09,34.549146509829825
2025-09-10,34.52766791667139
2025-09-11,34.936876888992025
2025-09-12,34.65118854824884
2025-09-15,34.38359448769261
2025-09-16,34.298332421775335
2025-09-17,34.36997093431534
2025-09-18,34.33122798849552
2025-09-19,34.54978537578199
2025-09-22,34.53247611913646
2025-09-23,34.215023767104825
2025-09-24,33.67953408218926
2025-09-25,33.26843660422381
2025-09-26,33.62220325167884
2025-09-29,33.711270502902515
2025-09-30,34.080067079157544
2025-10-01,33.45127949870192
2025-10-02,33.923579200628495
2025-10-03,33.99922960467541
2025-10-06,34.008840326134795
2025-10-07,33.981660621459596
2025-10-08,34.00575944355781
2025-10-09,33.356941422009825
2025-10-10,33.11090945687365
2025-10-13,33.33250344683354
2025-10-14,33.610790572061234
2025-10-15,33.51605210417466
2025-10-16,33.48870843028861
2025-10-17,33.072539659376886
2025-10-20,33.50166458080344
2025-10-21,33.28786257915583
2025-10-22,33.383845632565745
2025-10-23,32.59042261326916
2025-10-24,32.34430895518247
2025-10-27,32.242260901212084
2025-10-28,32.50387328176027
2025-10-29,31.219424926825873
2025-10-30,31.78839176177925
2025-10-31,32.525937023192974
2025-11-03,32.24386227428639
2025-11-04,31.377861795882026
2025-11-05,30.13132433676005
2025-11-06,30.44071616382624
2025-11-07,30.895159977249
2025-11-10,31.368461335028204
2025-11-11,31.44362058547785
2025-11-12,31.922798239373794
2025-11-13,31.182930703059963
2025-11-14,31.17768006047295
2025-11-17,30.721667138496677
2025-11-18,30.601428805657946
2025-11-19,30.841066002100522
2025-11-20,30.189684298161765
2025-11-21,30.764077372559495
2025-11-24,31.060918914148218
2025-11-25,31.26032756404218
2025-11-26,31.940943295921965
2025-11-28,32.08023323971783
2025-12-01,32.08966038099209
2025-12-02,31.624249958243777
2025-12-03,31.930701923266778
2025-12-04,32.057106687438726
2025-12-05,31.396165110247516
2025-12-08,31.317132393013825
2025-12-09,31.22005305830323
2025-12-10,31.328848931979802
2025-12-11,32.682147996098124
2025-12-12,32.497865811830295
2025-12-15,32.30733317148571
2025-12-16,32.15226277039132
2025-12-17,32.30357696220991
2025-12-18,32.30449972280305
2025-12-19,32.478350855518165
2025-12-22,32.86897576108139
2025-12-23,33.315810297451115
2025-12-24,33.31333915239543
2025-12-29,33.036983329037774
2025-12-30,33.20719652942521
2025-12-31,32.87866577875479
2026-01-01,32.87866577875479
2026-01-02,33.42151784434063
2026-01-05,33.70720543360558
2026-01-06,34.35260557998076
2026-01-07,33.86960869255605
2026-01-08,34.316220313138395
2026-01-09,34.896557781055066
2026-01-12,35.21609722292253
2026-01-13,35.35257224976907
2026-01-14,35.08610363340513
2026-01-15,35.95034838987717
2026-01-16,35.29015027762583
2026-01-20,35.33460641961925
2026-01-21,35.467214182711366
2026-01-22,35.892896203012185
2026-01-23,36.28965918537823
2026-01-26,35.999497578108446
2026-01-27,35.49248936337426
2026-01-28,35.82582977601209
2026-01-29,44.09230155171409
2026-01-30,41.370706823503845
2026-02-02,42.41403389693783
2026-02-03,43.721907348491115
2026-02-04,44.366620443695595
2026-02-05,44.20635027041576
2026-02-06,44.8229417450556
2026-02-09,45.7482407995817
2026-02-10,45.73337141738392
2026-02-11,50.1221539099502
2026-02-12,49.63046378298254
2026-02-13,50.46767765369483
2026-02-17,49.877550562125094
2026-02-18,49.352921234863516
2026-02-19,49.59502656754437
2026-02-20,47.912275954347145
2026-02-23,48.163730364288554
2026-02-24,49.92222282951979
2026-02-25,50.1259795666043
2026-02-26,50.51600052665838
2026-02-27,50.93018218053793
2026-03-02,50.257239275598366
2026-03-03,48.44383871009618
2026-03-04,47.85335872903175
2026-03-05,47.14412740351
2026-03-06,47.0452236049083
2026-03-09,46.826304311996175
2026-03-10,46.816278709729794
2026-03-11,46.857270833452375
2026-03-12,46.08793703767157
2026-03-13,45.76908493058614
2026-03-16,45.96536405803357
2026-03-17,46.348365815568755
2026-03-18,45.020604630409274
2026-03-19,44.68025788834657
2026-03-20,44.036728906317165
2026-03-23,44.88229612135189
2026-03-24,44.28595254351072
2026-03-25,45.73125308673956
2026-03-26,45.39326433712198
2026-03-27,45.039739686148295
2026-03-30,45.43613910233788
2026-03-31,46.76242243749697
2026-04-01,47.64273445221653
2026-04-02,46.41833817242374
2026-04-06,46.47594917980646
2026-04-07,46.323766400811365
2026-04-08,48.90839395986895
2026-04-09,48.30283626055486
2026-04-10,48.09143385598181
2026-04-13,47.74011912488262
2026-04-14,48.42805444810139
2026-04-15,47.242644516339695
2026-04-16,47.40783823538904
2026-04-17,49.79283603155835
2026-04-20,48.267278294552156
2026-04-21,47.50623185162339
2026-04-22,48.30451198801994
2026-04-23,45.52721141311098
2026-04-24,46.39428795627199
2026-04-27,45.13609129839627
2026-04-28,43.32413917543649
2026-04-29,42.6962409998665
2026-04-30,41.42751900478669
2026-05-01,40.22145271460091
2026-05-04,39.575406540079044
2026-05-05,37.8265373044302
2026-05-06,39.252755891248405
2026-05-07,38.09804186716611
2026-05-08,36.97494082524476
2026-05-11,38.19718870044196
2026-05-12,37.962843000808284
2026-05-13,38.20580931423034
2026-05-14,38.084475937967824
2026-05-15,36.56527397264142
2026-05-18,36.84986720848313
2026-05-19,35.90647711792906
2026-05-20,36.607761274902856
2026-05-21,36.628436269896255
2026-05-22,36.76888851201969
2026-05-26,37.549864078554585
2026-05-27,37.37873189290536
2026-05-28,37.34905933469893
2026-05-29,37.50307490690767
2026-06-01,36.86317990447177
2026-06-02,37.65123441568644
2026-06-03,37.582828729495276
2026-06-04,37.81460469953356
2026-06-05,36.76928975779037
2026-06-08,36.34097304407525
2026-06-09,37.19532221255959
2026-06-10,35.98296577512131
2026-06-11,37.35699614232852
2026-06-12,37.97031349068994
2026-06-15,38.64338617888926
2026-06-16,39.096181844882366
2026-06-17,37.735761400836594
2026-06-18,37.70795965251995
2026-06-22,37.70795965251995
2026-06-23,38.9367238281229
2026-06-24,38.9367238281229
