date,trailing_pe
2003-06-11,25.274023
2003-06-12,25.27769
2003-06-13,25.109962
2003-06-16,25.900942
2003-06-17,26.453072
2003-06-18,26.338298
2003-06-19,25.77974
2003-06-20,25.93711
2003-06-23,25.472383
2003-06-24,25.513384
2003-06-25,25.349553
2003-06-26,25.768241
2003-06-27,25.305995
2003-06-30,25.154683
2003-07-01,25.294725
2003-07-02,25.49688
2003-07-03,25.333694
2003-07-07,25.608905
2003-07-08,25.561379
2003-07-09,25.400802
2003-07-10,25.339231
2003-07-11,25.569691
2003-07-14,25.619726
2003-07-15,25.665362
2003-07-16,25.431496
2003-07-17,25.436237
2003-07-18,25.665035
2003-07-21,25.144613
2003-07-22,24.921971
2003-07-23,25.198965
2003-07-24,24.68314
2003-07-25,29.032405
2003-07-28,28.880835
2003-07-29,28.810135
2003-07-30,28.991796
2003-07-31,28.740136
2003-08-01,28.462547
2003-08-04,28.579259
2003-08-05,28.07481
2003-08-06,27.988674
2003-08-07,28.761115
2003-08-08,28.740555
2003-08-11,28.789852
2003-08-12,28.764777
2003-08-13,28.325803
2003-08-14,28.295497
2003-08-15,28.360121
2003-08-18,28.398673
2003-08-19,28.247154
2003-08-20,27.913412
2003-08-21,27.772268
2003-08-22,27.389071
2003-08-25,27.53169
2003-08-26,27.603469
2003-08-27,27.528062
2003-08-28,27.571192
2003-08-29,27.703373
2003-09-02,28.134256
2003-09-03,28.032069
2003-09-04,28.01303
2003-09-05,27.957011
2003-09-08,28.526563
2003-09-09,28.538781
2003-09-10,28.656768
2003-09-11,28.755442
2003-09-12,28.824508
2003-09-15,28.748843
2003-09-16,28.938045
2003-09-17,28.875517
2003-09-18,29.006017
2003-09-19,28.677559
2003-09-22,28.390631
2003-09-23,28.543599
2003-09-24,28.067721
2003-09-25,27.824537
2003-09-26,27.689649
2003-09-29,27.90796
2003-09-30,27.805162
2003-10-01,28.285898
2003-10-02,28.426778
2003-10-03,28.235612
2003-10-06,28.166824
2003-10-07,28.140484
2003-10-08,27.98646
2003-10-09,28.028274
2003-10-10,27.938065
2003-10-13,27.991431
2003-10-14,27.881689
2003-10-15,27.704315
2003-10-16,27.80928
2003-10-17,27.557289
2003-10-20,27.677626
2003-10-21,26.147445
2003-10-22,26.819259
2003-10-23,26.78217
2003-10-24,26.836462
2003-10-27,26.764498
2003-10-28,27.012964
2003-10-29,26.914236
2003-10-30,26.614844
2003-10-31,26.292318
2003-11-03,26.218196
2003-11-04,25.924669
2003-11-05,25.997795
2003-11-06,26.062237
2003-11-07,25.804282
2003-11-10,25.891592
2003-11-11,26.005063
2003-11-12,26.302821
2003-11-13,27.106125
2003-11-14,27.397275
2003-11-17,27.289772
2003-11-18,27.202091
2003-11-19,27.446466
2003-11-20,27.041576
2003-11-21,26.720168
2003-11-24,27.16073
2003-11-25,27.012472
2003-11-26,27.00759
2003-11-28,26.925502
2003-12-01,27.399298
2003-12-02,27.404542
2003-12-03,27.425063
2003-12-04,27.47374
2003-12-05,27.30421
2003-12-08,27.498795
2003-12-09,27.408602
2003-12-10,27.270031
2003-12-11,27.60122
2003-12-12,27.636843
2003-12-15,27.562399
2003-12-16,27.700954
2003-12-17,27.76455
2003-12-18,27.963284
2003-12-19,27.944343
2003-12-22,27.860086
2003-12-23,27.918836
2003-12-24,27.981648
2003-12-26,28.009521
2003-12-29,28.33234
2003-12-30,28.35094
2003-12-31,28.426348
2004-01-02,28.553861
2004-01-05,28.700203
2004-01-06,28.721518
2004-01-07,28.95115
2004-01-08,28.811704
2004-01-09,28.584076
2004-01-12,28.568801
2004-01-13,28.44952
2004-01-14,28.644389
2004-01-15,28.656886
2004-01-16,28.522014
2004-01-20,28.180961
2004-01-21,28.577716
2004-01-22,30.846611
2004-01-23,30.704346
2004-01-26,31.48552
2004-01-27,31.183016
2004-01-28,30.988853
2004-01-29,31.202065
2004-01-30,31.022798
2004-02-02,31.372837
2004-02-03,31.597398
2004-02-04,31.715233
2004-02-05,31.552264
2004-02-06,31.759215
2004-02-09,31.543686
2004-02-10,31.701162
2004-02-11,31.860815
2004-02-12,31.571883
2004-02-13,31.429654
2004-02-17,31.585675
2004-02-18,31.425213
2004-02-19,31.222208
2004-02-20,31.137402
2004-02-23,31.006953
2004-02-24,31.124185
2004-02-25,31.157141
2004-02-26,31.660087
2004-02-27,31.349814
2004-03-01,31.549816
2004-03-02,31.327561
2004-03-03,31.483657
2004-03-04,33.038972
2004-03-05,33.136095
2004-03-08,33.097943
2004-03-09,32.794561
2004-03-10,32.183654
2004-03-11,31.585928
2004-03-12,31.753675
2004-03-15,31.979016
2004-03-16,32.174663
2004-03-17,32.162513
2004-03-18,32.057141
2004-03-19,31.635014
2004-03-22,31.256424
2004-03-23,31.366896
2004-03-24,31.155822
2004-03-25,31.371348
2004-03-26,31.384762
2004-03-29,31.871223
2004-03-30,31.851613
2004-03-31,31.9135
2004-04-01,32.189341
2004-04-02,32.585389
2004-04-05,32.924226
2004-04-06,32.786282
2004-04-07,32.664612
2004-04-08,32.505652
2004-04-12,32.712769
2004-04-13,32.115373
2004-04-14,32.435366
2004-04-15,32.960516
2004-04-16,33.15445
2004-04-19,33.145423
2004-04-20,32.647338
2004-04-21,33.347592
2004-04-22,33.41012
2004-04-23,33.191124
2004-04-26,33.047493
2004-04-27,33.183833
2004-04-28,32.65989
2004-04-29,32.456807
2004-04-30,32.244408
2004-05-03,32.606962
2004-05-04,32.604946
2004-05-05,32.756084
2004-05-06,32.68869
2004-05-07,32.455569
2004-05-10,32.02329
2004-05-11,32.065499
2004-05-12,32.11911
2004-05-13,32.030974
2004-05-14,32.076879
2004-05-17,31.883867
2004-05-18,31.860248
2004-05-19,31.602679
2004-05-20,31.39859
2004-05-21,31.449892
2004-05-24,31.150543
2004-05-25,31.523507
2004-05-26,31.649804
2004-05-27,31.937331
2004-05-28,31.869883
2004-06-01,32.078281
2004-06-02,32.201578
2004-06-03,32.103636
2004-06-04,32.209354
2004-06-07,32.510992
2004-06-08,32.582176
2004-06-09,32.217355
2004-06-10,32.219876
2004-06-14,32.004499
2004-06-15,32.024118
2004-06-16,32.055231
2004-06-17,32.059453
2004-06-18,32.052986
2004-06-21,31.916775
2004-06-22,31.814151
2004-06-23,32.000875
2004-06-24,31.978606
2004-06-25,31.559485
2004-06-28,31.540024
2004-06-29,31.723346
2004-06-30,31.817607
2004-07-01,31.35915
2004-07-02,31.288964
2004-07-06,31.021218
2004-07-07,30.988258
2004-07-08,30.917365
2004-07-09,30.843402
2004-07-12,30.767694
2004-07-13,30.116413
2004-07-14,30.199688
2004-07-15,29.769767
2004-07-16,29.546904
2004-07-19,29.371567
2004-07-20,29.439411
2004-07-21,25.656606
2004-07-22,25.778809
2004-07-23,25.538524
2004-07-26,25.268174
2004-07-27,25.347977
2004-07-28,25.063151
2004-07-29,25.288686
2004-07-30,25.355503
2004-08-02,25.362709
2004-08-03,25.413323
2004-08-04,25.103654
2004-08-05,24.650295
2004-08-06,24.104855
2004-08-09,23.964207
2004-08-10,24.293958
2004-08-11,24.636046
2004-08-12,24.488997
2004-08-13,24.321425
2004-08-16,24.632805
2004-08-17,24.659542
2004-08-18,24.993071
2004-08-19,24.878507
2004-08-20,25.067519
2004-08-23,25.002821
2004-08-24,25.036099
2004-08-25,25.248187
2004-08-26,25.236209
2004-08-27,25.398602
2004-08-30,25.100538
2004-08-31,25.259376
2004-09-01,25.308523
2004-09-02,25.576578
2004-09-03,25.550961
2004-09-07,25.702282
2004-09-08,25.653224
2004-09-09,25.552257
2004-09-10,25.484098
2004-09-13,25.582142
2004-09-14,25.729423
2004-09-15,25.640995
2004-09-16,25.614255
2004-09-17,25.695537
2004-09-20,25.444879
2004-09-21,25.566883
2004-09-22,25.217999
2004-09-23,25.071323
2004-09-24,25.131329
2004-09-27,24.99147
2004-09-28,25.204441
2004-09-29,25.290651
2004-09-30,24.791547
2004-10-01,25.042246
2004-10-04,25.148919
2004-10-05,25.046788
2004-10-06,25.005566
2004-10-07,24.422148
2004-10-08,24.154139
2004-10-11,24.25638
2004-10-12,24.130387
2004-10-13,23.902144
2004-10-14,23.639109
2004-10-15,23.636023
2004-10-18,23.850695
2004-10-19,23.337163
2004-10-20,22.255385
2004-10-21,22.182675
2004-10-22,21.97771
2004-10-25,21.839266
2004-10-26,22.238332
2004-10-27,22.798564
2004-10-28,22.793397
2004-10-29,22.868017
2004-11-01,22.583297
2004-11-02,22.235092
2004-11-03,22.879865
2004-11-04,22.928715
2004-11-05,23.067498
2004-11-08,23.046624
2004-11-09,22.962077
2004-11-10,22.918338
2004-11-11,23.031029
2004-11-12,23.091021
2004-11-15,23.178361
2004-11-16,23.016876
2004-11-17,23.012976
2004-11-18,22.936302
2004-11-19,22.674442
2004-11-22,22.713119
2004-11-23,22.636319
2004-11-24,22.689857
2004-11-26,22.808189
2004-11-29,22.817438
2004-11-30,22.863771
2004-12-01,23.234527
2004-12-02,23.451636
2004-12-03,23.333227
2004-12-06,23.220965
2004-12-07,22.986192
2004-12-08,23.345407
2004-12-09,23.534707
2004-12-10,23.459604
2004-12-13,23.592026
2004-12-14,23.784487
2004-12-15,23.856868
2004-12-16,24.219086
2004-12-17,23.733773
2004-12-20,23.475714
2004-12-21,23.684576
2004-12-22,23.869955
2004-12-23,23.942698
2004-12-27,23.926114
2004-12-28,24.186206
2004-12-29,24.233739
2004-12-30,24.234195
2004-12-31,24.147115
2005-01-03,23.890459
2005-01-04,23.714919
2005-01-05,23.64273
2005-01-06,23.813524
2005-01-07,23.819488
2005-01-10,24.00222
2005-01-11,23.863464
2005-01-12,23.980583
2005-01-13,23.59225
2005-01-14,23.719891
2005-01-18,23.93543
2005-01-19,22.903428
2005-01-20,22.7553
2005-01-21,22.55885
2005-01-24,22.372892
2005-01-25,23.042295
2005-01-26,23.457916
2005-01-27,23.983056
2005-01-28,23.787967
2005-01-31,24.638275
2005-02-01,24.81266
2005-02-02,24.899537
2005-02-03,24.863489
2005-02-04,25.154151
2005-02-07,24.727771
2005-02-08,24.744094
2005-02-09,24.437336
2005-02-10,24.491945
2005-02-11,24.728849
2005-02-14,24.737507
2005-02-15,24.743741
2005-02-16,24.60785
2005-02-17,24.646357
2005-02-18,25.048831
2005-02-22,24.696512
2005-02-23,24.850074
2005-02-24,25.066152
2005-02-25,25.278778
2005-02-28,24.995052
2005-03-01,25.214105
2005-03-02,25.204756
2005-03-03,25.196143
2005-03-04,25.251943
2005-03-07,25.343049
2005-03-08,25.48459
2005-03-09,25.345833
2005-03-10,25.420886
2005-03-11,25.143793
2005-03-14,25.245706
2005-03-15,24.970133
2005-03-16,24.768634
2005-03-17,24.830924
2005-03-18,24.844963
2005-03-21,24.715448
2005-03-22,24.674183
2005-03-23,24.990176
2005-03-24,25.011825
2005-03-28,24.976963
2005-03-29,24.871003
2005-03-30,25.225906
2005-03-31,25.039309
2005-04-01,24.829726
2005-04-04,24.955415
2005-04-05,25.418499
2005-04-06,25.466133
2005-04-07,25.708362
2005-04-08,25.506975
2005-04-11,25.50199
2005-04-12,25.610607
2005-04-13,25.728935
2005-04-14,25.589316
2005-04-15,25.712071
2005-04-18,25.352641
2005-04-19,25.964318
2005-04-20,25.475298
2005-04-21,25.751
2005-04-22,25.684049
2005-04-25,25.664502
2005-04-26,25.468095
2005-04-27,25.61932
2005-04-28,25.537673
2005-04-29,25.954041
2005-05-02,26.028301
2005-05-03,26.070104
2005-05-04,26.176264
2005-05-05,26.152263
2005-05-06,26.092638
2005-05-09,26.253273
2005-05-10,26.088517
2005-05-11,26.157815
2005-05-12,26.114866
2005-05-13,25.954907
2005-05-16,26.233164
2005-05-17,26.26448
2005-05-18,26.279398
2005-05-19,26.304665
2005-05-20,26.230373
2005-05-23,26.309527
2005-05-24,26.512538
2005-05-25,26.37297
2005-05-26,26.464086
2005-05-27,26.383373
2005-05-31,26.211683
2005-06-01,26.343318
2005-06-02,26.383899
2005-06-03,26.218904
2005-06-06,26.24525
2005-06-07,26.270482
2005-06-08,26.07515
2005-06-09,26.209205
2005-06-10,26.110297
2005-06-13,26.24119
2005-06-14,26.450108
2005-06-15,26.387855
2005-06-16,26.498088
2005-06-17,26.643408
2005-06-20,26.678188
2005-06-21,26.586369
2005-06-22,26.516696
2005-06-23,26.327944
2005-06-24,26.206253
2005-06-27,26.089826
2005-06-28,26.359011
2005-06-29,26.301973
2005-06-30,26.098323
2005-07-01,26.04647
2005-07-05,26.201615
2005-07-06,26.018433
2005-07-07,26.036753
2005-07-08,26.364267
2005-07-11,26.437524
2005-07-12,26.429623
2005-07-13,26.191203
2005-07-14,26.219676
2005-07-15,26.324307
2005-07-18,26.168459
2005-07-19,25.956824
2005-07-20,25.92113
2005-07-21,26.35606
2005-07-22,26.294196
2005-07-25,26.115169
2005-07-26,26.162859
2005-07-27,26.342248
2005-07-28,26.299582
2005-07-29,26.152122
2005-08-01,26.310397
2005-08-02,26.328876
2005-08-03,26.406464
2005-08-04,26.119999
2005-08-05,25.9573
2005-08-08,25.823795
2005-08-09,26.074227
2005-08-10,26.017836
2005-08-11,26.218782
2005-08-12,26.043857
2005-08-15,26.07327
2005-08-16,25.877811
2005-08-17,26.041972
2005-08-18,26.063875
2005-08-19,25.854532
2005-08-22,25.835734
2005-08-23,25.670434
2005-08-24,25.585777
2005-08-25,25.637737
2005-08-26,25.521431
2005-08-29,25.779563
2005-08-30,25.678807
2005-08-31,25.970993
2005-09-01,25.957235
2005-09-02,25.957147
2005-09-06,26.365643
2005-09-07,26.54769
2005-09-08,26.477548
2005-09-09,26.608936
2005-09-12,26.531268
2005-09-13,26.207571
2005-09-14,26.15674
2005-09-15,26.164834
2005-09-16,26.367977
2005-09-19,26.194173
2005-09-20,25.996143
2005-09-21,25.865089
2005-09-22,25.909146
2005-09-23,25.907898
2005-09-26,25.858523
2005-09-27,25.725742
2005-09-28,25.726479
2005-09-29,25.810164
2005-09-30,25.839096
2005-10-03,25.81348
2005-10-04,25.954982
2005-10-05,25.538369
2005-10-06,25.366533
2005-10-07,25.318207
2005-10-10,25.260806
2005-10-11,25.084819
2005-10-12,25.126823
2005-10-13,25.268456
2005-10-14,25.490625
2005-10-17,25.425855
2005-10-18,25.22058
2005-10-19,25.239012
2005-10-20,25.592218
2005-10-21,25.67335
2005-10-24,25.819722
2005-10-25,25.648958
2005-10-26,25.270764
2005-10-27,25.100068
2005-10-28,25.415287
2005-10-31,25.568913
2005-11-01,25.558791
2005-11-02,25.579476
2005-11-03,25.696192
2005-11-04,25.802693
2005-11-07,25.89669
2005-11-08,25.707573
2005-11-09,25.705152
2005-11-10,26.004336
2005-11-11,26.056181
2005-11-14,25.810533
2005-11-15,25.98416
2005-11-16,25.783755
2005-11-17,25.922274
2005-11-18,25.98543
2005-11-21,26.028882
2005-11-22,25.907528
2005-11-23,25.933591
2005-11-25,25.976199
2005-11-28,25.701824
2005-11-29,25.717108
2005-11-30,25.566612
2005-12-01,25.803143
2005-12-02,25.901969
2005-12-05,25.922131
2005-12-06,25.887396
2005-12-07,25.792426
2005-12-08,25.858441
2005-12-09,25.882106
2005-12-12,25.891389
2005-12-13,26.206842
2005-12-14,26.273389
2005-12-15,26.373992
2005-12-16,26.410656
2005-12-19,26.711093
2005-12-20,26.663712
2005-12-21,26.759472
2005-12-22,26.946474
2005-12-23,26.949338
2005-12-27,26.721909
2005-12-28,26.746229
2005-12-29,26.647292
2005-12-30,26.457565
2006-01-03,26.805695
2006-01-04,27.035803
2006-01-05,26.996785
2006-01-06,27.194199
2006-01-09,27.330361
2006-01-10,27.2174
2006-01-11,27.147819
2006-01-12,27.119984
2006-01-13,27.057245
2006-01-17,27.047787
2006-01-18,27.119417
2006-01-19,27.232816
2006-01-20,26.708728
2006-01-23,26.652561
2006-01-24,26.106241
2006-01-25,25.860207
2006-01-26,25.067849
2006-01-27,25.395018
2006-01-30,24.795659
2006-01-31,23.794613
2006-02-01,23.940731
2006-02-02,23.761568
2006-02-03,23.703607
2006-02-06,23.47133
2006-02-07,23.402783
2006-02-08,23.689597
2006-02-09,23.662554
2006-02-10,23.605329
2006-02-13,23.586444
2006-02-14,23.817574
2006-02-15,23.851178
2006-02-16,23.986741
2006-02-17,23.975607
2006-02-21,23.77904
2006-02-22,23.991608
2006-02-23,24.011386
2006-02-24,24.001362
2006-02-27,24.195596
2006-02-28,23.910395
2006-03-01,23.94984
2006-03-02,23.370659
2006-03-03,23.310981
2006-03-06,23.166985
2006-03-07,23.203442
2006-03-08,23.340799
2006-03-09,23.232704
2006-03-10,23.342805
2006-03-13,23.380338
2006-03-14,23.512015
2006-03-15,23.574532
2006-03-16,23.57893
2006-03-17,23.657269
2006-03-20,23.712348
2006-03-21,23.537502
2006-03-22,23.785066
2006-03-23,23.66034
2006-03-24,23.63045
2006-03-27,23.452115
2006-03-28,23.231782
2006-03-29,23.291204
2006-03-30,23.241772
2006-03-31,23.115569
2006-04-03,23.118057
2006-04-04,23.144998
2006-04-05,23.05865
2006-04-06,22.896193
2006-04-07,22.611312
2006-04-10,22.547505
2006-04-11,22.310234
2006-04-12,22.428126
2006-04-13,22.40528
2006-04-17,22.274074
2006-04-18,22.190624
2006-04-19,20.834002
2006-04-20,20.808034
2006-04-21,20.746709
2006-04-24,20.478718
2006-04-25,20.329229
2006-04-26,20.299086
2006-04-27,20.108473
2006-04-28,20.302613
2006-05-01,20.174497
2006-05-02,20.136942
2006-05-03,20.120294
2006-05-04,20.184094
2006-05-05,20.393984
2006-05-08,20.380505
2006-05-09,20.25553
2006-05-10,20.229727
2006-05-11,20.15034
2006-05-12,20.09144
2006-05-15,20.374511
2006-05-16,20.455157
2006-05-17,20.225585
2006-05-18,20.13149
2006-05-19,20.040624
2006-05-22,19.950444
2006-05-23,19.688592
2006-05-24,19.772023
2006-05-25,19.932075
2006-05-26,20.045277
2006-05-30,19.738822
2006-05-31,19.881913
2006-06-01,20.167691
2006-06-02,20.23564
2006-06-05,19.937609
2006-06-06,19.962374
2006-06-07,20.062478
2006-06-08,20.101809
2006-06-09,19.966785
2006-06-12,19.757518
2006-06-13,19.705815
2006-06-14,19.755419
2006-06-15,20.017724
2006-06-16,19.958446
2006-06-19,19.779072
2006-06-20,19.731807
2006-06-21,19.825431
2006-06-22,19.710928
2006-06-23,19.719804
2006-06-26,19.681202
2006-06-27,19.423716
2006-06-28,19.479636
2006-06-29,19.809501
2006-06-30,19.904116
2006-07-03,19.971315
2006-07-05,19.906108
2006-07-06,19.991168
2006-07-07,20.01579
2006-07-10,20.101862
2006-07-11,20.160703
2006-07-12,20.024151
2006-07-13,19.861944
2006-07-14,19.717439
2006-07-17,19.790469
2006-07-18,19.734932
2006-07-19,20.240101
2006-07-20,20.786881
2006-07-21,20.504439
2006-07-24,20.590409
2006-07-25,20.754596
2006-07-26,20.817495
2006-07-27,22.735325
2006-07-28,22.86349
2006-07-31,22.748926
2006-08-01,22.772223
2006-08-02,22.915867
2006-08-03,22.683642
2006-08-04,22.685473
2006-08-07,22.609057
2006-08-08,22.616482
2006-08-09,22.715573
2006-08-10,22.733563
2006-08-11,22.597677
2006-08-14,22.643326
2006-08-15,22.835098
2006-08-16,23.010658
2006-08-17,23.069986
2006-08-18,23.115377
2006-08-21,23.036365
2006-08-22,22.993622
2006-08-23,22.998597
2006-08-24,23.162617
2006-08-25,23.133812
2006-08-28,23.302213
2006-08-29,23.381626
2006-08-30,23.376775
2006-08-31,23.344631
2006-09-01,23.462059
2006-09-05,23.376031
2006-09-06,23.236011
2006-09-07,23.098917
2006-09-08,23.258175
2006-09-11,23.422408
2006-09-12,23.694239
2006-09-13,23.641617
2006-09-14,23.616449
2006-09-15,23.665438
2006-09-18,23.634514
2006-09-19,23.664118
2006-09-20,23.79405
2006-09-21,23.634108
2006-09-22,23.481126
2006-09-25,23.572654
2006-09-26,23.592812
2006-09-27,23.629381
2006-09-28,23.632248
2006-09-29,23.670606
2006-10-02,23.531069
2006-10-03,23.615763
2006-10-04,23.780393
2006-10-05,23.789274
2006-10-06,23.723804
2006-10-09,23.643081
2006-10-10,23.563387
2006-10-11,23.542722
2006-10-12,23.735049
2006-10-13,23.63777
2006-10-16,23.662138
2006-10-17,23.599997
2006-10-18,23.579538
2006-10-19,22.624496
2006-10-20,22.846144
2006-10-23,22.814729
2006-10-24,22.731476
2006-10-25,22.589784
2006-10-26,22.817906
2006-10-27,22.684649
2006-10-30,22.536568
2006-10-31,22.364226
2006-11-01,22.174625
2006-11-02,22.204867
2006-11-03,22.081908
2006-11-06,22.620418
2006-11-07,22.749189
2006-11-08,22.418616
2006-11-09,21.837796
2006-11-10,21.957037
2006-11-13,21.989095
2006-11-14,22.26234
2006-11-15,22.380912
2006-11-16,22.501011
2006-11-17,22.577423
2006-11-20,22.527767
2006-11-21,22.47767
2006-11-22,22.548115
2006-11-24,22.411887
2006-11-27,22.266321
2006-11-28,22.355914
2006-11-29,22.498858
2006-11-30,22.581723
2006-12-01,22.610844
2006-12-04,22.49964
2006-12-05,22.573201
2006-12-06,22.602727
2006-12-07,22.543599
2006-12-08,22.593913
2006-12-11,22.615735
2006-12-12,22.609763
2006-12-13,22.586831
2006-12-14,22.7138
2006-12-15,22.796339
2006-12-18,22.8479
2006-12-19,22.972799
2006-12-20,22.975873
2006-12-21,22.931855
2006-12-22,22.791999
2006-12-26,22.82906
2006-12-27,22.942866
2006-12-28,22.953411
2006-12-29,22.879145
2007-01-03,22.893205
2007-01-04,23.12361
2007-01-05,23.005983
2007-01-08,23.044991
2007-01-09,23.010128
2007-01-10,23.038729
2007-01-11,23.290345
2007-01-12,23.384958
2007-01-16,23.436417
2007-01-17,23.575243
2007-01-18,23.587746
2007-01-19,23.6089
2007-01-22,23.965645
2007-01-23,23.826142
2007-01-24,24.494328
2007-01-25,24.453491
2007-01-26,24.300183
2007-01-29,24.233898
2007-01-30,24.573407
2007-01-31,25.671497
2007-02-01,25.651538
2007-02-02,25.608756
2007-02-05,25.569896
2007-02-06,25.513037
2007-02-07,25.467094
2007-02-08,25.526129
2007-02-09,25.396728
2007-02-12,25.338639
2007-02-13,25.412884
2007-02-14,25.707686
2007-02-15,25.774479
2007-02-16,25.693893
2007-02-20,25.673682
2007-02-21,25.533209
2007-02-22,25.504035
2007-02-23,25.403555
2007-02-26,25.484578
2007-02-27,24.914326
2007-02-28,24.952848
2007-03-01,25.256518
2007-03-02,25.055188
2007-03-05,24.912906
2007-03-06,25.188252
2007-03-07,25.119224
2007-03-08,25.251046
2007-03-09,25.284112
2007-03-12,25.30756
2007-03-13,24.9161
2007-03-14,24.993492
2007-03-15,25.020018
2007-03-16,24.95891
2007-03-19,25.3191
2007-03-20,25.448326
2007-03-21,25.751372
2007-03-22,25.774417
2007-03-23,25.691814
2007-03-26,25.746763
2007-03-27,25.553183
2007-03-28,25.398552
2007-03-29,25.464591
2007-03-30,25.49228
2007-04-02,25.601486
2007-04-03,25.886636
2007-04-04,26.010227
2007-04-05,26.179369
2007-04-09,26.180008
2007-04-10,26.219004
2007-04-11,26.163567
2007-04-12,26.428602
2007-04-13,26.784386
2007-04-16,27.192564
2007-04-17,27.61648
2007-04-18,27.537714
2007-04-19,27.347051
2007-04-20,27.755865
2007-04-23,27.574216
2007-04-24,27.730778
2007-04-25,27.689249
2007-04-26,27.823941
2007-04-27,27.726152
2007-04-30,27.56495
2007-05-01,27.53249
2007-05-02,27.437661
2007-05-03,27.480109
2007-05-04,27.631195
2007-05-07,27.706496
2007-05-08,27.5778
2007-05-09,27.671242
2007-05-10,27.117614
2007-05-11,27.279423
2007-05-14,27.280636
2007-05-15,27.229339
2007-05-16,27.502974
2007-05-17,27.389417
2007-05-18,27.542096
2007-05-21,27.562696
2007-05-22,27.517717
2007-05-23,27.572182
2007-05-24,27.533947
2007-05-25,27.561877
2007-05-29,27.561086
2007-05-30,27.519528
2007-05-31,27.560864
2007-06-01,27.476574
2007-06-04,27.452725
2007-06-05,27.324588
2007-06-06,27.071208
2007-06-07,26.640401
2007-06-08,26.806374
2007-06-11,26.800882
2007-06-12,26.575984
2007-06-13,26.826022
2007-06-14,26.847553
2007-06-15,27.025322
2007-06-18,26.944653
2007-06-19,26.987527
2007-06-20,26.592672
2007-06-21,26.660554
2007-06-22,26.230182
2007-06-25,26.230217
2007-06-26,26.399782
2007-06-27,26.553915
2007-06-28,26.523448
2007-06-29,26.412458
2007-07-02,26.668926
2007-07-03,26.688174
2007-07-05,26.718988
2007-07-06,26.731185
2007-07-09,26.676677
2007-07-10,26.407514
2007-07-11,26.577058
2007-07-12,26.991432
2007-07-13,26.951756
2007-07-16,26.957441
2007-07-17,26.668083
2007-07-18,26.761569
2007-07-19,26.373648
2007-07-20,24.610239
2007-07-23,24.703374
2007-07-24,24.299211
2007-07-25,24.269767
2007-07-26,23.250193
2007-07-27,22.776554
2007-07-30,22.872514
2007-07-31,22.672755
2007-08-01,22.827298
2007-08-02,22.986928
2007-08-03,22.646576
2007-08-06,23.165235
2007-08-07,23.066793
2007-08-08,23.303246
2007-08-09,22.789939
2007-08-10,23.102873
2007-08-13,23.167287
2007-08-14,22.892646
2007-08-15,22.824125
2007-08-16,22.765352
2007-08-17,23.043555
2007-08-20,23.038841
2007-08-21,23.012025
2007-08-22,23.211378
2007-08-23,23.26466
2007-08-24,23.436471
2007-08-27,23.321455
2007-08-28,23.005424
2007-08-29,23.278153
2007-08-30,23.243918
2007-08-31,23.400906
2007-09-04,23.567546
2007-09-05,23.420407
2007-09-06,23.567829
2007-09-07,23.242617
2007-09-10,23.252905
2007-09-11,23.513495
2007-09-12,23.593251
2007-09-13,23.698346
2007-09-14,23.643986
2007-09-17,23.476265
2007-09-18,23.908977
2007-09-19,24.085912
2007-09-20,23.959288
2007-09-21,24.09076
2007-09-24,24.052385
2007-09-25,24.029892
2007-09-26,24.184213
2007-09-27,24.231064
2007-09-28,24.116453
2007-10-01,24.396638
2007-10-02,24.3111
2007-10-03,24.342787
2007-10-04,24.431808
2007-10-05,24.628419
2007-10-08,24.538955
2007-10-09,24.687045
2007-10-10,24.677224
2007-10-11,24.528043
2007-10-12,24.626686
2007-10-15,24.395863
2007-10-16,24.28424
2007-10-17,24.286016
2007-10-18,24.955132
2007-10-19,24.73503
2007-10-22,24.307856
2007-10-23,24.600556
2007-10-24,24.711694
2007-10-25,24.53803
2007-10-26,24.600915
2007-10-29,24.586845
2007-10-30,24.584465
2007-10-31,24.807098
2007-11-01,24.328833
2007-11-02,24.242523
2007-11-05,24.204302
2007-11-06,24.297723
2007-11-07,23.790173
2007-11-08,23.987535
2007-11-09,23.882198
2007-11-12,23.988263
2007-11-13,24.333838
2007-11-14,24.269251
2007-11-15,24.197149
2007-11-16,24.353893
2007-11-19,24.124386
2007-11-20,24.214765
2007-11-21,23.809085
2007-11-23,24.131909
2007-11-26,23.869579
2007-11-27,24.37986
2007-11-28,24.794925
2007-11-29,24.863622
2007-11-30,24.949438
2007-12-03,24.78997
2007-12-04,24.717992
2007-12-05,25.017995
2007-12-06,25.266542
2007-12-07,25.215021
2007-12-10,25.254072
2007-12-11,24.871874
2007-12-12,24.908103
2007-12-13,24.847931
2007-12-14,24.611439
2007-12-17,24.347649
2007-12-18,24.516034
2007-12-19,24.409864
2007-12-20,24.511282
2007-12-21,24.779407
2007-12-24,24.857553
2007-12-26,24.834342
2007-12-27,24.551702
2007-12-28,24.561321
2007-12-31,24.342471
2008-01-02,24.135047
2008-01-03,24.284715
2008-01-04,24.016474
2008-01-07,24.538058
2008-01-08,24.753662
2008-01-09,25.138246
2008-01-10,25.167735
2008-01-11,25.177435
2008-01-14,25.057042
2008-01-15,24.637616
2008-01-16,24.806935
2008-01-17,24.320106
2008-01-18,23.933443
2008-01-22,23.059793
2008-01-23,21.210033
2008-01-24,21.099914
2008-01-25,20.749692
2008-01-28,21.06861
2008-01-29,20.914887
2008-01-30,21.37971
2008-01-31,21.500328
2008-02-01,21.755975
2008-02-04,22.024402
2008-02-05,21.590312
2008-02-06,21.497944
2008-02-07,21.46991
2008-02-08,21.223938
2008-02-11,21.204379
2008-02-12,22.720706
2008-02-13,22.733647
2008-02-14,22.436901
2008-02-15,22.536778
2008-02-19,22.873018
2008-02-20,22.674979
2008-02-21,22.41253
2008-02-22,22.405787
2008-02-25,22.755446
2008-02-26,22.701428
2008-02-27,22.528209
2008-02-28,22.041602
2008-02-29,22.538091
2008-03-03,22.550088
2008-03-04,22.542858
2008-03-05,22.540563
2008-03-06,22.062318
2008-03-07,21.818431
2008-03-10,21.576919
2008-03-11,21.536011
2008-03-12,21.454802
2008-03-13,21.538373
2008-03-14,21.130944
2008-03-17,21.08736
2008-03-18,21.580736
2008-03-19,21.475496
2008-03-20,21.652406
2008-03-24,21.834078
2008-03-25,21.849323
2008-03-26,21.748255
2008-03-27,21.727177
2008-03-28,21.612683
2008-03-31,21.494239
2008-04-01,22.000026
2008-04-02,21.798216
2008-04-03,21.802744
2008-04-04,22.018898
2008-04-07,22.117904
2008-04-08,22.053272
2008-04-09,21.937056
2008-04-10,22.126343
2008-04-11,21.796354
2008-04-14,21.751212
2008-04-15,21.156421
2008-04-16,21.159936
2008-04-17,21.131945
2008-04-18,21.388328
2008-04-21,20.543156
2008-04-22,20.232627
2008-04-23,20.56127
2008-04-24,20.492724
2008-04-25,20.699788
2008-04-28,20.75855
2008-04-29,20.561654
2008-04-30,20.463739
2008-05-01,20.768098
2008-05-02,20.786464
2008-05-05,20.694015
2008-05-06,20.750767
2008-05-07,20.390185
2008-05-08,21.139054
2008-05-09,21.014111
2008-05-12,21.160167
2008-05-13,21.045891
2008-05-14,21.150889
2008-05-15,21.125731
2008-05-16,21.162197
2008-05-19,21.239374
2008-05-20,21.219753
2008-05-21,21.098719
2008-05-22,21.223787
2008-05-23,20.971559
2008-05-27,21.117839
2008-05-28,21.078824
2008-05-29,21.399134
2008-05-30,21.448612
2008-06-02,21.339659
2008-06-03,21.406167
2008-06-04,21.464199
2008-06-05,21.63398
2008-06-06,21.074974
2008-06-09,20.9758
2008-06-10,20.850399
2008-06-11,20.549709
2008-06-12,20.636537
2008-06-13,20.892567
2008-06-16,20.79896
2008-06-17,20.710756
2008-06-18,20.535144
2008-06-19,20.649296
2008-06-20,20.355323
2008-06-23,20.474115
2008-06-24,20.547534
2008-06-25,20.718051
2008-06-26,20.281906
2008-06-27,20.400457
2008-06-30,20.599007
2008-07-01,20.708912
2008-07-02,20.6148
2008-07-03,20.645248
2008-07-07,20.546582
2008-07-08,21.150928
2008-07-09,21.078702
2008-07-10,21.174873
2008-07-11,20.922677
2008-07-14,20.889732
2008-07-15,21.045943
2008-07-16,21.061012
2008-07-17,21.160131
2008-07-18,21.05295
2008-07-21,20.796456
2008-07-22,21.202968
2008-07-23,20.940415
2008-07-24,20.688881
2008-07-25,20.840911
2008-07-28,20.652695
2008-07-29,20.798158
2008-07-30,20.748553
2008-07-31,20.789342
2008-08-01,20.563277
2008-08-04,20.841416
2008-08-05,20.921409
2008-08-06,20.932014
2008-08-07,20.631038
2008-08-08,21.121082
2008-08-11,21.136608
2008-08-12,21.080565
2008-08-13,20.992217
2008-08-14,21.082291
2008-08-15,21.27967
2008-08-18,21.06422
2008-08-19,20.891599
2008-08-20,20.788125
2008-08-21,20.834755
2008-08-22,21.018008
2008-08-25,20.688027
2008-08-26,20.69632
2008-08-27,20.684849
2008-08-28,20.861212
2008-08-29,20.613331
2008-09-02,20.641178
2008-09-03,20.651539
2008-09-04,20.127774
2008-09-05,20.030623
2008-09-08,20.442277
2008-09-09,20.098732
2008-09-10,20.133005
2008-09-11,20.407794
2008-09-12,20.364673
2008-09-15,19.962202
2008-09-16,19.991146
2008-09-17,19.33031
2008-09-18,19.74537
2008-09-19,19.850385
2008-09-22,19.450117
2008-09-23,19.36219
2008-09-24,19.470843
2008-09-25,19.785263
2008-09-26,19.858066
2008-09-29,18.70807
2008-09-30,19.415808
2008-10-01,19.408202
2008-10-02,19.110811
2008-10-03,18.991664
2008-10-06,18.119616
2008-10-07,17.484034
2008-10-08,17.259465
2008-10-09,16.026357
2008-10-10,15.493919
2008-10-13,17.419229
2008-10-14,17.199332
2008-10-15,15.959354
2008-10-16,16.551619
2008-10-17,16.561566
2008-10-20,17.234015
2008-10-21,16.601554
2008-10-22,15.676208
2008-10-23,16.157176
2008-10-24,15.733468
2008-10-27,15.244664
2008-10-28,16.362631
2008-10-29,15.998752
2008-10-30,16.376751
2008-10-31,16.592797
2008-11-03,16.704658
2008-11-04,16.942211
2008-11-05,16.306194
2008-11-06,15.780319
2008-11-07,16.240501
2008-11-10,16.156053
2008-11-11,15.913552
2008-11-12,15.353097
2008-11-13,16.295645
2008-11-14,15.733649
2008-11-17,15.37932
2008-11-18,15.530376
2008-11-19,14.81139
2008-11-20,13.863431
2008-11-21,14.438706
2008-11-24,14.877272
2008-11-25,14.956155
2008-11-26,15.133872
2008-11-28,15.317534
2008-12-01,14.37443
2008-12-02,14.861597
2008-12-03,15.24836
2008-12-04,14.897282
2008-12-05,15.417252
2008-12-08,15.571954
2008-12-09,15.225246
2008-12-10,15.311855
2008-12-11,15.336537
2008-12-12,15.390817
2008-12-15,15.326107
2008-12-16,15.977861
2008-12-17,15.843402
2008-12-18,15.924199
2008-12-19,16.052875
2008-12-22,15.971189
2008-12-23,15.83732
2008-12-24,15.848426
2008-12-26,15.872578
2008-12-29,15.78592
2008-12-30,16.165743
2008-12-31,16.28121
2009-01-02,16.638161
2009-01-05,16.48329
2009-01-06,16.244074
2009-01-07,16.08841
2009-01-08,16.177589
2009-01-09,16.032465
2009-01-12,15.829447
2009-01-13,15.959593
2009-01-14,15.71738
2009-01-15,15.829005
2009-01-16,15.991812
2009-01-20,15.516762
2009-01-21,15.822867
2009-01-22,15.927654
2009-01-23,15.943691
2009-01-26,16.506054
2009-01-27,16.579401
2009-01-28,17.372401
2009-01-29,18.337751
2009-01-30,18.120347
2009-02-02,18.309905
2009-02-03,16.848714
2009-02-04,16.679174
2009-02-05,16.946174
2009-02-06,17.100225
2009-02-09,17.05184
2009-02-10,16.513648
2009-02-11,16.699166
2009-02-12,16.981393
2009-02-13,16.824427
2009-02-17,16.325844
2009-02-18,16.313345
2009-02-19,15.899104
2009-02-20,15.721331
2009-02-23,15.323273
2009-02-24,15.592606
2009-02-25,15.27194
2009-02-26,14.614455
2009-02-27,13.979896
2009-03-02,13.397057
2009-03-03,13.36825
2009-03-04,13.715078
2009-03-05,13.280377
2009-03-06,13.42305
2009-03-09,13.303446
2009-03-10,13.80835
2009-03-11,13.527731
2009-03-12,14.228306
2009-03-13,14.700494
2009-03-16,14.52121
2009-03-17,14.777592
2009-03-18,14.779162
2009-03-19,14.409908
2009-03-20,14.437416
2009-03-23,15.022969
2009-03-24,14.790139
2009-03-25,14.860924
2009-03-26,15.061092
2009-03-27,14.918755
2009-03-30,14.819133
2009-03-31,14.89275
2009-04-01,14.849961
2009-04-02,14.869557
2009-04-03,14.631585
2009-04-06,14.719119
2009-04-07,14.60482
2009-04-08,14.725331
2009-04-09,14.812945
2009-04-13,14.862909
2009-04-14,14.825605
2009-04-15,14.812761
2009-04-16,14.829678
2009-04-17,14.971967
2009-04-20,14.702215
2009-04-21,14.840589
2009-04-22,14.606937
2009-04-23,14.658124
2009-04-24,14.690087
2009-04-27,14.798373
2009-04-28,14.837
2009-04-29,14.899759
2009-04-30,14.373828
2009-05-01,14.362241
2009-05-04,14.639903
2009-05-05,14.723212
2009-05-06,14.629317
2009-05-07,14.986635
2009-05-08,15.115986
2009-05-11,14.960829
2009-05-12,15.170385
2009-05-13,15.154622
2009-05-14,15.170578
2009-05-15,14.990974
2009-05-18,15.159972
2009-05-19,15.182051
2009-05-20,15.235542
2009-05-21,15.040947
2009-05-22,15.031451
2009-05-26,15.258908
2009-05-27,15.096851
2009-05-28,15.179097
2009-05-29,15.414985
2009-06-01,15.483372
2009-06-02,15.651363
2009-06-03,15.58238
2009-06-04,15.389736
2009-06-05,15.378088
2009-06-08,15.223364
2009-06-09,15.185378
2009-06-10,15.129205
2009-06-11,15.271652
2009-06-12,15.346148
2009-06-15,14.910287
2009-06-16,14.94087
2009-06-17,15.247021
2009-06-18,15.588416
2009-06-19,15.669059
2009-06-22,15.376327
2009-06-23,15.398933
2009-06-24,15.490045
2009-06-25,15.91104
2009-06-26,15.922098
2009-06-29,15.995976
2009-06-30,15.880909
2009-07-01,15.879565
2009-07-02,15.511015
2009-07-06,15.627528
2009-07-07,15.588787
2009-07-08,15.706525
2009-07-09,15.545925
2009-07-10,15.469533
2009-07-13,15.710517
2009-07-14,15.779459
2009-07-15,15.915153
2009-07-16,16.040761
2009-07-17,15.967607
2009-07-20,16.025243
2009-07-21,16.097612
2009-07-22,16.01856
2009-07-23,16.293457
2009-07-24,16.533937
2009-07-27,16.466245
2009-07-28,16.5076
2009-07-29,16.55172
2009-07-30,16.508006
2009-07-31,16.399025
2009-08-03,16.474565
2009-08-04,16.454749
2009-08-05,16.249567
2009-08-06,16.089356
2009-08-07,16.224024
2009-08-10,16.346213
2009-08-11,16.301033
2009-08-12,16.352543
2009-08-13,16.361426
2009-08-14,16.318705
2009-08-17,16.312546
2009-08-18,16.311604
2009-08-19,16.512298
2009-08-20,16.612649
2009-08-21,16.802353
2009-08-24,16.865642
2009-08-25,16.987985
2009-08-26,16.944908
2009-08-27,16.981038
2009-08-28,16.825926
2009-08-31,16.786949
2009-09-01,16.519691
2009-09-02,16.504738
2009-09-03,16.493856
2009-09-04,16.703943
2009-09-08,16.643394
2009-09-09,16.804948
2009-09-10,16.914052
2009-09-11,16.903341
2009-09-14,17.000136
2009-09-15,16.804094
2009-09-16,16.905656
2009-09-17,16.905454
2009-09-18,16.884498
2009-09-21,17.002863
2009-09-22,16.947914
2009-09-23,16.76416
2009-09-24,16.710636
2009-09-25,16.690576
2009-09-28,16.930005
2009-09-29,16.912457
2009-09-30,16.833904
2009-10-01,16.557593
2009-10-02,16.515043
2009-10-05,16.600161
2009-10-06,16.729303
2009-10-07,16.770391
2009-10-08,16.760617
2009-10-09,16.926814
2009-10-12,17.002048
2009-10-13,16.812798
2009-10-14,16.962306
2009-10-15,17.050622
2009-10-16,17.102568
2009-10-19,17.200732
2009-10-20,16.779977
2009-10-21,16.210591
2009-10-22,15.749651
2009-10-23,15.582057
2009-10-26,15.412582
2009-10-27,15.491556
2009-10-28,15.313277
2009-10-29,15.492033
2009-10-30,15.24627
2009-11-02,15.306746
2009-11-03,15.29657
2009-11-04,15.003115
2009-11-05,15.239184
2009-11-06,15.361511
2009-11-09,15.626734
2009-11-10,15.703161
2009-11-11,15.728797
2009-11-12,15.643817
2009-11-13,15.669325
2009-11-16,15.891564
2009-11-17,15.905216
2009-11-18,15.9639
2009-11-19,15.879049
2009-11-20,15.96687
2009-11-23,16.13466
2009-11-24,16.192353
2009-11-25,16.2796
2009-11-27,16.110872
2009-11-30,16.067052
2009-12-01,16.269167
2009-12-02,16.318332
2009-12-03,16.226702
2009-12-04,16.237382
2009-12-07,16.21224
2009-12-08,16.090873
2009-12-09,16.187741
2009-12-10,16.376153
2009-12-11,16.369428
2009-12-14,16.517343
2009-12-15,16.50514
2009-12-16,16.439821
2009-12-17,16.285
2009-12-18,16.326886
2009-12-21,16.532137
2009-12-22,16.589971
2009-12-23,16.578952
2009-12-24,16.572227
2009-12-28,16.641439
2009-12-29,16.659705
2009-12-30,16.6406
2009-12-31,16.448299
2010-01-04,16.6775
2010-01-05,16.581326
2010-01-06,16.660724
2010-01-07,16.722479
2010-01-08,16.772476
2010-01-11,16.841777
2010-01-12,16.738958
2010-01-13,16.955191
2010-01-14,17.093872
2010-01-15,17.022442
2010-01-19,17.369579
2010-01-20,17.272606
2010-01-21,16.832751
2010-01-22,16.631493
2010-01-25,16.635775
2010-01-26,16.534016
2010-01-27,16.027672
2010-01-28,15.115303
2010-01-29,15.042085
2010-02-01,15.095828
2010-02-02,15.38571
2010-02-03,15.166069
2010-02-04,14.662611
2010-02-05,14.631156
2010-02-08,14.574819
2010-02-09,14.650266
2010-02-10,14.341449
2010-02-11,14.422474
2010-02-12,14.385236
2010-02-16,13.619838
2010-02-17,13.738911
2010-02-18,13.801558
2010-02-19,13.786199
2010-02-22,13.776098
2010-02-23,13.588565
2010-02-24,13.692445
2010-02-25,13.590713
2010-02-26,13.617823
2010-03-01,13.747011
2010-03-02,13.801123
2010-03-03,13.738423
2010-03-04,13.70655
2010-03-05,13.871098
2010-03-08,13.811582
2010-03-09,13.795224
2010-03-10,13.807552
2010-03-11,13.865905
2010-03-12,13.810891
2010-03-15,13.87933
2010-03-16,13.909562
2010-03-17,13.925951
2010-03-18,14.014515
2010-03-19,14.015819
2010-03-22,14.084192
2010-03-23,14.137585
2010-03-24,14.015871
2010-03-25,13.943039
2010-03-26,13.850557
2010-03-29,13.974671
2010-03-30,13.981294
2010-03-31,13.934882
2010-04-01,14.011178
2010-04-05,13.972505
2010-04-06,13.948087
2010-04-07,13.889479
2010-04-08,13.859187
2010-04-09,13.91477
2010-04-12,13.886432
2010-04-13,13.890286
2010-04-14,13.830249
2010-04-15,13.785735
2010-04-16,13.707801
2010-04-19,13.825867
2010-04-20,13.645381
2010-04-21,13.477325
2010-04-22,13.28875
2010-04-23,13.437544
2010-04-26,13.509626
2010-04-27,13.350624
2010-04-28,13.357392
2010-04-29,13.475586
2010-04-30,13.323851
2010-05-03,13.389282
2010-05-04,13.950145
2010-05-05,13.977291
2010-05-06,13.614471
2010-05-07,13.431528
2010-05-10,13.88137
2010-05-11,13.858911
2010-05-12,13.95561
2010-05-13,13.821813
2010-05-14,13.609264
2010-05-17,13.621097
2010-05-18,13.513831
2010-05-19,13.497379
2010-05-20,13.048993
2010-05-21,13.081644
2010-05-24,13.053435
2010-05-25,12.88066
2010-05-26,12.806486
2010-05-27,13.053412
2010-05-28,12.970795
2010-06-01,12.83601
2010-06-02,13.137519
2010-06-03,13.19877
2010-06-04,12.804662
2010-06-07,12.798853
2010-06-08,12.818205
2010-06-09,12.74762
2010-06-10,13.006222
2010-06-11,13.111705
2010-06-14,13.133033
2010-06-15,13.355811
2010-06-16,13.396864
2010-06-17,13.410842
2010-06-18,13.3665
2010-06-21,13.332351
2010-06-22,13.214301
2010-06-23,13.180596
2010-06-24,13.075369
2010-06-25,13.107846
2010-06-28,13.101648
2010-06-29,12.856391
2010-06-30,12.75064
2010-07-01,12.643457
2010-07-02,12.68005
2010-07-06,12.741935
2010-07-07,12.992253
2010-07-08,13.110661
2010-07-09,13.131326
2010-07-12,13.110259
2010-07-13,13.195656
2010-07-14,13.202866
2010-07-15,13.208539
2010-07-16,12.916891
2010-07-19,12.976545
2010-07-20,12.850081
2010-07-21,12.682486
2010-07-22,12.687922
2010-07-23,12.697879
2010-07-26,12.881051
2010-07-27,12.872958
2010-07-28,12.618247
2010-07-29,12.605495
2010-07-30,12.96581
2010-08-02,13.200341
2010-08-03,13.32253
2010-08-04,13.441343
2010-08-05,13.503196
2010-08-06,13.554543
2010-08-09,13.592876
2010-08-10,13.626602
2010-08-11,13.266652
2010-08-12,13.353276
2010-08-13,13.297908
2010-08-16,13.245932
2010-08-17,13.415602
2010-08-18,13.397878
2010-08-19,13.180908
2010-08-20,13.125565
2010-08-23,13.17051
2010-08-24,12.843905
2010-08-25,12.966438
2010-08-26,12.860522
2010-08-27,12.984297
2010-08-30,12.840116
2010-08-31,12.784988
2010-09-01,13.076206
2010-09-02,13.150709
2010-09-03,13.271213
2010-09-07,13.192232
2010-09-08,13.255675
2010-09-09,13.408961
2010-09-10,13.534885
2010-09-13,13.54361
2010-09-14,13.593685
2010-09-15,13.707749
2010-09-16,13.667909
2010-09-17,13.670883
2010-09-20,13.864976
2010-09-21,13.876996
2010-09-22,13.89298
2010-09-23,13.820296
2010-09-24,14.00824
2010-09-27,13.900463
2010-09-28,14.020903
2010-09-29,13.971746
2010-09-30,13.930505
2010-10-01,13.937553
2010-10-04,13.804339
2010-10-05,14.052434
2010-10-06,14.003679
2010-10-07,14.01467
2010-10-08,14.056194
2010-10-11,14.063707
2010-10-12,14.098452
2010-10-13,14.191298
2010-10-14,14.169582
2010-10-15,14.228392
2010-10-18,14.349722
2010-10-19,13.945313
2010-10-20,14.132474
2010-10-21,14.112547
2010-10-22,14.119483
2010-10-25,14.199279
2010-10-26,14.100962
2010-10-27,14.001907
2010-10-28,13.985255
2010-10-29,14.606726
2010-11-01,14.761346
2010-11-02,15.145605
2010-11-03,15.110985
2010-11-04,15.174551
2010-11-05,15.077674
2010-11-08,15.033628
2010-11-09,14.965141
2010-11-10,14.961275
2010-11-11,14.991624
2010-11-12,14.820441
2010-11-15,14.792199
2010-11-16,14.601909
2010-11-17,14.620127
2010-11-18,14.815916
2010-11-19,14.832164
2010-11-22,14.831181
2010-11-23,14.682922
2010-11-24,14.803238
2010-11-26,14.690006
2010-11-29,14.654694
2010-11-30,14.537019
2010-12-01,14.84859
2010-12-02,14.950597
2010-12-03,14.962965
2010-12-06,14.863454
2010-12-07,14.861843
2010-12-08,14.879596
2010-12-09,14.914179
2010-12-10,15.051629
2010-12-13,15.063592
2010-12-14,15.219981
2010-12-15,15.166117
2010-12-16,15.275643
2010-12-17,15.282649
2010-12-20,15.281381
2010-12-21,15.257839
2010-12-22,15.285223
2010-12-23,15.285055
2010-12-27,15.242735
2010-12-28,15.247418
2010-12-29,15.255782
2010-12-30,15.214884
2010-12-31,15.196143
2011-01-03,15.352051
2011-01-04,15.406836
2011-01-05,15.426146
2011-01-06,15.482536
2011-01-07,15.470759
2011-01-10,15.415326
2011-01-11,15.503599
2011-01-12,15.574915
2011-01-13,15.491972
2011-01-14,15.506157
2011-01-18,15.542912
2011-01-19,15.448054
2011-01-20,15.443932
2011-01-21,15.454649
2011-01-24,15.421408
2011-01-25,15.471375
2011-01-26,15.809272
2011-01-27,15.896143
2011-01-28,15.613788
2011-01-31,15.655117
2011-02-01,15.296469
2011-02-02,15.22989
2011-02-03,16.669503
2011-02-04,16.72965
2011-02-07,16.731501
2011-02-08,16.762421
2011-02-09,16.728689
2011-02-10,16.753428
2011-02-11,16.763889
2011-02-14,16.791389
2011-02-15,16.79173
2011-02-16,16.840567
2011-02-17,16.894698
2011-02-18,16.936437
2011-02-22,16.640565
2011-02-23,16.479694
2011-02-24,16.544986
2011-02-25,16.610113
2011-02-28,16.751981
2011-03-01,16.62749
2011-03-02,16.674942
2011-03-03,17.004082
2011-03-04,16.993529
2011-03-07,16.850118
2011-03-08,16.959961
2011-03-09,16.984181
2011-03-10,16.713236
2011-03-11,16.758446
2011-03-14,16.675721
2011-03-15,16.487739
2011-03-16,16.188918
2011-03-17,16.383693
2011-03-18,16.494915
2011-03-21,16.616583
2011-03-22,16.613674
2011-03-23,16.598766
2011-03-24,16.792084
2011-03-25,16.834965
2011-03-28,16.829222
2011-03-29,16.937505
2011-03-30,17.05692
2011-03-31,17.051865
2011-04-01,17.232652
2011-04-04,17.083744
2011-04-05,16.999788
2011-04-06,17.032152
2011-04-07,17.005182
2011-04-08,17.015404
2011-04-11,17.096037
2011-04-12,17.072159
2011-04-13,17.056395
2011-04-14,17.1364
2011-04-15,17.295575
2011-04-18,17.13295
2011-04-19,17.451498
2011-04-20,17.292376
2011-04-21,17.132777
2011-04-25,17.139795
2011-04-26,17.313547
2011-04-27,17.475013
2011-04-28,17.4591
2011-04-29,17.288114
2011-05-02,17.451908
2011-05-03,17.309998
2011-05-04,17.297911
2011-05-05,17.131918
2011-05-06,17.232256
2011-05-09,17.336939
2011-05-10,17.474938
2011-05-11,17.421583
2011-05-12,17.5766
2011-05-13,17.525088
2011-05-16,17.543973
2011-05-17,17.549223
2011-05-18,17.685775
2011-05-19,17.647983
2011-05-20,17.503094
2011-05-23,17.332608
2011-05-24,17.306968
2011-05-25,17.330175
2011-05-26,17.320422
2011-05-27,17.334469
2011-05-31,17.541603
2011-06-01,17.302737
2011-06-02,17.263537
2011-06-03,17.100612
2011-06-06,16.994727
2011-06-07,17.034481
2011-06-08,17.045193
2011-06-09,17.213606
2011-06-10,16.906858
2011-06-13,16.970084
2011-06-14,17.122496
2011-06-15,16.892616
2011-06-16,16.918779
2011-06-17,16.957189
2011-06-20,17.138821
2011-06-21,17.243355
2011-06-22,17.13875
2011-06-23,17.123482
2011-06-24,16.911798
2011-06-27,17.006077
2011-06-28,17.25357
2011-06-29,17.262581
2011-06-30,17.320686
2011-07-01,17.54008
2011-07-05,17.486775
2011-07-06,17.532917
2011-07-07,17.520898
2011-07-08,17.450005
2011-07-11,17.204784
2011-07-12,17.214561
2011-07-13,17.261468
2011-07-14,17.241961
2011-07-15,17.159426
2011-07-18,17.023184
2011-07-19,17.265914
2011-07-20,17.078322
2011-07-21,17.363795
2011-07-22,17.306464
2011-07-25,17.121195
2011-07-26,16.922647
2011-07-27,16.556758
2011-07-28,16.493199
2011-07-29,16.132872
2011-08-01,15.831911
2011-08-02,15.428789
2011-08-03,15.44564
2011-08-04,14.826993
2011-08-05,14.943297
2011-08-08,14.152945
2011-08-09,14.685033
2011-08-10,14.068585
2011-08-11,14.724318
2011-08-12,14.83958
2011-08-15,15.088803
2011-08-16,15.052805
2011-08-17,15.06186
2011-08-18,14.559108
2011-08-19,14.51423
2011-08-22,14.538914
2011-08-23,14.994512
2011-08-24,15.168337
2011-08-25,14.908359
2011-08-26,15.081979
2011-08-29,15.46703
2011-08-30,15.52236
2011-08-31,15.625288
2011-09-01,15.507871
2011-09-02,15.166162
2011-09-06,15.204774
2011-09-07,15.572987
2011-09-08,15.398494
2011-09-09,14.94725
2011-09-12,15.000579
2011-09-13,15.138248
2011-09-14,15.281133
2011-09-15,15.425092
2011-09-16,15.498172
2011-09-19,15.37942
2011-09-20,15.515286
2011-09-21,15.114781
2011-09-22,14.794239
2011-09-23,14.822215
2011-09-26,15.056018
2011-09-27,15.275184
2011-09-28,15.013045
2011-09-29,15.124292
2011-09-30,14.929902
2011-10-03,14.459329
2011-10-04,14.601766
2011-10-05,14.836318
2011-10-06,14.995077
2011-10-07,14.975466
2011-10-10,15.35104
2011-10-11,15.296237
2011-10-12,15.322173
2011-10-13,15.314018
2011-10-14,15.448651
2011-10-17,15.209805
2011-10-18,15.358198
2011-10-19,15.413598
2011-10-20,15.435217
2011-10-21,15.723974
2011-10-24,16.081351
2011-10-25,15.746496
2011-10-26,15.810708
2011-10-27,16.127028
2011-10-28,15.930852
2011-10-31,15.612809
2011-11-01,15.14965
2011-11-02,15.239725
2011-11-03,15.41533
2011-11-04,15.290629
2011-11-07,15.464062
2011-11-08,15.606737
2011-11-09,15.174119
2011-11-10,15.374748
2011-11-11,15.634065
2011-11-14,15.529075
2011-11-15,15.543631
2011-11-16,15.27057
2011-11-17,15.098456
2011-11-18,15.060271
2011-11-21,14.771531
2011-11-22,14.749806
2011-11-23,14.523451
2011-11-25,14.455545
2011-11-28,14.848452
2011-11-29,14.912645
2011-11-30,15.469266
2011-12-01,15.482326
2011-12-02,15.289282
2011-12-05,15.315383
2011-12-06,15.386779
2011-12-07,15.480096
2011-12-08,15.209184
2011-12-09,15.420784
2011-12-12,15.241973
2011-12-13,15.219743
2011-12-14,15.186282
2011-12-15,15.357552
2011-12-16,15.359454
2011-12-19,15.372463
2011-12-20,15.694914
2011-12-21,15.811291
2011-12-22,15.904953
2011-12-23,16.03133
2011-12-27,16.048808
2011-12-28,15.858553
2011-12-29,16.009477
2011-12-30,15.960737
2012-01-03,16.181644
2012-01-04,16.092201
2012-01-05,16.127827
2012-01-06,16.140101
2012-01-09,16.174869
2012-01-10,16.315941
2012-01-11,16.313677
2012-01-12,16.348303
2012-01-13,16.283106
2012-01-17,16.393697
2012-01-18,16.477915
2012-01-19,16.428135
2012-01-20,16.435706
2012-01-23,16.356102
2012-01-24,16.66917
2012-01-25,16.777711
2012-01-26,16.53738
2012-01-27,16.540615
2012-01-30,16.493746
2012-01-31,16.796692
2012-02-01,16.922511
2012-02-02,16.467611
2012-02-03,16.557065
2012-02-06,16.469922
2012-02-07,16.506655
2012-02-08,16.49736
2012-02-09,16.425422
2012-02-10,16.376535
2012-02-13,16.476945
2012-02-14,16.567478
2012-02-15,16.522198
2012-02-16,16.621921
2012-02-17,16.557425
2012-02-21,16.42681
2012-02-22,16.430308
2012-02-23,16.474493
2012-02-24,16.535988
2012-02-27,16.551337
2012-02-28,16.663617
2012-02-29,16.595444
2012-03-01,16.666871
2012-03-02,16.637423
2012-03-05,16.609589
2012-03-06,16.378118
2012-03-07,16.435109
2012-03-08,16.6367
2012-03-09,16.704491
2012-03-12,16.693851
2012-03-13,16.925604
2012-03-14,16.922407
2012-03-15,16.953392
2012-03-16,16.941616
2012-03-19,16.96096
2012-03-20,16.884416
2012-03-21,16.864305
2012-03-22,16.819013
2012-03-23,16.858265
2012-03-26,17.146166
2012-03-27,17.195005
2012-03-28,17.148775
2012-03-29,17.187293
2012-03-30,17.313974
2012-04-02,17.365268
2012-04-03,17.355631
2012-04-04,17.24773
2012-04-05,17.254803
2012-04-09,17.029717
2012-04-10,16.835989
2012-04-11,16.885187
2012-04-12,16.980227
2012-04-13,16.817193
2012-04-16,16.8198
2012-04-17,16.976019
2012-04-18,16.821293
2012-04-19,16.805022
2012-04-20,16.892569
2012-04-23,16.761111
2012-04-24,16.779018
2012-04-25,16.952108
2012-04-26,16.911451
2012-04-27,16.780378
2012-04-30,16.753778
2012-05-01,16.876295
2012-05-02,16.844771
2012-05-03,16.773574
2012-05-04,16.557338
2012-05-07,16.589325
2012-05-08,16.618791
2012-05-09,16.462689
2012-05-10,16.599524
2012-05-11,16.574851
2012-05-14,16.49493
2012-05-15,16.407367
2012-05-16,16.438125
2012-05-17,16.277288
2012-05-18,16.143544
2012-05-21,16.29686
2012-05-22,16.246921
2012-05-23,16.14768
2012-05-24,16.274945
2012-05-25,16.420046
2012-05-29,16.479203
2012-05-30,16.357689
2012-05-31,16.298502
2012-06-01,16.009553
2012-06-04,16.0646
2012-06-05,16.14866
2012-06-06,16.368177
2012-06-07,16.375349
2012-06-08,16.496642
2012-06-11,16.352324
2012-06-12,16.493949
2012-06-13,16.469851
2012-06-14,16.693989
2012-06-15,16.796543
2012-06-18,16.892593
2012-06-19,17.05592
2012-06-20,17.015973
2012-06-21,16.777736
2012-06-22,16.952984
2012-06-25,16.74833
2012-06-26,16.799015
2012-06-27,16.974925
2012-06-28,16.918209
2012-06-29,17.229524
2012-07-02,17.280885
2012-07-03,17.266959
2012-07-05,17.171332
2012-07-06,17.047674
2012-07-09,17.155796
2012-07-10,17.051062
2012-07-11,17.031626
2012-07-12,17.070997
2012-07-13,17.268821
2012-07-16,17.290483
2012-07-17,17.843341
2012-07-18,17.926624
2012-07-19,17.862607
2012-07-20,17.613037
2012-07-23,17.427927
2012-07-24,17.208151
2012-07-25,17.316673
2012-07-26,18.178811
2012-07-27,18.695692
2012-07-30,18.621791
2012-07-31,18.318248
2012-08-01,18.320994
2012-08-02,18.142401
2012-08-03,18.368361
2012-08-06,18.35769
2012-08-07,18.480539
2012-08-08,18.539707
2012-08-09,18.529143
2012-08-10,18.612516
2012-08-13,18.546756
2012-08-14,18.600237
2012-08-15,18.670593
2012-08-16,18.611595
2012-08-17,18.510033
2012-08-20,18.556157
2012-08-21,18.481456
2012-08-22,18.483137
2012-08-23,18.456392
2012-08-24,18.610484
2012-08-27,18.609844
2012-08-28,18.581384
2012-08-29,18.644927
2012-08-30,18.577676
2012-08-31,18.627706
2012-09-04,18.67667
2012-09-05,18.677123
2012-09-06,18.983544
2012-09-07,18.979129
2012-09-10,18.906823
2012-09-11,18.90908
2012-09-12,18.914342
2012-09-13,19.10873
2012-09-14,19.037283
2012-09-17,19.134785
2012-09-18,19.191981
2012-09-19,19.217804
2012-09-20,19.296873
2012-09-21,19.388102
2012-09-24,19.455791
2012-09-25,19.445196
2012-09-26,19.343698
2012-09-27,19.458803
2012-09-28,19.373536
2012-10-01,19.488199
2012-10-02,19.584762
2012-10-03,19.719331
2012-10-04,19.848107
2012-10-05,19.876922
2012-10-08,19.851348
2012-10-09,19.609075
2012-10-10,19.463407
2012-10-11,19.474337
2012-10-12,19.45288
2012-10-15,19.724297
2012-10-16,19.951745
2012-10-17,19.564629
2012-10-18,19.778148
2012-10-19,19.449535
2012-10-22,19.451252
2012-10-23,19.010774
2012-10-24,19.388289
2012-10-25,19.454769
2012-10-26,19.374917
2012-10-31,19.223183
2012-11-01,19.111092
2012-11-02,19.004142
2012-11-05,19.063911
2012-11-06,19.085524
2012-11-07,18.678492
2012-11-08,18.461727
2012-11-09,18.517387
2012-11-12,18.599851
2012-11-13,18.519063
2012-11-14,18.303644
2012-11-15,18.25884
2012-11-16,18.3895
2012-11-19,18.54927
2012-11-20,18.690218
2012-11-21,18.697797
2012-11-23,18.894693
2012-11-26,18.806338
2012-11-27,18.696251
2012-11-28,18.845248
2012-11-29,18.987678
2012-11-30,19.014632
2012-12-03,18.971343
2012-12-04,19.005552
2012-12-05,19.074628
2012-12-06,19.071828
2012-12-07,19.126275
2012-12-10,19.199568
2012-12-11,19.400107
2012-12-12,19.369753
2012-12-13,19.190371
2012-12-14,19.122197
2012-12-17,19.260188
2012-12-18,19.415227
2012-12-19,19.210464
2012-12-20,19.230811
2012-12-21,19.077824
2012-12-24,18.998941
2012-12-26,18.921111
2012-12-27,18.896915
2012-12-28,18.697974
2012-12-31,18.921653
2013-01-02,18.588686
2013-01-03,18.615524
2013-01-04,18.714246
2013-01-07,18.778475
2013-01-08,18.793939
2013-01-09,18.999511
2013-01-10,19.144753
2013-01-11,19.104708
2013-01-14,19.14336
2013-01-15,19.191025
2013-01-16,19.145444
2013-01-17,19.283171
2013-01-18,19.339427
2013-01-22,18.876021
2013-01-23,18.949746
2013-01-24,19.086567
2013-01-25,19.232988
2013-01-28,19.169775
2013-01-29,19.458308
2013-01-30,19.388746
2013-01-31,19.310154
2013-02-01,19.491131
2013-02-04,19.234881
2013-02-05,19.438993
2013-02-06,19.420621
2013-02-07,19.355338
2013-02-08,19.499532
2013-02-11,19.467772
2013-02-12,19.445616
2013-02-13,19.38446
2013-02-14,19.402548
2013-02-15,19.428235
2013-02-19,19.497447
2013-02-20,19.33612
2013-02-21,19.245531
2013-02-22,19.322753
2013-02-25,19.101544
2013-02-26,19.140443
2013-02-27,19.36699
2013-02-28,19.435566
2013-03-01,19.478926
2013-03-04,19.595877
2013-03-05,19.771553
2013-03-06,19.802784
2013-03-07,19.780756
2013-03-08,19.830788
2013-03-11,19.92489
2013-03-12,20.005434
2013-03-13,19.995999
2013-03-14,20.03257
2013-03-15,19.545414
2013-03-18,19.427637
2013-03-19,19.428891
2013-03-20,19.598233
2013-03-21,19.49254
2013-03-22,19.635488
2013-03-25,19.571445
2013-03-26,19.812049
2013-03-27,19.909379
2013-03-28,20.103646
2013-04-01,20.145637
2013-04-02,20.430502
2013-04-03,20.305706
2013-04-04,20.387177
2013-04-05,20.261708
2013-04-08,20.292423
2013-04-09,20.362754
2013-04-10,20.703574
2013-04-11,20.897876
2013-04-12,20.925852
2013-04-15,20.53742
2013-04-16,20.960149
2013-04-17,20.829308
2013-04-18,20.601715
2013-04-19,20.913825
2013-04-22,21.028305
2013-04-23,21.098185
2013-04-24,20.590586
2013-04-25,20.851178
2013-04-26,20.838839
2013-04-29,20.924995
2013-04-30,20.530686
2013-05-01,20.392369
2013-05-02,20.662001
2013-05-03,20.786106
2013-05-06,20.652576
2013-05-07,20.792789
2013-05-08,20.842763
2013-05-09,20.86902
2013-05-10,21.094007
2013-05-13,21.243737
2013-05-14,21.472483
2013-05-15,21.590076
2013-05-16,21.366569
2013-05-17,21.485101
2013-05-20,21.348223
2013-05-21,21.546623
2013-05-22,21.53833
2013-05-23,21.509962
2013-05-24,21.462495
2013-05-28,21.658021
2013-05-29,21.330453
2013-05-30,21.475781
2013-05-31,21.00955
2013-06-03,21.125734
2013-06-04,20.979517
2013-06-05,20.68919
2013-06-06,20.983403
2013-06-07,21.184345
2013-06-10,21.213877
2013-06-11,21.117295
2013-06-12,20.906339
2013-06-13,21.207507
2013-06-14,21.175714
2013-06-17,21.223739
2013-06-18,21.406655
2013-06-19,21.06286
2013-06-20,20.525081
2013-06-21,20.698807
2013-06-24,20.623293
2013-06-25,20.712616
2013-06-26,21.021593
2013-06-27,21.091355
2013-06-28,20.91247
2013-07-01,20.972139
2013-07-02,20.906301
2013-07-03,20.877839
2013-07-05,21.153858
2013-07-08,21.272535
2013-07-09,21.327267
2013-07-10,21.474831
2013-07-11,21.742458
2013-07-12,21.890233
2013-07-15,21.891703
2013-07-16,21.216519
2013-07-17,21.264509
2013-07-18,21.33184
2013-07-19,21.622856
2013-07-22,21.718453
2013-07-23,21.716806
2013-07-24,21.594152
2013-07-25,20.919673
2013-07-26,21.107151
2013-07-29,20.953656
2013-07-30,20.96951
2013-07-31,20.925922
2013-08-01,21.186749
2013-08-02,21.203605
2013-08-05,21.166661
2013-08-06,21.073291
2013-08-07,21.081378
2013-08-08,21.091459
2013-08-09,21.023982
2013-08-12,20.935196
2013-08-13,20.993279
2013-08-14,20.844832
2013-08-15,20.502265
2013-08-16,20.389858
2013-08-19,20.438893
2013-08-20,20.457224
2013-08-21,20.354566
2013-08-22,20.473285
2013-08-23,20.513117
2013-08-26,20.540369
2013-08-27,20.197774
2013-08-28,20.281563
2013-08-29,20.345336
2013-08-30,20.28468
2013-09-03,20.404907
2013-09-04,20.633452
2013-09-05,20.667084
2013-09-06,20.667611
2013-09-09,20.801966
2013-09-10,20.928554
2013-09-11,21.076048
2013-09-12,21.024993
2013-09-13,21.076908
2013-09-16,21.251424
2013-09-17,21.268797
2013-09-18,21.41266
2013-09-19,21.343574
2013-09-20,21.301313
2013-09-23,21.492848
2013-09-24,21.386931
2013-09-25,21.212901
2013-09-26,21.28217
2013-09-27,21.292038
2013-09-30,21.237761
2013-10-01,21.612242
2013-10-02,21.56289
2013-10-03,21.356587
2013-10-04,21.597849
2013-10-07,21.365035
2013-10-08,21.043558
2013-10-09,21.009807
2013-10-10,21.498255
2013-10-11,21.593029
2013-10-14,21.736229
2013-10-15,21.634474
2013-10-16,21.933782
2013-10-17,22.118682
2013-10-18,22.037055
2013-10-21,21.915229
2013-10-22,22.042954
2013-10-23,21.696588
2013-10-24,21.538242
2013-10-25,21.721062
2013-10-28,21.884869
2013-10-29,22.02601
2013-10-30,21.905714
2013-10-31,21.802328
2013-11-01,21.946681
2013-11-04,21.967322
2013-11-05,21.951472
2013-11-06,21.890217
2013-11-07,21.696529
2013-11-08,22.097794
2013-11-11,22.141809
2013-11-12,22.128361
2013-11-13,22.245955
2013-11-14,22.478257
2013-11-15,22.607538
2013-11-18,22.510832
2013-11-19,22.468481
2013-11-20,22.525106
2013-11-21,22.631367
2013-11-22,22.905536
2013-11-25,22.999529
2013-11-26,22.918236
2013-11-27,22.925328
2013-11-29,22.897388
2013-12-02,22.921196
2013-12-03,22.731376
2013-12-04,22.636015
2013-12-05,22.574538
2013-12-06,22.886849
2013-12-09,22.929334
2013-12-10,22.829447
2013-12-11,22.459561
2013-12-12,22.277991
2013-12-13,22.287006
2013-12-16,22.336103
2013-12-17,22.238379
2013-12-18,22.771493
2013-12-19,22.741047
2013-12-20,22.846514
2013-12-23,22.969168
2013-12-24,22.94998
2013-12-26,23.103246
2013-12-27,23.073925
2013-12-30,23.117303
2013-12-31,23.10092
2014-01-02,22.974961
2014-01-03,23.02236
2014-01-06,22.937284
2014-01-07,23.168253
2014-01-08,23.372117
2014-01-09,23.542306
2014-01-10,23.640866
2014-01-13,23.451257
2014-01-14,23.751003
2014-01-15,23.717875
2014-01-16,23.718749
2014-01-17,23.705011
2014-01-21,23.558376
2014-01-22,24.644405
2014-01-23,24.541991
2014-01-24,24.020251
2014-01-27,23.829767
2014-01-28,23.823682
2014-01-29,23.573904
2014-01-30,23.920579
2014-01-31,23.842609
2014-02-03,23.362255
2014-02-04,23.602992
2014-02-05,23.524014
2014-02-06,23.677265
2014-02-07,24.09214
2014-02-10,24.305234
2014-02-11,24.650307
2014-02-12,24.621071
2014-02-13,24.806549
2014-02-14,24.893146
2014-02-18,25.205234
2014-02-19,25.053732
2014-02-20,25.317695
2014-02-21,25.254316
2014-02-24,25.463731
2014-02-25,25.403324
2014-02-26,25.399214
2014-02-27,25.533191
2014-02-28,25.548614
2014-03-03,25.371726
2014-03-04,25.849365
2014-03-05,25.799148
2014-03-06,25.625832
2014-03-07,25.572788
2014-03-10,25.672585
2014-03-11,25.605278
2014-03-12,25.602608
2014-03-13,25.24629
2014-03-14,25.115504
2014-03-17,25.34494
2014-03-18,25.642057
2014-03-19,25.548396
2014-03-20,25.542557
2014-03-21,25.148681
2014-03-24,24.841752
2014-03-25,25.047395
2014-03-26,25.060518
2014-03-27,25.02862
2014-03-28,24.929221
2014-03-31,25.245628
2014-04-01,25.421368
2014-04-02,25.511813
2014-04-03,25.44233
2014-04-04,25.050704
2014-04-07,24.785718
2014-04-08,24.586606
2014-04-09,25.10616
2014-04-10,24.302562
2014-04-11,24.042194
2014-04-14,24.165577
2014-04-15,24.102246
2014-04-16,24.277115
2014-04-17,24.288937
2014-04-21,24.580276
2014-04-22,24.541362
2014-04-23,24.411901
2014-04-24,24.589577
2014-04-25,24.382232
2014-04-28,24.533788
2014-04-29,24.448384
2014-04-30,24.404321
2014-05-01,24.260262
2014-05-02,24.073978
2014-05-05,24.193695
2014-05-06,23.970261
2014-05-07,24.083409
2014-05-08,23.962577
2014-05-09,24.101381
2014-05-12,24.322119
2014-05-13,24.359768
2014-05-14,24.370587
2014-05-15,24.119158
2014-05-16,24.203564
2014-05-19,24.358982
2014-05-20,24.340944
2014-05-21,24.533768
2014-05-22,24.658896
2014-05-23,24.678787
2014-05-27,24.818012
2014-05-28,24.748559
2014-05-29,24.936823
2014-05-30,25.001536
2014-06-02,25.043606
2014-06-03,25.091091
2014-06-04,25.151165
2014-06-05,25.191198
2014-06-06,25.16565
2014-06-09,25.043985
2014-06-10,25.098013
2014-06-11,25.084905
2014-06-12,24.944084
2014-06-13,24.939004
2014-06-16,24.972133
2014-06-17,24.953839
2014-06-18,25.158809
2014-06-19,25.241512
2014-06-20,25.454092
2014-06-23,25.383528
2014-06-24,25.388592
2014-06-25,25.663929
2014-06-26,25.678166
2014-06-27,25.624313
2014-06-30,25.53231
2014-07-01,25.947127
2014-07-02,26.13093
2014-07-03,26.222695
2014-07-07,26.040254
2014-07-08,25.800681
2014-07-09,25.898913
2014-07-10,25.892436
2014-07-11,25.929888
2014-07-14,26.023626
2014-07-15,25.64395
2014-07-16,25.525616
2014-07-17,25.260282
2014-07-18,25.671123
2014-07-21,25.555805
2014-07-22,25.776577
2014-07-23,25.205884
2014-07-24,25.329354
2014-07-25,25.25521
2014-07-28,25.281441
2014-07-29,24.896772
2014-07-30,25.003125
2014-07-31,24.481396
2014-08-01,24.475313
2014-08-04,24.369825
2014-08-05,23.886211
2014-08-06,23.855705
2014-08-07,23.584764
2014-08-08,23.853362
2014-08-11,23.8551
2014-08-12,23.821674
2014-08-13,24.095084
2014-08-14,24.386163
2014-08-15,24.4128
2014-08-18,24.599549
2014-08-19,24.830004
2014-08-20,24.832999
2014-08-21,24.859625
2014-08-22,24.860866
2014-08-25,25.040293
2014-08-26,25.143526
2014-08-27,25.142379
2014-08-28,25.110088
2014-08-29,25.210772
2014-09-02,25.216113
2014-09-03,25.318651
2014-09-04,25.191231
2014-09-05,25.335339
2014-09-08,25.347365
2014-09-09,25.269945
2014-09-10,25.4384
2014-09-11,25.355512
2014-09-12,25.1799
2014-09-15,25.0992
2014-09-16,25.436798
2014-09-17,25.460277
2014-09-18,25.660554
2014-09-19,25.685612
2014-09-22,25.523475
2014-09-23,25.376079
2014-09-24,25.801543
2014-09-25,25.39351
2014-09-26,25.470663
2014-09-29,25.424548
2014-09-30,25.273663
2014-10-01,25.013356
2014-10-02,24.957762
2014-10-03,25.448814
2014-10-06,25.349481
2014-10-07,24.948267
2014-10-08,25.575936
2014-10-09,25.067617
2014-10-10,24.886239
2014-10-13,24.291623
2014-10-14,23.670311
2014-10-15,23.485795
2014-10-16,23.379929
2014-10-17,23.757233
2014-10-20,24.041578
2014-10-21,24.681307
2014-10-22,24.448225
2014-10-23,25.0369
2014-10-24,25.378822
2014-10-27,25.504806
2014-10-28,25.114986
2014-10-29,25.118864
2014-10-30,25.504082
2014-10-31,25.748733
2014-11-03,25.707994
2014-11-04,25.679919
2014-11-05,25.981243
2014-11-06,26.07784
2014-11-07,25.851492
2014-11-10,26.109259
2014-11-11,26.201537
2014-11-12,26.161289
2014-11-13,26.135212
2014-11-14,25.917703
2014-11-17,26.096923
2014-11-18,26.527454
2014-11-19,26.571048
2014-11-20,26.462929
2014-11-21,26.566732
2014-11-24,26.69097
2014-11-25,26.709498
2014-11-26,26.897417
2014-11-28,27.054662
2014-12-01,27.001484
2014-12-02,27.299177
2014-12-03,27.33786
2014-12-04,27.30613
2014-12-05,27.515413
2014-12-08,27.605645
2014-12-09,27.501754
2014-12-10,27.065846
2014-12-11,27.137525
2014-12-12,26.695601
2014-12-15,26.490434
2014-12-16,26.153484
2014-12-17,26.651064
2014-12-18,27.389678
2014-12-19,27.502585
2014-12-22,27.237924
2014-12-23,26.637952
2014-12-24,26.814707
2014-12-26,27.018047
2014-12-29,27.087428
2014-12-30,26.977139
2014-12-31,26.713055
2015-01-02,26.817507
2015-01-05,26.654178
2015-01-06,26.582817
2015-01-07,27.186229
2015-01-08,27.653894
2015-01-09,27.430241
2015-01-12,27.411713
2015-01-13,27.278375
2015-01-14,27.251623
2015-01-15,26.959866
2015-01-16,27.477175
2015-01-20,27.727786
2015-01-21,27.719782
2015-01-22,28.04304
2015-01-23,27.910257
2015-01-26,28.031599
2015-01-27,28.818699
2015-01-28,28.423892
2015-01-29,28.497756
2015-01-30,28.774572
2015-02-02,28.952656
2015-02-03,28.282539
2015-02-04,26.042241
2015-02-05,26.306988
2015-02-06,26.085015
2015-02-09,25.786866
2015-02-10,26.166513
2015-02-11,26.190956
2015-02-12,26.280681
2015-02-13,26.413809
2015-02-17,26.502838
2015-02-18,26.689307
2015-02-19,26.706253
2015-02-20,26.98244
2015-02-23,27.028872
2015-02-24,27.011654
2015-02-25,27.117449
2015-02-26,27.174227
2015-02-27,27.041971
2015-03-02,27.051688
2015-03-03,26.820824
2015-03-04,26.926558
2015-03-05,27.032503
2015-03-06,26.515313
2015-03-09,26.656946
2015-03-10,26.35289
2015-03-11,26.342051
2015-03-12,26.678255
2015-03-13,26.636193
2015-03-16,27.219068
2015-03-17,27.139864
2015-03-18,27.483308
2015-03-19,27.629616
2015-03-20,27.844672
2015-03-23,28.211792
2015-03-24,27.967857
2015-03-25,27.454345
2015-03-26,27.379515
2015-03-27,27.58217
2015-03-30,27.854574
2015-03-31,27.451167
2015-04-01,27.110107
2015-04-02,27.170434
2015-04-06,27.206845
2015-04-07,27.276198
2015-04-08,27.508566
2015-04-09,27.721719
2015-04-10,27.956031
2015-04-13,27.782612
2015-04-14,27.920385
2015-04-15,27.996139
2015-04-16,27.881197
2015-04-17,27.657597
2015-04-20,27.807485
2015-04-21,27.838859
2015-04-22,27.833728
2015-04-23,28.021553
2015-04-24,27.836113
2015-04-27,27.374664
2015-04-28,27.4881
2015-04-29,27.184102
2015-04-30,26.283062
2015-05-01,26.636211
2015-05-04,26.834656
2015-05-05,26.45733
2015-05-06,26.333224
2015-05-07,26.478071
2015-05-08,26.907103
2015-05-11,26.99596
2015-05-12,26.847165
2015-05-13,26.840947
2015-05-14,27.220131
2015-05-15,27.27631
2015-05-18,27.41349
2015-05-19,27.543404
2015-05-20,27.582711
2015-05-21,27.568385
2015-05-22,27.496841
2015-05-26,27.230918
2015-05-27,27.539431
2015-05-28,27.603007
2015-05-29,27.536805
2015-06-01,27.632075
2015-06-02,27.744071
2015-06-03,27.7691
2015-06-04,27.586308
2015-06-05,27.573103
2015-06-08,27.491988
2015-06-09,27.501423
2015-06-10,27.818317
2015-06-11,27.960892
2015-06-12,27.642599
2015-06-15,27.659561
2015-06-16,27.790187
2015-06-17,27.822069
2015-06-18,28.234292
2015-06-19,28.198862
2015-06-22,28.509419
2015-06-23,28.565756
2015-06-24,28.288193
2015-06-25,28.422513
2015-06-26,28.379875
2015-06-29,27.715379
2015-06-30,27.830151
2015-07-01,27.89949
2015-07-02,27.813137
2015-07-06,27.777205
2015-07-07,27.893062
2015-07-08,27.443546
2015-07-09,27.589528
2015-07-10,27.955539
2015-07-13,28.188047
2015-07-14,28.397553
2015-07-15,28.418158
2015-07-16,28.501811
2015-07-17,28.445487
2015-07-20,28.532476
2015-07-21,28.415547
2015-07-22,28.297667
2015-07-23,28.274073
2015-07-24,27.42617
2015-07-27,27.386872
2015-07-28,28.070203
2015-07-29,28.038273
2015-07-30,28.024117
2015-07-31,28.16106
2015-08-03,28.174984
2015-08-04,28.079622
2015-08-05,28.270916
2015-08-06,27.71529
2015-08-07,27.64794
2015-08-10,27.894194
2015-08-11,27.673904
2015-08-12,27.684846
2015-08-13,27.604982
2015-08-14,27.675494
2015-08-17,27.947578
2015-08-18,27.907983
2015-08-19,27.788373
2015-08-20,27.151428
2015-08-21,26.293779
2015-08-24,25.250588
2015-08-25,24.893342
2015-08-26,25.958759
2015-08-27,26.460607
2015-08-28,26.350703
2015-08-31,25.863542
2015-09-01,25.182634
2015-09-02,25.680233
2015-09-03,25.560366
2015-09-04,25.22549
2015-09-08,25.948045
2015-09-09,25.520829
2015-09-10,25.754679
2015-09-11,25.932355
2015-09-14,25.839929
2015-09-15,26.192753
2015-09-16,26.283329
2015-09-17,26.511473
2015-09-18,26.1243
2015-09-21,25.764655
2015-09-22,25.604692
2015-09-23,25.570728
2015-09-24,25.301104
2015-09-25,24.617469
2015-09-28,23.672457
2015-09-29,23.885609
2015-09-30,24.396471
2015-10-01,24.612905
2015-10-02,25.126895
2015-10-05,25.209138
2015-10-06,24.621485
2015-10-07,24.983156
2015-10-08,25.078564
2015-10-09,25.189865
2015-10-12,25.249404
2015-10-13,25.255863
2015-10-14,25.192684
2015-10-15,25.738401
2015-10-16,25.994922
2015-10-19,26.066164
2015-10-20,25.660421
2015-10-21,25.371749
2015-10-22,25.110449
2015-10-23,25.609314
2015-10-26,25.733378
2015-10-27,25.478134
2015-10-28,25.593339
2015-10-29,25.730622
2015-10-30,25.438651
2015-11-02,25.938075
2015-11-03,25.837839
2015-11-04,25.608983
2015-11-05,25.881414
2015-11-06,25.776448
2015-11-09,25.546982
2015-11-10,25.701582
2015-11-11,25.465996
2015-11-12,25.013555
2015-11-13,24.943678
2015-11-16,25.289302
2015-11-17,25.391953
2015-11-18,25.899836
2015-11-19,25.596074
2015-11-20,25.784975
2015-11-23,25.625166
2015-11-24,25.682076
2015-11-25,25.821439
2015-11-27,25.866051
2015-11-30,25.520013
2015-12-01,25.960946
2015-12-02,25.724269
2015-12-03,25.293296
2015-12-04,25.907885
2015-12-07,25.758889
2015-12-08,25.807298
2015-12-09,25.554206
2015-12-10,25.753053
2015-12-11,25.352341
2015-12-14,25.50544
2015-12-15,25.841126
2015-12-16,26.177125
2015-12-17,25.886328
2015-12-18,25.522603
2015-12-21,25.79069
2015-12-22,25.974273
2015-12-23,26.253322
2015-12-24,26.280443
2015-12-28,26.160112
2015-12-29,26.478726
2015-12-30,26.358084
2015-12-31,26.1215
2016-01-01,24.026194369630712
2016-01-04,23.32279240712893
2016-01-05,23.468729060717383
2016-01-06,23.368352445298868
2016-01-07,22.84284730279349
2016-01-08,22.538479042562894
2016-01-11,22.34074515845729
2016-01-12,22.57630744721841
2016-01-13,21.8203644656154
2016-01-14,22.363435119037455
2016-01-15,22.186886237739987
2016-01-18,22.245601028724725
2016-01-19,22.189192483741788
2016-01-20,22.221113335523064
2016-01-21,22.13713988740521
2016-01-22,22.49944560846591
2016-01-25,22.33652827892
2016-01-26,22.638250454979055
2016-01-27,22.36183165798134
2016-01-28,21.85438826183754
2016-01-29,22.043489202936545
2016-02-01,22.063863299074743
2016-02-02,21.76748489219449
2016-02-03,22.163099190049635
2016-02-04,22.103276861664497
2016-02-05,21.51002239923384
2016-02-08,21.244425438246708
2016-02-09,21.42120901641601
2016-02-10,21.553301177464327
2016-02-11,21.234074258379263
2016-02-12,21.501002771179177
2016-02-15,21.46022067200049
2016-02-16,21.829186310127437
2016-02-17,21.983457726620216
2016-02-18,21.961728922171066
2016-02-19,22.009543793029483
2016-02-22,22.25637238789253
2016-02-23,22.09606060594056
2016-02-24,22.206548688640293
2016-02-25,22.44326086270153
2016-02-26,22.30530406783335
2016-02-29,22.017316605318054
2016-03-01,22.51503061942057
2016-03-02,22.49858337543372
2016-03-03,22.386233512710707
2016-03-04,22.40811120849991
2016-03-07,22.63256845401087
2016-03-08,22.38428766861204
2016-03-09,22.51632830128434
2016-03-10,22.573880174344698
2016-03-11,22.994692825674413
2016-03-14,22.357077950215352
2016-03-15,22.661493565863008
2016-03-16,22.675613447987
2016-03-17,22.42396632572288
2016-03-18,22.653190448253323
2016-03-21,22.765259730746944
2016-03-22,22.975423396958345
2016-03-23,22.73769654031513
2016-03-24,22.76394205832959
2016-03-25,22.820190745159668
2016-03-28,22.77472424869566
2016-03-29,22.979431811521668
2016-03-30,22.90564741796138
2016-03-31,21.6897685149136
2016-04-01,21.989370593955467
2016-04-04,22.06187657751784
2016-04-05,22.23119169852192
2016-04-06,22.245427660622585
2016-04-07,22.252905131125623
2016-04-08,22.25772605779162
2016-04-11,22.178576055209763
2016-04-12,22.395007367603835
2016-04-13,22.4574782145507
2016-04-14,22.515167803791687
2016-04-15,22.601595499348235
2016-04-18,22.58444757995704
2016-04-19,22.867796161980127
2016-04-20,22.89748295339087
2016-04-21,22.97602977536318
2016-04-22,23.008070321114214
2016-04-25,22.784767205030068
2016-04-26,22.97869470167818
2016-05-06,22.00495663668718
2016-05-11,22.04791260950428
2016-05-12,21.90018346720069
2016-05-13,21.8146000171882
2016-05-16,21.796865419977284
2016-05-17,21.84512884107921
2016-05-18,21.953537572579584
2016-05-19,21.765506143367197
2016-05-20,21.89337531725073
2016-05-23,21.852196201870694
2016-05-24,22.21001380115004
2016-05-25,22.376481642215744
2016-05-26,22.2714061476562
2016-05-27,22.36338854171753
2016-05-30,22.40852654534762
2016-05-31,22.49041410496676
2016-06-01,22.496940907724085
2016-06-02,22.71339620303613
2016-06-03,22.68664859611592
2016-06-06,22.85311293966005
2016-06-07,22.678728839853317
2016-06-08,22.676881329306244
2016-06-09,22.653302915931768
2016-06-10,22.54608011207454
2016-06-13,22.420335389694028
2016-06-14,22.39919834666305
2016-06-15,22.295135767560804
2016-06-16,22.40546513382051
2016-06-17,22.19834713975755
2016-06-20,22.339978707866536
2016-06-21,22.25486979774143
2016-06-22,22.37467655642811
2016-06-23,22.66567658519713
2016-06-24,22.05812073275688
2016-06-27,21.75684314149949
2016-06-28,22.237336347931738
2016-06-29,22.698828231458823
2016-06-30,21.84869340544056
2016-07-01,22.030242528719647
2016-07-04,22.293982439372996
2016-07-05,22.2661259465678
2016-07-06,22.500764041074653
2016-07-07,22.489500497356453
2016-07-08,22.80141915915705
2016-07-11,22.77839757785772
2016-07-12,22.896257044500786
2016-07-13,22.87602727134292
2016-07-14,22.91938249304636
2016-07-15,22.969660577362305
2016-07-18,23.001575355268585
2016-07-19,22.954822484145584
2016-07-20,23.040012582523
2016-07-21,23.192271720016414
2016-07-22,23.220772793845157
2016-07-25,23.208362998273863
2016-07-26,22.96947205311201
2016-07-27,22.97952463638237
2016-07-28,23.119792393788018
2016-07-29,23.115189550550006
2016-08-01,23.27765111127141
2016-08-02,23.216879820530643
2016-08-03,23.19002837252832
2016-08-04,23.079106825346496
2016-08-05,23.13889292731298
2016-08-08,22.9760939566046
2016-08-09,22.98514142940516
2016-08-10,22.55558362015092
2016-08-11,23.09650430187773
2016-08-12,22.992286607524225
2016-08-15,22.965915502541584
2016-08-16,22.773014899494974
2016-08-17,22.86997771336204
2016-08-18,22.82550832017725
2016-08-19,22.81239645344789
2016-08-22,22.808608929059037
2016-08-23,22.848326343729426
2016-08-24,22.549320622311555
2016-08-25,22.40038477948991
2016-08-26,22.448683095090747
2016-08-29,22.453798480540637
2016-08-30,22.458048524696977
2016-08-31,22.43443511103802
2016-09-01,22.309237840552505
2016-09-02,22.38951591341177
2016-09-05,21.69309848966719
2016-09-06,21.817915329321124
2016-09-07,21.841382028677927
2016-09-08,21.81557097627661
2016-09-09,21.447452216911124
2016-09-12,21.685535148411905
2016-09-13,21.3834563331146
2016-09-14,21.29847314047117
2016-09-15,22.554950411015906
2016-09-16,22.55996167277295
2016-09-19,22.481998951839586
2016-09-20,22.762623600950644
2016-09-21,22.905275515501472
2016-09-22,23.05438039354101
2016-09-23,23.028940076503098
2016-09-26,22.769088052980223
2016-09-27,22.84508688645396
2016-09-28,22.920837262602756
2016-09-29,22.542936718894182
2016-09-30,22.431386317690585
2016-10-03,22.727905688260428
2016-10-04,22.709454703710268
2016-10-05,22.77818851681652
2016-10-06,22.707789856135346
2016-10-07,22.74039474713473
2016-10-10,22.783826241426237
2016-10-11,22.29289519450877
2016-10-12,22.134407221045333
2016-10-13,22.188681209785877
2016-10-14,22.06625002444521
2016-10-17,22.0129417945648
2016-10-18,22.197148772699617
2016-10-19,22.120924874142755
2016-10-20,22.238129809567525
2016-10-21,22.04572421690176
2016-10-24,22.0246257583522
2016-10-25,22.02046323481505
2016-10-26,21.816559826211563
2016-10-27,21.884851942808684
2016-10-28,21.089451733034327
2016-10-31,21.19076655435983
2016-11-01,21.00471617153547
2016-11-02,20.948175235044864
2016-11-03,20.726772580531115
2016-11-04,20.85220018474117
2016-11-07,21.37789167837179
2016-11-08,21.42746575739361
2016-11-09,22.01345112622208
2016-11-10,22.25810657309627
2016-11-11,21.99680376032141
2016-11-14,21.917218125188736
2016-11-15,21.994967061462944
2016-11-16,21.90863600542093
2016-11-17,21.93130460375276
2016-11-18,21.701678232032688
2016-11-21,21.759850545156908
2016-11-22,21.470018156425105
2016-11-23,21.521328844244483
2016-11-25,21.6439670347041
2016-11-29,21.57198856778491
2016-11-30,21.38899794485952
2016-12-01,21.232974742287624
2016-12-02,21.28699117100788
2016-12-05,21.29982627159117
2016-12-06,21.312516449797624
2016-12-07,21.174626520217736
2016-12-08,21.204559213734463
2016-12-09,21.49643582591938
2016-12-12,21.708189547026883
2016-12-13,21.852566020216376
2016-12-14,21.77340214682664
2016-12-15,21.899111332415703
2016-12-16,21.87735766558225
2016-12-19,21.85990203497724
2016-12-20,21.797104209211675
2016-12-21,21.69199802579748
2016-12-22,21.660806990097143
2016-12-23,21.81827767774193
2016-12-26,21.83013002756586
2016-12-27,21.849837208226223
2016-12-28,21.69660170889899
2016-12-29,21.69789613082784
2016-12-30,21.614952836600605
2017-01-02,21.820174857868206
2017-01-03,22.11638019153517
2017-01-04,22.32860315336884
2017-01-05,22.40737294700117
2017-01-06,22.545495706415227
2017-01-09,22.610778500074936
2017-01-10,22.65593524703832
2017-01-11,22.47450230874753
2017-01-12,22.4243491061586
2017-01-13,22.479383947451804
2017-01-16,22.46464119547821
2017-01-17,22.384671702173563
2017-01-18,22.35169933039729
2017-01-19,22.193538016671983
2017-01-20,22.095533591539024
2017-01-23,22.063106728723756
2017-01-24,21.88498970341164
2017-01-25,22.114751216263866
2017-01-26,21.871276904605203
2017-01-27,22.12080945230326
2017-01-30,22.09520092664619
2017-01-31,22.299962969980086
2017-02-01,22.44512703106124
2017-02-02,22.415269111734904
2017-02-03,22.69181888765315
2017-02-06,22.61983758044564
2017-02-07,22.70496616626414
2017-02-08,22.438546733609712
2017-02-09,22.38089276044167
2017-02-10,22.739296915848037
2017-02-13,22.851942930910987
2017-02-14,22.936584863551836
2017-02-15,23.296016366928995
2017-02-16,23.31260476211805
2017-02-17,23.234751282625897
2017-02-20,23.261708343492614
2017-02-21,23.384149217424238
2017-02-22,23.351418829803684
2017-02-23,23.588919629705188
2017-02-24,23.71354710239373
2017-02-27,23.98367922709634
2017-02-28,24.08463389424658
2017-03-01,24.168036532003097
2017-03-02,24.12183596578801
2017-03-03,23.905959138892232
2017-03-06,23.772740050499017
2017-03-07,23.6415794491406
2017-03-08,23.736951805341057
2017-03-09,23.829107199535123
2017-03-10,23.942986608859474
2017-03-13,23.960749986702712
2017-03-14,23.85965039799536
2017-03-15,24.157385817739755
2017-03-16,23.98121612972794
2017-03-17,23.83092209099124
2017-03-20,23.80517195671585
2017-03-21,23.622349794738312
2017-03-22,23.646303076165573
2017-03-23,23.55788109385233
2017-03-24,23.563881891732567
2017-03-27,23.608765339414287
2017-03-28,23.62579552523081
2017-03-29,23.588607596917623
2017-03-30,23.708318897466327
2017-03-31,22.75144249035948
2017-04-03,22.320029194931337
2017-04-04,22.328171376783928
2017-04-05,22.26323001257586
2017-04-06,22.299344513127323
2017-04-07,22.29838506152559
2017-04-10,22.28571089190408
2017-04-11,22.23539877734352
2017-04-12,22.270803802422044
2017-04-13,22.119972492490938
2017-04-14,22.19155397977084
2017-04-17,22.28894429205754
2017-04-18,21.995771922034567
2017-04-19,22.05517937483782
2017-04-20,22.19840382376811
2017-04-21,22.09029616735748
2017-04-24,22.270882475322725
2017-04-25,22.47778698833736
2017-04-26,22.595611202173732
2017-04-27,22.64753391082317
2017-04-28,22.5908029353984
2017-05-01,22.592137797319268
2017-05-02,22.730738521927417
2017-05-03,22.651963247353017
2017-05-04,22.792040764947004
2017-05-05,22.781901530329414
2017-05-08,22.67465678803284
2017-05-09,22.683235141848854
2017-05-10,22.634562841462635
2017-05-11,22.639169817522173
2017-05-12,22.61315683944504
2017-05-15,22.77528929971424
2017-05-16,22.68733152896177
2017-05-17,22.418888277593226
2017-05-18,22.526886279481392
2017-05-19,22.629951739417503
2017-05-22,22.663113392674298
2017-05-23,22.752589144181734
2017-05-24,22.80405785921777
2017-05-25,22.92323978489584
2017-05-26,22.871713935312325
2017-05-29,22.723188824867904
2017-05-30,22.84593633071636
2017-05-31,22.964466074915485
2017-06-01,23.21727102644475
2017-06-02,23.349021490582864
2017-06-05,23.271835555073345
2017-06-06,23.04781092216781
2017-06-07,23.261766671834327
2017-06-08,23.203052611320054
2017-06-09,23.34304455082852
2017-06-12,23.305097199156123
2017-06-13,23.33414639173859
2017-06-14,23.410142376990915
2017-06-15,23.38896965834874
2017-06-16,23.412640272193844
2017-06-19,23.72993288347709
2017-06-20,23.813790206154238
2017-06-21,24.067190693070657
2017-06-22,24.32579775120284
2017-06-23,24.29770680715493
2017-06-26,24.255867840106795
2017-06-27,24.04791205781976
2017-06-28,24.14856864016464
2017-06-29,23.948883617735053
2017-06-30,24.024391025794188
2017-07-03,23.418126038569877
2017-07-04,23.41478119493302
2017-07-05,23.83003206959268
2017-07-06,23.522063920577857
2017-07-07,23.65947192495169
2017-07-10,23.588414611323373
2017-07-11,23.557864065438665
2017-07-12,23.699627345205705
2017-07-13,23.716407018559757
2017-07-14,23.876650508977104
2017-07-17,23.784045481579827
2017-07-18,23.819748310213186
2017-07-19,24.02686582885784
2017-07-20,24.15880003221956
2017-07-21,24.122161409914177
2017-07-24,24.09204932498437
2017-07-25,23.91519432475727
2017-07-26,23.838651937758
2017-07-27,23.69827541456766
2017-07-28,23.799155114961938
2017-07-31,23.74688931414121
2017-08-01,23.689052329027437
2017-08-02,23.64193929184551
2017-08-03,23.679371409975445
2017-08-04,23.659383122880133
2017-08-07,23.699235779377517
2017-08-08,23.593685744829298
2017-08-09,23.642048952342407
2017-08-10,23.37766502101801
2017-08-11,23.455359051460945
2017-08-14,23.599577873229784
2017-08-15,23.594795641331608
2017-08-16,23.66304562430532
2017-08-17,23.370336951416306
2017-08-18,23.26756855097226
2017-08-21,23.390989532661084
2017-08-22,23.65335368939757
2017-08-23,23.485760860484145
2017-08-24,23.55115379907586
2017-08-25,23.52428429923073
2017-08-28,23.65747569249025
2017-08-29,23.707019135553526
2017-08-30,23.84526663302064
2017-08-31,24.23058068508648
2017-09-01,24.205186136350456
2017-09-04,23.91455713023053
2017-09-05,24.089874983249725
2017-09-06,24.21167779631515
2017-09-07,24.48721318948392
2017-09-08,24.587731229748503
2017-09-11,24.80179993039099
2017-09-12,24.86095919993187
2017-09-13,24.7706958789518
2017-09-14,24.810235063134357
2017-09-15,24.728927128574075
2017-09-18,24.695749244919817
2017-09-19,24.524240514601686
2017-09-20,24.56997019265054
2017-09-21,24.44540379123649
2017-09-22,24.45293651232677
2017-09-25,24.334217761728286
2017-09-26,24.298927245224743
2017-09-27,24.28143466241342
2017-09-28,24.323895527428384
2017-09-29,24.41628661541607
2017-10-02,24.476046295319296
2017-10-03,24.469693069256017
2017-10-04,24.57147135653113
2017-10-05,24.62773767397633
2017-10-06,24.63222266346708
2017-10-09,24.167818847125435
2017-10-10,24.538007623407548
2017-10-11,24.618593032677897
2017-10-12,24.58967561492331
2017-10-13,24.51676379043394
2017-10-16,24.43907945324705
2017-10-17,24.76803567729877
2017-10-18,24.853623725893133
2017-10-19,25.01492731098146
2017-10-20,25.13049138438884
2017-10-23,25.05942943106953
2017-10-24,24.89318957453575
2017-10-25,24.86984820528965
2017-10-26,24.68610533845833
2017-10-27,24.473504375182923
2017-10-30,24.178352688091547
2017-10-31,24.148823232650813
2017-11-01,24.19553847381466
2017-11-02,24.13524360546844
2017-11-03,24.31233748367771
2017-11-06,24.19601560817647
2017-11-07,24.271190044658937
2017-11-08,24.347579369861187
2017-11-09,24.353061339383142
2017-11-10,24.170952533727025
2017-11-13,24.2094223100388
2017-11-14,24.12499686872208
2017-11-15,24.041100277579503
2017-11-16,24.387729409296576
2017-11-17,24.28680565304319
2017-11-20,24.19149743222795
2017-11-21,24.40723449573217
2017-11-22,23.966387553566296
2017-11-24,24.439854287673374
2017-11-27,24.465814685126908
2017-11-28,24.649704471529372
2017-11-29,24.76665256007239
2017-11-30,24.96706498257744
2017-12-01,24.921142323250088
2017-12-04,24.5778177385578
2017-12-05,24.53907920385392
2017-12-06,24.49625967327086
2017-12-07,24.51311382549866
2017-12-08,24.7444489023986
2017-12-11,24.84049489486124
2017-12-12,24.945831286526943
2017-12-13,25.056511842213457
2017-12-14,24.76219882418832
2017-12-15,25.04940354256375
2017-12-18,25.06123049567189
2017-12-19,25.036682840128996
2017-12-20,24.9533917023136
2017-12-21,24.871242086589408
2017-12-22,24.80134201771962
2017-12-25,24.61223963223149
2017-12-26,24.806847323028645
2017-12-27,24.874783499331564
2017-12-28,24.89258394071461
2017-12-29,24.737287472299275
2018-01-01,30.814946176113367
2018-01-02,31.129108233248516
2018-01-03,31.429312767112123
2018-01-04,31.469456136179332
2018-01-05,31.78093163860468
2018-01-08,31.669121613549997
2018-01-09,32.00900172306392
2018-01-10,31.96790219875449
2018-01-11,32.07701825812755
2018-01-12,32.33351930325603
2018-01-15,32.47305952293004
2018-01-16,32.508086761568514
2018-01-17,32.88936682662831
2018-01-18,32.90232573997321
2018-01-19,33.019164864875
2018-01-22,33.21128374864459
2018-01-23,33.00537902865971
2018-01-24,33.13889971834326
2018-01-25,33.432496514694286
2018-01-26,35.05950279833081
2018-01-29,34.945119099775205
2018-01-30,34.236098341217264
2018-01-31,33.97856872928498
2018-02-01,34.024097410021625
2018-02-02,33.57655321152703
2018-02-05,32.02494673040968
2018-02-06,32.3716780138561
2018-02-07,32.359283050441896
2018-02-08,31.202267062351726
2018-02-09,31.706360572575324
2018-02-12,32.01968048929285
2018-02-13,32.03990020208224
2018-02-14,32.34332687602338
2018-02-15,32.75746749058737
2018-02-16,33.009210971212354
2018-02-19,33.00911055181154
2018-02-20,32.65385887878892
2018-02-21,32.50998325475798
2018-02-22,32.47259549278343
2018-02-23,32.98130871199328
2018-02-26,33.39331507285984
2018-02-27,33.04525670391974
2018-02-28,32.56038536823256
2018-03-01,32.04604036030505
2018-03-02,32.384553643166726
2018-03-05,32.6617296915677
2018-03-06,32.590756893783755
2018-03-07,32.76118981827069
2018-03-08,33.03280779519125
2018-03-09,33.50518927519428
2018-03-12,33.3639060785603
2018-03-13,33.45238809553563
2018-03-14,33.22151818521974
2018-03-15,33.19171988218725
2018-03-16,33.2109811118903
2018-03-19,33.16375489295089
2018-03-20,33.23792790695253
2018-03-21,33.091760936643745
2018-03-22,32.08290338178383
2018-03-23,31.396829786680254
2018-03-26,32.05003046920563
2018-03-27,31.68772636481628
2018-03-28,31.796965635261728
2018-03-29,31.885915068058026
2018-03-30,32.002911156365194
2018-04-02,32.68440811877361
2018-04-03,33.21222502022736
2018-04-04,33.65709800430935
2018-04-05,33.663000619347486
2018-04-06,32.82212420478951
2018-04-09,33.15048936908799
2018-04-10,33.719585641703944
2018-04-11,33.423351062800776
2018-04-12,33.612720032922674
2018-04-13,33.59832976873645
2018-04-16,33.85690900738398
2018-04-17,34.13859397678837
2018-04-18,34.140030469147504
2018-04-19,33.89619125547526
2018-04-20,33.71215603010846
2018-04-23,33.834471996146355
2018-04-24,33.56134924292386
2018-04-25,33.721905220904304
2018-04-26,34.11346610949816
2018-04-27,34.16423662626796
2018-04-30,33.677234105742464
2018-05-01,31.988034243535377
2018-05-02,31.507568131206654
2018-05-03,31.10182370323682
2018-05-04,31.54058403946056
2018-05-07,31.51547899996996
2018-05-08,31.29050667631281
2018-05-09,31.48122166440169
2018-05-10,31.881509710764547
2018-05-11,32.33265719937361
2018-05-14,32.53134069871131
2018-05-15,32.10916091034827
2018-05-16,32.27909192681659
2018-05-17,32.25124599804303
2018-05-18,32.37774657968522
2018-05-21,32.46280065898539
2018-05-22,32.345553389570675
2018-05-23,32.45879877915506
2018-05-24,32.34033123825175
2018-05-25,32.27504798672217
2018-05-28,32.27503503251731
2018-05-29,31.942621706364587
2018-05-30,32.41287194025966
2018-05-31,32.06602005843767
2018-06-01,32.43960149992479
2018-06-04,32.600162936402945
2018-06-05,32.543242478891806
2018-06-06,32.90422673749898
2018-06-07,32.83940890027985
2018-06-08,33.05637473614907
2018-06-11,33.07291045582911
2018-06-12,33.07371178455517
2018-06-13,33.032545506590765
2018-06-14,33.181433878912046
2018-06-15,33.27734279873539
2018-06-18,33.08052072484046
2018-06-19,33.13757583142051
2018-06-20,33.1892891860941
2018-06-21,33.0237762625921
2018-06-22,33.178355206023824
2018-06-25,32.86295480138075
2018-06-26,32.77819290660461
2018-06-27,32.470480396390016
2018-06-28,32.560043508103135
2018-06-29,32.571220204044714
2018-07-02,33.76187517517591
2018-07-03,33.8314113941961
2018-07-05,34.186488875321245
2018-07-06,34.69174794772352
2018-07-09,34.91324363756444
2018-07-10,35.077200561935534
2018-07-11,34.79752271862349
2018-07-12,35.15777478638082
2018-07-13,35.232659846199695
2018-07-16,34.9853505162487
2018-07-17,35.193307447055155
2018-07-18,35.222727848838325
2018-07-19,35.04185869818584
2018-07-20,34.97191646803544
2018-07-23,35.046139384362256
2018-07-24,35.378723537592776
2018-07-25,35.80433898552437
2018-07-26,35.74038490488117
2018-07-30,35.462120733850774
2018-08-01,35.8628040801272
2018-08-02,35.94969595595421
2018-08-03,36.17434753900925
2018-08-06,36.46878619942528
2018-08-07,36.23148187309302
2018-08-08,36.2718587319345
2018-08-09,36.23262376968157
2018-08-10,36.07649948219939
2018-08-13,36.081807671774754
2018-08-14,36.21398492752389
2018-08-15,36.19593080427141
2018-08-16,36.530937267907326
2018-08-17,36.67885230853028
2018-08-20,36.77270244672607
2018-08-21,36.76676737181772
2018-08-22,36.82541855680189
2018-08-23,36.80855809826873
2018-08-24,36.98117334084897
2018-08-27,37.09415520411128
2018-08-28,37.109934822396426
2018-08-29,37.330782050798575
2018-08-30,37.28421011984638
2018-08-31,37.28683485579485
2018-09-04,37.03653397913017
2018-09-05,37.12357652354464
2018-09-06,37.14982947988255
2018-09-07,37.206741047945776
2018-09-10,37.10630909372825
2018-09-11,37.11538901479906
2018-09-12,37.32165132571436
2018-09-13,37.750045996295846
2018-09-14,37.62739177902223
2018-09-17,37.47168230808167
2018-09-18,37.65733300175638
2018-09-19,37.60615626066748
2018-09-20,37.95365503269901
2018-09-21,38.05238715921791
2018-09-24,38.031747011476405
2018-09-25,37.91906922781112
2018-09-26,37.966109912331504
2018-09-27,38.11631141691989
2018-09-28,38.21487688457865
2018-10-01,34.853791247097426
2018-10-02,34.8081625978924
2018-10-03,34.7129266270587
2018-10-04,34.391503612017125
2018-10-05,34.372480089266794
2018-10-08,34.42707584017432
2018-10-09,34.41754441785933
2018-10-10,33.58752720682714
2018-10-11,32.68769027097991
2018-10-12,33.182981213456465
2018-10-15,32.92757370401726
2018-10-16,33.88159375368147
2018-10-17,34.052243813162434
2018-10-18,33.64208063322306
2018-10-19,33.319175895180415
2018-10-22,33.04635677349826
2018-10-23,32.846845661342165
2018-10-24,31.800117557827868
2018-10-25,32.19369193535846
2018-10-26,32.19985749592684
2018-10-29,32.288062550142946
2018-10-30,32.70260720407148
2018-10-31,32.75364317743571
2018-11-01,33.12845347007065
2018-11-02,32.9183005302281
2018-11-05,33.198443509785086
2018-11-06,33.33224695865449
2018-11-07,34.351047283507846
2018-11-08,34.356544346563176
2018-11-09,34.2839870851168
2018-11-12,33.83771169353835
2018-11-13,33.61941379210017
2018-11-14,33.356522531468805
2018-11-15,33.67207067686892
2018-11-16,34.03349384905296
2018-11-19,33.607444822761224
2018-11-20,33.30482133235759
2018-11-21,33.12834190452525
2018-11-23,33.12882975808248
2018-11-26,33.41094703886908
2018-11-27,33.76132858537425
2018-11-28,34.6142328366897
2018-11-29,34.6676283174413
2018-11-30,35.05481020778435
2018-12-03,35.19201789153323
2018-12-04,34.357638135178895
2018-12-06,34.29756941704176
2018-12-07,33.454271045402606
2018-12-10,33.58307290336081
2018-12-11,33.691230259817814
2018-12-12,33.963136171875426
2018-12-13,33.998749410709934
2018-12-14,32.809979772389134
2018-12-17,32.09802029690918
2018-12-18,31.87460386803638
2018-12-19,31.48815549544654
2018-12-20,31.136616994791623
2018-12-21,30.08957715758422
2018-12-24,29.354541692613378
2018-12-26,30.682164201939344
2018-12-27,31.025833346160265
2018-12-28,31.04269810116746
2018-12-31,28.13427807137481
2019-01-02,27.715662779217958
2019-01-03,26.985686380114423
2019-01-04,27.7639123157654
2019-01-07,27.85658638226966
2019-01-08,28.11910273710448
2019-01-09,28.20818733420065
2019-01-10,28.27529429398408
2019-01-11,28.362163359108862
2019-01-14,28.02385812286808
2019-01-15,28.510639605403817
2019-01-16,28.46987063497562
2019-01-17,28.72839428687312
2019-01-18,29.12892959324027
2019-01-22,28.92785343972824
2019-01-23,28.946047726593687
2019-01-24,28.678838971228124
2019-01-25,28.02414663496244
2019-01-28,27.70349903518479
2019-01-29,27.880756871996468
2019-01-30,28.267829357227168
2019-01-31,28.341118596483888
2019-02-01,28.390528027233906
2019-02-04,28.323503842737743
2019-02-05,28.29343258811265
2019-02-06,28.40594593363233
2019-02-07,28.116922825588727
2019-02-08,28.14409290626807
2019-02-11,28.078264691901627
2019-02-12,28.45517748204596
2019-02-13,28.524957976597715
2019-02-14,28.59363683151855
2019-02-15,29.02420300325049
2019-02-19,28.95417306254765
2019-02-20,28.907101882869828
2019-02-21,28.66994668603155
2019-02-22,28.94537461515046
2019-02-25,28.95016581566833
2019-02-26,28.863448702248597
2019-02-27,28.728834147294105
2019-02-28,28.689478626183543
2019-03-01,29.073386192693608
2019-03-04,28.679860812149865
2019-03-05,28.657955721097213
2019-03-06,28.23533375900101
2019-03-07,27.99540405812049
2019-03-08,27.923369770744937
2019-03-11,28.24807652543714
2019-03-12,28.435025687699717
2019-03-13,28.749060618194108
2019-03-14,28.66916093301733
2019-03-15,28.806648258316745
2019-03-18,28.76881886913641
2019-03-19,28.98735914620753
2019-03-20,28.790687935563746
2019-03-21,28.87664809479565
2019-03-22,28.366662589395617
2019-03-25,28.337583778796237
2019-03-26,28.53409106730408
2019-03-27,28.29145166712093
2019-03-28,28.375673284102184
2019-03-29,28.73793648831773
2019-04-01,25.96253478105745
2019-04-02,25.89729490482365
2019-04-03,25.86342292723072
2019-04-04,25.78286492012949
2019-04-05,25.965855396165782
2019-04-08,25.95922495281292
2019-04-09,25.85585149024481
2019-04-10,25.88744280620004
2019-04-11,25.573702051630576
2019-04-12,25.31314744780428
2019-04-15,25.40030490506556
2019-04-16,24.860240575711316
2019-04-17,24.14487768535069
2019-04-18,24.15554315820652
2019-04-22,24.190427705383087
2019-04-23,24.584409419438003
2019-04-24,24.55693222220653
2019-04-25,24.833968317055703
2019-04-26,25.10767725694163
2019-04-29,25.043211865104343
2019-04-30,25.17459727459214
2019-05-01,25.10173701150951
2019-05-02,25.22749246353343
2019-05-03,25.405751790995694
2019-05-06,25.56238536736536
2019-05-07,25.092724356278392
2019-05-08,25.1239352827441
2019-05-09,25.06523864607581
2019-05-10,25.04670944802376
2019-05-13,24.631805030911792
2019-05-14,24.725704870481927
2019-05-15,24.78899168902189
2019-05-16,24.96802830773867
2019-05-17,24.928371006368383
2019-05-20,24.947723099416123
2019-05-21,25.151948657822512
2019-05-22,25.31989694619593
2019-05-23,25.23804221985746
2019-05-24,25.271630083551784
2019-05-28,24.92033283554792
2019-05-29,24.694864213102107
2019-05-30,24.814048569157425
2019-05-31,24.650572461253287
2019-06-03,24.723102585253336
2019-06-04,25.128383865994053
2019-06-05,25.30795991183368
2019-06-06,25.396966609695784
2019-06-07,25.730353075396916
2019-06-10,25.8208558939868
2019-06-11,25.765161732749657
2019-06-12,25.896391184354417
2019-06-13,25.88428119805532
2019-06-14,25.81260636620623
2019-06-17,25.92869253417775
2019-06-18,26.13695109978046
2019-06-19,26.373838947521826
2019-06-20,26.465470993569244
2019-06-21,26.57564313666897
2019-06-24,26.51821837477932
2019-06-25,26.32794369147955
2019-06-26,25.985282862388257
2019-06-27,26.14650285897076
2019-06-28,26.23459131393507
2019-07-01,23.54123824804708
2019-07-02,23.63671927561068
2019-07-03,23.859525033260287
2019-07-05,23.692562479168934
2019-07-08,23.524254722460935
2019-07-09,23.54374381703709
2019-07-10,23.638333753882662
2019-07-11,23.650034115211287
2019-07-12,23.35555963168704
2019-07-15,23.40687122606968
2019-07-16,23.294593179980343
2019-07-17,23.306398989698067
2019-07-18,23.44249378163554
2019-07-19,23.18701921946139
2019-07-22,23.153704980661384
2019-07-23,23.303161315447053
2019-07-24,23.306726964521456
2019-07-25,23.176472543416345
2019-07-26,23.311451258775783
2019-07-29,23.396793936744924
2019-07-30,23.29343481695205
2019-07-31,23.06590575054977
2019-08-01,23.106716241670718
2019-08-02,23.059197645471333
2019-08-05,22.540656400503725
2019-08-06,22.765619934665388
2019-08-07,22.80702230837589
2019-08-08,23.119725391516468
2019-08-09,23.170142957111963
2019-08-12,22.938286731614745
2019-08-13,23.236637547140333
2019-08-14,22.570454176475454
2019-08-15,22.653771417068764
2019-08-16,22.91866714072064
2019-08-19,23.14724131762162
2019-08-20,22.941075763113776
2019-08-21,23.10873817883809
2019-08-22,22.977634356068165
2019-08-23,22.451580292807787
2019-08-26,22.667752242764504
2019-08-27,22.53983390945505
2019-08-28,22.7017233447949
2019-08-29,22.883660214945543
2019-08-30,22.94577761455297
2019-09-03,22.81177697506905
2019-09-04,22.80597847194912
2019-09-05,23.025826794863296
2019-09-06,23.096327941439235
2019-09-09,22.868969846121967
2019-09-10,22.919551507097367
2019-09-11,23.15331410423424
2019-09-12,23.125011755917797
2019-09-13,23.114782282593804
2019-09-16,23.05491179389177
2019-09-17,23.089825164854407
2019-09-18,23.10072613788184
2019-09-19,23.21224714071061
2019-09-20,23.35186608369051
2019-09-23,23.27807682633952
2019-09-24,23.070400600480365
2019-09-25,22.95343731104881
2019-09-26,22.80638825423732
2019-09-27,22.712433983555528
2019-09-30,24.18873981588386
2019-10-01,23.95631658641291
2019-10-02,23.587572976645813
2019-10-03,23.706838688264423
2019-10-04,24.097151843171027
2019-10-07,23.99375533181512
2019-10-08,23.54556007917961
2019-10-09,23.71213511346281
2019-10-10,23.82875899863269
2019-10-11,24.016064472183245
2019-10-14,24.013999072250297
2019-10-15,24.43738544950396
2019-10-16,24.413169283137183
2019-10-17,24.599064903702416
2019-10-18,24.50743847011733
2019-10-21,24.477219481487133
2019-10-22,24.518663467911136
2019-10-23,24.663118880331083
2019-10-24,24.50784401959794
2019-10-25,24.4943752050831
2019-10-28,24.75546718675251
2019-10-29,25.05143902278663
2019-10-30,25.24793379295306
2019-10-31,25.210988765158792
2019-11-01,25.204724928025374
2019-11-04,25.13170420450061
2019-11-05,24.90573471960221
2019-11-06,25.05702841726981
2019-11-07,25.085645913154156
2019-11-08,25.27888735986507
2019-11-11,25.161745600991384
2019-11-12,25.32070074410612
2019-11-13,25.35536924747236
2019-11-14,25.33751682480096
2019-11-15,25.916047889777374
2019-11-18,25.832358330278225
2019-11-19,26.009469327080943
2019-11-20,25.98957474069344
2019-11-21,25.866834668211364
2019-11-22,25.972953455860857
2019-11-25,26.242430991385422
2019-11-26,26.220504192551388
2019-11-27,26.331994205143392
2019-11-29,26.25260421913116
2019-12-02,26.138154405341112
2019-12-03,26.07762920906274
2019-12-04,26.317383081910297
2019-12-05,26.340651432626046
2019-12-06,26.4952006855847
2019-12-09,26.316621881598486
2019-12-10,26.35869224285769
2019-12-11,26.406276650665067
2019-12-12,26.634801416219723
2019-12-13,26.60860505990332
2019-12-16,26.90038032792296
2019-12-17,26.88130591387125
2019-12-18,26.915223839971624
2019-12-19,27.021802613717757
2019-12-20,27.21877868047845
2019-12-23,27.32601137877194
2019-12-24,27.316213679316544
2019-12-26,27.293353013704586
2019-12-27,27.301886467227597
2019-12-30,26.825194415421414
2019-12-31,26.305929341950623
2020-01-02,26.35105816955594
2020-01-03,26.1249789604488
2020-01-06,26.274069632226524
2020-01-07,26.21058287659868
2020-01-08,26.380213111182787
2020-01-09,26.501412664806782
2020-01-10,26.51525981559641
2020-01-13,26.42108156760272
2020-01-14,26.56411682714636
2020-01-15,26.78974569051337
2020-01-16,26.931744648935727
2020-01-17,26.95123329098099
2020-01-21,26.96044381301423
2020-01-22,26.997601051766203
2020-01-23,26.86191407516824
2020-01-24,26.26576257743802
2020-01-27,26.06354738783321
2020-01-28,26.18591648881864
2020-01-29,26.112388966174446
2020-01-30,25.91832806918644
2020-01-31,25.44916433561876
2020-02-03,25.6840089467824
2020-02-04,26.122438694535184
2020-02-05,26.63859301726483
2020-02-06,26.663525860758423
2020-02-07,26.439705279952896
2020-02-10,26.5756665520912
2020-02-11,26.737125485565223
2020-02-12,26.77913187091184
2020-02-13,26.64115480089153
2020-02-14,26.678391371507487
2020-02-18,26.580676605035748
2020-02-19,26.703898916048026
2020-02-20,26.533777903991005
2020-02-21,26.540329653776094
2020-02-24,25.666562705443983
2020-02-25,24.902631786748238
2020-02-26,24.883633050761976
2020-02-27,24.046577152808208
2020-02-28,23.698811313219704
2020-03-02,24.86492452511014
2020-03-03,24.226145223085545
2020-03-04,25.66172076012972
2020-03-05,25.0443657416466
2020-03-06,24.916110051464983
2020-03-09,23.614539588842664
2020-03-10,24.44656515456013
2020-03-11,23.48480633905405
2020-03-12,21.73529428760892
2020-03-13,23.26382114048775
2020-03-16,20.91919151023003
2020-03-17,22.239078659488516
2020-03-18,21.47152278800079
2020-03-19,21.050818990846548
2020-03-20,20.17810052860369
2020-03-23,19.150160142043195
2020-03-24,20.631435180535775
2020-03-25,20.90892865321413
2020-03-26,22.396610890116797
2020-03-27,21.855659848182235
2020-03-30,22.66672265400738
2020-03-31,22.193701417311534
2020-04-01,21.321810954622546
2020-04-02,21.928986712585058
2020-04-03,21.682351001192327
2020-04-06,22.87027057527017
2020-04-07,22.646030808662065
2020-04-08,23.608459103878342
2020-04-09,23.701847299417263
2020-04-13,23.5011963657273
2020-04-14,24.28516247987764
2020-04-15,24.166714373699616
2020-04-16,24.7155540343598
2020-04-17,25.22178384126691
2020-04-20,25.01486087045256
2020-04-21,24.225240235029148
2020-04-22,24.61761088617371
2020-04-23,24.735711405020783
2020-04-24,25.20216794578235
2020-04-27,25.53598737498225
2020-04-28,24.98363647238193
2020-04-29,25.16094162185381
2020-04-30,25.08410437846399
2020-05-01,24.55615010902121
2020-05-04,24.57392321278322
2020-05-05,25.1162868844209
2020-05-06,24.861361811519306
2020-05-07,24.848895304024136
2020-05-08,24.981663804915534
2020-05-11,25.29810140000953
2020-05-12,25.15572191238157
2020-05-13,24.88114053101952
2020-05-14,25.15801532947681
2020-05-15,25.3440477533689
2020-05-18,25.56802387452205
2020-05-19,25.26028638509704
2020-05-20,25.282814889501356
2020-05-21,25.08302727759601
2020-05-22,25.192522104004507
2020-05-26,25.161350777567005
2020-05-27,25.418323344523223
2020-05-28,25.721571257575267
2020-05-29,26.05191184730573
2020-06-01,25.78398378273798
2020-06-02,25.944807286314717
2020-06-03,25.88955458125418
2020-06-04,25.68250651652964
2020-06-05,26.103489100229243
2020-06-08,26.25887249456015
2020-06-09,25.98639078101234
2020-06-10,25.954525587087584
2020-06-11,24.497354329350596
2020-06-12,24.671375426744344
2020-06-15,24.71131418740362
2020-06-16,25.31575185994493
2020-06-17,25.290307838251227
2020-06-18,25.20945825385669
2020-06-19,25.42106887172915
2020-06-22,25.250138453471006
2020-06-23,25.36535332786667
2020-06-24,24.69692393387378
2020-06-25,24.952390768520026
2020-06-26,24.646256312135275
2020-06-29,25.674134425927623
2020-06-30,26.484736345868196
2020-07-01,26.67147935079315
2020-07-02,26.83272667632195
2020-07-06,27.07094841082089
2020-07-07,26.840884017893384
2020-07-08,26.85263032351594
2020-07-09,26.629152360448945
2020-07-10,26.567660906162438
2020-07-13,26.715544751546464
2020-07-14,27.24109965988644
2020-07-15,27.59516594942812
2020-07-16,27.55132941095973
2020-07-17,27.929312906529905
2020-07-20,27.923715026888797
2020-07-21,27.911360516010387
2020-07-22,28.155079308177392
2020-07-23,28.04251197486174
2020-07-24,27.73349895405315
2020-07-27,27.92029268754781
2020-07-28,27.888164835947222
2020-07-29,28.183474758707845
2020-07-30,27.969355360564546
2020-07-31,27.902738660465253
2020-08-03,28.172297892718625
2020-08-04,28.04433699462668
2020-08-05,28.182652507115392
2020-08-06,28.01716056104176
2020-08-07,28.120315176379943
2020-08-10,28.02437928919921
2020-08-11,27.840706355826637
2020-08-12,28.324608575226478
2020-08-13,28.275095592021263
2020-08-14,28.211980508085805
2020-08-17,28.379292387807315
2020-08-18,28.365316558639798
2020-08-19,28.266494084703226
2020-08-20,28.1899455934882
2020-08-21,28.217606222601837
2020-08-24,28.058751229527825
2020-08-25,28.25822274080248
2020-08-26,28.223017194299985
2020-08-27,28.44207613846
2020-08-28,28.502150773860528
2020-08-31,28.57937788143156
2020-09-01,28.29989480400517
2020-09-02,28.891214693351777
2020-09-03,28.098842836408203
2020-09-04,27.894579048029907
2020-09-08,27.4329438197356
2020-09-09,27.92252387033864
2020-09-10,27.48909869253164
2020-09-11,27.596396538585687
2020-09-14,27.96545467813812
2020-09-15,27.999112636930523
2020-09-16,27.93296104474199
2020-09-17,27.849223714083987
2020-09-18,27.825588149589542
2020-09-21,27.424372746602533
2020-09-22,27.3666879751258
2020-09-23,27.076336535435463
2020-09-24,26.93393118721472
2020-09-25,27.377200152307427
2020-09-28,28.293192096018224
2020-09-29,28.273526499900523
2020-09-30,27.437876484892374
2020-10-01,27.30933826758101
2020-10-02,27.02565689304517
2020-10-05,27.56619128804528
2020-10-06,27.20174327344
2020-10-07,27.71048054984272
2020-10-08,27.84207187668689
2020-10-09,28.08692719016212
2020-10-12,28.24430800453899
2020-10-13,28.07085962391036
2020-10-14,27.872218478542468
2020-10-15,27.667122978454938
2020-10-16,27.949576386869072
2020-10-19,27.492428678762504
2020-10-20,27.525125661240715
2020-10-21,27.44989030780588
2020-10-22,27.81931173585494
2020-10-23,27.92275887531387
2020-10-26,27.60932202498873
2020-10-27,27.41687451310197
2020-10-28,26.53331987989236
2020-10-29,26.342406532586068
2020-10-30,26.491667542028303
2020-11-02,26.98046981757649
2020-11-03,27.370887313858123
2020-11-04,28.60022700659992
2020-11-05,28.647214962682007
2020-11-06,28.69642139725584
2020-11-09,28.90803445441797
2020-11-10,29.195283313419345
2020-11-12,28.841233691449386
2020-11-13,29.216853236149497
2020-11-16,29.158409882592892
2020-11-17,28.873748404606683
2020-11-18,28.3690350954488
2020-11-19,28.33028050072985
2020-11-20,28.258718435170643
2020-11-23,28.182552116738933
2020-11-24,28.26218655277597
2020-11-25,28.131944810370104
2020-11-27,28.40909748937
2020-11-30,28.49381321265489
2020-12-01,28.72831753657109
2020-12-02,28.96428516368547
2020-12-03,28.919773758143503
2020-12-04,29.237996676140103
2020-12-07,29.059199020190157
2020-12-08,29.27127096461572
2020-12-09,29.19221710832945
2020-12-10,29.130092481498387
2020-12-11,29.003519954897957
2020-12-14,28.712943723799512
2020-12-15,29.021827432233543
2020-12-16,28.92066989975701
2020-12-17,29.246686906094435
2020-12-18,29.25117231551293
2020-12-21,29.020102791374395
2020-12-22,28.922419741595935
2020-12-23,28.946785807711045
2020-12-24,29.002936650637555
2020-12-28,29.0718849654286
2020-12-29,29.19630007611784
2020-12-30,29.195500291674456
2020-12-31,33.681808591896655
2021-01-04,34.00646818302668
2021-01-05,34.23139845430331
2021-01-06,34.71630590511626
2021-01-07,35.18117282664073
2021-01-08,35.34928112334224
2021-01-11,35.536500737883955
2021-01-12,35.15074949134731
2021-01-13,35.243950198074046
2021-01-14,35.11095576242291
2021-01-15,35.21971088697809
2021-01-19,35.489977630281665
2021-01-20,35.69716360266055
2021-01-21,35.51713707580704
2021-01-22,35.40782643434333
2021-01-25,35.64109020555078
2021-01-26,35.49718140584978
2021-01-27,34.40635730553665
2021-01-28,34.91074553813276
2021-01-29,34.809325466698766
2021-02-01,34.32675926170581
2021-02-02,34.43084361197353
2021-02-03,34.192448056283055
2021-02-04,34.3126062641178
2021-02-05,34.401079870985974
2021-02-08,34.46328512411133
2021-02-09,34.50354874163645
2021-02-10,34.564610727256856
2021-02-11,34.627794249688726
2021-02-12,34.88957731424702
2021-02-16,34.53878163400186
2021-02-17,34.665221027856006
2021-02-18,34.43151166529426
2021-02-19,34.03385069573914
2021-02-22,33.94356843745916
2021-02-23,33.89830944024323
2021-02-24,34.10785117012054
2021-02-25,33.768748966552614
2021-02-26,33.492338339136786
2021-03-01,33.90633606205866
2021-03-02,33.82586544125103
2021-03-03,33.386115959118605
2021-03-04,32.938738551153726
2021-03-05,33.60668326501155
2021-03-08,33.518637647305084
2021-03-09,33.71780370814052
2021-03-10,33.79084757479164
2021-03-11,34.00376617725667
2021-03-12,34.05321001452413
2021-03-15,34.27257876530762
2021-03-16,34.259152390659686
2021-03-17,34.11687265463424
2021-03-18,34.056521527250226
2021-03-19,34.181724791087525
2021-03-22,34.52042469041087
2021-03-23,34.167935925320464
2021-03-24,34.15267019979111
2021-03-25,34.25749963644578
2021-03-26,34.937821651103846
2021-03-29,34.93657830144343
2021-03-30,34.61923591612821
2021-03-31,32.56782421700794
2021-04-01,32.442533545233665
2021-04-05,31.349766223369347
2021-04-06,31.237261220988955
2021-04-07,31.16450383084205
2021-04-08,31.191724242137735
2021-04-09,31.557100190137547
2021-04-12,31.57687175153577
2021-04-13,31.718254531237324
2021-04-14,31.677377144138266
2021-04-15,32.23130924618526
2021-04-16,32.467255336356104
2021-04-19,32.46193884012146
2021-04-20,32.597174890048926
2021-04-21,32.964575137476686
2021-04-22,32.7660124594162
2021-04-23,33.03484111153534
2021-04-26,32.91570122500069
2021-04-27,32.74849925636948
2021-04-28,32.630539664987
2021-04-29,32.51963096352752
2021-04-30,32.19120964459459
2021-05-03,32.57689685723788
2021-05-04,32.597146825985185
2021-05-05,32.67282256477913
2021-05-06,32.758599161962216
2021-05-07,32.93084911559147
2021-05-10,32.96564105895606
2021-05-11,32.643045813835165
2021-05-12,32.314924909790534
2021-05-13,32.6252860653828
2021-05-14,32.77700821946703
2021-05-17,32.72282721196088
2021-05-18,32.7259119449893
2021-05-19,32.67571797846267
2021-05-20,33.01385826862765
2021-05-21,33.00648106848425
2021-05-24,33.02692969153302
2021-05-25,32.92301180188024
2021-05-26,32.735553119717515
2021-05-27,32.67917226524683
2021-05-28,32.77902573357217
2021-06-01,32.23882878697166
2021-06-02,32.17050837249357
2021-06-03,31.854329678688664
2021-06-04,31.95381524485322
2021-06-07,32.062059245436615
2021-06-08,31.94485618430237
2021-06-09,32.26255360487435
2021-06-10,32.80347045528771
2021-06-11,32.560691797691696
2021-06-14,32.5860977867126
2021-06-15,32.57829983035233
2021-06-16,32.45404576388029
2021-06-17,32.713115130142505
2021-06-18,32.30436836980037
2021-06-21,32.76711037503947
2021-06-22,32.83846301866984
2021-06-23,32.68758434210929
2021-06-24,32.85749845140784
2021-06-25,33.00683106958309
2021-06-28,32.97892850316786
2021-06-29,33.00127754858314
2021-06-30,32.164869511224666
2021-07-01,32.465342526341445
2021-07-02,32.59513265008249
2021-07-06,31.152251372183823
2021-07-07,31.342992639135147
2021-07-08,31.197100126528746
2021-07-09,31.31268507497836
2021-07-12,31.36728259381715
2021-07-13,31.33616533186288
2021-07-14,31.27337692403631
2021-07-15,31.200695068820675
2021-07-16,31.27200275843481
2021-07-19,30.93425383040616
2021-07-20,31.30358716178879
2021-07-21,31.456985103813416
2021-07-22,31.66496753739168
2021-07-23,32.03710032953728
2021-07-26,31.83659341615641
2021-07-27,31.976980300404108
2021-07-28,32.10089276634708
2021-07-29,32.16104849086106
2021-07-30,32.12072998581112
2021-08-02,32.0484710396894
2021-08-03,32.50050804308933
2021-08-04,32.363413829117704
2021-08-05,32.2446148842095
2021-08-06,32.212564566922985
2021-08-09,32.33421295095566
2021-08-10,32.260861790006466
2021-08-11,31.950214145139498
2021-08-12,32.194713062903986
2021-08-13,32.38827994951697
2021-08-16,32.75436543911011
2021-08-17,33.121518695526554
2021-08-18,32.636615381641704
2021-08-19,32.794780111385094
2021-08-20,32.96023359556288
2021-08-23,32.95429379045932
2021-08-24,32.83889483962874
2021-08-25,32.75428621246834
2021-08-26,32.62316274566528
2021-08-27,32.568382489389506
2021-08-30,32.85979622584639
2021-08-31,32.81806523147829
2021-09-01,32.82460368060125
2021-09-02,33.17752234084554
2021-09-03,33.21425113915146
2021-09-07,33.024832211990244
2021-09-08,33.004870533842336
2021-09-09,32.62056871129719
2021-09-10,32.314418413147685
2021-09-13,32.11795507767719
2021-09-14,32.079010269143026
2021-09-15,32.30073445385973
2021-09-16,32.22031783384376
2021-09-17,32.242508193867074
2021-09-20,31.96071809555488
2021-09-21,32.00821902842437
2021-09-22,32.03623386687145
2021-09-23,32.283508060970306
2021-09-24,32.14599750633753
2021-09-27,31.6993673012061
2021-09-28,31.1615627876992
2021-09-29,31.404311441641216
2021-09-30,27.33484515150787
2021-10-01,27.31531560498808
2021-10-04,25.839665253561453
2021-10-05,25.987276354994663
2021-10-06,25.944102070144545
2021-10-07,26.263770492091005
2021-10-08,26.13971485851268
2021-10-11,25.93354025089612
2021-10-12,25.82238347312052
2021-10-13,25.84352400420782
2021-10-14,26.20992449281894
2021-10-15,26.33978139465511
2021-10-18,26.14884243278215
2021-10-19,26.49139426978215
2021-10-20,26.876113424320987
2021-10-21,26.992542432457157
2021-10-22,27.09502054008217
2021-10-25,27.11753935800737
2021-10-26,27.26326899294217
2021-10-27,27.045827179677488
2021-10-28,27.27604704454697
2021-10-29,27.41057661165457
2021-11-01,27.330614096538607
2021-11-02,27.503916780130037
2021-11-03,27.67444547370292
2021-11-04,27.474446735985374
2021-11-05,27.18897030403904
2021-11-08,27.335857588832276
2021-11-09,27.2303701990294
2021-11-10,27.30584944304926
2021-11-11,27.294058257306485
2021-11-12,27.35823934763591
2021-11-15,27.186942764715997
2021-11-16,27.288401867584437
2021-11-17,27.33352333655592
2021-11-18,27.35535432504022
2021-11-19,27.17828404052853
2021-11-22,27.05327547890368
2021-11-23,27.081036463541064
2021-11-24,27.06927221310497
2021-11-26,26.949868649099223
2021-11-29,27.050282963973128
2021-11-30,26.529307425548293
2021-12-01,26.481152263097748
2021-12-02,26.583751621114228
2021-12-03,26.656049806677416
2021-12-06,26.790249599742573
2021-12-07,27.09984482393873
2021-12-08,27.318819629835183
2021-12-09,27.391927868070685
2021-12-10,27.49770404056805
2021-12-13,27.74740133890852
2021-12-14,27.61731153019761
2021-12-15,28.195894891107724
2021-12-16,28.362157472803624
2021-12-17,28.152220255709505
2021-12-20,27.9947857137784
2021-12-21,28.107405082512624
2021-12-22,28.433691174324192
2021-12-23,28.54746217584073
2021-12-27,28.865803627174063
2021-12-28,28.78561673471468
2021-12-29,28.957161541633297
2021-12-30,29.00312861720879
2021-12-31,24.38192217360685
2022-01-03,23.86581030852131
2022-01-04,23.53420239774073
2022-01-05,23.3717176098352
2022-01-06,23.088203049432806
2022-01-07,22.986010575563903
2022-01-10,23.229233726455742
2022-01-11,23.40346758490805
2022-01-12,23.34295671376253
2022-01-13,22.96353303148225
2022-01-14,22.92286888784806
2022-01-18,22.604683718271943
2022-01-19,22.50282355714926
2022-01-20,22.371856639099665
2022-01-21,22.12991459142236
2022-01-24,22.045404463442623
2022-01-25,21.902498383721717
2022-01-26,21.80498032931848
2022-01-27,21.84007065715343
2022-01-28,22.273052622749127
2022-01-31,22.62510120216687
2022-02-01,22.68846949761989
2022-02-02,22.972991028570167
2022-02-03,22.87222585725466
2022-02-04,22.777340212437423
2022-02-07,22.749275097885874
2022-02-08,22.926991422960697
2022-02-09,23.11222194313884
2022-02-10,22.747579146897763
2022-02-11,22.44576060591704
2022-02-14,22.19975257654563
2022-02-15,22.45205561604302
2022-02-16,22.47829142690597
2022-02-17,22.12293428349508
2022-02-18,21.94313041572345
2022-02-22,21.88188467053328
2022-02-23,21.769554362836384
2022-02-24,21.86529985519374
2022-02-25,22.532474859534176
2022-02-28,22.36275079120701
2022-03-01,22.239224371833583
2022-03-02,22.589541770930296
2022-03-03,22.70196393755965
2022-03-04,22.816427664593757
2022-03-07,22.428818664242133
2022-03-08,21.95022903829296
2022-03-09,22.39120641327808
2022-03-10,22.359186625126764
2022-03-11,22.185350188290062
2022-03-14,22.33892032925196
2022-03-15,22.769846410666418
2022-03-16,23.049550285529502
2022-03-17,23.41865485782944
2022-03-18,23.5738439578162
2022-03-21,23.555473692160295
2022-03-22,23.55687131580273
2022-03-23,23.13818172798552
2022-03-24,23.40332992168528
2022-03-25,23.525991608634875
2022-03-28,23.709447560600783
2022-03-29,23.84046728391
2022-03-30,23.89432376221585
2022-03-31,23.592192104553504
2022-04-01,23.7633711537362
2022-04-04,23.466134482682037
2022-04-05,23.509618104038584
2022-04-06,23.878256792410856
2022-04-07,24.323945877552397
2022-04-08,24.466530167435653
2022-04-11,23.98500254883628
2022-04-12,23.755663032885497
2022-04-13,23.857305897319225
2022-04-14,23.745540216876627
2022-04-18,23.47905664157987
2022-04-19,23.69428511070139
2022-04-20,24.01460610692377
2022-04-21,23.749023848411607
2022-04-22,22.883797897249064
2022-04-25,23.0356652406158
2022-04-26,22.597917970684133
2022-04-27,22.572816866670973
2022-04-28,22.87824150711939
2022-04-29,22.293892282249605
2022-05-02,22.133771787416027
2022-05-03,22.208430842410085
2022-05-04,22.698474613653943
2022-05-05,22.254790052728016
2022-05-06,22.19151545025346
2022-05-09,21.621923819749902
2022-05-10,21.69298457356621
2022-05-11,21.553914039701507
2022-05-12,21.754355388425004
2022-05-13,21.981127194942854
2022-05-16,22.13458034290159
2022-05-17,22.441789455761956
2022-05-18,21.85894681914296
2022-05-19,21.90721662152232
2022-05-20,22.18598099581042
2022-05-23,22.362744225740904
2022-05-24,22.419797122565328
2022-05-25,22.414542041497032
2022-05-26,22.50706897986809
2022-05-27,22.895407177045644
2022-05-31,22.5787045798798
2022-06-01,22.28703949353168
2022-06-02,22.42795450445028
2022-06-03,22.17191383239144
2022-06-06,22.171723299702894
2022-06-07,22.46139090581924
2022-06-08,22.28578976939336
2022-06-09,21.77563885012206
2022-06-10,21.42051061993744
2022-06-13,20.77676767234654
2022-06-14,20.55722844389484
2022-06-15,20.767152697466624
2022-06-16,20.452245304205963
2022-06-17,20.455387533332573
2022-06-21,21.015940546422705
2022-06-22,21.314965590744617
2022-06-23,21.78573795972078
2022-06-24,22.1404505073292
2022-06-27,22.22541105883468
2022-06-28,21.839786858592237
2022-06-29,22.029479999368696
2022-06-30,21.633526787738443
2022-07-01,21.896390857519112
2022-07-05,21.621431685651075
2022-07-06,21.764959889678696
2022-07-07,21.863503585785427
2022-07-08,21.92218914853069
2022-07-11,21.87248369759648
2022-07-12,21.581836657383597
2022-07-13,21.378774299002806
2022-07-14,21.298929380560395
2022-07-15,21.81972392756599
2022-07-18,21.34979816019393
2022-07-19,21.73680220380457
2022-07-20,21.504920991846948
2022-07-21,21.829507184372883
2022-07-22,21.745329101061916
2022-07-25,21.865602387462584
2022-07-26,21.98671917910413
2022-07-27,22.12855260076962
2022-07-28,22.248858586427502
2022-07-29,22.151225234229145
2022-08-01,22.03230196101153
2022-08-02,21.94710951685765
2022-08-03,22.148870630785208
2022-08-04,22.040678684907277
2022-08-05,22.034916877613743
2022-08-08,22.084073147321572
2022-08-09,22.02143941721257
2022-08-10,22.267389345460327
2022-08-11,22.10852065578808
2022-08-12,22.39870703859974
2022-08-15,22.508075433751213
2022-08-16,22.44844237188233
2022-08-17,22.308256600245404
2022-08-18,22.211852964053744
2022-08-19,22.27406816017908
2022-08-22,21.966778651135503
2022-08-23,21.660335565099626
2022-08-24,21.68492613097965
2022-08-25,21.923918977515125
2022-08-26,21.311497812371822
2022-08-29,21.160797072843145
2022-08-30,21.02028481423105
2022-08-31,20.887244420955
2022-09-01,21.23303233795327
2022-09-02,20.92662515705451
2022-09-06,20.93049790279661
2022-09-07,21.28038883396785
2022-09-08,21.65759922048032
2022-09-09,21.83680755387836
2022-09-12,21.97866014463056
2022-09-13,21.258484662829087
2022-09-14,21.26023859751949
2022-09-15,21.376403688890395
2022-09-16,21.31814513460677
2022-09-19,21.242008004568923
2022-09-20,20.998877070699592
2022-09-21,20.64456531775104
2022-09-22,20.752948692793577
2022-09-23,20.64180324192777
2022-09-26,20.46143915473958
2022-09-27,20.41685880723602
2022-09-28,20.86620230537295
2022-09-29,20.673522858902587
2022-09-30,21.6651432586528
2022-10-03,22.482895977569044
2022-10-04,23.00964580418672
2022-10-05,23.080275112394663
2022-10-06,22.778965643234464
2022-10-07,22.292569938201865
2022-10-10,22.14167012669666
2022-10-11,22.26875609741236
2022-10-12,22.1437024017604
2022-10-13,22.653985555874137
2022-10-14,22.46652934639241
2022-10-17,22.86703404458661
2022-10-18,22.99773194882976
2022-10-19,22.656554113234947
2022-10-20,22.460792678856706
2022-10-21,22.960282866687344
2022-10-24,23.39890995785415
2022-10-25,23.595098196865013
2022-10-26,23.865537657577125
2022-10-27,23.716812026442145
2022-10-28,24.18140020888298
2022-10-31,24.17323644117491
2022-11-01,24.16845954562604
2022-11-02,23.755911487031632
2022-11-03,23.66312063808697
2022-11-04,23.81374495577496
2022-11-07,24.06768484194251
2022-11-08,24.19279523207388
2022-11-09,23.964046890846834
2022-11-10,24.587540854283525
2022-11-11,24.27452760911712
2022-11-14,24.280153324592657
2022-11-15,24.26273872824712
2022-11-16,24.23243735383044
2022-11-17,24.210575680676392
2022-11-18,24.50654005034196
2022-11-21,24.517961314200903
2022-11-22,24.74462698202281
2022-11-23,24.77267424585634
2022-11-25,24.98321966067014
2022-11-28,24.788117120369765
2022-11-29,24.73174038751014
2022-11-30,25.34697117942433
2022-12-01,25.408586659813167
2022-12-02,25.46577048478045
2022-12-05,25.21007186021192
2022-12-06,25.016462492343837
2022-12-07,25.234237330780317
2022-12-08,25.46337555095852
2022-12-09,25.134641529213447
2022-12-12,25.39691425081362
2022-12-13,25.47028835724947
2022-12-14,25.506167500472813
2022-12-15,25.028129818337533
2022-12-16,24.671554881307493
2022-12-19,24.58472638288668
2022-12-20,24.568946039079695
2022-12-21,24.896234666504476
2022-12-22,24.856172255174304
2022-12-23,24.876934301893566
2022-12-27,24.810938176930275
2022-12-28,24.652220322279454
2022-12-29,24.913457468995706
2022-12-30,24.831657606730783
2023-01-03,25.00709958272181
2023-01-04,25.070828110617843
2023-01-05,24.73241693619522
2023-01-06,24.950676430574838
2023-01-09,24.537648720610708
2023-01-10,24.6962446429756
2023-01-11,24.88870832472275
2023-01-12,24.790580533346237
2023-01-13,24.908136560051137
2023-01-17,24.783834328901943
2023-01-18,24.432233866029595
2023-01-19,24.48912101359316
2023-01-20,24.628700574398845
2023-01-23,24.69989772283508
2023-01-24,24.539113132632263
2023-01-25,24.54159357454886
2023-01-26,24.582233707793293
2023-01-27,24.44159243162836
2023-01-30,24.213410138881567
2023-01-31,24.51017261091462
2023-02-01,24.63842417128793
2023-02-02,24.471779889745644
2023-02-03,24.40748587567764
2023-02-06,24.261803286807705
2023-02-07,24.418909847643167
2023-02-08,24.3430016241878
2023-02-09,24.13334532945533
2023-02-10,24.35977873684613
2023-02-13,24.5619284166578
2023-02-14,24.41273764244048
2023-02-15,24.287263527162025
2023-02-16,24.03960179331303
2023-02-17,24.25759034695998
2023-02-21,23.925020378031657
2023-02-22,23.84791517835068
2023-02-23,23.91261694974281
2023-02-24,23.608467938134048
2023-02-27,23.53587489836591
2023-02-28,23.36419884187267
2023-03-01,23.32151658053452
2023-03-02,23.45912195826871
2023-03-03,23.73178290543668
2023-03-06,23.716259089007927
2023-03-07,23.33236837419726
2023-03-08,23.200763516841302
2023-03-09,22.96167841647267
2023-03-10,22.791626514852396
2023-03-13,23.0014707412866
2023-03-14,23.205020191317825
2023-03-15,23.268236994046774
2023-03-16,23.49201474829796
2023-03-17,23.193227887368675
2023-03-20,23.48871168775511
2023-03-21,23.629475058430835
2023-03-22,23.27455935792108
2023-03-23,23.232039468280192
2023-03-24,23.53693842591944
2023-03-27,23.63417192041514
2023-03-28,23.500311901331152
2023-03-29,23.5566688898673
2023-03-30,23.65711474861422
2023-03-31,24.12412691542504
2023-04-03,25.483691243452597
2023-04-04,25.489700009070667
2023-04-05,25.93082692122361
2023-04-06,25.989305428774312
2023-04-10,25.979644057459137
2023-04-11,26.056630808850176
2023-04-12,26.06068843194579
2023-04-13,26.38137466773409
2023-04-14,26.17375174334496
2023-04-17,26.146840205872483
2023-04-18,25.97561074489627
2023-04-19,26.04930596474003
2023-04-20,25.93616404504388
2023-04-21,26.112087600373837
2023-04-24,26.25763636884136
2023-04-25,25.98126118369284
2023-04-26,25.615762592559683
2023-04-27,25.746589191588253
2023-04-28,25.996959534505912
2023-05-01,26.157002561700462
2023-05-02,26.0294277634064
2023-05-03,26.00057860467166
2023-05-04,25.79042547054248
2023-05-05,26.027652921563565
2023-05-08,25.970735894245777
2023-05-09,25.79125298862991
2023-05-10,25.8617929197927
2023-05-11,25.774988137589915
2023-05-12,25.7273898962346
2023-05-15,25.68541158626294
2023-05-16,25.475778391262168
2023-05-17,25.50045586778183
2023-05-18,25.43841261462592
2023-05-19,25.554494163339758
2023-05-22,25.564438194332208
2023-05-23,25.275873500453717
2023-05-24,25.109220166551392
2023-05-25,24.84836153001176
2023-05-26,24.8054267495292
2023-05-30,24.63902635635122
2023-05-31,24.84806194780718
2023-06-01,25.01458334100808
2023-06-02,25.34845604339305
2023-06-05,25.445778494606586
2023-06-06,25.22228658079257
2023-06-07,25.117677423815955
2023-06-08,25.280245793707667
2023-06-09,25.329034843180334
2023-06-12,25.44523560416261
2023-06-13,25.57983080486983
2023-06-14,25.29318391814298
2023-06-15,25.685390932743523
2023-06-16,25.68347914238285
2023-06-20,25.63643567380295
2023-06-21,25.652226899815822
2023-06-22,25.81843948374551
2023-06-23,25.735502869868704
2023-06-26,25.58033722425476
2023-06-27,25.5292075809398
2023-06-28,25.43913797352089
2023-06-29,25.60369527938774
2023-06-30,27.375762596385304
2023-07-03,28.348252883498397
2023-07-05,28.262778736377246
2023-07-06,28.034164833498263
2023-07-07,27.707848790682743
2023-07-10,27.93183514471032
2023-07-11,27.933106807823656
2023-07-12,27.85643282562599
2023-07-13,27.85271647023008
2023-07-14,28.27122566448461
2023-07-17,28.14815966150396
2023-07-18,28.345227102226275
2023-07-19,28.485794666983377
2023-07-20,28.955297793696086
2023-07-21,29.249022514490388
2023-07-24,29.1810315929056
2023-07-25,29.163025048699826
2023-07-26,29.14016863592328
2023-07-27,28.916954717735084
2023-07-28,29.026290219730523
2023-07-31,28.833023870690766
2023-08-01,28.68538541511044
2023-08-02,28.701902947930225
2023-08-03,28.559117578272325
2023-08-04,28.455069595502643
2023-08-07,28.78784140902017
2023-08-08,29.01340371214428
2023-08-09,28.99762310549067
2023-08-10,28.98499874566958
2023-08-11,29.15002738571124
2023-08-14,29.24604983581141
2023-08-15,29.140949907812605
2023-08-16,28.914496886225752
2023-08-17,28.69340532538876
2023-08-18,28.69057208611957
2023-08-21,28.71778330238073
2023-08-22,28.611944449997434
2023-08-23,28.6964087614243
2023-08-24,28.46998587137629
2023-08-25,28.618425702229597
2023-08-28,28.68531941494332
2023-08-29,28.923625230453823
2023-08-30,28.91507842337127
2023-08-31,28.566679593562807
2023-09-01,28.633594479719036
2023-09-05,28.362845317237703
2023-09-06,28.190176615842475
2023-09-07,28.323787235058745
2023-09-08,28.31088394900201
2023-09-11,28.503557357585056
2023-09-12,28.45591167464702
2023-09-13,28.462809977379216
2023-09-14,28.534795721686475
2023-09-15,28.324217915790317
2023-09-18,28.325680898637508
2023-09-19,28.35249171721379
2023-09-20,28.35776547924951
2023-09-21,28.09624135952708
2023-09-22,28.042023487208205
2023-09-25,28.19314212686645
2023-09-26,27.94969622562806
2023-09-27,27.811513842619824
2023-09-28,27.94440429622796
2023-09-29,27.79289414723141
2023-10-02,28.47669761108504
2023-10-03,28.234795527995445
2023-10-04,28.36336553912023
2023-10-05,28.50376795808092
2023-10-06,28.79251006214781
2023-10-09,28.895488820502777
2023-10-10,29.038187043170893
2023-10-11,28.91449707462837
2023-10-12,28.6452101717183
2023-10-13,28.820487487987595
2023-10-16,29.037302124098428
2023-10-17,28.999330257078388
2023-10-18,28.8135969215488
2023-10-19,28.53664243980561
2023-10-20,28.423531604277148
2023-10-23,28.24451975330394
2023-10-24,28.32615406082254
2023-10-25,28.071862805297357
2023-10-26,27.79786643698115
2023-10-27,27.323600739297905
2023-10-30,27.472978569969133
2023-10-31,27.645547148091406
2023-11-01,26.690682968707
2023-11-02,27.94144701747423
2023-11-03,28.72619310158225
2023-11-06,28.916279579476384
2023-11-07,28.929460087157803
2023-11-08,28.72647691428413
2023-11-09,28.394523101875425
2023-11-10,27.9823302093908
2023-11-13,28.030562090687773
2023-11-14,28.318849972627664
2023-11-15,28.37764800487611
2023-11-16,28.537788998140158
2023-11-17,28.553033143297796
2023-11-20,28.58808539862367
2023-11-21,28.857619893209062
2023-11-22,28.927824739087946
2023-11-24,29.075601983669564
2023-11-27,28.898196253154982
2023-11-28,28.745349759992415
2023-11-29,28.618125444175273
2023-11-30,29.207145645595414
2023-12-01,29.215311104771374
2023-12-04,29.26301374120197
2023-12-05,29.26869416711834
2023-12-06,29.221633337931333
2023-12-07,29.228534772882547
2023-12-08,29.271224045274106
2023-12-11,29.508410903938444
2023-12-12,29.614974594881968
2023-12-13,30.000374385920374
2023-12-14,29.891255094270207
2023-12-15,29.720017080907947
2023-12-18,29.747723127804857
2023-12-19,29.989206217541135
2023-12-20,29.635816667802477
2023-12-21,29.897516767752602
2023-12-22,30.07812756925784
2023-12-26,30.14352710418845
2023-12-27,30.22114030174412
2023-12-28,30.390512906540533
2023-12-29,30.366409864254535
2024-01-02,30.939085951400227
2024-01-03,30.853656666305195
2024-01-04,30.95741463282838
2024-01-05,30.995624580643877
2024-01-08,31.145373326417918
2024-01-09,31.252913394386667
2024-01-10,31.263693801304388
2024-01-11,31.35377183692736
2024-01-12,31.12826554165948
2024-01-16,31.015680234976482
2024-01-17,30.92985873522774
2024-01-18,30.79194835389018
2024-01-19,30.9046398543378
2024-01-22,30.984252000586558
2024-01-23,31.033837243933128
2024-01-24,30.73044921016509
2024-01-25,30.344943178590952
2024-01-26,30.797926985440537
2024-01-29,30.93779560118419
2024-01-30,31.172628319540067
2024-01-31,32.9938261726437
2024-02-01,33.194600804234355
2024-02-02,34.48190135464858
2024-02-05,34.326061641040496
2024-02-06,34.959007625512854
2024-02-07,35.086399398932194
2024-02-08,35.197945578215254
2024-02-09,35.19554869055528
2024-02-13,34.91169172818
2024-02-14,35.2127867054878
2024-02-15,35.37223103708765
2024-02-16,35.68386545412764
2024-02-20,35.62245850805226
2024-02-21,35.70784163064005
2024-02-22,35.83302521926336
2024-02-23,36.45607671683087
2024-02-26,36.230652863538474
2024-02-27,36.101102818272174
2024-02-28,35.86354651682666
2024-02-29,36.21775948169712
2024-03-01,36.47959419659964
2024-03-04,36.41996301107121
2024-03-05,36.191953459532094
2024-03-06,36.36086438447498
2024-03-07,36.58747848100077
2024-03-08,36.4903213509893
2024-03-11,36.47116504852475
2024-03-12,36.646065315771835
2024-03-13,36.50798087006959
2024-03-14,36.34034387222473
2024-03-15,36.21300945190909
2024-03-18,36.244226853580535
2024-03-19,36.48661053656752
2024-03-20,36.43859478295052
2024-03-21,36.37626899837672
2024-03-22,36.392028919882364
2024-03-25,36.33140480476384
2024-03-26,36.45487343130821
2024-03-27,36.93056190318268
2024-03-28,37.047331559118064
2024-04-01,36.6470174576558
2024-04-02,36.05257637693886
2024-04-03,36.02155709723448
2024-04-04,35.43436522493803
2024-04-05,35.754295549329896
2024-04-08,35.6207920581735
2024-04-09,35.750601645599325
2024-04-10,35.24010707917391
2024-04-11,35.17605073238417
2024-04-12,34.641332849167526
2024-04-15,34.57581333461404
2024-04-16,34.58251211457748
2024-04-17,34.73777546646424
2024-04-18,34.79362092988377
2024-04-19,34.7949975769999
2024-04-22,34.93152813417287
2024-04-23,35.3661775056359
2024-04-24,35.30805015826366
2024-04-25,34.97796599428542
2024-04-26,39.28317438467516
2024-04-29,39.412600634430724
2024-04-30,39.36895160169319
2024-05-01,39.19332868639704
2024-05-02,45.931396983214306
2024-05-03,42.70243361859728
2024-05-06,42.75342381779339
2024-05-07,43.03042471319952
2024-05-08,42.8770300246452
2024-05-09,43.245216982349696
2024-05-10,43.05338834011064
2024-05-13,43.0125525714224
2024-05-14,43.200148884406914
2024-05-15,43.73844930084399
2024-05-16,43.775748121517665
2024-05-17,43.8456535337418
2024-05-20,43.71599704586907
2024-05-21,43.79328715288374
2024-05-22,43.601215279668175
2024-05-23,43.4083877643191
2024-05-24,43.454234782163034
2024-05-28,42.91195914953563
2024-05-29,42.59073143544762
2024-05-30,42.59630506321224
2024-05-31,43.19566097867203
2024-06-03,43.32398318845357
2024-06-04,43.64208233738369
2024-06-05,43.669175890806514
2024-06-06,43.982239183176794
2024-06-07,44.02009332492964
2024-06-10,44.03964784661899
2024-06-11,43.90283248855367
2024-06-12,43.933830829298046
2024-06-13,44.025401940603466
2024-06-14,43.84419879952253
2024-06-17,43.81986484935366
2024-06-18,43.80675613678199
2024-06-20,43.973016112570384
2024-06-21,44.09877855991949
2024-06-24,43.83038815967355
2024-06-25,43.488352067797855
2024-06-26,43.84715239791309
2024-06-27,43.43764195624207
2024-06-28,43.43821160305053
2024-07-01,43.008232291735844
2024-07-02,43.040915833815426
2024-07-03,42.72759568485741
2024-07-05,43.03830449606936
2024-07-08,42.99717430167427
2024-07-09,43.1815755438899
2024-07-10,43.59230586298041
2024-07-11,43.91289439793196
2024-07-12,44.177785993274036
2024-07-15,43.98813292164545
2024-07-16,45.07114759776149
2024-07-17,45.28916764686853
2024-07-18,44.19185448502979
2024-07-19,44.22640181314923
2024-07-22,44.62855376339386
2024-07-23,44.528590996157774
2024-07-24,45.06194078579157
2024-07-25,44.70225731612509
2024-07-26,45.07533257150204
2024-07-29,45.02503312599017
2024-07-30,42.11210166704405
2024-07-31,42.020439324546615
2024-08-01,43.937412951122404
2024-08-02,43.83883807104865
2024-08-05,42.65637499472508
2024-08-06,43.12891705456205
2024-08-07,42.82972503672034
2024-08-08,43.328025972516194
2024-08-09,43.525299316385045
2024-08-12,43.360546189278246
2024-08-13,43.88832214990508
2024-08-14,43.97944525490645
2024-08-15,44.19510791620008
2024-08-16,44.257258903401485
2024-08-19,44.43143642511923
2024-08-20,44.61223643260968
2024-08-21,44.76921450672228
2024-08-22,44.6272560276655
2024-08-23,44.859846764949395
2024-08-26,44.807873059497894
2024-08-27,44.897187457906654
2024-08-28,44.87063491768207
2024-08-29,44.948833031592244
2024-08-30,45.28193921901577
2024-09-03,45.43849684889521
2024-09-04,45.16791573820994
2024-09-05,44.476228783471534
2024-09-06,44.313878852042066
2024-09-09,44.63925883839446
2024-09-10,44.73688163926125
2024-09-11,44.64101319047861
2024-09-12,45.20603973250523
2024-09-13,44.9523076222928
2024-09-16,45.178001076441134
2024-09-17,44.761374284172
2024-09-18,44.76137428417282
2024-09-19,44.84189707812608
2024-09-20,44.73933504194172
2024-09-23,44.536916940057026
2024-09-24,43.97664640884802
2024-09-25,43.81838754377717
2024-09-26,43.88059129861276
2024-09-27,43.98363880687382
2024-09-30,44.11951712946181
2024-10-01,43.89653850945419
2024-10-02,43.61329687782262
2024-10-03,43.394685818583625
2024-10-04,43.473892955103395
2024-10-07,43.156084080592585
2024-10-08,43.48343818848718
2024-10-09,43.867518298180265
2024-10-10,43.962313279622954
2024-10-11,44.079954535074485
2024-10-14,44.40854870342199
2024-10-15,44.01135034364489
2024-10-16,44.28562760898797
2024-10-17,43.76610420712456
2024-10-18,44.19383370455245
2024-10-21,43.55752386862192
2024-10-22,43.579618133095565
2024-10-23,43.46425575171948
2024-10-24,43.159388669357
2024-10-25,42.62160074819491
2024-10-28,42.578551190073824
2024-10-29,40.3196359765207
2024-10-30,40.2199118705056
2024-10-31,39.91269323640082
2024-11-01,40.284685717516496
2024-11-04,39.92724882225961
2024-11-05,40.024956591937965
2024-11-06,41.50297706970912
2024-11-07,41.35619177829028
2024-11-08,40.757694858482225
2024-11-11,40.537586401207754
2024-11-12,40.03561954127185
2024-11-13,40.02497250333269
2024-11-14,39.4334917523911
2024-11-15,38.87264299828027
2024-11-18,38.86327626794418
2024-11-19,38.48662059316054
2024-11-20,38.69110351833809
2024-11-21,39.14760294363775
2024-11-22,39.02326565089925
2024-11-25,39.575200601543436
2024-11-26,39.521563564603326
2024-11-27,39.80994278359914
2024-11-29,39.881075857697795
2024-12-02,39.736042494225416
2024-12-03,39.83481494049941
2024-12-04,39.66225744651047
2024-12-05,39.18469973300921
2024-12-06,38.93995709682904
2024-12-09,39.38417548414562
2024-12-10,38.9704652931512
2024-12-11,38.333031078214155
2024-12-13,38.170576937035285
2024-12-16,37.53056633805818
2024-12-17,37.430057788446476
2024-12-18,37.12645639012408
2024-12-19,37.32862864441793
2024-12-20,37.019583553874064
2024-12-23,37.41353798094304
2024-12-24,37.53899709867148
2024-12-26,37.74633940482577
2024-12-27,37.616377248163246
2024-12-30,37.23816233281371
2024-12-31,37.2947745335012
2025-01-02,37.11596896057717
2025-01-03,37.55069421880671
2025-01-06,37.64184759196066
2025-01-07,37.85404389550134
2025-01-08,38.001159817066934
2025-01-10,37.74732577559128
2025-01-13,38.655325093973104
2025-01-14,38.39921986612994
2025-01-15,37.88575045081962
2025-01-16,38.069061026804775
2025-01-17,37.846450060019535
2025-01-21,38.41780323796797
2025-01-22,36.24063857591671
2025-01-23,37.03286589719949
2025-01-24,37.12120469572568
2025-01-27,38.12733000324708
2025-01-28,37.73759047362918
2025-01-29,37.69311741811631
2025-01-30,37.83108093875384
2025-01-31,37.85688219628673
2025-02-03,38.06996087341955
2025-02-04,35.554204643217716
2025-02-05,35.975683141866185
2025-02-06,35.08969541188963
2025-02-07,35.532996521358584
2025-02-10,35.57851007249409
2025-02-11,35.373937505510476
2025-02-12,35.29781045846101
2025-02-13,35.49105840424994
2025-02-14,35.41168970949703
2025-02-18,35.09714367837359
2025-02-19,35.889131334164794
2025-02-20,36.121450195156186
2025-02-21,35.90472136848103
2025-02-24,36.18785214350124
2025-02-25,36.663565709894215
2025-02-26,35.995909476044034
2025-02-27,36.25716824077418
2025-02-28,36.49109589643988
2025-03-03,36.658462622701464
2025-03-04,36.36139723853802
2025-03-05,36.52696541856915
2025-03-06,36.782748082817484
2025-03-07,36.95849395557905
2025-03-10,36.60156308083935
2025-03-11,36.23537687443435
2025-03-12,35.73977808915473
2025-03-13,35.65149853826123
2025-03-14,35.9162140632829
2025-03-17,36.31293525894673
2025-03-18,36.41883153567355
2025-03-19,36.39893720750563
2025-03-20,36.46161304526922
2025-03-21,36.254252412488896
2025-03-24,36.40088219862494
2025-03-25,35.874831915291395
2025-03-26,35.95804431701166
2025-03-27,36.08136133475339
2025-03-28,36.006645901457816
2025-03-31,36.41658182160737
2025-04-01,35.72828064958565
2025-04-02,35.91865889938869
2025-04-03,35.91217830359018
2025-04-04,33.865901582349785
2025-04-07,33.62010641839847
2025-04-08,33.30143929425378
2025-04-09,34.69799407549379
2025-04-10,33.82131368291239
2025-04-11,34.32257169644307
2025-04-14,34.68557376916628
2025-04-15,32.73715405777002
2025-04-16,32.486509943621954
2025-04-17,30.811702075051723
2025-04-21,30.074572271377527
2025-04-22,29.979594950037
2025-04-23,30.03429236956563
2025-04-24,26.965950120538658
2025-04-25,27.083802259116105
2025-04-28,27.32222948123019
2025-04-29,27.397484088532057
2025-04-30,27.60299988760573
2025-05-01,26.6509430969671
2025-05-02,26.461379385011277
2025-05-05,26.558972662024143
2025-05-06,25.98834124633384
2025-05-07,26.024037905081286
2025-05-08,26.124455427729835
2025-05-09,25.837884978077092
2025-05-12,26.397995507247636
2025-05-13,25.23251382914659
2025-05-14,25.19777663647273
2025-05-15,25.22457012247418
2025-05-16,25.800942587459787
2025-05-19,26.307363120899467
2025-05-20,26.320194302079816
2025-05-21,25.59476738931947
2025-05-22,25.295695426660217
2025-05-23,25.315905403823024
2025-05-27,25.570175758658475
2025-05-28,25.54961991340339
2025-05-29,25.699035067336744
2025-05-30,25.749640484599375
2025-06-02,25.746495789919
2025-06-03,25.757386235866804
2025-06-04,25.86340114344746
2025-06-05,25.86659086309079
2025-06-06,26.129496846873497
2025-06-09,26.12697335741918
2025-06-10,26.2869730265352
2025-06-11,26.373973244527868
2025-06-12,26.66680820528926
2025-06-13,26.43052727658423
2025-06-16,26.261217558419215
2025-06-17,25.940209488716263
2025-06-18,25.868547390659057
2025-06-20,25.7570913898359
2025-06-23,25.745707497556698
2025-06-24,26.08558359941593
2025-06-25,26.061907403649176
2025-06-26,26.13299437796279
2025-06-27,26.292255481979172
2025-06-30,26.30452667451855
2025-07-01,26.843326856245948
2025-07-02,25.934647328026653
2025-07-03,26.418623145242584
2025-07-07,26.20170226607636
2025-07-08,26.317706655540853
2025-07-09,26.414163052078212
2025-07-10,26.53642874845218
2025-07-11,26.426452293606044
2025-07-14,26.32015916391995
2025-07-15,25.880724498652086
2025-07-16,26.059965106995246
2025-07-17,25.61273359987862
2025-07-18,25.527261326195262
2025-07-21,25.41077516461824
2025-07-22,25.944561005099807
2025-07-23,26.397194624742472
2025-07-24,26.08645203473607
2025-07-25,26.584017118066754
2025-07-28,26.366100463919288
2025-07-29,26.25273026335508
2025-07-30,26.329861034390408
2025-07-31,25.649576020281785
2025-08-01,25.66711612883294
2025-08-04,25.499880054555
2025-08-05,25.0733148741154
2025-08-06,24.56256847019439
2025-08-07,24.047128707842496
2025-08-08,24.216583261074643
2025-08-11,24.091119282719127
2025-08-12,24.329948160264532
2025-08-13,24.70464776423218
2025-08-14,24.74151994100688
2025-08-15,25.39258652617555
2025-08-18,25.190766158912204
2025-08-19,25.319644331905724
2025-08-20,25.44610866982112
2025-08-21,25.454745599416878
2025-08-22,25.565816091375797
2025-08-25,25.256592408873026
2025-08-26,25.23902123919527
2025-08-27,25.370449289932075
2025-08-28,25.205681280135206
2025-08-29,25.47680012996317
2025-09-02,25.516319265842693
2025-09-03,25.338693054327003
2025-09-04,25.37595635523578
2025-09-05,25.56267415544594
2025-09-08,25.44953718335198
2025-09-09,25.740462787119263
2025-09-10,25.40710455881629
2025-09-11,25.861855093262186
2025-09-12,25.548585647128803
2025-09-15,25.296291786637877
2025-09-16,25.2266239240899
2025-09-17,25.361636472376688
2025-09-18,25.331597799992533
2025-09-19,25.402973562540787
2025-09-22,25.34421794900001
2025-09-23,25.533526837842857
2025-09-24,25.435106892747196
2025-09-25,24.974537696413634
2025-09-26,25.194776567564357
2025-09-29,25.25921916508291
2025-09-30,25.849895983545924
2025-10-01,26.574638837334163
2025-10-02,26.685686587890487
2025-10-03,26.949279640225168
2025-10-06,26.80466282279069
2025-10-07,26.81678306861303
2025-10-08,26.836983240880475
2025-10-09,26.799611285654915
2025-10-10,26.416223923397805
2025-10-13,26.403141265236044
2025-10-14,26.49305112422248
2025-10-15,26.083373713197116
2025-10-16,26.084016017767233
2025-10-17,26.343371822965082
2025-10-20,26.590026234206313
2025-10-21,26.559395678395887
2025-10-22,26.6103196158026
2025-10-23,26.635213028995597
2025-10-24,26.670045882474096
2025-10-27,26.760454192041923
2025-10-28,27.004957034898787
2025-10-29,28.189359358412258
2025-10-30,26.653383926273513
2025-10-31,26.81452945545816
2025-11-03,26.95237083385291
2025-11-04,27.167793581404553
2025-11-05,27.163871113502175
2025-11-06,27.310078827164805
2025-11-07,27.24303214019394
2025-11-10,27.37430088024951
2025-11-11,28.077406459692167
2025-11-12,28.410788394265346
2025-11-13,28.519788852093683
2025-11-14,28.256233240839684
2025-11-17,28.27702206936893
2025-11-18,28.44598635696863
2025-11-19,28.26896615412983
2025-11-20,28.315088516688895
2025-11-21,28.743918887162934
2025-11-24,28.936968509124508
2025-11-25,29.534823183018858
2025-11-26,29.50791374689299
2025-11-28,29.386607204374776
2025-12-01,28.872528556434244
2025-12-02,28.69540950977709
2025-12-03,28.859653148792724
2025-12-04,28.63657310100197
2025-12-05,28.46717405629161
2025-12-08,28.132762341502435
2025-12-09,27.811160709562134
2025-12-10,28.27520498720534
2025-12-11,28.60236663342012
2025-12-12,28.674066569487554
2025-12-15,28.940596246859915
2025-12-16,28.58824865420651
2025-12-17,28.547405047716747
2025-12-18,28.51063524888373
2025-12-19,28.69768292660159
2025-12-22,28.955495381231312
2025-12-23,28.96114437966305
2025-12-24,29.10175144074531
2025-12-29,29.02064554265464
2025-12-30,29.0626682671422
2025-12-31,28.89772488974964
2026-01-01,28.89772488974964
2026-01-02,29.023105392301414
2026-01-05,28.98225195773531
2026-01-06,29.37254539043661
2026-01-07,29.597900020092
2026-01-08,29.66235447128038
2026-01-09,29.343706396120563
2026-01-12,29.33857692111461
2026-01-13,29.115813227910397
2026-01-14,29.539498601868026
2026-01-15,29.400292062891133
2026-01-16,28.95570913104842
2026-01-20,28.890755576255362
2026-01-21,29.388837884957425
2026-01-22,30.353894764331468
2026-01-23,30.260683597962
2026-01-26,30.318574407752564
2026-01-27,29.60277591462153
2026-01-28,30.432632935101942
2026-01-29,30.174683205609856
2026-01-30,30.414064792307606
2026-02-02,30.602813464398846
2026-02-03,30.716397063890035
2026-02-04,30.24351542991389
2026-02-05,30.149809035470117
2026-02-06,30.770739187585477
2026-02-09,30.34367689942727
2026-02-10,29.866596478074765
2026-02-11,30.275782911300578
2026-02-12,30.17146074666537
2026-02-13,30.354916703119947
2026-02-17,30.23841328957823
2026-02-18,30.360379885022372
2026-02-19,30.306319416087824
2026-02-20,30.220162448320167
2026-02-23,30.507106993994892
2026-02-24,30.42815124750133
2026-02-25,30.403645435690485
2026-02-26,30.261058940542284
2026-02-27,30.77387559331306
2026-03-02,30.466135535360678
2026-03-03,30.178600477271058
2026-03-04,30.170509564993605
2026-03-05,29.65333441529215
2026-03-06,29.424774320253483
2026-03-09,29.658198866997008
2026-03-10,29.69007225469638
2026-03-11,29.407641738756137
2026-03-12,28.969309348950485
2026-03-13,28.887033030688176
2026-03-16,29.080045294947123
2026-03-17,28.799616895878117
2026-03-18,28.319437523896514
2026-03-19,28.20106577925124
2026-03-20,27.9692538819798
2026-03-23,27.977706345856397
2026-03-24,28.02268648591703
2026-03-25,28.31533819495685
2026-03-26,28.15521544248502
2026-03-27,27.787874046348932
2026-03-30,27.80581446774114
2026-03-31,28.27002479373002
2026-04-01,28.526548340807782
2026-04-02,28.401174204396437
2026-04-06,28.324575152690475
2026-04-07,28.270995243655047
2026-04-08,28.88342189290532
2026-04-09,28.85098561254643
2026-04-10,28.446306460694313
2026-04-13,28.59898884358572
2026-04-14,29.617600019436914
2026-04-15,29.411687888944172
2026-04-16,29.188067914367124
2026-04-17,29.739575188463913
2026-04-20,29.373775457084594
2026-04-21,29.01670200930408
2026-04-22,29.08841769452178
2026-04-23,29.059573116306282
2026-04-24,28.571734231401607
2026-04-27,28.46240068505498
2026-04-28,28.327051210039055
2026-04-29,28.29066223112936
2026-04-30,29.682047982331998
2026-05-01,29.51479750869067
2026-05-04,29.462292775385254
2026-05-05,29.680409436708214
2026-05-06,29.45190360638341
2026-05-07,28.78928757403689
2026-05-08,28.16200847118453
2026-05-11,28.17460202787001
2026-05-12,28.666774034595853
2026-05-13,28.909347659629915
2026-05-14,28.91231021869776
2026-05-15,28.546263983703934
2026-05-18,28.71122869770946
2026-05-19,28.978652872169295
2026-05-20,28.96081413625385
2026-05-21,29.163948011745575
2026-05-22,29.487437755105653
2026-05-26,29.189205067835317
2026-05-27,29.205858698478302
2026-05-28,29.570313842390057
2026-05-29,29.373413144907936
2026-06-01,29.047478979835486
2026-06-02,28.788061292630854
2026-06-03,28.9304067049518
2026-06-04,29.78186896110978
2026-06-05,30.189359270318594
2026-06-08,29.897669424375255
2026-06-09,30.42060313193214
2026-06-10,30.029593109912305
2026-06-11,30.300220102150938
2026-06-12,30.229524151335358
2026-06-15,30.039982868217027
2026-06-16,30.054891454296712
2026-06-17,29.506778236705557
2026-06-18,29.288132267604713
2026-06-22,29.288132267604713
2026-06-23,30.053313436292388
2026-06-24,30.043862925243186
2026-06-25,30.603384515715764
2026-06-26,31.537872399126233
2026-06-29,31.682367395466144
2026-06-30,31.353404510281763
2026-07-01,31.341745092782297
