date,trailing_pe
2003-06-11,20.668432
2003-06-12,20.761746
2003-06-13,20.63152
2003-06-16,20.987746
2003-06-17,20.852625
2003-06-18,20.903409
2003-06-19,20.605742
2003-06-20,20.566254
2003-06-23,20.498819
2003-06-24,20.721823
2003-06-25,20.395971
2003-06-26,20.490786
2003-06-27,20.354537
2003-06-30,20.386562
2003-07-01,20.544481
2003-07-02,20.718071
2003-07-03,20.552294
2003-07-07,20.76049
2003-07-08,20.757124
2003-07-09,20.422186
2003-07-10,20.379739
2003-07-11,20.472259
2003-07-14,20.439194
2003-07-15,20.475275
2003-07-16,20.298363
2003-07-17,20.14332
2003-07-18,20.355619
2003-07-21,20.178269
2003-07-22,20.306179
2003-07-23,20.220194
2003-07-24,20.077599
2003-07-25,20.294917
2003-07-28,20.162216
2003-07-29,20.069961
2003-07-30,20.160388
2003-07-31,20.114455
2003-08-01,19.939628
2003-08-04,20.096124
2003-08-05,19.818774
2003-08-06,19.885164
2003-08-07,20.05573
2003-08-08,20.189706
2003-08-11,20.192231
2003-08-12,20.350474
2003-08-13,20.117473
2003-08-14,20.177034
2003-08-15,20.188976
2003-08-18,20.214013
2003-08-19,20.135786
2003-08-20,20.104852
2003-08-21,20.116576
2003-08-22,19.944355
2003-08-25,20.106899
2003-08-26,20.141999
2003-08-27,20.172913
2003-08-28,20.287687
2003-08-29,20.317571
2003-09-02,20.541223
2003-09-03,20.561964
2003-09-04,20.673235
2003-09-05,20.477435
2003-09-08,20.49226
2003-09-09,20.257303
2003-09-10,20.284955
2003-09-11,20.365256
2003-09-12,20.362381
2003-09-15,20.331934
2003-09-16,20.408324
2003-09-17,20.508223
2003-09-18,20.687541
2003-09-19,20.611284
2003-09-22,20.411583
2003-09-23,20.549651
2003-09-24,20.357873
2003-09-25,20.367451
2003-09-26,20.287689
2003-09-29,20.359065
2003-09-30,20.204535
2003-10-01,20.595456
2003-10-02,20.635602
2003-10-03,20.720221
2003-10-06,20.821181
2003-10-07,20.923049
2003-10-08,20.839003
2003-10-09,20.877097
2003-10-10,20.808687
2003-10-13,20.919412
2003-10-14,20.998828
2003-10-15,20.927785
2003-10-16,21.624003
2003-10-17,21.509523
2003-10-20,21.574477
2003-10-21,21.555922
2003-10-22,21.380884
2003-10-23,21.463024
2003-10-24,21.385506
2003-10-27,21.221874
2003-10-28,23.08878
2003-10-29,23.137581
2003-10-30,23.13748
2003-10-31,23.210665
2003-11-03,23.290594
2003-11-04,23.198731
2003-11-05,23.115062
2003-11-06,23.299298
2003-11-07,23.326333
2003-11-10,23.243177
2003-11-11,23.264719
2003-11-12,23.445537
2003-11-13,23.021186
2003-11-14,22.918853
2003-11-17,22.944953
2003-11-18,22.805201
2003-11-19,22.950532
2003-11-20,22.82645
2003-11-21,22.863291
2003-11-24,23.138398
2003-11-25,23.164703
2003-11-26,23.180937
2003-11-28,23.189319
2003-12-01,23.213905
2003-12-02,23.017801
2003-12-03,22.991966
2003-12-04,23.067232
2003-12-05,23.099246
2003-12-08,23.187174
2003-12-09,23.068582
2003-12-10,23.096832
2003-12-11,23.151726
2003-12-12,23.22403
2003-12-15,23.124026
2003-12-16,23.329272
2003-12-17,23.316549
2003-12-18,23.404379
2003-12-19,23.311135
2003-12-22,23.399006
2003-12-23,23.398434
2003-12-24,23.301336
2003-12-26,23.345023
2003-12-29,23.542353
2003-12-30,23.551832
2003-12-31,23.644776
2004-01-02,23.442129
2004-01-05,23.487013
2004-01-06,23.555151
2004-01-07,23.44676
2004-01-08,23.412536
2004-01-09,23.235787
2004-01-12,23.321925
2004-01-13,23.289751
2004-01-14,23.41204
2004-01-15,23.412211
2004-01-16,23.403289
2004-01-20,23.325258
2004-01-21,23.463363
2004-01-22,23.422689
2004-01-23,23.214452
2004-01-26,23.358375
2004-01-27,23.418489
2004-01-28,22.889112
2004-01-29,23.155185
2004-01-30,22.97903
2004-02-02,23.097017
2004-02-03,23.135797
2004-02-04,23.227429
2004-02-05,23.460626
2004-02-06,23.667442
2004-02-09,23.671628
2004-02-10,23.76157
2004-02-11,23.770454
2004-02-12,23.909478
2004-02-13,23.757434
2004-02-17,23.989579
2004-02-18,23.958083
2004-02-19,24.066527
2004-02-20,24.227757
2004-02-23,24.385046
2004-02-24,24.199823
2004-02-25,24.268563
2004-02-26,24.273069
2004-02-27,24.348225
2004-03-01,24.612735
2004-03-02,24.389581
2004-03-03,24.465545
2004-03-04,24.392515
2004-03-05,24.431042
2004-03-08,24.401187
2004-03-09,24.798351
2004-03-10,24.729108
2004-03-11,24.233453
2004-03-12,24.240576
2004-03-15,23.952958
2004-03-16,23.988159
2004-03-17,24.247799
2004-03-18,24.30655
2004-03-19,24.26192
2004-03-22,23.939293
2004-03-23,23.884587
2004-03-24,23.897156
2004-03-25,24.265193
2004-03-26,24.163752
2004-03-29,24.46851
2004-03-30,24.583019
2004-03-31,24.571765
2004-04-01,24.549156
2004-04-02,24.571655
2004-04-05,24.663488
2004-04-06,24.801637
2004-04-07,24.656427
2004-04-08,24.531804
2004-04-12,24.622076
2004-04-13,24.408712
2004-04-14,24.560974
2004-04-15,24.570586
2004-04-16,24.745835
2004-04-19,24.823235
2004-04-20,24.641845
2004-04-21,24.515784
2004-04-22,24.577489
2004-04-23,24.612481
2004-04-26,24.496543
2004-04-27,24.551726
2004-04-28,24.21712
2004-04-29,24.076105
2004-04-30,24.104648
2004-05-03,24.241616
2004-05-04,24.189173
2004-05-05,24.198512
2004-05-06,24.095983
2004-05-07,23.868889
2004-05-10,23.796237
2004-05-11,23.681251
2004-05-12,23.553406
2004-05-13,23.253682
2004-05-14,23.372808
2004-05-17,23.25293
2004-05-18,23.358221
2004-05-19,23.186514
2004-05-20,23.2966
2004-05-21,23.306879
2004-05-24,23.10284
2004-05-25,23.377448
2004-05-26,23.390594
2004-05-27,23.635296
2004-05-28,23.557486
2004-06-01,23.574393
2004-06-02,23.823046
2004-06-03,23.773713
2004-06-04,23.80844
2004-06-07,24.059068
2004-06-08,24.151005
2004-06-09,24.022937
2004-06-10,24.029091
2004-06-14,23.861002
2004-06-15,23.942665
2004-06-16,23.92793
2004-06-17,23.825626
2004-06-18,23.822885
2004-06-21,23.795601
2004-06-22,23.879735
2004-06-23,23.897051
2004-06-24,23.735199
2004-06-25,23.476662
2004-06-28,23.589926
2004-06-29,23.603569
2004-06-30,23.662253
2004-07-01,23.501999
2004-07-02,23.472479
2004-07-06,23.489112
2004-07-07,23.492206
2004-07-08,23.471024
2004-07-09,23.511951
2004-07-12,23.555208
2004-07-13,23.606675
2004-07-14,23.560862
2004-07-15,23.355321
2004-07-16,23.376495
2004-07-19,23.347533
2004-07-20,23.300176
2004-07-21,22.969901
2004-07-22,22.642345
2004-07-23,22.355989
2004-07-26,22.280502
2004-07-27,22.464844
2004-07-28,22.369795
2004-07-29,22.10113
2004-07-30,22.181668
2004-08-02,23.538812
2004-08-03,23.462142
2004-08-04,23.529305
2004-08-05,23.172375
2004-08-06,22.937099
2004-08-09,22.963758
2004-08-10,23.217796
2004-08-11,23.350868
2004-08-12,23.144491
2004-08-13,23.212484
2004-08-16,23.359232
2004-08-17,23.412161
2004-08-18,23.495915
2004-08-19,23.423542
2004-08-20,23.491554
2004-08-23,23.40899
2004-08-24,23.416911
2004-08-25,23.5191
2004-08-26,23.545625
2004-08-27,23.558572
2004-08-30,23.423469
2004-08-31,23.499095
2004-09-01,23.50688
2004-09-02,23.727405
2004-09-03,23.814602
2004-09-07,23.877696
2004-09-08,23.579011
2004-09-09,23.504505
2004-09-10,23.567365
2004-09-13,23.512303
2004-09-14,23.547546
2004-09-15,23.324694
2004-09-16,23.194802
2004-09-17,23.269965
2004-09-20,22.839784
2004-09-21,22.793253
2004-09-22,22.573562
2004-09-23,22.667034
2004-09-24,22.642208
2004-09-27,22.532481
2004-09-28,22.667091
2004-09-29,22.748348
2004-09-30,22.632352
2004-10-01,22.856915
2004-10-04,22.856849
2004-10-05,22.800786
2004-10-06,22.89879
2004-10-07,22.667606
2004-10-08,22.524435
2004-10-11,22.54284
2004-10-12,22.469178
2004-10-13,22.380812
2004-10-14,22.285212
2004-10-15,22.431249
2004-10-18,22.533005
2004-10-19,22.398126
2004-10-20,22.435435
2004-10-21,22.558948
2004-10-22,22.395539
2004-10-25,19.612152
2004-10-26,19.812781
2004-10-27,19.888873
2004-10-28,19.997071
2004-10-29,19.908263
2004-11-01,19.881082
2004-11-02,19.966706
2004-11-03,20.194979
2004-11-04,20.760395
2004-11-05,20.830093
2004-11-08,20.792087
2004-11-09,20.759494
2004-11-10,20.788948
2004-11-11,20.949203
2004-11-12,21.05262
2004-11-15,21.075142
2004-11-16,20.806828
2004-11-17,20.902124
2004-11-18,20.910027
2004-11-19,20.672737
2004-11-22,20.776799
2004-11-23,20.711872
2004-11-24,20.714852
2004-11-26,20.7244
2004-11-29,20.516671
2004-11-30,20.331685
2004-12-01,20.615034
2004-12-02,20.780734
2004-12-03,20.753108
2004-12-06,20.590212
2004-12-07,20.50113
2004-12-08,20.58765
2004-12-09,20.819974
2004-12-10,20.812863
2004-12-13,20.910765
2004-12-14,21.078337
2004-12-15,21.054189
2004-12-16,21.016977
2004-12-17,20.812815
2004-12-20,20.838438
2004-12-21,20.966011
2004-12-22,21.030247
2004-12-23,20.966018
2004-12-27,20.959009
2004-12-28,21.113276
2004-12-29,21.075466
2004-12-30,21.084468
2004-12-31,21.036754
2005-01-03,21.000317
2005-01-04,20.877872
2005-01-05,20.83469
2005-01-06,20.949032
2005-01-07,21.050882
2005-01-10,21.188196
2005-01-11,21.087003
2005-01-12,21.155949
2005-01-13,21.014548
2005-01-14,21.145816
2005-01-18,21.371296
2005-01-19,21.326356
2005-01-20,21.26689
2005-01-21,21.090921
2005-01-24,21.052657
2005-01-25,21.101289
2005-01-26,21.114603
2005-01-27,21.177774
2005-01-28,21.177295
2005-01-31,21.098397
2005-02-01,21.10806
2005-02-02,21.237518
2005-02-03,21.198388
2005-02-04,21.382958
2005-02-07,21.297624
2005-02-08,21.271463
2005-02-09,21.058452
2005-02-10,21.103103
2005-02-11,21.164489
2005-02-14,21.18692
2005-02-15,21.042913
2005-02-16,20.949662
2005-02-17,20.655698
2005-02-18,20.645231
2005-02-22,20.292764
2005-02-23,20.382396
2005-02-24,20.193222
2005-02-25,20.278049
2005-02-28,20.232554
2005-03-01,20.402699
2005-03-02,20.336073
2005-03-03,20.428957
2005-03-04,20.534135
2005-03-07,20.475182
2005-03-08,20.486725
2005-03-09,20.333483
2005-03-10,20.379195
2005-03-11,20.200227
2005-03-14,20.264266
2005-03-15,20.134614
2005-03-16,20.050646
2005-03-17,20.149732
2005-03-18,20.105567
2005-03-21,19.931159
2005-03-22,19.830332
2005-03-23,19.943575
2005-03-24,19.916124
2005-03-28,19.98486
2005-03-29,19.92276
2005-03-30,20.152811
2005-03-31,20.050312
2005-04-01,19.848099
2005-04-04,19.965518
2005-04-05,20.098509
2005-04-06,20.050917
2005-04-07,20.177747
2005-04-08,20.08109
2005-04-11,20.109897
2005-04-12,20.190717
2005-04-13,20.124326
2005-04-14,20.040177
2005-04-15,19.846093
2005-04-18,19.74481
2005-04-19,19.833041
2005-04-20,19.433752
2005-04-21,19.754429
2005-04-22,19.564765
2005-04-25,19.718875
2005-04-26,19.641668
2005-04-27,19.726605
2005-04-28,19.61746
2005-04-29,19.730682
2005-05-02,19.872072
2005-05-03,19.934206
2005-05-04,20.065892
2005-05-05,19.964951
2005-05-06,19.929169
2005-05-09,20.014433
2005-05-10,19.883311
2005-05-11,19.955666
2005-05-12,19.757092
2005-05-13,19.604124
2005-05-16,19.807709
2005-05-17,19.890218
2005-05-18,20.083399
2005-05-19,20.170988
2005-05-20,20.162451
2005-05-23,20.189375
2005-05-24,20.140323
2005-05-25,20.078769
2005-05-26,20.096568
2005-05-27,20.048484
2005-05-31,19.923261
2005-06-01,20.091307
2005-06-02,20.153718
2005-06-03,19.967453
2005-06-06,19.991339
2005-06-07,20.040294
2005-06-08,19.998793
2005-06-09,20.004715
2005-06-10,19.978094
2005-06-13,19.92796
2005-06-14,19.992871
2005-06-15,19.987482
2005-06-16,19.957625
2005-06-17,19.981205
2005-06-20,19.962211
2005-06-21,19.926239
2005-06-22,19.914615
2005-06-23,19.672997
2005-06-24,19.450878
2005-06-27,19.467358
2005-06-28,19.708588
2005-06-29,19.578741
2005-06-30,19.422692
2005-07-01,19.467874
2005-07-05,19.609991
2005-07-06,19.429423
2005-07-07,19.379199
2005-07-08,19.620588
2005-07-11,19.743819
2005-07-12,19.723723
2005-07-13,19.801964
2005-07-14,19.927778
2005-07-15,19.914709
2005-07-18,19.822585
2005-07-19,19.77705
2005-07-20,19.746209
2005-07-21,19.635914
2005-07-22,19.711149
2005-07-25,19.646398
2005-07-26,19.681528
2005-07-27,19.75634
2005-07-28,19.908253
2005-07-29,19.701088
2005-08-01,19.586592
2005-08-02,19.695941
2005-08-03,19.680269
2005-08-04,19.676141
2005-08-05,19.558294
2005-08-08,19.502853
2005-08-09,19.55545
2005-08-10,19.525766
2005-08-11,19.581144
2005-08-12,19.494051
2005-08-15,19.61433
2005-08-16,19.349408
2005-08-17,19.340033
2005-08-18,19.526417
2005-08-19,19.522775
2005-08-22,19.562708
2005-08-23,19.542114
2005-08-24,19.347233
2005-08-25,19.3862
2005-08-26,19.335075
2005-08-29,19.45785
2005-08-30,19.345477
2005-08-31,19.447638
2005-09-01,19.418405
2005-09-02,19.418546
2005-09-06,19.657444
2005-09-07,19.655753
2005-09-08,19.579787
2005-09-09,19.681744
2005-09-12,19.689907
2005-09-13,19.420699
2005-09-14,19.349358
2005-09-15,19.415201
2005-09-16,19.50208
2005-09-19,19.430101
2005-09-20,19.287085
2005-09-21,18.960394
2005-09-22,19.068473
2005-09-23,19.101333
2005-09-26,19.070811
2005-09-27,19.238994
2005-09-28,19.279406
2005-09-29,19.611352
2005-09-30,19.762714
2005-10-03,19.50818
2005-10-04,19.437951
2005-10-05,19.277825
2005-10-06,19.180072
2005-10-07,19.129775
2005-10-10,19.055174
2005-10-11,19.071752
2005-10-12,19.005369
2005-10-13,18.9305
2005-10-14,19.071142
2005-10-17,19.290271
2005-10-18,19.143379
2005-10-19,19.277314
2005-10-20,18.998972
2005-10-21,18.987968
2005-10-24,19.206183
2005-10-25,19.151716
2005-10-26,19.128996
2005-10-27,18.962183
2005-10-28,19.320601
2005-10-31,19.422702
2005-11-01,19.2566
2005-11-02,19.270445
2005-11-03,19.317422
2005-11-04,19.296138
2005-11-07,19.340723
2005-11-08,19.283106
2005-11-09,19.330426
2005-11-10,19.544602
2005-11-11,19.567694
2005-11-14,19.465013
2005-11-15,19.372153
2005-11-16,19.377988
2005-11-17,19.386136
2005-11-18,19.427387
2005-11-21,19.465217
2005-11-22,19.59016
2005-11-23,19.656989
2005-11-25,19.69692
2005-11-28,19.606306
2005-11-29,19.603981
2005-11-30,19.43256
2005-12-01,19.534633
2005-12-02,19.530529
2005-12-05,19.455075
2005-12-06,19.435121
2005-12-07,19.355526
2005-12-08,19.306011
2005-12-09,19.360532
2005-12-12,19.395014
2005-12-13,19.621806
2005-12-14,19.738483
2005-12-15,19.79538
2005-12-16,19.791396
2005-12-19,19.72548
2005-12-20,19.629381
2005-12-21,19.669053
2005-12-22,19.717475
2005-12-23,19.656213
2005-12-27,19.521374
2005-12-28,19.539239
2005-12-29,19.48985
2005-12-30,19.342902
2006-01-03,19.610913
2006-01-04,19.659267
2006-01-05,19.572979
2006-01-06,19.66036
2006-01-09,19.731351
2006-01-10,19.668757
2006-01-11,19.712296
2006-01-12,19.618605
2006-01-13,19.623258
2006-01-17,19.538354
2006-01-18,19.581344
2006-01-19,19.605432
2006-01-20,19.326825
2006-01-23,19.344419
2006-01-24,19.417239
2006-01-25,19.414054
2006-01-26,19.455987
2006-01-27,19.593047
2006-01-30,19.518166
2006-01-31,19.304316
2006-02-01,19.437743
2006-02-02,19.416979
2006-02-03,19.301204
2006-02-06,19.251819
2006-02-07,19.263211
2006-02-08,19.270585
2006-02-09,19.319617
2006-02-10,19.344186
2006-02-13,19.272154
2006-02-14,19.503507
2006-02-15,19.627699
2006-02-16,19.722
2006-02-17,19.686563
2006-02-21,19.529099
2006-02-22,19.680305
2006-02-23,19.709356
2006-02-24,19.659546
2006-02-27,19.74668
2006-02-28,19.491062
2006-03-01,19.544915
2006-03-02,19.469501
2006-03-03,19.518836
2006-03-06,19.470903
2006-03-07,19.229049
2006-03-08,19.413406
2006-03-09,19.457714
2006-03-10,19.63008
2006-03-13,19.604837
2006-03-14,19.600802
2006-03-15,19.517184
2006-03-16,19.535259
2006-03-17,19.576303
2006-03-20,19.617559
2006-03-21,19.548908
2006-03-22,19.655783
2006-03-23,19.55854
2006-03-24,19.565267
2006-03-27,19.479217
2006-03-28,19.331549
2006-03-29,19.426997
2006-03-30,19.307626
2006-03-31,19.216851
2006-04-03,19.274347
2006-04-04,19.287907
2006-04-05,19.302661
2006-04-06,19.257694
2006-04-07,19.097346
2006-04-10,19.095948
2006-04-11,18.950977
2006-04-12,18.9744
2006-04-13,18.954442
2006-04-17,18.844126
2006-04-18,19.012054
2006-04-19,18.983536
2006-04-20,18.718159
2006-04-21,18.713793
2006-04-24,18.809317
2006-04-25,18.835649
2006-04-26,18.949853
2006-04-27,18.98765
2006-04-28,19.052881
2006-05-01,19.105305
2006-05-02,19.191132
2006-05-03,19.062488
2006-05-04,19.077206
2006-05-05,19.24757
2006-05-08,19.354618
2006-05-09,19.411841
2006-05-10,19.368082
2006-05-11,19.15211
2006-05-12,18.990419
2006-05-15,19.219847
2006-05-16,19.234218
2006-05-17,19.018778
2006-05-18,18.912683
2006-05-19,18.923702
2006-05-22,18.966556
2006-05-23,18.979919
2006-05-24,19.105418
2006-05-25,19.301982
2006-05-26,19.335652
2006-05-30,19.028133
2006-05-31,19.101406
2006-06-01,19.26936
2006-06-02,19.239046
2006-06-05,18.9692
2006-06-06,19.019414
2006-06-07,18.962837
2006-06-08,19.078115
2006-06-09,19.069374
2006-06-12,18.971704
2006-06-13,18.855822
2006-06-14,18.934258
2006-06-15,19.087798
2006-06-16,19.102296
2006-06-19,19.023091
2006-06-20,19.155296
2006-06-21,19.23277
2006-06-22,19.208631
2006-06-23,19.116046
2006-06-26,19.203404
2006-06-27,19.114479
2006-06-28,19.219752
2006-06-29,19.582195
2006-06-30,19.479525
2006-07-03,19.579501
2006-07-05,19.445874
2006-07-06,19.667718
2006-07-07,19.637524
2006-07-10,19.765887
2006-07-11,19.880735
2006-07-12,19.694695
2006-07-13,19.499844
2006-07-14,19.334591
2006-07-17,19.370937
2006-07-18,19.421814
2006-07-19,19.62676
2006-07-20,19.623063
2006-07-21,19.549989
2006-07-24,19.709697
2006-07-25,19.895006
2006-07-26,19.792204
2006-07-27,19.676585
2006-07-28,19.854474
2006-07-31,19.862386
2006-08-01,19.668242
2006-08-02,19.976322
2006-08-03,20.005987
2006-08-04,20.018269
2006-08-07,19.967836
2006-08-08,20.087392
2006-08-09,19.964888
2006-08-10,20.166304
2006-08-11,20.130341
2006-08-14,20.192298
2006-08-15,20.279799
2006-08-16,20.263461
2006-08-17,20.239947
2006-08-18,20.372937
2006-08-21,20.374483
2006-08-22,20.385937
2006-08-23,20.352802
2006-08-24,20.418858
2006-08-25,20.399218
2006-08-28,20.513449
2006-08-29,20.59343
2006-08-30,20.634579
2006-08-31,20.591618
2006-09-01,20.704587
2006-09-05,20.634759
2006-09-06,20.559058
2006-09-07,20.467926
2006-09-08,20.58745
2006-09-11,20.726527
2006-09-12,20.749783
2006-09-13,20.58141
2006-09-14,20.642999
2006-09-15,20.669044
2006-09-18,20.577916
2006-09-19,20.64372
2006-09-20,20.755355
2006-09-21,20.636472
2006-09-22,20.638989
2006-09-25,20.498545
2006-09-26,20.540639
2006-09-27,20.64203
2006-09-28,20.613239
2006-09-29,20.512242
2006-10-02,20.392589
2006-10-03,20.421374
2006-10-04,20.617661
2006-10-05,20.580638
2006-10-06,20.473846
2006-10-09,20.482915
2006-10-10,20.382036
2006-10-11,20.426213
2006-10-12,20.207765
2006-10-13,20.17009
2006-10-16,20.189477
2006-10-17,20.129144
2006-10-18,20.221779
2006-10-19,20.190597
2006-10-20,20.283487
2006-10-23,20.472457
2006-10-24,20.414289
2006-10-25,20.485297
2006-10-26,20.576654
2006-10-27,20.515068
2006-10-30,20.467833
2006-10-31,20.320047
2006-11-01,20.166694
2006-11-02,20.127088
2006-11-03,19.993411
2006-11-06,20.094656
2006-11-07,20.037408
2006-11-08,20.103991
2006-11-09,19.963295
2006-11-10,19.969457
2006-11-13,19.92298
2006-11-14,20.000765
2006-11-15,20.051789
2006-11-16,20.192988
2006-11-17,20.224461
2006-11-20,20.190295
2006-11-21,20.125338
2006-11-22,20.182853
2006-11-24,20.111171
2006-11-27,19.873497
2006-11-28,19.963526
2006-11-29,20.085204
2006-11-30,20.002081
2006-12-01,19.948494
2006-12-04,20.200213
2006-12-05,20.323419
2006-12-06,20.343899
2006-12-07,20.324086
2006-12-08,20.345184
2006-12-11,20.343721
2006-12-12,20.332985
2006-12-13,20.302994
2006-12-14,20.374749
2006-12-15,20.418929
2006-12-18,20.413516
2006-12-19,20.445585
2006-12-20,20.406058
2006-12-21,20.373828
2006-12-22,20.275448
2006-12-26,20.348266
2006-12-27,20.414133
2006-12-28,20.425714
2006-12-29,20.33534
2007-01-03,20.447456
2007-01-04,20.485418
2007-01-05,20.356872
2007-01-08,20.413688
2007-01-09,20.436026
2007-01-10,20.552312
2007-01-11,20.677597
2007-01-12,20.660999
2007-01-16,20.718368
2007-01-17,20.71784
2007-01-18,20.711725
2007-01-19,20.729889
2007-01-22,20.688804
2007-01-23,20.719862
2007-01-24,20.779852
2007-01-25,20.604385
2007-01-26,20.575575
2007-01-29,20.570314
2007-01-30,20.422912
2007-01-31,20.494461
2007-02-01,20.609045
2007-02-02,20.571984
2007-02-05,20.310718
2007-02-06,20.254497
2007-02-07,20.256076
2007-02-08,19.965841
2007-02-09,19.939623
2007-02-12,19.909239
2007-02-13,20.35838
2007-02-14,20.44659
2007-02-15,20.544922
2007-02-16,20.575241
2007-02-20,20.55809
2007-02-21,20.471317
2007-02-22,20.338177
2007-02-23,20.321947
2007-02-26,20.341286
2007-02-27,19.648239
2007-02-28,19.88793
2007-03-01,19.85598
2007-03-02,19.662621
2007-03-05,19.567319
2007-03-06,19.783745
2007-03-07,19.693036
2007-03-08,19.848037
2007-03-09,19.881508
2007-03-12,19.906739
2007-03-13,19.515863
2007-03-14,19.562204
2007-03-15,19.712141
2007-03-16,19.673127
2007-03-19,19.785758
2007-03-20,19.944048
2007-03-21,20.162739
2007-03-22,20.189653
2007-03-23,20.203071
2007-03-26,20.148886
2007-03-27,20.005306
2007-03-28,19.973752
2007-03-29,20.053402
2007-03-30,20.093132
2007-04-02,19.323055
2007-04-03,19.412364
2007-04-04,19.483283
2007-04-05,19.532282
2007-04-09,19.536256
2007-04-10,19.560462
2007-04-11,19.442375
2007-04-12,19.544802
2007-04-13,19.562258
2007-04-16,19.652397
2007-04-17,19.723343
2007-04-18,19.783892
2007-04-19,19.951326
2007-04-20,20.107504
2007-04-23,20.000834
2007-04-24,20.054137
2007-04-25,19.988344
2007-04-26,19.865318
2007-04-27,19.820003
2007-04-30,19.728062
2007-05-01,19.543327
2007-05-02,19.567845
2007-05-03,19.54201
2007-05-04,19.587503
2007-05-07,19.595183
2007-05-08,19.477689
2007-05-09,19.510818
2007-05-10,19.299542
2007-05-11,19.353099
2007-05-14,19.35829
2007-05-15,19.38397
2007-05-16,19.586573
2007-05-17,19.540879
2007-05-18,19.656508
2007-05-21,19.547698
2007-05-22,19.540207
2007-05-23,19.525664
2007-05-24,19.462391
2007-05-25,19.567706
2007-05-29,19.656071
2007-05-30,19.736601
2007-05-31,19.664089
2007-06-01,19.835814
2007-06-04,19.820144
2007-06-05,19.691323
2007-06-06,19.583028
2007-06-07,19.347616
2007-06-08,19.501003
2007-06-11,19.491515
2007-06-12,19.312252
2007-06-13,19.477056
2007-06-14,19.470859
2007-06-15,19.518682
2007-06-18,19.45647
2007-06-19,19.351501
2007-06-20,19.23445
2007-06-21,19.371405
2007-06-22,19.151436
2007-06-25,19.098682
2007-06-26,19.062497
2007-06-27,19.188311
2007-06-28,19.182879
2007-06-29,19.169505
2007-07-02,19.319382
2007-07-03,19.320846
2007-07-05,19.302259
2007-07-06,19.342198
2007-07-09,19.367239
2007-07-10,19.139125
2007-07-11,19.226535
2007-07-12,19.540443
2007-07-13,19.588583
2007-07-16,19.574179
2007-07-17,19.444092
2007-07-18,19.382829
2007-07-19,19.480934
2007-07-20,19.274743
2007-07-23,19.441426
2007-07-24,19.121002
2007-07-25,19.172371
2007-07-26,18.836124
2007-07-27,18.626864
2007-07-30,18.532748
2007-07-31,18.389694
2007-08-01,18.579207
2007-08-02,18.638526
2007-08-03,18.311185
2007-08-06,18.868103
2007-08-07,18.959728
2007-08-08,19.128859
2007-08-09,18.740567
2007-08-10,18.723791
2007-08-13,18.651579
2007-08-14,18.356539
2007-08-15,18.229087
2007-08-16,18.259962
2007-08-17,18.540423
2007-08-20,18.480478
2007-08-21,18.46472
2007-08-22,18.593211
2007-08-23,18.562299
2007-08-24,18.724854
2007-08-27,18.64934
2007-08-28,18.377974
2007-08-29,18.624859
2007-08-30,18.518055
2007-08-31,18.642194
2007-09-04,18.712172
2007-09-05,18.500836
2007-09-06,18.62189
2007-09-07,18.432287
2007-09-10,18.474415
2007-09-11,18.741805
2007-09-12,18.762702
2007-09-13,18.819466
2007-09-14,18.853779
2007-09-17,18.781796
2007-09-18,19.097378
2007-09-19,19.176882
2007-09-20,19.083649
2007-09-21,19.134457
2007-09-24,19.113421
2007-09-25,19.114416
2007-09-26,19.278652
2007-09-27,19.34257
2007-09-28,19.367607
2007-10-01,19.329994
2007-10-02,19.352276
2007-10-03,19.276614
2007-10-04,19.320946
2007-10-05,19.37078
2007-10-08,19.330091
2007-10-09,19.386355
2007-10-10,19.440737
2007-10-11,19.350863
2007-10-12,19.446941
2007-10-15,19.316855
2007-10-16,19.284099
2007-10-17,19.157774
2007-10-18,19.192835
2007-10-19,18.940697
2007-10-22,19.066741
2007-10-23,19.090393
2007-10-24,19.089964
2007-10-25,19.160925
2007-10-26,19.297678
2007-10-29,19.369249
2007-10-30,19.071617
2007-10-31,19.223496
2007-11-01,18.823143
2007-11-02,18.914166
2007-11-05,18.934978
2007-11-06,19.056081
2007-11-07,18.808649
2007-11-08,19.039185
2007-11-09,18.884302
2007-11-12,18.820722
2007-11-13,19.124528
2007-11-14,19.133152
2007-11-15,19.095441
2007-11-16,19.298381
2007-11-19,19.164043
2007-11-20,19.270052
2007-11-21,19.05508
2007-11-23,19.245359
2007-11-26,19.015502
2007-11-27,19.285742
2007-11-28,19.555569
2007-11-29,19.564725
2007-11-30,19.652396
2007-12-03,19.567787
2007-12-04,19.547421
2007-12-05,19.664171
2007-12-06,19.795764
2007-12-07,19.791202
2007-12-10,19.864834
2007-12-11,19.59285
2007-12-12,19.716911
2007-12-13,19.715697
2007-12-14,19.539091
2007-12-17,19.367468
2007-12-18,19.385325
2007-12-19,19.415827
2007-12-20,19.432209
2007-12-21,19.635352
2007-12-24,19.723199
2007-12-26,19.686846
2007-12-27,19.500793
2007-12-28,19.563352
2007-12-31,19.360729
2008-01-02,19.098075
2008-01-03,19.041145
2008-01-04,18.932855
2008-01-07,19.262739
2008-01-08,19.205695
2008-01-09,19.365755
2008-01-10,19.504426
2008-01-11,19.105004
2008-01-14,19.060855
2008-01-15,18.810967
2008-01-16,18.765349
2008-01-17,18.510777
2008-01-18,18.319607
2008-01-22,18.056616
2008-01-23,18.264115
2008-01-24,18.212826
2008-01-25,17.96413
2008-01-28,18.179419
2008-01-29,18.157144
2008-01-30,18.874787
2008-01-31,18.929943
2008-02-01,19.1539
2008-02-04,18.994766
2008-02-05,18.654099
2008-02-06,18.534513
2008-02-07,18.942906
2008-02-08,18.797645
2008-02-11,18.989405
2008-02-12,18.846373
2008-02-13,18.776238
2008-02-14,18.600174
2008-02-15,18.667996
2008-02-19,18.614113
2008-02-20,18.646095
2008-02-21,18.58026
2008-02-22,18.69404
2008-02-25,18.814706
2008-02-26,18.956381
2008-02-27,18.924281
2008-02-28,18.81885
2008-02-29,18.500969
2008-03-03,18.582705
2008-03-04,18.622147
2008-03-05,18.647715
2008-03-06,18.475291
2008-03-07,18.384891
2008-03-10,18.318507
2008-03-11,18.661388
2008-03-12,18.588822
2008-03-13,18.588772
2008-03-14,18.294538
2008-03-17,18.210755
2008-03-18,18.65099
2008-03-19,18.495186
2008-03-20,18.792389
2008-03-24,18.96711
2008-03-25,19.019528
2008-03-26,18.965658
2008-03-27,18.88499
2008-03-28,18.90028
2008-03-31,17.385908
2008-04-01,17.644243
2008-04-02,17.520697
2008-04-03,17.711174
2008-04-04,17.732024
2008-04-07,17.717476
2008-04-08,17.67761
2008-04-09,17.542094
2008-04-10,17.598153
2008-04-11,17.463057
2008-04-14,17.475726
2008-04-15,17.560543
2008-04-16,17.58455
2008-04-17,17.508261
2008-04-18,17.516018
2008-04-21,17.560404
2008-04-22,17.405041
2008-04-23,17.436641
2008-04-24,17.403766
2008-04-25,17.31702
2008-04-28,17.357833
2008-04-29,17.372332
2008-04-30,17.227532
2008-05-01,17.314481
2008-05-02,17.300276
2008-05-05,17.285548
2008-05-06,17.277885
2008-05-07,17.124818
2008-05-08,17.153603
2008-05-09,17.032031
2008-05-12,17.1784
2008-05-13,17.122156
2008-05-14,17.207325
2008-05-15,17.344115
2008-05-16,17.369802
2008-05-19,17.366074
2008-05-20,17.224683
2008-05-21,17.065159
2008-05-22,17.251882
2008-05-23,17.18697
2008-05-27,17.268767
2008-05-28,17.190314
2008-05-29,17.350284
2008-05-30,17.354719
2008-06-02,17.209849
2008-06-03,17.168761
2008-06-04,17.251915
2008-06-05,17.438204
2008-06-06,17.002319
2008-06-09,17.041113
2008-06-10,17.187252
2008-06-11,16.992879
2008-06-12,17.092982
2008-06-13,17.097841
2008-06-16,16.907979
2008-06-17,16.82903
2008-06-18,16.644139
2008-06-19,16.710594
2008-06-20,16.503644
2008-06-23,16.459265
2008-06-24,16.486928
2008-06-25,16.694219
2008-06-26,16.427401
2008-06-27,16.225473
2008-06-30,16.231241
2008-07-01,16.320303
2008-07-02,16.30394
2008-07-03,16.423602
2008-07-07,16.428905
2008-07-08,16.665738
2008-07-09,16.574905
2008-07-10,16.571423
2008-07-11,16.488683
2008-07-14,16.522616
2008-07-15,16.530715
2008-07-16,16.661851
2008-07-17,17.139423
2008-07-18,17.036954
2008-07-21,16.91827
2008-07-22,17.249687
2008-07-23,17.190553
2008-07-24,17.026168
2008-07-25,17.01623
2008-07-28,16.883747
2008-07-29,17.203822
2008-07-30,17.347809
2008-07-31,17.035006
2008-08-01,17.028362
2008-08-04,17.233629
2008-08-05,17.589542
2008-08-06,17.639325
2008-08-07,17.524156
2008-08-08,17.932795
2008-08-11,17.996338
2008-08-12,18.069651
2008-08-13,17.960177
2008-08-14,17.932381
2008-08-15,18.119298
2008-08-18,17.946015
2008-08-19,17.815593
2008-08-20,17.78576
2008-08-21,17.715438
2008-08-22,17.919839
2008-08-25,17.651254
2008-08-26,17.625274
2008-08-27,17.674082
2008-08-28,17.781721
2008-08-29,17.561537
2008-09-02,17.745142
2008-09-03,17.733653
2008-09-04,17.533377
2008-09-05,17.705762
2008-09-08,18.069983
2008-09-09,17.961522
2008-09-10,18.03658
2008-09-11,18.235332
2008-09-12,18.217702
2008-09-15,17.944318
2008-09-16,17.981652
2008-09-17,17.393351
2008-09-18,17.725173
2008-09-19,17.713086
2008-09-22,17.321703
2008-09-23,17.171746
2008-09-24,17.244169
2008-09-25,17.525062
2008-09-26,17.636712
2008-09-29,16.883004
2008-09-30,17.338434
2008-10-01,17.582239
2008-10-02,17.370395
2008-10-03,17.241511
2008-10-06,16.652974
2008-10-07,15.966065
2008-10-08,15.689501
2008-10-09,14.680596
2008-10-10,14.360641
2008-10-13,15.573801
2008-10-14,15.193513
2008-10-15,14.234237
2008-10-16,14.847548
2008-10-17,14.858062
2008-10-20,15.322785
2008-10-21,15.084929
2008-10-22,14.464321
2008-10-23,14.544001
2008-10-24,14.038877
2008-10-27,13.733363
2008-10-28,15.000711
2008-10-29,14.603646
2008-10-30,14.911346
2008-10-31,15.050953
2008-11-03,15.056777
2008-11-04,15.269442
2008-11-05,14.791764
2008-11-06,14.422189
2008-11-07,14.725687
2008-11-10,14.713386
2008-11-11,14.49263
2008-11-12,14.015419
2008-11-13,14.621161
2008-11-14,14.198669
2008-11-17,14.018444
2008-11-18,14.213379
2008-11-19,13.464963
2008-11-20,12.955011
2008-11-21,13.63118
2008-11-24,14.001515
2008-11-25,13.904742
2008-11-26,14.101248
2008-11-28,14.285355
2008-12-01,13.495643
2008-12-02,13.664378
2008-12-03,13.891085
2008-12-04,13.672471
2008-12-05,14.124503
2008-12-08,14.136912
2008-12-09,13.758324
2008-12-10,13.828705
2008-12-11,13.683899
2008-12-12,13.699523
2008-12-15,13.697072
2008-12-16,14.006206
2008-12-17,13.91009
2008-12-18,13.950512
2008-12-19,13.903223
2008-12-22,13.89876
2008-12-23,13.745146
2008-12-24,13.865792
2008-12-26,13.897296
2008-12-29,13.86478
2008-12-30,14.060052
2008-12-31,14.177109
2009-01-02,14.425264
2009-01-05,14.390416
2009-01-06,14.201134
2009-01-07,14.686794
2009-01-08,14.502114
2009-01-09,14.316702
2009-01-12,14.249518
2009-01-13,14.358667
2009-01-14,14.032365
2009-01-15,14.079357
2009-01-16,14.245789
2009-01-20,14.028554
2009-01-21,14.078196
2009-01-22,14.061188
2009-01-23,13.934804
2009-01-26,14.070728
2009-01-27,14.125736
2009-01-28,14.275117
2009-01-29,15.508539
2009-01-30,15.021446
2009-02-02,14.936101
2009-02-03,15.210908
2009-02-04,15.018192
2009-02-05,15.245656
2009-02-06,15.499184
2009-02-09,15.286817
2009-02-10,14.843074
2009-02-11,15.199793
2009-02-12,15.434035
2009-02-13,15.37372
2009-02-17,15.14368
2009-02-18,15.254898
2009-02-19,15.378393
2009-02-20,15.155168
2009-02-23,14.791315
2009-02-24,15.062011
2009-02-25,14.948481
2009-02-26,14.587758
2009-02-27,14.537845
2009-03-02,14.157129
2009-03-03,14.047102
2009-03-04,14.293561
2009-03-05,13.927977
2009-03-06,14.022879
2009-03-09,13.771043
2009-03-10,14.099946
2009-03-11,14.031119
2009-03-12,14.398918
2009-03-13,14.650235
2009-03-16,14.778335
2009-03-17,15.035728
2009-03-18,14.990939
2009-03-19,14.792755
2009-03-20,14.808327
2009-03-23,15.386007
2009-03-24,15.324014
2009-03-25,15.489451
2009-03-26,15.825439
2009-03-27,15.68146
2009-03-30,15.337357
2009-03-31,15.304037
2009-04-01,15.562548
2009-04-02,15.855821
2009-04-03,15.834523
2009-04-06,15.831783
2009-04-07,15.599887
2009-04-08,15.635002
2009-04-09,15.631941
2009-04-13,15.557917
2009-04-14,15.351257
2009-04-15,15.601391
2009-04-16,15.79683
2009-04-17,15.838926
2009-04-20,15.553352
2009-04-21,15.649206
2009-04-22,15.444876
2009-04-23,15.534581
2009-04-24,15.551318
2009-04-27,15.564454
2009-04-28,15.617746
2009-04-29,15.934169
2009-04-30,15.854748
2009-05-01,15.897479
2009-05-04,16.17307
2009-05-05,16.178537
2009-05-06,16.270344
2009-05-07,16.356156
2009-05-08,16.483894
2009-05-11,16.373412
2009-05-12,16.591468
2009-05-13,16.408515
2009-05-14,16.455461
2009-05-15,16.368224
2009-05-18,16.681523
2009-05-19,16.69282
2009-05-20,16.765652
2009-05-21,16.612798
2009-05-22,16.686594
2009-05-26,16.836872
2009-05-27,16.501744
2009-05-28,16.710709
2009-05-29,16.85202
2009-06-01,17.204377
2009-06-02,17.393045
2009-06-03,17.294846
2009-06-04,17.311095
2009-06-05,17.253981
2009-06-08,17.264872
2009-06-09,17.149905
2009-06-10,17.020622
2009-06-11,17.000347
2009-06-12,17.096998
2009-06-15,16.742559
2009-06-16,16.553565
2009-06-17,16.629485
2009-06-18,16.945072
2009-06-19,16.830038
2009-06-22,16.725747
2009-06-23,16.65671
2009-06-24,16.690242
2009-06-25,16.914036
2009-06-26,16.898229
2009-06-29,17.010113
2009-06-30,16.86935
2009-07-01,17.111527
2009-07-02,16.824078
2009-07-06,17.078402
2009-07-07,16.901077
2009-07-08,16.939633
2009-07-09,16.84079
2009-07-10,16.76006
2009-07-13,17.01305
2009-07-14,17.081408
2009-07-15,17.400603
2009-07-16,17.459669
2009-07-17,17.502569
2009-07-20,17.532498
2009-07-21,17.350795
2009-07-22,17.279101
2009-07-23,17.482328
2009-07-24,17.612628
2009-07-27,17.58539
2009-07-28,17.588251
2009-07-29,16.994692
2009-07-30,17.045393
2009-07-31,16.998181
2009-08-03,16.952669
2009-08-04,17.033733
2009-08-05,17.016166
2009-08-06,16.868856
2009-08-07,16.944548
2009-08-10,16.978753
2009-08-11,16.931351
2009-08-12,16.750552
2009-08-13,16.806028
2009-08-14,16.788386
2009-08-17,16.638842
2009-08-18,16.696968
2009-08-19,16.799524
2009-08-20,16.896944
2009-08-21,17.079067
2009-08-24,17.055575
2009-08-25,17.08081
2009-08-26,17.142747
2009-08-27,17.107644
2009-08-28,17.016533
2009-08-31,17.074465
2009-09-01,16.891704
2009-09-02,16.911212
2009-09-03,16.984874
2009-09-04,17.10593
2009-09-08,17.250137
2009-09-09,17.236724
2009-09-10,17.35263
2009-09-11,17.394054
2009-09-14,17.393575
2009-09-15,17.29316
2009-09-16,17.40537
2009-09-17,17.398687
2009-09-18,17.596603
2009-09-21,17.628504
2009-09-22,17.60962
2009-09-23,17.560512
2009-09-24,17.481785
2009-09-25,17.439845
2009-09-28,17.518517
2009-09-29,17.597493
2009-09-30,17.627069
2009-10-01,17.429886
2009-10-02,17.526893
2009-10-05,17.561129
2009-10-06,17.707378
2009-10-07,17.772221
2009-10-08,17.829009
2009-10-09,17.868336
2009-10-12,17.895977
2009-10-13,17.855097
2009-10-14,17.94709
2009-10-15,18.134536
2009-10-16,18.204601
2009-10-19,18.302008
2009-10-20,18.292138
2009-10-21,18.136213
2009-10-22,18.142125
2009-10-23,17.944394
2009-10-26,17.802441
2009-10-27,17.834115
2009-10-28,17.755547
2009-10-29,18.030352
2009-10-30,17.70016
2009-11-02,17.860218
2009-11-03,17.810433
2009-11-04,17.863577
2009-11-05,17.89009
2009-11-06,17.951615
2009-11-09,18.214799
2009-11-10,18.223444
2009-11-11,18.271625
2009-11-12,18.122271
2009-11-13,18.246011
2009-11-16,18.377838
2009-11-17,18.407826
2009-11-18,18.406206
2009-11-19,18.344845
2009-11-20,18.342818
2009-11-23,18.641668
2009-11-24,18.655043
2009-11-25,18.656423
2009-11-27,18.458719
2009-11-30,18.368297
2009-12-01,18.612331
2009-12-02,18.609887
2009-12-03,18.467592
2009-12-04,18.551289
2009-12-07,18.573211
2009-12-08,18.694902
2009-12-09,18.696487
2009-12-10,18.781225
2009-12-11,18.848111
2009-12-14,18.912319
2009-12-15,18.82991
2009-12-16,18.758322
2009-12-17,18.460039
2009-12-18,18.40536
2009-12-21,18.540227
2009-12-22,18.621143
2009-12-23,18.643055
2009-12-24,18.699169
2009-12-28,18.725551
2009-12-29,18.744143
2009-12-30,18.729706
2009-12-31,18.516777
2010-01-04,18.699012
2010-01-05,18.678791
2010-01-06,18.655403
2010-01-07,18.661075
2010-01-08,18.566296
2010-01-11,18.640692
2010-01-12,17.843192
2010-01-13,17.962735
2010-01-14,17.95337
2010-01-15,17.835839
2010-01-19,17.949393
2010-01-20,17.772105
2010-01-21,17.506184
2010-01-22,17.430751
2010-01-25,17.46631
2010-01-26,17.466945
2010-01-27,17.487076
2010-01-28,17.273635
2010-01-29,17.23408
2010-02-01,17.363991
2010-02-02,17.520424
2010-02-03,17.430282
2010-02-04,16.928654
2010-02-05,16.857899
2010-02-08,16.770779
2010-02-09,16.839298
2010-02-10,16.565021
2010-02-11,16.500594
2010-02-12,16.461307
2010-02-16,16.497977
2010-02-17,16.619048
2010-02-18,16.600335
2010-02-19,16.614365
2010-02-22,16.584108
2010-02-23,16.490326
2010-02-24,16.594501
2010-02-25,16.854437
2010-02-26,16.764262
2010-03-01,16.892912
2010-03-02,16.958282
2010-03-03,16.965314
2010-03-04,17.03707
2010-03-05,17.124114
2010-03-08,17.061446
2010-03-09,17.055413
2010-03-10,17.021663
2010-03-11,17.030326
2010-03-12,17.036861
2010-03-15,17.18096
2010-03-16,17.246206
2010-03-17,17.331522
2010-03-18,17.327275
2010-03-19,17.313663
2010-03-22,17.366375
2010-03-23,17.501928
2010-03-24,17.316625
2010-03-25,17.312032
2010-03-26,17.331978
2010-03-29,17.420631
2010-03-30,17.439333
2010-03-31,17.350418
2010-04-01,17.437325
2010-04-05,17.425041
2010-04-06,17.367659
2010-04-07,17.273227
2010-04-08,17.272711
2010-04-09,17.299008
2010-04-12,17.316266
2010-04-13,17.312389
2010-04-14,17.314942
2010-04-15,17.27066
2010-04-16,17.219835
2010-04-19,17.221007
2010-04-20,17.100867
2010-04-21,17.055
2010-04-22,16.890321
2010-04-23,16.869684
2010-04-26,16.813967
2010-04-27,16.523019
2010-04-28,16.620407
2010-04-29,16.685523
2010-04-30,16.613328
2010-05-03,16.696976
2010-05-04,16.429535
2010-05-05,16.484018
2010-05-06,16.241091
2010-05-07,16.156355
2010-05-10,16.565913
2010-05-11,16.551347
2010-05-12,16.64711
2010-05-13,16.570024
2010-05-14,16.420899
2010-05-17,16.564274
2010-05-18,16.429806
2010-05-19,16.399517
2010-05-20,15.874948
2010-05-21,15.93552
2010-05-24,15.813915
2010-05-25,15.663484
2010-05-26,15.525728
2010-05-27,15.804094
2010-05-28,15.736961
2010-06-01,15.707398
2010-06-02,15.97339
2010-06-03,15.990431
2010-06-04,15.577137
2010-06-07,15.472239
2010-06-08,15.703596
2010-06-09,15.67605
2010-06-10,15.916026
2010-06-11,15.795318
2010-06-14,15.854274
2010-06-15,16.029825
2010-06-16,15.947196
2010-06-17,16.066489
2010-06-18,16.039546
2010-06-21,16.002476
2010-06-22,15.847259
2010-06-23,15.889744
2010-06-24,15.757424
2010-06-25,15.516099
2010-06-28,15.690803
2010-06-29,15.490876
2010-06-30,15.373216
2010-07-01,15.394948
2010-07-02,15.351499
2010-07-06,15.431949
2010-07-07,15.73101
2010-07-08,15.965533
2010-07-09,15.969292
2010-07-12,16.016084
2010-07-13,16.137422
2010-07-14,16.168371
2010-07-15,16.198388
2010-07-16,15.984139
2010-07-19,15.988648
2010-07-20,16.251936
2010-07-21,16.0155
2010-07-22,16.070079
2010-07-23,16.204683
2010-07-26,16.276463
2010-07-27,16.35187
2010-07-28,16.258361
2010-07-29,16.055592
2010-07-30,16.082111
2010-08-02,16.269849
2010-08-03,16.220239
2010-08-04,16.262814
2010-08-05,16.189524
2010-08-06,16.233304
2010-08-09,16.29445
2010-08-10,16.33528
2010-08-11,16.045375
2010-08-12,16.00544
2010-08-13,15.998
2010-08-16,15.997629
2010-08-17,16.08582
2010-08-18,16.100263
2010-08-19,15.917249
2010-08-20,15.907574
2010-08-23,15.945019
2010-08-24,15.889993
2010-08-25,15.905741
2010-08-26,15.796351
2010-08-27,15.898971
2010-08-30,15.761237
2010-08-31,15.792177
2010-09-01,16.053785
2010-09-02,16.145906
2010-09-03,16.239733
2010-09-07,16.183596
2010-09-08,16.239851
2010-09-09,16.292457
2010-09-10,16.384511
2010-09-13,16.373877
2010-09-14,16.381218
2010-09-15,16.495961
2010-09-16,16.501255
2010-09-17,16.477012
2010-09-20,16.62965
2010-09-21,16.615695
2010-09-22,16.620056
2010-09-23,16.511682
2010-09-24,16.718112
2010-09-27,16.627742
2010-09-28,16.746577
2010-09-29,16.685245
2010-09-30,16.606257
2010-10-01,16.651515
2010-10-04,16.530301
2010-10-05,16.70294
2010-10-06,16.751604
2010-10-07,16.627834
2010-10-08,16.667571
2010-10-11,16.678354
2010-10-12,16.719493
2010-10-13,16.859681
2010-10-14,16.872858
2010-10-15,16.912044
2010-10-18,16.953221
2010-10-19,17.119137
2010-10-20,17.164945
2010-10-21,17.187554
2010-10-22,17.228286
2010-10-25,17.245978
2010-10-26,17.210332
2010-10-27,17.094554
2010-10-28,17.131629
2010-10-29,17.158085
2010-11-01,17.143488
2010-11-02,17.257249
2010-11-03,17.336849
2010-11-04,17.57576
2010-11-05,17.505204
2010-11-08,17.46009
2010-11-09,17.426951
2010-11-10,17.378944
2010-11-11,17.37825
2010-11-12,17.322501
2010-11-15,17.313254
2010-11-16,17.054932
2010-11-17,17.05346
2010-11-18,17.278891
2010-11-19,17.312202
2010-11-22,17.169577
2010-11-23,16.983353
2010-11-24,17.103401
2010-11-26,16.993229
2010-11-29,16.946947
2010-11-30,16.870683
2010-12-01,17.145876
2010-12-02,16.894995
2010-12-03,16.898793
2010-12-06,16.854154
2010-12-07,16.924154
2010-12-08,16.961226
2010-12-09,17.018811
2010-12-10,17.038899
2010-12-13,17.046286
2010-12-14,17.111706
2010-12-15,17.128897
2010-12-16,17.264824
2010-12-17,17.303998
2010-12-20,17.277938
2010-12-21,17.224384
2010-12-22,17.262811
2010-12-23,17.258563
2010-12-27,17.185433
2010-12-28,17.21268
2010-12-29,17.210691
2010-12-30,17.195936
2010-12-31,17.202846
2011-01-03,17.233639
2011-01-04,17.169891
2011-01-05,17.180558
2011-01-06,17.09891
2011-01-07,17.015493
2011-01-10,17.018196
2011-01-11,17.081335
2011-01-12,17.214103
2011-01-13,17.266129
2011-01-14,17.258795
2011-01-18,17.263269
2011-01-19,17.207681
2011-01-20,17.279097
2011-01-21,17.28506
2011-01-24,17.352303
2011-01-25,17.382708
2011-01-26,17.332215
2011-01-27,17.051301
2011-01-28,16.873709
2011-01-31,16.830179
2011-02-01,16.909466
2011-02-02,16.845963
2011-02-03,16.881695
2011-02-04,17.003757
2011-02-07,17.017092
2011-02-08,17.163474
2011-02-09,16.228349
2011-02-10,16.224818
2011-02-11,16.315932
2011-02-14,16.23929
2011-02-15,16.238208
2011-02-16,16.294301
2011-02-17,16.409325
2011-02-18,16.446546
2011-02-22,16.266802
2011-02-23,16.227732
2011-02-24,15.789226
2011-02-25,15.856757
2011-02-28,15.923212
2011-03-01,15.849977
2011-03-02,15.784666
2011-03-03,15.943262
2011-03-04,15.871611
2011-03-07,15.827597
2011-03-08,15.955505
2011-03-09,16.034242
2011-03-10,15.928033
2011-03-11,15.91956
2011-03-14,15.800767
2011-03-15,15.637745
2011-03-16,15.415128
2011-03-17,15.504073
2011-03-18,15.614121
2011-03-21,15.818724
2011-03-22,15.758114
2011-03-23,15.789824
2011-03-24,15.919688
2011-03-25,15.925703
2011-03-28,15.919983
2011-03-29,15.989325
2011-03-30,16.08505
2011-03-31,16.049512
2011-04-01,16.144803
2011-04-04,16.176831
2011-04-05,16.196007
2011-04-06,16.25869
2011-04-07,16.216311
2011-04-08,16.169197
2011-04-11,16.260738
2011-04-12,16.3035
2011-04-13,16.314433
2011-04-14,16.418315
2011-04-15,16.501644
2011-04-18,16.390167
2011-04-19,16.414649
2011-04-20,16.481753
2011-04-21,16.415439
2011-04-25,16.366171
2011-04-26,16.388666
2011-04-27,16.464578
2011-04-28,16.536458
2011-04-29,16.575056
2011-05-02,16.600888
2011-05-03,16.597454
2011-05-04,16.585662
2011-05-05,16.321629
2011-05-06,16.360903
2011-05-09,16.418647
2011-05-10,16.509126
2011-05-11,16.489969
2011-05-12,16.708973
2011-05-13,16.69727
2011-05-16,16.69024
2011-05-17,16.686769
2011-05-18,16.719605
2011-05-19,16.803053
2011-05-20,16.745155
2011-05-23,16.627632
2011-05-24,16.611177
2011-05-25,16.489584
2011-05-26,16.509227
2011-05-27,16.55975
2011-05-31,16.709607
2011-06-01,16.529395
2011-06-02,16.345434
2011-06-03,16.195054
2011-06-06,16.11786
2011-06-07,16.08494
2011-06-08,16.086107
2011-06-09,16.149088
2011-06-10,15.966586
2011-06-13,16.020235
2011-06-14,16.186997
2011-06-15,15.94529
2011-06-16,16.05685
2011-06-17,16.144512
2011-06-20,16.266582
2011-06-21,16.209488
2011-06-22,16.103179
2011-06-23,15.922415
2011-06-24,15.80966
2011-06-27,15.87929
2011-06-28,15.929663
2011-06-29,15.975176
2011-06-30,16.110655
2011-07-01,16.230957
2011-07-05,16.219328
2011-07-06,16.314619
2011-07-07,16.418106
2011-07-08,16.36273
2011-07-11,16.243424
2011-07-12,16.187501
2011-07-13,16.19203
2011-07-14,16.118603
2011-07-15,16.157937
2011-07-18,16.056128
2011-07-19,16.209171
2011-07-20,16.270376
2011-07-21,16.211584
2011-07-22,16.189996
2011-07-25,16.03182
2011-07-26,15.978987
2011-07-27,15.80769
2011-07-28,15.774329
2011-07-29,15.676524
2011-08-01,15.623333
2011-08-02,15.442057
2011-08-03,15.537657
2011-08-04,15.073459
2011-08-05,15.246572
2011-08-08,14.671724
2011-08-09,14.997495
2011-08-10,14.452297
2011-08-11,14.913926
2011-08-12,15.061861
2011-08-15,15.27661
2011-08-16,15.254928
2011-08-17,15.369685
2011-08-18,15.093562
2011-08-19,15.007766
2011-08-22,15.052704
2011-08-23,15.388303
2011-08-24,15.450895
2011-08-25,15.20834
2011-08-26,15.325344
2011-08-29,15.601576
2011-08-30,15.634349
2011-08-31,15.677756
2011-09-01,15.616972
2011-09-02,15.409098
2011-09-06,15.346012
2011-09-07,15.584923
2011-09-08,15.556185
2011-09-09,15.199551
2011-09-12,15.221385
2011-09-13,15.250566
2011-09-14,15.436889
2011-09-15,15.634011
2011-09-16,15.714385
2011-09-19,15.607385
2011-09-20,15.636781
2011-09-21,15.372225
2011-09-22,15.083552
2011-09-23,15.06736
2011-09-26,15.340176
2011-09-27,15.368871
2011-09-28,15.104083
2011-09-29,15.252637
2011-09-30,15.075098
2011-10-03,14.852869
2011-10-04,14.960802
2011-10-05,14.984163
2011-10-06,15.126032
2011-10-07,15.213452
2011-10-10,15.450228
2011-10-11,15.412811
2011-10-12,15.522255
2011-10-13,15.501478
2011-10-14,15.614469
2011-10-17,15.470982
2011-10-18,15.558027
2011-10-19,15.214967
2011-10-20,15.173893
2011-10-21,15.409842
2011-10-24,15.323893
2011-10-25,15.150608
2011-10-26,15.281478
2011-10-27,15.429582
2011-10-28,15.399157
2011-10-31,15.203322
2011-11-01,14.924532
2011-11-02,15.027729
2011-11-03,15.241929
2011-11-04,15.164754
2011-11-07,15.265688
2011-11-08,15.421979
2011-11-09,15.358677
2011-11-10,15.492372
2011-11-11,15.666725
2011-11-14,15.56294
2011-11-15,15.615045
2011-11-16,15.485663
2011-11-17,15.414642
2011-11-18,15.482042
2011-11-21,15.260685
2011-11-22,15.272276
2011-11-23,15.099091
2011-11-25,15.128757
2011-11-28,15.361059
2011-11-29,15.512627
2011-11-30,15.880372
2011-12-01,15.829127
2011-12-02,15.794779
2011-12-05,15.858073
2011-12-06,15.89303
2011-12-07,15.911185
2011-12-08,15.748174
2011-12-09,15.898899
2011-12-12,15.779027
2011-12-13,15.732033
2011-12-14,15.650786
2011-12-15,15.80535
2011-12-16,15.816678
2011-12-19,15.76436
2011-12-20,16.097829
2011-12-21,16.27173
2011-12-22,16.231988
2011-12-23,16.379147
2011-12-27,16.372134
2011-12-28,16.28899
2011-12-29,16.401662
2011-12-30,16.30966
2012-01-03,16.316314
2012-01-04,16.281917
2012-01-05,16.256896
2012-01-06,16.149112
2012-01-09,16.172993
2012-01-10,16.23333
2012-01-11,16.243829
2012-01-12,16.233087
2012-01-13,16.217499
2012-01-17,16.285122
2012-01-18,16.28865
2012-01-19,16.317343
2012-01-20,16.356427
2012-01-23,16.323969
2012-01-24,16.266989
2012-01-25,16.430488
2012-01-26,16.376272
2012-01-27,16.568618
2012-01-30,16.492645
2012-01-31,16.629463
2012-02-01,16.753349
2012-02-02,16.803772
2012-02-03,16.852279
2012-02-06,16.854394
2012-02-07,17.771711
2012-02-08,17.730621
2012-02-09,17.711518
2012-02-10,17.670002
2012-02-13,17.726171
2012-02-14,17.841361
2012-02-15,17.781462
2012-02-16,17.889275
2012-02-17,17.8951
2012-02-21,17.709478
2012-02-22,17.673591
2012-02-23,17.754504
2012-02-24,17.79796
2012-02-27,17.7885
2012-02-28,17.844606
2012-02-29,17.88459
2012-03-01,17.980329
2012-03-02,17.987812
2012-03-05,18.071946
2012-03-06,17.922039
2012-03-07,17.942149
2012-03-08,18.055484
2012-03-09,18.105666
2012-03-12,18.203355
2012-03-13,18.303791
2012-03-14,18.258343
2012-03-15,18.296733
2012-03-16,18.274093
2012-03-19,18.307843
2012-03-20,18.310607
2012-03-21,18.334364
2012-03-22,18.352225
2012-03-23,18.373819
2012-03-26,18.514897
2012-03-27,18.48852
2012-03-28,18.457298
2012-03-29,18.452447
2012-03-30,18.571928
2012-04-02,18.719638
2012-04-03,18.614825
2012-04-04,18.562842
2012-04-05,18.58588
2012-04-09,18.421453
2012-04-10,18.377386
2012-04-11,18.456445
2012-04-12,18.49029
2012-04-13,18.473261
2012-04-16,18.563379
2012-04-17,18.728094
2012-04-18,18.708814
2012-04-19,18.565931
2012-04-20,18.694154
2012-04-23,18.423396
2012-04-24,18.43407
2012-04-25,18.52805
2012-04-26,18.627202
2012-04-27,18.701562
2012-04-30,18.649437
2012-05-01,18.485962
2012-05-02,18.511609
2012-05-03,18.535519
2012-05-04,18.384886
2012-05-07,18.403992
2012-05-08,18.377046
2012-05-09,18.250338
2012-05-10,18.388483
2012-05-11,18.339189
2012-05-14,18.274318
2012-05-15,18.263644
2012-05-16,18.315131
2012-05-17,18.147282
2012-05-18,18.04172
2012-05-21,18.11665
2012-05-22,18.13666
2012-05-23,18.08496
2012-05-24,18.24052
2012-05-25,18.233237
2012-05-29,18.347641
2012-05-30,18.192544
2012-05-31,18.140335
2012-06-01,17.838312
2012-06-04,17.885171
2012-06-05,17.857894
2012-06-06,18.111879
2012-06-07,18.151506
2012-06-08,18.302604
2012-06-11,18.224619
2012-06-12,18.329716
2012-06-13,18.28219
2012-06-14,18.515244
2012-06-15,18.566988
2012-06-18,18.608468
2012-06-19,18.597468
2012-06-20,18.499155
2012-06-21,18.351939
2012-06-22,18.406993
2012-06-25,18.286523
2012-06-26,18.313834
2012-06-27,18.43986
2012-06-28,18.499718
2012-06-29,18.795286
2012-07-02,18.901834
2012-07-03,18.985681
2012-07-05,18.923218
2012-07-06,18.897522
2012-07-09,18.883246
2012-07-10,18.909875
2012-07-11,18.891045
2012-07-12,18.894128
2012-07-13,19.104523
2012-07-16,19.027252
2012-07-17,19.102386
2012-07-18,19.085769
2012-07-19,19.048072
2012-07-20,18.929729
2012-07-23,18.778252
2012-07-24,18.433155
2012-07-25,18.522421
2012-07-26,18.792224
2012-07-27,19.017969
2012-07-30,19.117999
2012-07-31,19.074401
2012-08-01,19.010089
2012-08-02,18.850768
2012-08-03,19.261349
2012-08-06,19.26073
2012-08-07,19.117299
2012-08-08,19.221747
2012-08-09,19.142063
2012-08-10,19.137346
2012-08-13,19.128957
2012-08-14,19.204983
2012-08-15,19.219312
2012-08-16,19.2097
2012-08-17,19.229905
2012-08-20,19.221836
2012-08-21,19.107848
2012-08-22,19.047501
2012-08-23,18.895779
2012-08-24,19.064356
2012-08-27,19.079063
2012-08-28,19.102822
2012-08-29,19.038584
2012-08-30,18.954927
2012-08-31,18.983287
2012-09-04,19.058895
2012-09-05,19.001518
2012-09-06,19.240876
2012-09-07,19.087376
2012-09-10,19.045557
2012-09-11,19.00472
2012-09-12,18.864782
2012-09-13,19.191558
2012-09-14,19.067734
2012-09-17,19.105142
2012-09-18,19.195699
2012-09-19,19.216854
2012-09-20,19.283791
2012-09-21,19.225274
2012-09-24,19.270905
2012-09-25,19.123064
2012-09-26,19.115082
2012-09-27,19.1773
2012-09-28,19.228949
2012-10-01,19.360295
2012-10-02,18.888733
2012-10-03,18.947771
2012-10-04,19.030804
2012-10-05,19.08618
2012-10-08,19.026193
2012-10-09,18.856222
2012-10-10,18.743677
2012-10-11,18.676858
2012-10-12,18.714728
2012-10-15,18.818822
2012-10-16,18.849821
2012-10-17,18.910844
2012-10-18,18.835125
2012-10-19,18.600331
2012-10-22,18.607877
2012-10-23,18.354693
2012-10-24,18.316967
2012-10-25,18.585105
2012-10-26,18.528166
2012-10-31,18.638507
2012-11-01,18.661383
2012-11-02,18.507649
2012-11-05,18.485288
2012-11-06,18.558258
2012-11-07,18.379927
2012-11-08,17.802346
2012-11-09,17.8196
2012-11-12,17.801327
2012-11-13,17.776359
2012-11-14,17.600024
2012-11-15,17.534034
2012-11-16,17.636228
2012-11-19,17.90888
2012-11-20,17.95924
2012-11-21,17.995247
2012-11-23,18.258816
2012-11-26,18.131215
2012-11-27,18.105111
2012-11-28,18.266318
2012-11-29,18.309703
2012-11-30,18.371245
2012-12-03,18.30591
2012-12-04,18.262437
2012-12-05,18.271129
2012-12-06,18.260221
2012-12-07,18.37506
2012-12-10,18.347068
2012-12-11,18.365152
2012-12-12,18.293006
2012-12-13,18.254173
2012-12-14,18.230002
2012-12-17,18.26281
2012-12-18,18.268181
2012-12-19,18.055305
2012-12-20,18.15507
2012-12-21,18.01511
2012-12-24,17.952678
2012-12-26,17.804535
2012-12-27,17.820442
2012-12-28,17.646262
2012-12-31,17.84121
2013-01-02,18.310597
2013-01-03,18.255171
2013-01-04,18.31392
2013-01-07,18.19337
2013-01-08,18.151134
2013-01-09,18.190705
2013-01-10,18.308988
2013-01-11,18.370024
2013-01-14,18.433466
2013-01-15,18.491244
2013-01-16,18.46073
2013-01-17,18.576423
2013-01-18,18.646644
2013-01-22,18.639806
2013-01-23,18.634042
2013-01-24,18.678408
2013-01-25,18.257744
2013-01-28,18.274341
2013-01-29,18.380899
2013-01-30,18.351517
2013-01-31,18.240669
2013-02-01,18.370717
2013-02-04,18.208654
2013-02-05,18.342393
2013-02-06,18.353114
2013-02-07,18.384326
2013-02-08,18.375426
2013-02-11,18.357254
2013-02-12,18.336415
2013-02-13,18.76468
2013-02-14,18.75331
2013-02-15,18.862234
2013-02-19,19.058223
2013-02-20,19.030966
2013-02-21,18.997648
2013-02-22,19.095818
2013-02-25,18.841054
2013-02-26,18.906594
2013-02-27,19.022863
2013-02-28,19.004875
2013-03-01,19.064329
2013-03-04,19.215281
2013-03-05,19.277265
2013-03-06,19.233305
2013-03-07,19.04513
2013-03-08,19.077712
2013-03-11,19.09154
2013-03-12,19.032616
2013-03-13,19.042841
2013-03-14,19.112524
2013-03-15,19.020032
2013-03-18,18.972344
2013-03-19,19.105053
2013-03-20,19.287436
2013-03-21,19.233534
2013-03-22,19.409251
2013-03-25,19.390248
2013-03-26,19.569552
2013-03-27,19.52427
2013-03-28,19.622431
2013-04-01,19.619094
2013-04-02,19.831463
2013-04-03,19.651497
2013-04-04,19.753845
2013-04-05,19.620295
2013-04-08,19.8325
2013-04-09,19.814904
2013-04-10,19.966925
2013-04-11,20.054225
2013-04-12,20.126777
2013-04-15,19.824813
2013-04-16,20.224206
2013-04-17,20.053177
2013-04-18,20.021131
2013-04-19,20.31559
2013-04-22,20.365708
2013-04-23,20.48976
2013-04-24,20.056402
2013-04-25,20.078015
2013-04-26,20.081226
2013-04-29,20.151271
2013-04-30,20.128011
2013-05-01,20.071803
2013-05-02,20.144743
2013-05-03,20.234522
2013-05-06,20.109044
2013-05-07,20.216465
2013-05-08,20.225126
2013-05-09,20.089945
2013-05-10,20.178086
2013-05-13,20.209927
2013-05-14,20.428351
2013-05-15,20.640251
2013-05-16,20.481421
2013-05-17,20.509189
2013-05-20,20.31038
2013-05-21,20.310015
2013-05-22,20.281392
2013-05-23,20.198372
2013-05-24,20.366088
2013-05-28,20.385279
2013-05-29,19.994023
2013-05-30,19.897856
2013-05-31,19.542437
2013-06-03,19.752085
2013-06-04,19.756962
2013-06-05,19.521075
2013-06-06,19.606214
2013-06-07,19.809486
2013-06-10,19.796051
2013-06-11,19.735686
2013-06-12,19.625034
2013-06-13,19.806198
2013-06-14,19.764632
2013-06-17,19.924274
2013-06-18,20.01192
2013-06-19,19.614052
2013-06-20,19.001948
2013-06-21,19.270932
2013-06-24,19.196684
2013-06-25,19.201623
2013-06-26,19.388874
2013-06-27,19.402621
2013-06-28,19.286377
2013-07-01,19.428672
2013-07-02,19.455266
2013-07-03,19.406679
2013-07-05,19.444561
2013-07-08,19.634132
2013-07-09,19.793945
2013-07-10,19.825241
2013-07-11,20.127929
2013-07-12,20.151711
2013-07-15,20.158564
2013-07-16,20.10225
2013-07-17,20.132028
2013-07-18,20.222028
2013-07-19,20.327686
2013-07-22,20.285815
2013-07-23,20.221833
2013-07-24,19.956268
2013-07-25,20.042932
2013-07-26,20.033292
2013-07-29,19.97482
2013-07-30,19.948657
2013-07-31,19.906865
2013-08-01,20.118387
2013-08-02,20.127524
2013-08-05,20.097266
2013-08-06,19.997508
2013-08-07,19.860829
2013-08-08,19.965161
2013-08-09,19.877735
2013-08-12,19.828817
2013-08-13,19.834428
2013-08-14,19.692818
2013-08-15,19.35059
2013-08-16,19.219805
2013-08-19,19.142101
2013-08-20,19.126196
2013-08-21,18.976671
2013-08-22,19.06136
2013-08-23,19.176288
2013-08-26,18.960733
2013-08-27,18.8451
2013-08-28,18.709481
2013-08-29,18.800234
2013-08-30,18.855767
2013-09-03,18.852475
2013-09-04,18.93712
2013-09-05,18.918487
2013-09-06,18.943123
2013-09-09,19.087715
2013-09-10,19.10364
2013-09-11,19.24751
2013-09-12,19.205974
2013-09-13,19.362328
2013-09-16,19.53429
2013-09-17,19.597099
2013-09-18,19.860399
2013-09-19,19.799266
2013-09-20,19.677525
2013-09-23,19.603224
2013-09-24,19.466129
2013-09-25,19.321228
2013-09-26,19.419342
2013-09-27,19.299694
2013-09-30,19.097463
2013-10-01,19.149357
2013-10-02,19.107628
2013-10-03,19.020379
2013-10-04,19.052913
2013-10-07,18.961866
2013-10-08,18.957163
2013-10-09,18.975606
2013-10-10,19.045078
2013-10-11,19.09458
2013-10-14,19.169777
2013-10-15,18.979389
2013-10-16,19.237162
2013-10-17,19.384326
2013-10-18,19.42155
2013-10-21,19.368698
2013-10-22,19.616831
2013-10-23,19.63615
2013-10-24,19.392903
2013-10-25,19.398646
2013-10-28,19.631481
2013-10-29,19.734632
2013-10-30,19.570822
2013-10-31,19.476466
2013-11-01,19.556365
2013-11-04,19.577098
2013-11-05,19.554529
2013-11-06,19.581058
2013-11-07,19.303326
2013-11-08,19.372501
2013-11-11,19.34624
2013-11-12,19.365776
2013-11-13,19.530633
2013-11-14,19.631927
2013-11-15,19.671122
2013-11-18,19.587484
2013-11-19,19.523089
2013-11-20,19.429612
2013-11-21,19.468375
2013-11-22,19.570595
2013-11-25,19.533412
2013-11-26,19.48322
2013-11-27,19.496213
2013-11-29,19.461738
2013-12-02,19.36799
2013-12-03,19.454076
2013-12-04,19.36539
2013-12-05,19.196673
2013-12-06,19.47567
2013-12-09,19.51434
2013-12-10,19.348825
2013-12-11,19.386794
2013-12-12,19.125896
2013-12-13,19.078366
2013-12-16,19.072413
2013-12-17,18.984877
2013-12-18,19.298314
2013-12-19,19.259862
2013-12-20,19.273462
2013-12-23,19.234826
2013-12-24,19.260278
2013-12-26,19.344611
2013-12-27,19.393535
2013-12-30,19.450377
2013-12-31,19.440964
2014-01-02,19.230001
2014-01-03,19.19484
2014-01-06,19.112597
2014-01-07,19.214665
2014-01-08,19.05702
2014-01-09,19.141347
2014-01-10,19.174342
2014-01-13,19.052216
2014-01-14,19.156492
2014-01-15,19.162313
2014-01-16,19.163556
2014-01-17,19.009751
2014-01-21,19.074926
2014-01-22,19.050555
2014-01-23,18.872042
2014-01-24,18.770285
2014-01-27,18.718561
2014-01-28,18.848723
2014-01-29,18.510359
2014-01-30,18.678605
2014-01-31,18.579503
2014-02-03,18.1679
2014-02-04,18.303424
2014-02-05,18.316374
2014-02-06,18.381554
2014-02-07,18.549548
2014-02-10,18.628973
2014-02-11,18.764922
2014-02-12,18.772729
2014-02-13,18.604878
2014-02-14,18.700995
2014-02-18,18.602913
2014-02-19,18.625499
2014-02-20,18.851984
2014-02-21,18.814467
2014-02-24,18.883083
2014-02-25,18.957346
2014-02-26,18.929241
2014-02-27,19.017079
2014-02-28,19.151037
2014-03-03,19.052844
2014-03-04,19.319022
2014-03-05,19.2506
2014-03-06,19.27147
2014-03-07,19.298762
2014-03-10,19.319525
2014-03-11,19.320493
2014-03-12,19.331557
2014-03-13,19.221313
2014-03-14,19.220862
2014-03-17,19.354689
2014-03-18,19.387745
2014-03-19,19.213328
2014-03-20,19.267531
2014-03-21,19.27503
2014-03-24,19.329776
2014-03-25,19.434862
2014-03-26,19.418112
2014-03-27,19.383161
2014-03-28,19.455795
2014-03-31,19.571193
2014-04-01,19.560171
2014-04-02,19.583797
2014-04-03,19.59748
2014-04-04,19.511245
2014-04-07,19.56537
2014-04-08,19.643591
2014-04-09,19.730942
2014-04-10,19.55405
2014-04-11,19.450934
2014-04-14,19.595191
2014-04-15,19.672442
2014-04-16,19.855565
2014-04-17,19.871457
2014-04-21,19.872025
2014-04-22,19.846475
2014-04-23,19.836661
2014-04-24,19.935874
2014-04-25,19.980736
2014-04-28,20.216986
2014-04-29,20.134374
2014-04-30,20.18685
2014-05-01,20.09109
2014-05-02,20.024337
2014-05-05,19.997876
2014-05-06,19.867379
2014-05-07,20.116597
2014-05-08,20.132834
2014-05-09,20.228154
2014-05-12,20.241818
2014-05-13,20.283522
2014-05-14,20.167278
2014-05-15,20.002535
2014-05-16,20.126955
2014-05-19,20.073854
2014-05-20,19.992043
2014-05-21,20.119415
2014-05-22,20.084933
2014-05-23,20.11188
2014-05-27,20.168035
2014-05-28,20.148812
2014-05-29,20.309575
2014-05-30,20.455717
2014-06-02,20.403425
2014-06-03,20.334664
2014-06-04,20.393984
2014-06-05,20.465771
2014-06-06,20.517682
2014-06-09,20.492976
2014-06-10,20.503079
2014-06-11,20.438663
2014-06-12,20.264127
2014-06-13,20.265022
2014-06-16,20.334041
2014-06-17,20.331978
2014-06-18,20.57358
2014-06-19,20.697755
2014-06-20,20.625285
2014-06-23,20.509356
2014-06-24,20.389134
2014-06-25,20.360251
2014-06-26,20.405322
2014-06-27,20.433096
2014-06-30,20.425788
2014-07-01,20.47556
2014-07-02,20.474317
2014-07-03,20.592318
2014-07-07,20.608372
2014-07-08,20.576597
2014-07-09,20.652875
2014-07-10,20.638219
2014-07-11,20.655066
2014-07-14,20.734579
2014-07-15,20.566162
2014-07-16,20.54614
2014-07-17,20.455291
2014-07-18,20.656759
2014-07-21,20.567173
2014-07-22,20.523821
2014-07-23,20.499116
2014-07-24,20.55061
2014-07-25,20.46004
2014-07-28,20.351656
2014-07-29,20.23871
2014-07-30,20.117841
2014-07-31,19.781725
2014-08-01,19.780261
2014-08-04,19.858984
2014-08-05,19.646334
2014-08-06,19.790037
2014-08-07,19.623935
2014-08-08,19.816838
2014-08-11,19.973494
2014-08-12,19.945855
2014-08-13,19.996257
2014-08-14,20.099278
2014-08-15,20.094402
2014-08-18,20.211967
2014-08-19,20.25718
2014-08-20,20.257106
2014-08-21,20.278549
2014-08-22,20.242291
2014-08-25,20.347908
2014-08-26,20.333576
2014-08-27,20.345085
2014-08-28,20.341286
2014-08-29,20.36481
2014-09-02,20.354911
2014-09-03,20.374648
2014-09-04,20.418854
2014-09-05,20.532122
2014-09-08,20.399012
2014-09-09,20.337948
2014-09-10,20.426196
2014-09-11,20.403725
2014-09-12,20.269225
2014-09-15,20.358775
2014-09-16,20.510866
2014-09-17,20.503998
2014-09-18,20.553256
2014-09-19,20.598165
2014-09-22,20.583557
2014-09-23,20.391137
2014-09-24,20.63968
2014-09-25,20.381394
2014-09-26,20.455193
2014-09-29,20.446065
2014-09-30,20.65693
2014-10-01,20.533204
2014-10-02,20.852334
2014-10-03,21.087084
2014-10-06,21.10136
2014-10-07,20.998231
2014-10-08,21.274452
2014-10-09,21.046836
2014-10-10,21.151318
2014-10-13,20.858603
2014-10-14,20.844481
2014-10-15,20.602027
2014-10-16,20.480708
2014-10-17,20.714448
2014-10-20,21.012403
2014-10-21,21.15576
2014-10-22,21.182888
2014-10-23,21.163236
2014-10-24,21.616448
2014-10-27,21.669867
2014-10-28,21.755202
2014-10-29,21.745015
2014-10-30,21.856403
2014-10-31,22.002939
2014-11-03,22.060476
2014-11-04,22.18221
2014-11-05,22.372973
2014-11-06,22.452603
2014-11-07,22.51306
2014-11-10,22.609377
2014-11-11,22.569229
2014-11-12,22.572504
2014-11-13,22.677552
2014-11-14,22.53739
2014-11-17,22.708478
2014-11-18,22.792573
2014-11-19,22.889261
2014-11-20,22.784787
2014-11-21,22.886516
2014-11-24,22.861974
2014-11-25,22.882819
2014-11-26,22.958371
2014-11-28,23.238071
2014-12-01,23.095699
2014-12-02,23.180285
2014-12-03,22.994727
2014-12-04,22.949176
2014-12-05,22.981233
2014-12-08,22.928698
2014-12-09,22.856895
2014-12-10,22.609796
2014-12-11,22.787689
2014-12-12,22.501272
2014-12-15,22.353303
2014-12-16,22.253682
2014-12-17,22.622468
2014-12-18,23.134564
2014-12-19,23.087344
2014-12-22,23.270419
2014-12-23,23.411529
2014-12-24,23.371354
2014-12-26,23.416812
2014-12-29,23.331973
2014-12-30,23.235622
2014-12-31,22.951113
2015-01-02,22.870935
2015-01-05,22.694923
2015-01-06,22.691862
2015-01-07,23.087759
2015-01-08,23.435068
2015-01-09,23.246697
2015-01-12,23.167386
2015-01-13,23.164146
2015-01-14,23.103163
2015-01-15,23.137726
2015-01-16,23.319022
2015-01-20,23.402513
2015-01-21,23.472386
2015-01-22,23.725271
2015-01-23,23.669853
2015-01-26,23.665732
2015-01-27,23.096222
2015-01-28,22.825184
2015-01-29,22.966517
2015-01-30,22.310994
2015-02-02,22.620317
2015-02-03,22.71674
2015-02-04,22.738366
2015-02-05,22.897522
2015-02-06,22.790555
2015-02-09,22.632613
2015-02-10,23.125252
2015-02-11,23.240558
2015-02-12,24.067929
2015-02-13,23.94771
2015-02-17,23.94458
2015-02-18,24.055069
2015-02-19,23.797401
2015-02-20,23.864285
2015-02-23,23.929671
2015-02-24,24.003992
2015-02-25,23.945156
2015-02-26,23.954365
2015-02-27,24.054997
2015-03-02,24.098921
2015-03-03,23.993404
2015-03-04,23.804675
2015-03-05,23.80989
2015-03-06,23.352156
2015-03-09,23.457464
2015-03-10,23.108068
2015-03-11,22.928057
2015-03-12,23.229082
2015-03-13,23.055458
2015-03-16,23.332123
2015-03-17,23.166735
2015-03-18,23.324566
2015-03-19,23.217509
2015-03-20,23.497532
2015-03-23,23.404893
2015-03-24,23.251961
2015-03-25,23.203379
2015-03-26,23.477165
2015-03-27,23.608914
2015-03-30,23.831214
2015-03-31,23.623588
2015-04-01,23.635711
2015-04-02,23.78751
2015-04-06,23.981935
2015-04-07,23.886738
2015-04-08,23.899453
2015-04-09,23.610624
2015-04-10,23.638597
2015-04-13,23.521447
2015-04-14,23.573969
2015-04-15,23.515004
2015-04-16,23.61001
2015-04-17,23.384558
2015-04-20,23.478632
2015-04-21,23.503056
2015-04-22,23.540188
2015-04-23,23.462123
2015-04-24,23.45429
2015-04-27,23.338166
2015-04-28,23.370795
2015-04-29,23.135058
2015-04-30,23.011993
2015-05-01,23.178373
2015-05-04,23.201728
2015-05-05,22.985005
2015-05-06,23.028833
2015-05-07,23.120611
2015-05-08,23.332645
2015-05-11,23.223758
2015-05-12,23.18765
2015-05-13,23.175577
2015-05-14,23.530198
2015-05-15,23.605399
2015-05-18,23.540645
2015-05-19,23.495545
2015-05-20,23.434421
2015-05-21,23.470344
2015-05-22,23.361922
2015-05-26,23.195395
2015-05-27,23.326927
2015-05-28,23.287291
2015-05-29,23.135294
2015-06-01,23.137059
2015-06-02,23.064951
2015-06-03,23.034003
2015-06-04,22.903287
2015-06-05,22.60189
2015-06-08,22.581538
2015-06-09,22.689986
2015-06-10,22.911403
2015-06-11,22.876805
2015-06-12,22.816644
2015-06-15,22.651253
2015-06-16,22.888658
2015-06-17,23.012876
2015-06-18,23.225308
2015-06-19,23.214048
2015-06-22,23.288932
2015-06-23,23.181389
2015-06-24,23.080768
2015-06-25,23.035594
2015-06-26,23.074619
2015-06-29,22.727046
2015-06-30,22.551911
2015-07-01,22.875962
2015-07-02,22.864898
2015-07-06,23.01375
2015-07-07,23.473755
2015-07-08,23.227923
2015-07-09,23.10274
2015-07-10,23.347836
2015-07-13,23.57946
2015-07-14,23.619999
2015-07-15,23.543543
2015-07-16,23.78478
2015-07-17,23.766015
2015-07-20,23.818956
2015-07-21,23.738233
2015-07-22,23.632852
2015-07-23,23.7742
2015-07-24,23.64604
2015-07-27,23.629658
2015-07-28,23.543608
2015-07-29,23.560487
2015-07-30,24.231589
2015-07-31,24.256954
2015-08-03,24.308075
2015-08-04,24.331958
2015-08-05,24.545841
2015-08-06,24.364644
2015-08-07,24.270515
2015-08-10,24.506846
2015-08-11,24.416953
2015-08-12,24.430392
2015-08-13,24.335028
2015-08-14,24.406471
2015-08-17,24.441495
2015-08-18,24.371929
2015-08-19,24.124735
2015-08-20,23.922172
2015-08-21,23.29816
2015-08-24,22.516663
2015-08-25,22.264868
2015-08-26,22.93951
2015-08-27,23.269917
2015-08-28,23.219485
2015-08-31,23.052062
2015-09-01,22.56414
2015-09-02,22.859524
2015-09-03,23.02877
2015-09-04,22.650068
2015-09-08,23.130937
2015-09-09,22.727817
2015-09-10,22.778782
2015-09-11,22.857264
2015-09-14,22.777888
2015-09-15,23.05804
2015-09-16,23.319117
2015-09-17,23.324787
2015-09-18,23.044452
2015-09-21,23.240064
2015-09-22,22.928841
2015-09-23,22.973286
2015-09-24,22.996686
2015-09-25,23.162727
2015-09-28,22.791794
2015-09-29,22.79121
2015-09-30,22.994688
2015-10-01,22.997295
2015-10-02,23.296596
2015-10-05,23.702409
2015-10-06,24.028736
2015-10-07,24.206222
2015-10-08,24.486185
2015-10-09,24.552231
2015-10-12,24.609297
2015-10-13,24.45047
2015-10-14,24.173402
2015-10-15,24.479009
2015-10-16,24.721935
2015-10-19,24.812481
2015-10-20,24.796836
2015-10-21,24.970175
2015-10-22,25.473419
2015-10-23,25.428614
2015-10-26,25.389334
2015-10-27,25.421299
2015-10-28,23.2478
2015-10-29,23.21983
2015-10-30,22.81653
2015-11-02,22.923406
2015-11-03,22.934195
2015-11-04,22.857393
2015-11-05,22.836117
2015-11-06,22.630509
2015-11-09,22.470964
2015-11-10,22.527077
2015-11-11,22.502879
2015-11-12,22.193663
2015-11-13,22.007605
2015-11-16,22.363436
2015-11-17,22.395084
2015-11-18,22.713751
2015-11-19,22.784642
2015-11-20,22.625838
2015-11-23,22.775185
2015-11-24,22.830047
2015-11-25,22.889462
2015-11-27,22.946899
2015-11-30,22.723175
2015-12-01,22.909174
2015-12-02,22.761113
2015-12-03,22.617595
2015-12-04,23.131337
2015-12-07,23.19899
2015-12-08,23.127814
2015-12-09,22.913414
2015-12-10,22.923705
2015-12-11,22.67737
2015-12-14,22.89012
2015-12-15,23.045456
2015-12-16,23.502171
2015-12-17,23.146897
2015-12-18,22.732862
2015-12-21,22.976304
2015-12-22,23.272327
2015-12-23,23.465039
2015-12-24,23.430146
2015-12-28,23.399958
2015-12-29,23.626504
2015-12-30,23.542822
2015-12-31,23.282443
2016-01-01,23.264020901696647
2016-01-04,22.712394224634764
2016-01-05,22.870314122255305
2016-01-06,22.78102160526176
2016-01-07,22.49004216232813
2016-01-08,22.302210527049954
2016-01-11,22.544701347055405
2016-01-12,22.640879013350517
2016-01-13,22.21459240508375
2016-01-14,22.38246566365904
2016-01-15,22.022751357316515
2016-01-18,21.99001531207725
2016-01-19,22.25042955795877
2016-01-20,21.92150610192509
2016-01-21,22.037687715576062
2016-01-22,22.435303340640942
2016-01-25,22.22857614234821
2016-01-26,22.454432617192577
2016-01-27,22.43413952368676
2016-01-28,22.62810579481526
2016-01-29,23.14301375474383
2016-02-01,23.242687061457364
2016-02-02,22.90868378025157
2016-02-03,22.771024385373902
2016-02-04,22.58741809308531
2016-02-05,22.6434394649574
2016-02-08,22.52190368064758
2016-02-09,22.66567465560317
2016-02-10,22.73746826663457
2016-02-11,22.520490419106626
2016-02-12,22.808357773279344
2016-02-15,22.8330774011626
2016-02-16,23.02545829917495
2016-02-17,23.2542045819418
2016-02-18,23.10920300826077
2016-02-19,23.15202636474429
2016-02-22,23.29351254405255
2016-02-23,23.31095196339373
2016-02-24,23.381541411119407
2016-02-25,23.650079663870592
2016-02-26,23.265116485242565
2016-02-29,23.50595970216046
2016-03-01,23.75771182105251
2016-03-02,23.81446904202981
2016-03-03,23.928875550224262
2016-03-04,24.05011880806505
2016-03-07,23.899492661010846
2016-03-08,23.96178817295624
2016-03-09,24.11259837861616
2016-03-10,24.11759442218232
2016-03-11,24.19415959367875
2016-03-14,23.7658931116618
2016-03-15,24.19739430219948
2016-03-16,24.25309245966228
2016-03-17,24.39369017950132
2016-03-18,24.351883431923564
2016-03-21,24.495927855830235
2016-03-22,24.29745812699452
2016-03-23,24.261511588014244
2016-03-24,24.28102859257116
2016-03-25,24.305233383884808
2016-03-28,24.37043369819624
2016-03-29,24.55660219372511
2016-03-30,24.70633298198217
2016-03-31,24.55758339593538
2016-04-01,24.890583779654783
2016-04-04,24.65250425724504
2016-04-05,24.480551293868757
2016-04-06,24.590127023159496
2016-04-07,24.41861324702897
2016-04-08,24.52404364783598
2016-04-11,24.34804172018036
2016-04-12,24.519895787118305
2016-04-13,24.379148711729453
2016-04-14,24.21367724162759
2016-04-15,24.33700323518512
2016-04-18,24.02608225766309
2016-04-19,24.48889811263884
2016-04-20,24.151012301071574
2016-04-21,23.76521633572724
2016-04-22,23.821121001761576
2016-04-25,23.9147408710157
2016-04-26,23.94157945168749
2016-05-06,24.20697070939847
2016-05-11,24.32329766319435
2016-05-12,24.474779683153
2016-05-13,24.205166661813045
2016-05-16,24.20479482344289
2016-05-17,23.876531126652317
2016-05-18,23.63168171653805
2016-05-19,23.87574975353591
2016-05-20,23.802636515472194
2016-05-23,23.704933267313777
2016-05-24,23.930829291811207
2016-05-25,23.94867273936045
2016-05-26,24.013562718333983
2016-05-27,24.055348716352047
2016-05-30,24.11996159964365
2016-05-31,24.018313316969767
2016-06-01,24.175090519761067
2016-06-02,24.20816359048329
2016-06-03,24.349729312688076
2016-06-06,24.34055122559204
2016-06-07,24.341110819069662
2016-06-08,24.49591243516472
2016-06-09,24.56094746842892
2016-06-10,24.5911789257358
2016-06-13,24.35128592104606
2016-06-14,24.41878598500878
2016-06-15,24.400032130159484
2016-06-16,24.535099292791227
2016-06-17,24.42253810447608
2016-06-20,24.465594543124805
2016-06-21,24.53339076249013
2016-06-22,24.59570104435084
2016-06-23,24.77901749542155
2016-06-24,24.258647647051024
2016-06-27,24.153746203745456
2016-06-28,24.29848969183229
2016-06-29,24.6434581611709
2016-06-30,24.5137518490388
2016-07-01,24.31195622471648
2016-07-04,23.95576251931288
2016-07-05,24.07327430879762
2016-07-06,24.11340907393652
2016-07-07,24.078437135012045
2016-07-08,24.323822152057488
2016-07-11,24.332509282187072
2016-07-12,24.212202235914592
2016-07-13,24.28484876787193
2016-07-14,24.31570759389717
2016-07-15,24.31888281203417
2016-07-18,24.28279795572284
2016-07-19,24.239975639170737
2016-07-20,24.14951698638749
2016-07-21,24.08874432244469
2016-07-22,24.17603742500725
2016-07-25,24.12976249600196
2016-07-26,23.978308987922716
2016-07-27,23.608356441021847
2016-07-28,23.70454982864856
2016-07-29,23.794117436507676
2016-08-01,23.791190972529023
2016-08-02,23.74309063375529
2016-08-03,23.673880917815428
2016-08-04,23.70929565084882
2016-08-05,23.76363508962184
2016-08-08,23.761391525795187
2016-08-09,23.8126058459458
2016-08-10,23.723108776100432
2016-08-11,23.857916475222403
2016-08-12,23.92891248499665
2016-08-15,23.90768606995118
2016-08-16,23.79499802481258
2016-08-17,23.88446069986457
2016-08-18,23.98313952936273
2016-08-19,23.89232473199814
2016-08-22,23.9209974609838
2016-08-23,23.882961304995515
2016-08-24,23.84677884022971
2016-08-25,23.73071148212652
2016-08-26,23.6397861980652
2016-08-29,23.75685224381064
2016-08-30,21.037947783832003
2016-08-31,20.886365415849625
2016-09-01,20.899316735796408
2016-09-02,21.00175681840249
2016-09-05,20.833076385303425
2016-09-06,21.08730737479513
2016-09-07,20.969285519346343
2016-09-08,20.912240582888383
2016-09-09,20.39216244380225
2016-09-12,20.08399499412005
2016-09-13,20.50776783777028
2016-09-14,20.42980711325608
2016-09-15,22.639200424380427
2016-09-16,22.570952568911057
2016-09-19,22.53034620876305
2016-09-20,22.56614933301394
2016-09-21,22.668617655383176
2016-09-22,22.878037017013632
2016-09-23,22.774816256151144
2016-09-26,22.556396339647907
2016-09-27,22.676452898755063
2016-09-28,22.692362273055917
2016-09-29,22.472199734900048
2016-09-30,24.61042380850555
2016-10-03,24.148777770817425
2016-10-04,23.95745909923416
2016-10-05,23.92866408831957
2016-10-06,23.918204422270367
2016-10-07,23.905646886633196
2016-10-10,23.91203163763868
2016-10-11,23.792862789924765
2016-10-12,23.8234742931346
2016-10-13,24.05139044760764
2016-10-14,24.053029494607355
2016-10-17,23.914026297912883
2016-10-18,24.00480765359211
2016-10-19,23.85121008411201
2016-10-20,23.81905573989781
2016-10-21,23.845878071518133
2016-10-24,23.996873198181813
2016-10-25,24.05826675961296
2016-10-26,24.06733534674926
2016-10-27,23.988137825074386
2016-10-28,24.028403167377437
2016-10-31,24.10772729201588
2016-11-01,24.007877171304383
2016-11-02,23.97616465595773
2016-11-03,23.77617547492681
2016-11-04,23.54768060355149
2016-11-07,23.934851353844703
2016-11-08,23.937864871909863
2016-11-09,23.84652442889344
2016-11-10,23.1555427496
2016-11-11,22.950427509217715
2016-11-14,22.935583972603407
2016-11-15,23.069033849286797
2016-11-16,23.063831929696725
2016-11-17,22.99846219980164
2016-11-18,22.950422546893552
2016-11-21,23.024587681515023
2016-11-22,23.17844233613965
2016-11-23,23.08896000707277
2016-11-25,23.237804841029963
2016-11-29,23.290691630016276
2016-11-30,22.89037715568083
2016-12-01,22.728860370574218
2016-12-02,22.847424539514897
2016-12-05,22.852185761398516
2016-12-06,22.953745661560884
2016-12-07,23.25917411017697
2016-12-08,23.19402114929068
2016-12-09,23.48596427467638
2016-12-12,23.621754997309317
2016-12-13,23.715025983647788
2016-12-14,23.465151260091623
2016-12-15,23.538710839731564
2016-12-16,23.706770054572807
2016-12-19,23.735053784445952
2016-12-20,23.662506490922727
2016-12-21,23.64300301796468
2016-12-22,23.583023137744167
2016-12-23,23.66401454321118
2016-12-26,23.66445524164113
2016-12-27,23.669904993369904
2016-12-28,23.522848342096356
2016-12-29,23.61431337088332
2016-12-30,23.517494350587985
2017-01-02,20.68421694991858
2017-01-03,20.733674035976502
2017-01-04,20.778618351368348
2017-01-05,20.82845798379904
2017-01-06,20.834477184342287
2017-01-09,20.698099606169976
2017-01-10,20.565109404895463
2017-01-11,20.60039830100495
2017-01-12,20.59932272016507
2017-01-13,20.600707507713
2017-01-16,20.60181211475917
2017-01-17,20.89184240742548
2017-01-18,20.92874235048334
2017-01-19,20.845276161712924
2017-01-20,20.932625663742343
2017-01-23,20.94266916525484
2017-01-24,21.09222863481
2017-01-25,21.08084778587357
2017-01-26,21.008373508570504
2017-01-27,20.87563062766474
2017-01-30,20.94467600416043
2017-01-31,21.095633910002142
2017-02-01,21.0071269071908
2017-02-02,21.084396771503464
2017-02-03,21.21926459487576
2017-02-06,21.142758047990164
2017-02-07,21.319690040910345
2017-02-08,21.40366585702349
2017-02-09,21.51178938522911
2017-02-10,21.46951739040608
2017-02-13,21.47635611146887
2017-02-14,21.5131280821446
2017-02-15,21.68257936410414
2017-02-16,21.74852142927976
2017-02-17,21.85156853419588
2017-02-20,21.859942085606548
2017-02-21,22.060886697563756
2017-02-22,22.05237658067809
2017-02-23,22.107994948078325
2017-02-24,22.182109627330185
2017-02-27,22.0200136559596
2017-02-28,21.95396366673835
2017-03-01,22.059604175280764
2017-03-02,22.040140038129344
2017-03-03,21.96158011360992
2017-03-06,21.86320311464608
2017-03-07,21.84825808192153
2017-03-08,21.777493623144327
2017-03-09,21.8234909769052
2017-03-10,21.924972043617736
2017-03-13,21.88133619819957
2017-03-14,21.86184413671046
2017-03-15,22.0056505229726
2017-03-16,22.00787364610177
2017-03-17,21.979672615095144
2017-03-20,22.00733621135534
2017-03-21,21.96490913780149
2017-03-22,21.901139656984604
2017-03-23,21.837616308562424
2017-03-24,21.781321188052356
2017-03-27,21.72490416434888
2017-03-28,21.77730180856501
2017-03-29,21.808112544343555
2017-03-30,21.74365443676749
2017-03-31,21.46178917948197
2017-04-03,21.44277575268383
2017-04-04,21.490627847031448
2017-04-05,21.43340628104905
2017-04-06,21.43359649656408
2017-04-07,21.509814522271675
2017-04-10,21.5481720149198
2017-04-11,21.564345879263296
2017-04-12,21.63148946710321
2017-04-13,21.494801192326083
2017-04-14,21.527406012877528
2017-04-17,21.699242812253857
2017-04-18,21.776929484960757
2017-04-19,21.68636452983149
2017-04-20,21.607549544405217
2017-04-21,21.57368476550748
2017-04-24,21.767065114066668
2017-04-25,21.84273429418607
2017-04-26,21.67103941171501
2017-04-27,21.645952814180664
2017-04-28,21.64364180737861
2017-05-01,21.5817363177028
2017-05-02,21.464513679747974
2017-05-03,21.499923677100508
2017-05-04,21.67531028697492
2017-05-05,21.73185554959104
2017-05-08,21.64392810629116
2017-05-09,21.555229013842368
2017-05-10,21.565958852296504
2017-05-11,21.5784191297459
2017-05-12,21.522495039716247
2017-05-15,21.602886791480746
2017-05-16,21.552202122790725
2017-05-17,21.517586392001707
2017-05-18,21.534659977743587
2017-05-19,21.648555165482826
2017-05-22,21.89645863018477
2017-05-23,21.916517204776337
2017-05-24,22.012950994844932
2017-05-25,22.16103932979328
2017-05-26,22.236110952618112
2017-05-29,22.143877613482623
2017-05-30,22.1405545543111
2017-05-31,22.147857330953663
2017-06-01,22.32370120256013
2017-06-02,22.4017622394628
2017-06-05,22.42248969147008
2017-06-06,22.362576001299917
2017-06-07,22.343724537423835
2017-06-08,22.171860254794225
2017-06-09,22.17291051802509
2017-06-12,22.15995734379008
2017-06-13,22.170992959563687
2017-06-14,22.294689545728048
2017-06-15,22.25621393332795
2017-06-16,21.967679342845
2017-06-19,22.057013062075644
2017-06-20,21.96769011536058
2017-06-21,21.878038700043422
2017-06-22,21.746945286625667
2017-06-23,21.75284148702818
2017-06-26,21.84311484683457
2017-06-27,21.64855509598226
2017-06-28,21.73771230635093
2017-06-29,21.493309822206918
2017-06-30,21.76628734564776
2017-07-03,21.662528168547823
2017-07-04,21.656175604822703
2017-07-05,21.641251305896105
2017-07-06,21.517079133391213
2017-07-07,21.4989838532601
2017-07-10,21.35512759343581
2017-07-11,21.29046649596078
2017-07-12,21.408525494410537
2017-07-13,21.419425055827087
2017-07-14,21.574977671062346
2017-07-17,21.59724865191147
2017-07-18,21.59907918071899
2017-07-19,21.660193939483705
2017-07-20,21.63734735627476
2017-07-21,21.68525203837401
2017-07-24,21.62042213510905
2017-07-25,21.810745112697077
2017-07-26,21.78672764066401
2017-07-27,21.986145831725885
2017-07-28,21.80353976031136
2017-07-31,21.80006468436057
2017-08-01,21.78312006171558
2017-08-02,21.7707500138824
2017-08-03,21.729450460184225
2017-08-04,21.686105587513943
2017-08-07,21.84912612790625
2017-08-08,21.765417696918995
2017-08-09,21.79788093206412
2017-08-10,21.69263324688369
2017-08-11,21.71082801425292
2017-08-14,21.826672709705
2017-08-15,21.91697086821636
2017-08-16,21.98715922770195
2017-08-17,21.789614092414578
2017-08-18,21.720138960445745
2017-08-21,21.81174837746119
2017-08-22,21.823211166980684
2017-08-23,21.753094668907146
2017-08-24,21.44683718791821
2017-08-25,21.50310661814481
2017-08-28,21.43653202681692
2017-08-29,21.49403895857181
2017-08-30,21.494385568785745
2017-08-31,21.500231648621888
2017-09-01,21.591904710265343
2017-09-04,21.442315195993807
2017-09-05,21.59906998624088
2017-09-06,21.676023636209205
2017-09-07,21.716251734983093
2017-09-08,21.59101514605245
2017-09-11,21.71143435193684
2017-09-12,21.749786436808
2017-09-13,21.76993840543083
2017-09-14,21.691430240632684
2017-09-15,21.740896523267185
2017-09-18,21.77453279870559
2017-09-19,21.710556652448386
2017-09-20,21.513241093754644
2017-09-21,21.302879735676758
2017-09-22,21.25830632147282
2017-09-25,21.405197307138007
2017-09-26,21.421824346857107
2017-09-27,21.269849416562774
2017-09-28,21.268161237661797
2017-09-29,21.171306942677543
2017-10-02,20.76077465193689
2017-10-03,20.77653963697955
2017-10-04,20.85405190567196
2017-10-05,20.937404214910853
2017-10-06,20.736888141673383
2017-10-09,20.694865605216453
2017-10-10,20.859547981052096
2017-10-11,20.903108116124915
2017-10-12,20.98772799872131
2017-10-13,21.01391577802484
2017-10-16,21.02520016510906
2017-10-17,20.944381846416245
2017-10-18,20.922510980864875
2017-10-19,20.789579824555712
2017-10-20,20.743483070519424
2017-10-23,20.711907314330777
2017-10-24,20.64499864003701
2017-10-25,20.58886132024486
2017-10-26,20.611828027869613
2017-10-27,20.434953155027888
2017-10-30,20.260651875230977
2017-10-31,20.525632271772928
2017-11-01,20.58482321224556
2017-11-02,20.5354498758209
2017-11-03,20.54126872391161
2017-11-06,20.32186116749409
2017-11-07,20.551993663816717
2017-11-08,20.772006680025463
2017-11-09,20.765711611840462
2017-11-10,20.970638068459067
2017-11-13,21.098733511728717
2017-11-14,21.165296734880503
2017-11-15,20.934998961264167
2017-11-16,21.222317152283797
2017-11-17,21.14636412510524
2017-11-20,21.13190405954416
2017-11-21,21.195479720102007
2017-11-22,21.16466557632936
2017-11-24,21.158448008026333
2017-11-27,21.12285518506005
2017-11-28,21.291681575263745
2017-11-29,21.39776685997621
2017-11-30,21.573684234348047
2017-12-01,21.626463858971366
2017-12-04,21.83302868369258
2017-12-05,21.79195629095468
2017-12-06,21.91739578500727
2017-12-07,21.714065440140047
2017-12-08,21.764246719824342
2017-12-11,21.76221254471485
2017-12-12,21.76004697837137
2017-12-13,21.87496792902464
2017-12-14,21.792101263674557
2017-12-15,22.041239488644088
2017-12-18,22.026430691891317
2017-12-19,22.06049391820345
2017-12-20,21.97333473742386
2017-12-21,21.961726233542
2017-12-22,22.00134701623597
2017-12-25,21.737449574502172
2017-12-26,22.05431313896108
2017-12-27,22.050528785485724
2017-12-28,22.007058346366165
2017-12-29,23.01655159070259
2018-01-01,23.65278426180327
2018-01-02,23.53225412436761
2018-01-03,23.51765484430191
2018-01-04,23.583396217764
2018-01-05,23.69413808739447
2018-01-08,23.75137539570133
2018-01-09,23.703590216313703
2018-01-10,23.585062329757324
2018-01-11,23.56014605539242
2018-01-12,23.563484378823837
2018-01-15,23.56348495176622
2018-01-16,23.665105776088087
2018-01-17,23.93687394489259
2018-01-18,23.859662680623533
2018-01-19,24.12144228151296
2018-01-22,24.289888185926788
2018-01-23,24.21524644984521
2018-01-24,24.239805154513387
2018-01-25,24.266430132099902
2018-01-26,24.404789412977287
2018-01-29,24.169915306822737
2018-01-30,23.99512575450888
2018-01-31,23.86487690488841
2018-02-01,23.753822040832585
2018-02-02,23.31986949300812
2018-02-05,22.34348401200417
2018-02-06,22.578604343910698
2018-02-07,22.48159020807676
2018-02-08,21.994049302594856
2018-02-09,22.042422079300486
2018-02-12,22.27311622393198
2018-02-13,22.37328050934045
2018-02-14,22.358512272959643
2018-02-15,22.724943077328184
2018-02-16,22.81748654569195
2018-02-19,22.763446125903435
2018-02-20,22.246304581691785
2018-02-21,21.963199247805484
2018-02-22,22.020900420975288
2018-02-23,22.241834665417343
2018-02-26,22.16053609412466
2018-02-27,21.85627699138235
2018-02-28,21.34461115849636
2018-03-01,21.269475860365823
2018-03-02,21.453744112274794
2018-03-05,21.652402719551667
2018-03-06,21.668252943244696
2018-03-07,21.46322404808477
2018-03-08,21.64905520074415
2018-03-09,21.78786774754681
2018-03-12,21.742514998412407
2018-03-13,21.73651599299339
2018-03-14,21.47229651716757
2018-03-15,21.32745356954434
2018-03-16,21.33540460691594
2018-03-19,21.06078469183688
2018-03-20,20.993207729222444
2018-03-21,20.71860477596933
2018-03-22,20.54230108198849
2018-03-23,20.287264671917963
2018-03-26,20.557398276534045
2018-03-27,20.56376866733283
2018-03-28,20.84057927304036
2018-03-29,20.96415419329585
2018-03-30,20.960470450042223
2018-04-02,20.140630470078392
2018-04-03,20.40552382653141
2018-04-04,20.72331988620351
2018-04-05,20.77801732978187
2018-04-06,20.572753974441248
2018-04-09,20.53692507603849
2018-04-10,20.59647553108669
2018-04-11,20.55352095948969
2018-04-12,20.51610886253846
2018-04-13,20.614419669167315
2018-04-16,20.84026100221821
2018-04-17,20.89335406026532
2018-04-18,20.73230535077889
2018-04-19,20.095751181684548
2018-04-20,19.7484174825209
2018-04-23,19.72390832207804
2018-04-24,19.60965211488512
2018-04-25,19.633179314720984
2018-04-26,19.752784471123377
2018-04-27,19.858836548964995
2018-04-30,19.83335380837526
2018-05-01,20.50432520428424
2018-05-02,20.06364360880106
2018-05-03,20.07832795631447
2018-05-04,20.424185056722223
2018-05-07,20.24881707914841
2018-05-08,20.156800370947472
2018-05-09,20.18264324742376
2018-05-10,20.30611005139381
2018-05-11,20.29334884839737
2018-05-14,20.273262563177564
2018-05-15,20.18815354207556
2018-05-16,20.347661115835056
2018-05-17,20.40012865230821
2018-05-18,20.261848600495338
2018-05-21,20.35021096526537
2018-05-22,20.306544810539847
2018-05-23,20.401512703081792
2018-05-24,20.37135901908625
2018-05-25,20.402202978290045
2018-05-28,20.001339199053213
2018-05-29,19.96392707175541
2018-05-30,20.226425448849707
2018-05-31,19.7499713260377
2018-06-01,19.74429293176872
2018-06-04,19.90927900036076
2018-06-05,19.80631570122084
2018-06-06,19.83592733141656
2018-06-07,19.95639538658508
2018-06-08,20.215493183467903
2018-06-11,20.374833637713945
2018-06-12,20.416799370457003
2018-06-13,20.344890566657337
2018-06-14,20.353623145058872
2018-06-15,20.61830942706729
2018-06-18,20.22151166323633
2018-06-19,20.328379295789205
2018-06-20,20.357277171540662
2018-06-21,20.369714932053878
2018-06-22,20.546482148459624
2018-06-25,20.640579049911167
2018-06-26,20.559456506699345
2018-06-27,20.503183928155572
2018-06-28,20.52190129540286
2018-06-29,20.26673192404574
2018-07-02,19.98527431770741
2018-07-03,20.02366482995921
2018-07-05,20.316308388636177
2018-07-06,20.37683771631963
2018-07-09,20.27736347526885
2018-07-10,20.52790637322248
2018-07-11,20.456941379530672
2018-07-12,20.437462825595965
2018-07-13,20.56338034321232
2018-07-16,20.466608833525356
2018-07-17,20.62952471658574
2018-07-18,20.48721003944431
2018-07-19,20.463205958125748
2018-07-20,20.577449378687003
2018-07-23,20.466740211106725
2018-07-24,20.497230893111325
2018-07-25,20.634950829828
2018-07-26,20.766337448804038
2018-07-30,20.814021804730046
2018-08-01,21.20683497509926
2018-08-02,21.436427354986343
2018-08-03,21.688447213943
2018-08-06,21.669028926344826
2018-08-07,21.57255659963763
2018-08-08,21.40851985705033
2018-08-09,21.334963231402583
2018-08-10,21.26248504029484
2018-08-13,21.24999996640699
2018-08-14,21.388372336355733
2018-08-15,21.47585112844099
2018-08-16,21.79969873555713
2018-08-17,21.95186844767522
2018-08-20,21.87257367378297
2018-08-21,21.70258991132425
2018-08-22,21.56714493255099
2018-08-23,21.51410403840637
2018-08-24,21.48711381928499
2018-08-27,21.49860664383402
2018-08-28,21.432534088304863
2018-08-29,21.45141314316526
2018-08-30,21.3834180850802
2018-08-31,21.00011156003822
2018-09-04,20.9177898169563
2018-09-05,21.15771118758795
2018-09-06,21.206083226189868
2018-09-07,21.15828620832804
2018-09-10,21.13763195212145
2018-09-11,21.062059467043504
2018-09-12,21.304659956209537
2018-09-13,21.24400536931465
2018-09-14,21.19608904246341
2018-09-17,21.271531913729792
2018-09-18,21.17262043369621
2018-09-19,21.142900013160467
2018-09-20,21.39281042386935
2018-09-21,21.44613765274615
2018-09-24,20.977893109123187
2018-09-25,20.82402436662043
2018-09-26,20.832938248851008
2018-09-27,20.786740709468955
2018-09-28,20.738601877897967
2018-10-01,20.32197141076496
2018-10-02,20.442290689393214
2018-10-03,20.223512630218867
2018-10-04,20.17074148255327
2018-10-05,20.15577597914076
2018-10-08,20.441461989751676
2018-10-09,20.377055522758926
2018-10-10,20.108108671186965
2018-10-11,19.63500397665473
2018-10-12,19.7452029602235
2018-10-15,19.866947382645037
2018-10-16,20.085329209721024
2018-10-17,20.18278710262039
2018-10-18,20.12963293360533
2018-10-19,20.59796589293055
2018-10-22,20.438905720808705
2018-10-23,20.515463492713845
2018-10-24,20.618502156161867
2018-10-25,20.647448122966598
2018-10-26,20.29484694756612
2018-10-29,20.503359507804586
2018-10-30,20.906741042203315
2018-10-31,20.72394103130983
2018-11-01,20.84558654679725
2018-11-02,20.777662377749305
2018-11-05,21.01968166297774
2018-11-06,21.135708253227453
2018-11-07,21.248519986464075
2018-11-08,21.254258324360837
2018-11-09,21.390858554266583
2018-11-12,21.273277144501197
2018-11-13,21.20443828452934
2018-11-14,21.07468058354136
2018-11-15,21.022784361321538
2018-11-16,21.07669123294415
2018-11-19,21.046311219409947
2018-11-20,20.69606671401934
2018-11-21,20.538948154725936
2018-11-23,20.610655018272
2018-11-26,20.664103843344066
2018-11-27,20.84897569057275
2018-11-28,21.034305969545606
2018-11-29,21.036260323751968
2018-11-30,21.1642897301812
2018-12-03,21.150531994459907
2018-12-04,20.744633409313504
2018-12-06,20.77784320237761
2018-12-07,20.51116558723905
2018-12-10,20.525010914162
2018-12-11,20.69560890525309
2018-12-12,20.66744236415775
2018-12-13,20.80496770059058
2018-12-14,20.433377360848677
2018-12-17,19.955557096888445
2018-12-18,19.72696453194224
2018-12-19,19.51164586590845
2018-12-20,19.17408597814312
2018-12-21,18.966845079548783
2018-12-24,18.29188678535932
2018-12-26,18.81469893413149
2018-12-27,19.01165498484085
2018-12-28,18.99318588988009
2018-12-31,20.4644889323772
2019-01-02,20.365533281615864
2019-01-03,20.224100430686555
2019-01-04,20.639427820859883
2019-01-07,20.61984827674159
2019-01-08,20.823374542209123
2019-01-09,20.609911710014675
2019-01-10,20.749787999474957
2019-01-11,20.801605181019955
2019-01-14,20.69929378671396
2019-01-15,20.90408127421503
2019-01-16,20.790912630071357
2019-01-17,20.8610449877151
2019-01-18,21.10724295233523
2019-01-22,20.915071567890752
2019-01-23,21.15256629377739
2019-01-24,20.894327100250685
2019-01-25,20.82581100898887
2019-01-28,20.95007873663217
2019-01-29,20.983714023199525
2019-01-30,21.132004104154014
2019-01-31,21.5263532135738
2019-02-01,21.48090656814199
2019-02-04,21.77435971397568
2019-02-05,21.772898599711667
2019-02-06,21.789548157647083
2019-02-07,21.765151505520823
2019-02-08,21.86348859254092
2019-02-11,21.921303262155
2019-02-12,22.10060120164855
2019-02-13,22.156035363320186
2019-02-14,21.87525864163622
2019-02-15,22.08505755171281
2019-02-19,22.145677525130655
2019-02-20,22.10557810593117
2019-02-21,22.16615799230198
2019-02-22,22.05975060633524
2019-02-25,22.174119655526063
2019-02-26,22.18297801904265
2019-02-27,22.154704534373916
2019-02-28,22.25054011234621
2019-03-01,22.194563525142765
2019-03-04,22.169254489187
2019-03-05,22.15666896246003
2019-03-06,22.116639946328977
2019-03-07,21.98388588270604
2019-03-08,21.985118013567792
2019-03-11,22.26812450583372
2019-03-12,22.26219269143676
2019-03-13,22.413778112708904
2019-03-14,22.3534079568044
2019-03-15,22.46335745783966
2019-03-18,22.553864369437772
2019-03-19,22.53230193861125
2019-03-20,22.433725550864818
2019-03-21,22.70263363013774
2019-03-22,22.66491459500345
2019-03-25,22.66065609123251
2019-03-26,22.855356401656707
2019-03-27,22.7827160533274
2019-03-28,22.88233405245068
2019-03-29,22.949512767018184
2019-04-01,23.01636521124619
2019-04-02,22.81551425218641
2019-04-03,22.636053928385167
2019-04-04,22.71617028233124
2019-04-05,22.786899792127425
2019-04-08,22.88704605922706
2019-04-09,22.84820277621913
2019-04-10,22.92830708616039
2019-04-11,22.961810146832864
2019-04-12,23.02166856546631
2019-04-15,23.17114820571229
2019-04-16,23.163894751249487
2019-04-17,23.25714904778192
2019-04-18,23.269145507102397
2019-04-22,23.26823037193864
2019-04-23,23.23508208192408
2019-04-24,23.25584217599535
2019-04-25,23.110892371347944
2019-04-26,23.320649797300536
2019-04-29,23.31719286410673
2019-04-30,23.369244836261533
2019-05-01,23.09925890365286
2019-05-02,23.08654647089866
2019-05-03,23.22071906273485
2019-05-06,23.191929106092463
2019-05-07,22.964053373392243
2019-05-08,22.938998733972884
2019-05-09,22.886836088079644
2019-05-10,23.14750223532929
2019-05-13,22.84305450456633
2019-05-14,22.92428759062985
2019-05-15,23.10181147227604
2019-05-16,23.28609347319071
2019-05-17,23.221358159507734
2019-05-20,23.168886009963117
2019-05-21,23.104145123004788
2019-05-22,23.22862238215451
2019-05-23,23.20209852648059
2019-05-24,23.127370932495403
2019-05-28,23.08200731247823
2019-05-29,22.90160668607732
2019-05-30,23.063133499003182
2019-05-31,23.043122199781717
2019-06-03,23.34878065751717
2019-06-04,23.540985305637548
2019-06-05,23.833206993875734
2019-06-06,24.02704172253421
2019-06-07,24.26284561448833
2019-06-10,24.27260077901499
2019-06-11,24.35650734368517
2019-06-12,24.348510752813148
2019-06-13,24.397950823531158
2019-06-14,24.41631448070771
2019-06-17,24.267940264501338
2019-06-18,24.1337033738774
2019-06-19,24.24123822868661
2019-06-20,24.43026433088574
2019-06-21,24.34306430652299
2019-06-24,24.17459534694509
2019-06-25,24.15368050477313
2019-06-26,23.82001745145492
2019-06-27,23.838346270306456
2019-06-28,23.777312312463508
2019-07-01,26.78943092260956
2019-07-02,27.00043018729159
2019-07-03,27.313940123154048
2019-07-05,27.232060580481047
2019-07-08,27.279126446146783
2019-07-09,27.114799639444648
2019-07-10,27.307625274000998
2019-07-11,27.3546088727344
2019-07-12,27.4379804252147
2019-07-15,27.50718569940816
2019-07-16,27.508635881011077
2019-07-17,27.469648439386656
2019-07-18,27.643475367479347
2019-07-19,27.442120336617837
2019-07-22,27.30708884942288
2019-07-23,27.48609318140682
2019-07-24,27.32123225147617
2019-07-25,27.31183436243723
2019-07-26,27.642826814433043
2019-07-29,27.72860918756675
2019-07-30,27.7869483116833
2019-07-31,26.369242533935736
2019-08-01,26.250495330169464
2019-08-02,26.26772071095181
2019-08-05,25.574792056586578
2019-08-06,25.87131479682748
2019-08-07,26.1224580356702
2019-08-08,26.441896882636872
2019-08-09,26.28463965575019
2019-08-12,26.07939610820699
2019-08-13,26.36630421771425
2019-08-14,25.93775234661522
2019-08-15,26.29177091210885
2019-08-16,26.59280227801545
2019-08-19,26.958979145493853
2019-08-20,26.614811722891517
2019-08-21,26.713965099737333
2019-08-22,26.83264811663314
2019-08-23,26.376925679414185
2019-08-26,26.666936163106588
2019-08-27,26.612250009542933
2019-08-28,26.879661259681303
2019-08-29,26.898517740798784
2019-08-30,26.88272144353618
2019-09-03,28.00306142514407
2019-09-04,28.275792726532345
2019-09-05,28.10949043355532
2019-09-06,28.234526527792013
2019-09-09,28.32912625414103
2019-09-10,28.15467323369071
2019-09-11,28.28249397503955
2019-09-12,28.37053624449744
2019-09-13,28.17465915436686
2019-09-16,27.91145619083522
2019-09-17,28.067217855767165
2019-09-18,28.07759958824215
2019-09-19,28.0794426068724
2019-09-20,28.031408191880224
2019-09-23,27.52231411786608
2019-09-24,27.59288543016276
2019-09-25,27.622762157464763
2019-09-26,27.764390964687408
2019-09-27,27.4824513709206
2019-09-30,29.826308047185144
2019-10-01,29.732636289194037
2019-10-02,29.13855763748604
2019-10-03,29.35420486766603
2019-10-04,29.81687406902365
2019-10-07,29.5772713019879
2019-10-08,29.287139317864472
2019-10-09,29.48708219095895
2019-10-10,29.54900483629136
2019-10-11,29.538915189727252
2019-10-14,29.364652642702765
2019-10-15,29.282868722853447
2019-10-16,29.293026400849904
2019-10-17,29.395087030831
2019-10-18,29.435672835813552
2019-10-21,29.54761006396152
2019-10-22,29.556151311424365
2019-10-23,29.701971827214447
2019-10-24,29.79301285016419
2019-10-25,29.63298125689205
2019-10-28,29.571777543111317
2019-10-29,29.57334371869417
2019-10-30,29.705566491873604
2019-10-31,28.905269962399828
2019-11-01,29.283133412342885
2019-11-04,28.961877004059577
2019-11-05,29.03271933724188
2019-11-06,29.186614988979475
2019-11-07,29.070995991026884
2019-11-08,29.076644449215785
2019-11-11,29.10896783886241
2019-11-12,29.2378693442775
2019-11-13,29.48721696772354
2019-11-14,29.44923027625389
2019-11-15,29.474042245285524
2019-11-18,29.64430470286588
2019-11-19,29.583214482481004
2019-11-20,29.647010175963004
2019-11-21,29.481053935588903
2019-11-22,29.44838105943372
2019-11-25,29.298353165800183
2019-11-26,29.54323937727374
2019-11-27,29.619376564888903
2019-11-29,29.5369153189941
2019-12-02,29.653785608373774
2019-12-03,29.59666291562982
2019-12-04,29.80353057198119
2019-12-05,29.753151471727524
2019-12-06,29.85631021840879
2019-12-09,29.90215076642352
2019-12-10,29.788378808511503
2019-12-11,29.827244269997284
2019-12-12,29.80006875411033
2019-12-13,29.911030947391527
2019-12-16,30.01084914639436
2019-12-17,29.9838149036986
2019-12-18,29.88853155851427
2019-12-19,30.08210215491945
2019-12-20,30.291053404757363
2019-12-23,30.22787576218827
2019-12-24,30.222974696947198
2019-12-26,30.253073301867342
2019-12-27,30.40140565765913
2019-12-30,28.97564377247251
2019-12-31,29.323934849032216
2020-01-02,29.0872914408714
2020-01-03,29.03905965043205
2020-01-06,29.1031776499904
2020-01-07,28.877543627688297
2020-01-08,28.98876812504876
2020-01-09,29.19074394740785
2020-01-10,29.16848204301348
2020-01-13,29.36522743311873
2020-01-14,29.375878010951016
2020-01-15,29.56146124904941
2020-01-16,29.65250906736564
2020-01-17,29.7282311046398
2020-01-21,29.810156903999875
2020-01-22,29.835392296448536
2020-01-23,29.772590258411466
2020-01-24,29.579658749307065
2020-01-27,29.49195814132277
2020-01-28,29.52318752315152
2020-01-29,29.370247819693
2020-01-30,29.70412788782748
2020-01-31,29.230200775577515
2020-02-03,29.20359446313242
2020-02-04,29.35851216356782
2020-02-05,29.58225239033297
2020-02-06,29.65985919033342
2020-02-07,29.697918575324707
2020-02-10,29.808355006579667
2020-02-11,29.70181553411121
2020-02-12,29.69680391594746
2020-02-13,29.84837496168348
2020-02-14,29.93630976811183
2020-02-18,29.794170620061895
2020-02-19,29.75925975723446
2020-02-20,29.78846730675328
2020-02-21,29.853224117535923
2020-02-24,29.173415223708453
2020-02-25,28.65938005009625
2020-02-26,28.4950047464929
2020-02-27,27.34124505835633
2020-02-28,26.773710138729296
2020-03-02,28.688906698472948
2020-03-03,28.32075415285169
2020-03-04,29.69225990432364
2020-03-05,29.09588173607466
2020-03-06,28.87799135906179
2020-03-09,27.582291143876223
2020-03-10,28.39869913411567
2020-03-11,26.96340787434371
2020-03-12,24.379698079289003
2020-03-13,26.505289639115464
2020-03-16,24.57144387028956
2020-03-17,26.615949809134325
2020-03-18,25.71502661382653
2020-03-19,24.95691442449512
2020-03-20,23.376159468183012
2020-03-23,22.71103905339515
2020-03-24,23.845545499289948
2020-03-25,23.80465509230806
2020-03-26,25.244682923519584
2020-03-27,24.694102892960032
2020-03-30,25.80117945818907
2020-03-31,25.248777207233974
2020-04-01,24.72006564824056
2020-04-02,25.412213172995912
2020-04-03,25.590345340916397
2020-04-06,26.598362995527918
2020-04-07,26.32979433750558
2020-04-08,26.73377872650508
2020-04-09,27.02652478413997
2020-04-13,26.762334211167563
2020-04-14,27.921046565815235
2020-04-15,27.442751427200445
2020-04-16,27.638167108503943
2020-04-17,28.068309122880684
2020-04-20,27.48102632795461
2020-04-21,26.88821343886814
2020-04-22,27.15845103162499
2020-04-23,26.91653164212172
2020-04-24,27.22750147255405
2020-04-27,27.268206246432
2020-04-28,27.417222473148048
2020-04-29,27.28349891864466
2020-04-30,26.875198601498173
2020-05-01,26.52726335004387
2020-05-04,26.5335773001527
2020-05-05,26.55700003220091
2020-05-06,26.233407979552887
2020-05-07,26.149112721824466
2020-05-08,26.77598051636281
2020-05-11,26.702186147593544
2020-05-12,26.45744124042087
2020-05-13,26.1719374843758
2020-05-14,26.079260547547594
2020-05-15,26.28681449122037
2020-05-18,26.74674551963933
2020-05-19,26.236995861016855
2020-05-20,26.52549811782382
2020-05-21,26.23906598842188
2020-05-22,26.360659372448215
2020-05-26,26.328267892919246
2020-05-27,26.76962011060797
2020-05-28,26.945384779275106
2020-05-29,26.96738401385762
2020-06-01,28.263404990970937
2020-06-02,28.314741840734488
2020-06-03,28.417896984529385
2020-06-04,28.23162004408096
2020-06-05,28.67616914561159
2020-06-08,29.062476742093057
2020-06-09,28.75848579833882
2020-06-10,28.668372334943903
2020-06-11,27.521998519507243
2020-06-12,27.510971142415723
2020-06-15,27.960697445204627
2020-06-16,28.423163944671483
2020-06-17,28.36207033038332
2020-06-18,28.507089285099987
2020-06-19,28.3352319763451
2020-06-22,28.179863969039776
2020-06-23,28.14248139468591
2020-06-24,27.647048990923278
2020-06-25,27.85293419365267
2020-06-26,27.59569218350324
2020-06-29,29.351772960890774
2020-06-30,26.300430038312783
2020-07-01,26.30863615990445
2020-07-02,26.41537096495946
2020-07-06,26.56198985693036
2020-07-07,26.80123085963089
2020-07-08,26.747121278378582
2020-07-09,26.515669041129385
2020-07-10,27.022622063379814
2020-07-13,26.959156180792583
2020-07-14,27.37886612773651
2020-07-15,27.384404116921228
2020-07-16,27.44973625491991
2020-07-17,27.575383633420454
2020-07-20,27.30304409926348
2020-07-21,27.559073557817342
2020-07-22,27.775400766729888
2020-07-23,27.83772471970075
2020-07-24,27.79192867370989
2020-07-27,27.93364222114194
2020-07-28,28.026666170492152
2020-07-29,28.076733097128947
2020-07-30,28.08165797598757
2020-07-31,27.41133177331777
2020-08-03,27.30938711887985
2020-08-04,27.66443059354053
2020-08-05,27.600590095669947
2020-08-06,27.59763568419961
2020-08-07,27.75639010361399
2020-08-10,27.887637409785725
2020-08-11,27.69818892905369
2020-08-12,28.066676972750667
2020-08-13,28.02221083354266
2020-08-14,28.019363439297987
2020-08-17,27.934335311897105
2020-08-18,28.03173195529017
2020-08-19,27.82342728660279
2020-08-20,27.7482113341154
2020-08-21,27.815785856208784
2020-08-24,28.054081545030947
2020-08-25,28.012224113813616
2020-08-26,28.041416757474497
2020-08-27,28.21274665764438
2020-08-28,28.46731158473084
2020-08-31,27.92836708577332
2020-09-01,27.940774025263973
2020-09-02,28.469019053750277
2020-09-03,27.938249970782014
2020-09-04,27.87403604853841
2020-09-08,27.211389002551385
2020-09-09,27.608823992567714
2020-09-10,27.265507864789523
2020-09-11,27.430816797592733
2020-09-14,27.552835419097715
2020-09-15,27.52243143283944
2020-09-16,27.38237336409516
2020-09-17,27.212834885479744
2020-09-18,26.96004611148756
2020-09-21,26.60781662600557
2020-09-22,26.77759338799289
2020-09-23,26.34453794636092
2020-09-24,26.54789115090876
2020-09-25,26.959432148410404
2020-09-28,27.35946773986376
2020-09-29,27.18759416393432
2020-09-30,26.338126829572555
2020-10-01,26.471554398170465
2020-10-02,26.314365400860247
2020-10-05,26.40238089665148
2020-10-06,26.219219523620183
2020-10-07,26.511157642514764
2020-10-08,26.6731283907432
2020-10-09,26.87431979756156
2020-10-12,27.191413613159657
2020-10-13,27.173398983328376
2020-10-14,27.03410457308737
2020-10-15,27.045586621563487
2020-10-16,27.04954149999018
2020-10-19,26.694253480377636
2020-10-20,26.685284973761195
2020-10-21,26.7296474919427
2020-10-22,26.649236893784717
2020-10-23,26.69909801563877
2020-10-26,26.358069562665165
2020-10-27,26.29161584418264
2020-10-28,25.512072829768996
2020-10-29,25.51902735828964
2020-10-30,25.410804787204636
2020-11-02,25.47972659097146
2020-11-03,25.893683511159843
2020-11-04,25.90797958864142
2020-11-05,26.10239099317646
2020-11-06,26.22617196593675
2020-11-09,26.00565504899413
2020-11-10,26.543034603319985
2020-11-12,26.682176124102305
2020-11-13,27.05058360589656
2020-11-16,27.27822353612637
2020-11-17,27.094804179658656
2020-11-18,26.724379471645285
2020-11-19,26.79505662775508
2020-11-20,26.605293718515057
2020-11-23,26.57477838302212
2020-11-24,26.753031195205004
2020-11-25,26.734830423636545
2020-11-27,26.71567871758172
2020-11-30,26.68929425918189
2020-12-01,26.882521182621986
2020-12-02,26.6715893167628
2020-12-03,26.71549345967797
2020-12-04,26.920814975976057
2020-12-07,26.824017745299788
2020-12-08,26.96351180815188
2020-12-09,26.866851128428003
2020-12-10,26.731610150305585
2020-12-11,26.80552860893227
2020-12-14,26.699148973105807
2020-12-15,26.76534522908161
2020-12-16,26.801222426575197
2020-12-17,26.969827900765527
2020-12-18,27.031008407269663
2020-12-21,26.75507539474332
2020-12-22,26.53719590483981
2020-12-23,26.628666532421644
2020-12-24,26.76303716625289
2020-12-28,26.84656400185209
2020-12-29,26.776583738345487
2020-12-30,26.738756928738155
2020-12-31,25.639138388791213
2021-01-04,25.343850332265184
2021-01-05,25.3551129725798
2021-01-06,25.35967719080601
2021-01-07,25.281695066187787
2021-01-08,25.40268206720627
2021-01-11,25.186002091529637
2021-01-12,25.10760484010008
2021-01-13,25.14433072311461
2021-01-14,25.01202181256445
2021-01-15,24.914506338247836
2021-01-19,24.812212300761896
2021-01-20,24.86353494544594
2021-01-21,24.753917112003094
2021-01-22,24.685343991060584
2021-01-25,24.925886541740763
2021-01-26,25.159962347892947
2021-01-27,24.738031101828327
2021-01-28,24.837525415333715
2021-01-29,24.32329200663569
2021-02-01,25.373738075611385
2021-02-02,25.54418331145093
2021-02-03,25.585413857415496
2021-02-04,25.75608015449997
2021-02-05,25.998173379778887
2021-02-08,26.10345059683925
2021-02-09,26.073597639329503
2021-02-10,26.051280798428024
2021-02-11,25.94544619436312
2021-02-12,25.982892215283144
2021-02-16,25.92586383828669
2021-02-17,26.014013531021316
2021-02-18,25.99589366423554
2021-02-19,25.670332831365076
2021-02-22,25.70038889452667
2021-02-23,25.71744971542291
2021-02-24,25.70965917375693
2021-02-25,25.432554455726184
2021-02-26,25.02274400889987
2021-03-01,25.19724716834076
2021-03-02,25.15937179937569
2021-03-03,25.03388605962613
2021-03-04,24.90738269169965
2021-03-05,25.467915352258444
2021-03-08,25.57069479770633
2021-03-09,25.543872180074278
2021-03-10,25.881739022399803
2021-03-11,25.820315892015827
2021-03-12,26.00467090921685
2021-03-15,26.1324806806122
2021-03-16,26.159636736135862
2021-03-17,26.13473394310949
2021-03-18,26.019054629559704
2021-03-19,26.07577407054737
2021-03-22,26.371760912717217
2021-03-23,26.4755819486023
2021-03-24,26.348097350634173
2021-03-25,26.59290982113712
2021-03-26,27.058510147392408
2021-03-29,27.260010611732937
2021-03-30,26.96921577030766
2021-03-31,26.372624505792267
2021-04-01,26.292982705765095
2021-04-05,26.7298689897549
2021-04-06,26.825108537514947
2021-04-07,26.77647574255297
2021-04-08,26.78096331282497
2021-04-09,26.747251772526667
2021-04-12,26.87089753129163
2021-04-13,26.737648073486262
2021-04-14,26.7150973559117
2021-04-15,26.92274477471472
2021-04-16,27.093250753661412
2021-04-19,26.980583501224704
2021-04-20,27.12317778019144
2021-04-21,27.252310304124503
2021-04-22,27.011573937881064
2021-04-23,26.958070158437835
2021-04-26,26.64766491776327
2021-04-27,26.63149263175075
2021-04-28,26.651498183008005
2021-04-29,26.936592910358687
2021-04-30,27.18371045573419
2021-05-03,27.40767765459207
2021-05-04,27.275816471880283
2021-05-05,27.25133784035402
2021-05-06,27.609056976191987
2021-05-07,27.59109065141958
2021-05-10,27.733411328184484
2021-05-11,27.49018223895856
2021-05-12,27.130364629028467
2021-05-13,27.50093361201164
2021-05-14,27.612886437526125
2021-05-17,27.572646044604674
2021-05-18,27.494688592947824
2021-05-19,27.413076035185565
2021-05-20,27.64009925164306
2021-05-21,27.641805591388252
2021-05-24,28.142856627318587
2021-05-25,28.16165504620648
2021-05-26,28.106935577897374
2021-05-27,27.93587782111337
2021-05-28,27.96481532938305
2021-06-01,27.1789938693362
2021-06-02,27.304968660123496
2021-06-03,27.437334021696927
2021-06-04,27.520182450306574
2021-06-07,27.478839056832143
2021-06-08,27.25230222425844
2021-06-09,27.11935252799712
2021-06-10,27.289439608264026
2021-06-11,27.31111580514048
2021-06-14,27.00908246243957
2021-06-15,26.9263609901132
2021-06-16,26.589560590284854
2021-06-17,26.67289773272505
2021-06-18,26.21747912738149
2021-06-21,26.527909181338696
2021-06-22,26.561885508848743
2021-06-23,26.400510865589062
2021-06-24,26.5035443009421
2021-06-25,26.726516879626462
2021-06-28,26.401644383151748
2021-06-29,26.28603835732652
2021-06-30,25.750626880811275
2021-07-01,25.66529103618329
2021-07-02,25.490329383030137
2021-07-06,25.03707172223692
2021-07-07,25.16916560495965
2021-07-08,25.07966785816156
2021-07-09,25.217929690086645
2021-07-12,25.17907003957302
2021-07-13,25.16648517870541
2021-07-14,25.38484008161135
2021-07-15,25.49628829002812
2021-07-16,25.54401735984104
2021-07-19,25.45816731722388
2021-07-20,25.4567987312288
2021-07-21,25.4035041289772
2021-07-22,25.32059823819103
2021-07-23,25.62991769811275
2021-07-26,25.68067180852341
2021-07-27,25.726241298009803
2021-07-28,25.50351365729049
2021-07-29,25.64234280209493
2021-07-30,25.653367817591576
2021-08-02,25.8952977731271
2021-08-03,26.006143569352812
2021-08-04,25.65900730203304
2021-08-05,25.79147892316537
2021-08-06,25.794549704476427
2021-08-09,25.883311295825703
2021-08-10,26.06971247586516
2021-08-11,26.156366688474712
2021-08-12,26.125986676606395
2021-08-13,26.33696001388537
2021-08-16,26.61804539134824
2021-08-17,26.632616883148195
2021-08-18,26.293327302303958
2021-08-19,26.50466106335952
2021-08-20,26.5458847360992
2021-08-23,26.46311871278151
2021-08-24,26.260660526560724
2021-08-25,26.22984806693653
2021-08-26,26.09331145388627
2021-08-27,26.18617850585144
2021-08-30,26.315020695348498
2021-08-31,26.5252710562988
2021-09-01,26.659831557197
2021-09-02,26.735637556564917
2021-09-03,26.709105982131625
2021-09-07,26.42696485784308
2021-09-08,26.65299591553504
2021-09-09,26.487215420712616
2021-09-10,26.378190499842145
2021-09-13,26.449366298847163
2021-09-14,26.28453571589513
2021-09-15,26.37512858069375
2021-09-16,26.28530615703924
2021-09-17,26.155622460868337
2021-09-20,25.792746679385065
2021-09-21,25.757932080169933
2021-09-22,25.8326886172224
2021-09-23,25.93593555093179
2021-09-24,25.94401293796555
2021-09-27,25.78894395474189
2021-09-28,25.48164122374661
2021-09-29,25.704323695304797
2021-09-30,25.66379935835093
2021-10-01,25.54109437008212
2021-10-04,25.21579117587331
2021-10-05,25.327449867363587
2021-10-06,25.58462694920981
2021-10-07,25.69298466359324
2021-10-08,25.652543114726782
2021-10-11,25.66167163016565
2021-10-12,25.66277304575469
2021-10-13,25.705025817472656
2021-10-14,25.995372685876465
2021-10-15,25.938821672478284
2021-10-18,25.782064742767783
2021-10-19,25.788088138673523
2021-10-20,25.936015097317387
2021-10-21,25.882010242705334
2021-10-22,26.08117754314153
2021-10-25,26.05877055962837
2021-10-26,26.155897216420552
2021-10-27,25.995602183665028
2021-10-28,26.091594327822627
2021-10-29,26.05793133750732
2021-11-01,26.428918808195224
2021-11-02,26.610290971902398
2021-11-03,26.852833915631024
2021-11-04,26.872490491017192
2021-11-05,27.04326988504769
2021-11-08,26.862257113206294
2021-11-09,26.95575632763609
2021-11-10,27.04491752987602
2021-11-11,27.0107121146286
2021-11-12,27.01276758297403
2021-11-15,27.14685226366864
2021-11-16,26.97143527262607
2021-11-17,26.911727303496345
2021-11-18,26.80701172669088
2021-11-19,26.716333759809583
2021-11-22,26.906288041914447
2021-11-23,27.08309553768577
2021-11-24,26.980116518285502
2021-11-26,26.59157664974086
2021-11-29,26.81729326922668
2021-11-30,25.113781657930904
2021-12-01,25.013133902096428
2021-12-02,25.255208349598902
2021-12-03,25.61129002687084
2021-12-06,26.03321893583161
2021-12-07,26.05900251832925
2021-12-08,26.017098953369864
2021-12-09,26.053202692889453
2021-12-10,26.502850227617355
2021-12-13,26.83944371463781
2021-12-14,26.85391869364142
2021-12-15,27.137516167398196
2021-12-16,27.334241002343763
2021-12-17,26.85526645453898
2021-12-20,26.93960472400851
2021-12-21,26.902640335712928
2021-12-22,27.04810499593369
2021-12-23,27.105535440403717
2021-12-27,27.833272111805737
2021-12-28,28.0008266605906
2021-12-29,28.12359704088624
2021-12-30,28.026384165402945
2021-12-31,27.711132901428456
2022-01-03,27.414821343516856
2022-01-04,27.579136227791416
2022-01-05,27.554424443602667
2022-01-06,27.489799317679285
2022-01-07,27.52288362522163
2022-01-10,27.308523271913447
2022-01-11,27.267091822631524
2022-01-12,27.28158558598599
2022-01-13,27.33290932003845
2022-01-14,27.3831993205984
2022-01-18,26.982608916828788
2022-01-19,27.15407700635673
2022-01-20,26.96192650069981
2022-01-21,26.970681467853723
2022-01-24,26.88449866019872
2022-01-25,26.574840587291565
2022-01-26,26.396335736427385
2022-01-27,26.56130111337381
2022-01-28,26.861479158433745
2022-01-31,26.39207665546215
2022-02-01,26.365093677498567
2022-02-02,26.687409498495928
2022-02-03,26.681199863295504
2022-02-04,26.353203287225615
2022-02-07,26.40479514379772
2022-02-08,26.49724254091885
2022-02-09,26.50611404155589
2022-02-10,26.22396250332385
2022-02-11,26.134383507756308
2022-02-14,25.95361906210028
2022-02-15,25.994838725764453
2022-02-16,26.043752668025764
2022-02-17,26.240477515257894
2022-02-18,26.28187224380115
2022-02-22,26.08345560997761
2022-02-23,25.871623765421965
2022-02-24,25.43246466224326
2022-02-25,26.249864690987547
2022-02-28,25.910357772049775
2022-03-01,25.73159147699853
2022-03-02,26.004762647405222
2022-03-03,26.184911572865317
2022-03-04,26.207994380055982
2022-03-07,25.72792375608245
2022-03-08,25.024910325130183
2022-03-09,25.165911069206235
2022-03-10,24.94546548906892
2022-03-11,24.654234122247345
2022-03-14,24.77389674017327
2022-03-15,25.319286250948515
2022-03-16,25.355873289803277
2022-03-17,25.52125653419577
2022-03-18,25.58051997868529
2022-03-21,24.873330310629584
2022-03-22,25.055886686810105
2022-03-23,24.84756368021928
2022-03-24,24.997941718712628
2022-03-25,25.207860537487026
2022-03-28,25.26080009853891
2022-03-29,25.49000035888952
2022-03-30,25.504442894971948
2022-03-31,25.08061515091876
2022-04-01,25.25579072090179
2022-04-04,24.97047294175516
2022-04-05,24.9891304552708
2022-04-06,25.30373099071783
2022-04-07,25.602852311128935
2022-04-08,25.7061972030588
2022-04-11,25.60375779480931
2022-04-12,25.611086913185147
2022-04-13,25.76207769783541
2022-04-14,25.751490240983408
2022-04-18,25.545291168096487
2022-04-19,25.9256040294182
2022-04-20,26.309070703846317
2022-04-21,26.270355127491587
2022-04-22,25.864462201585614
2022-04-25,25.977769729705905
2022-04-26,25.57202186026429
2022-04-27,25.666859766621485
2022-04-28,26.03513971117762
2022-04-29,25.33306523764241
2022-05-02,25.00851505706979
2022-05-03,24.94237754354932
2022-05-04,25.495493308907427
2022-05-05,25.000791749914907
2022-05-06,25.029687979906647
2022-05-09,24.991109638219235
2022-05-10,24.81207218771265
2022-05-11,24.711364428963705
2022-05-12,24.701032664318557
2022-05-13,25.06494961745082
2022-05-16,25.173661767637647
2022-05-17,25.01162958967783
2022-05-18,23.391953917746925
2022-05-19,22.96782137939898
2022-05-20,23.02799200712359
2022-05-23,23.35341315204898
2022-05-24,23.73022379031265
2022-05-25,23.736948685055022
2022-05-26,23.99672577710149
2022-05-27,24.265944920177528
2022-05-31,23.911745455342817
2022-06-01,23.59162121627405
2022-06-02,23.92044881866877
2022-06-03,23.6822341048343
2022-06-06,23.70025067346747
2022-06-07,23.82018345922759
2022-06-08,23.53573462951267
2022-06-09,23.17604510884177
2022-06-10,23.07553696780725
2022-06-13,22.797801946486725
2022-06-14,22.49318479506523
2022-06-15,22.51802727747194
2022-06-16,22.33803620228776
2022-06-17,22.26237321415334
2022-06-21,22.943898562692237
2022-06-22,22.9334401488612
2022-06-23,23.369776795259707
2022-06-24,23.828336601363404
2022-06-27,23.72950983808246
2022-06-28,23.410365131717896
2022-06-29,23.545562385360665
2022-06-30,24.124594916699788
2022-07-01,24.650536366006374
2022-07-05,24.398868578051548
2022-07-06,24.465633312240637
2022-07-07,24.488046297377064
2022-07-08,24.438025976394304
2022-07-11,24.40576957165995
2022-07-12,24.332031413923566
2022-07-13,24.354995211644933
2022-07-14,24.375302742566745
2022-07-15,24.460729253990426
2022-07-18,24.216895926288394
2022-07-19,24.47843441344744
2022-07-20,24.296291205203808
2022-07-21,24.34786918569353
2022-07-22,24.5094833402062
2022-07-25,24.63318681444157
2022-07-26,24.580014009966643
2022-07-27,24.744420264962297
2022-07-28,25.132435762023444
2022-07-29,24.93594537445185
2022-08-01,25.201831357435253
2022-08-02,25.000772931332392
2022-08-03,25.16717947654321
2022-08-04,24.995611389020965
2022-08-05,24.953655881904268
2022-08-08,24.929080077479007
2022-08-09,24.899982601977484
2022-08-10,25.088407251726093
2022-08-11,24.992778037390025
2022-08-12,25.22052604918892
2022-08-15,25.405341120605456
2022-08-16,25.67718362625847
2022-08-17,25.61302409916588
2022-08-18,25.689226041710825
2022-08-19,25.613069677523765
2022-08-22,25.34190183365559
2022-08-23,25.232329149154403
2022-08-24,25.293048572875225
2022-08-25,25.40589604327168
2022-08-26,24.779510422770606
2022-08-29,24.658174457840584
2022-08-30,24.40576285477353
2022-08-31,24.74403475061088
2022-09-01,24.905793738408526
2022-09-02,24.56469783388155
2022-09-06,24.27509615618664
2022-09-07,24.704365852014504
2022-09-08,24.643266539110176
2022-09-09,24.88430085203344
2022-09-12,24.97736571175914
2022-09-13,24.14345411021842
2022-09-14,24.114961859463797
2022-09-15,23.900391263571688
2022-09-16,23.95262684856886
2022-09-19,24.06320008198089
2022-09-20,23.929252352489936
2022-09-21,23.834971018475088
2022-09-22,23.80294290090391
2022-09-23,23.41162739533239
2022-09-26,23.46678383800466
2022-09-27,23.049911028941292
2022-09-28,23.32572111432342
2022-09-29,22.929077822534516
2022-09-30,21.9497210608671
2022-10-03,22.485760652703767
2022-10-04,22.83569710928441
2022-10-05,22.703492424858933
2022-10-06,22.367835778545736
2022-10-07,22.02736749684973
2022-10-10,22.10304835610099
2022-10-11,22.28761489589917
2022-10-12,22.408168446367625
2022-10-13,22.776968554281776
2022-10-14,22.357179462288247
2022-10-17,22.607575092935598
2022-10-18,22.896685410483915
2022-10-19,22.801330115250227
2022-10-20,22.45836046934832
2022-10-21,22.79940459299212
2022-10-24,23.20410752279936
2022-10-25,23.509921951258487
2022-10-26,23.659525270442145
2022-10-27,23.675267158306955
2022-10-28,24.203479333077095
2022-10-31,24.391841231481905
2022-11-01,24.32464982147336
2022-11-02,23.896941430449424
2022-11-03,23.816047764953726
2022-11-04,24.098609550151448
2022-11-07,24.321714010175345
2022-11-08,24.395855113731983
2022-11-09,24.135563414055696
2022-11-10,24.71646683379888
2022-11-11,24.672115843324303
2022-11-14,24.469372129660425
2022-11-15,24.672300080369023
2022-11-16,24.788117793072853
2022-11-17,24.7939248866026
2022-11-18,25.047616979766715
2022-11-21,25.28489103390265
2022-11-22,25.47469770675445
2022-11-23,25.533840655543877
2022-11-25,25.56209761279669
2022-11-28,25.40943554542671
2022-11-29,25.31519058502681
2022-11-30,27.922771801999723
2022-12-01,27.762333749603243
2022-12-02,27.88740902456951
2022-12-05,27.54603877595714
2022-12-06,27.372911987997025
2022-12-07,27.491020319822624
2022-12-08,27.621873285121666
2022-12-09,27.42020596120952
2022-12-12,27.69716905368125
2022-12-13,27.65241353677261
2022-12-14,27.63934070765508
2022-12-15,27.16933291656736
2022-12-16,27.04649626499355
2022-12-19,27.051035218149995
2022-12-20,27.03017640234762
2022-12-21,27.25915932107056
2022-12-22,27.19123519297566
2022-12-23,27.334981681355615
2022-12-27,27.467521647158925
2022-12-28,27.1303031140536
2022-12-29,27.236919963517774
2022-12-30,27.103814628356428
2023-01-03,27.7057649469998
2023-01-04,27.79308694092192
2023-01-05,27.50792994536945
2023-01-06,28.24742606263339
2023-01-09,27.96303629599455
2023-01-10,27.89738870039602
2023-01-11,27.930078583273183
2023-01-12,27.710579845927207
2023-01-13,27.844289440567128
2023-01-17,27.853472403815225
2023-01-18,27.10174303856997
2023-01-19,26.81815857562236
2023-01-20,27.033387006863205
2023-01-23,27.10907204552645
2023-01-24,27.214656558101964
2023-01-25,27.287280592573417
2023-01-26,27.194280326904508
2023-01-27,27.10935815587797
2023-01-30,27.17170798185544
2023-01-31,27.17130276169093
2023-02-01,27.40738915500344
2023-02-02,27.17437703659818
2023-02-03,27.080540863452903
2023-02-06,27.101272416688893
2023-02-07,26.988516792113103
2023-02-08,26.76412331530124
2023-02-09,26.65703551395165
2023-02-10,26.904711411118434
2023-02-13,27.15665911047164
2023-02-14,26.90544033188526
2023-02-15,26.95057640238976
2023-02-16,26.75186763901568
2023-02-17,27.09155467295997
2023-02-21,27.000547766061096
2023-02-22,26.95346345873424
2023-02-23,26.911556400019077
2023-02-24,26.744192167691228
2023-02-27,26.66749617158665
2023-02-28,26.566927545083523
2023-03-01,26.366265774381034
2023-03-02,26.699738031409275
2023-03-03,26.72179684168954
2023-03-06,26.80395972158896
2023-03-07,26.53891459796749
2023-03-08,26.58143956206224
2023-03-09,26.323736616725053
2023-03-10,26.19757626870406
2023-03-13,26.33243152165232
2023-03-14,26.55327776533366
2023-03-15,26.4310806904427
2023-03-16,26.42528594550407
2023-03-17,26.23924304568901
2023-03-20,26.23656191342518
2023-03-21,26.211551487808883
2023-03-22,25.960094987969075
2023-03-23,25.84205139457673
2023-03-24,26.277444521696847
2023-03-27,27.078288691277788
2023-03-28,27.141200193394827
2023-03-29,27.28771839119079
2023-03-30,27.352953849048973
2023-03-31,27.411109250700083
2023-04-03,27.76005674910325
2023-04-04,27.699131649927867
2023-04-05,27.831906468540925
2023-04-06,27.846856777121197
2023-04-10,27.8507649675537
2023-04-11,27.92917595165376
2023-04-12,27.798311042856277
2023-04-13,27.95003074136569
2023-04-14,27.78730767446739
2023-04-17,27.953016117029712
2023-04-18,28.03910682242134
2023-04-19,28.020931512848023
2023-04-20,28.059249123158423
2023-04-21,28.26272017821436
2023-04-24,28.37277760445644
2023-04-25,28.34161452520179
2023-04-26,28.13124251032055
2023-04-27,28.438890773678544
2023-04-28,28.58337092937471
2023-05-01,29.039645117801896
2023-05-02,28.95665919860788
2023-05-03,28.71711448752221
2023-05-04,28.633743431733112
2023-05-05,28.895485218411096
2023-05-08,28.834379646321278
2023-05-09,28.737960679038395
2023-05-10,28.696696492917525
2023-05-11,28.786841464097105
2023-05-12,28.89294675484731
2023-05-15,28.8217563703661
2023-05-16,28.574753439540665
2023-05-17,28.55371283564384
2023-05-18,28.409138857257197
2023-05-19,28.419349705285505
2023-05-22,27.899931927897384
2023-05-23,27.69128114411306
2023-05-24,27.510060158194683
2023-05-25,27.30298856170998
2023-05-26,27.396226101553697
2023-05-30,27.03111535752664
2023-05-31,27.15961976120781
2023-06-01,27.11969028284621
2023-06-02,27.50333257076616
2023-06-05,27.399065754335183
2023-06-06,27.25614692298815
2023-06-07,27.153597924226787
2023-06-08,27.34592543948079
2023-06-09,27.298742542010128
2023-06-12,27.29538382975532
2023-06-13,27.4086204389856
2023-06-14,27.556012354131287
2023-06-15,27.81093030450219
2023-06-16,27.84032205226902
2023-06-20,27.127418148214705
2023-06-21,27.228326572877773
2023-06-22,27.36738052364129
2023-06-23,27.19357405818636
2023-06-26,27.20803239260865
2023-06-27,27.307397210648286
2023-06-28,27.124514914628325
2023-06-29,27.084895557651308
2023-06-30,26.61079071641608
2023-07-03,26.865290031114277
2023-07-05,26.81730851511106
2023-07-06,26.727850287603708
2023-07-07,26.39013973575165
2023-07-10,26.38568491046899
2023-07-11,26.42427070528265
2023-07-12,26.480241399976897
2023-07-13,26.599811630078875
2023-07-14,26.69164620117052
2023-07-17,26.609076740303564
2023-07-18,26.57836389500392
2023-07-19,26.842818858000424
2023-07-20,27.048538407031437
2023-07-21,27.137570382214715
2023-07-24,27.23933482306134
2023-07-25,27.22552804871375
2023-07-26,27.27259777493604
2023-07-27,27.043667570790983
2023-07-28,27.31228272976358
2023-07-31,26.771522124157347
2023-08-01,26.63746645863581
2023-08-02,26.71075799165391
2023-08-03,26.66093797410668
2023-08-04,26.44721090825622
2023-08-07,26.66073233857269
2023-08-08,26.466541364749883
2023-08-09,26.501748513670613
2023-08-10,26.45102093626664
2023-08-11,26.49113818230655
2023-08-14,26.617357608840376
2023-08-15,26.33584697292945
2023-08-16,26.26117491665852
2023-08-17,26.01224428697084
2023-08-18,26.092826706881024
2023-08-21,25.915393542058776
2023-08-22,25.77314255095152
2023-08-23,25.931811498542807
2023-08-24,25.727815389162917
2023-08-25,25.88180795431116
2023-08-28,25.914564510899147
2023-08-29,26.016415921624706
2023-08-30,26.053982323700247
2023-08-31,25.370110427694232
2023-09-01,25.152655204805363
2023-09-05,24.86937655094343
2023-09-06,24.80870539696837
2023-09-07,24.885203247071583
2023-09-08,24.924388328060942
2023-09-11,25.027097824232204
2023-09-12,24.838880344892257
2023-09-13,24.89739275187276
2023-09-14,25.105489373550277
2023-09-15,24.89556626036728
2023-09-18,25.200643858829217
2023-09-19,25.13229053796633
2023-09-20,25.167007035079763
2023-09-21,24.84406296131761
2023-09-22,24.712436324393902
2023-09-25,24.61783414769012
2023-09-26,24.40513703297352
2023-09-27,24.216706251653967
2023-09-28,24.27067242066329
2023-09-29,24.180094174411405
2023-10-02,23.4002487881146
2023-10-03,23.24010965114426
2023-10-04,23.4117156007829
2023-10-05,22.93044451331236
2023-10-06,22.79477417172536
2023-10-09,22.81911284055392
2023-10-10,23.044829153597085
2023-10-11,22.894427543021017
2023-10-12,22.629995854298134
2023-10-13,22.83366714501063
2023-10-16,23.058614465942647
2023-10-17,23.173796547689957
2023-10-18,23.2629002622316
2023-10-19,23.079183269451963
2023-10-20,22.97649412851308
2023-10-23,22.9217223277784
2023-10-24,23.119672114521453
2023-10-25,23.198479182605368
2023-10-26,23.049525699075204
2023-10-27,22.73346190729337
2023-10-30,23.081284559278966
2023-10-31,23.511953795912195
2023-11-01,23.008061310039515
2023-11-02,23.63613574763886
2023-11-03,23.2581720683047
2023-11-06,23.29330183052429
2023-11-07,23.34499262419021
2023-11-08,23.246693169686765
2023-11-09,23.190176524665155
2023-11-10,23.32236724546803
2023-11-13,23.41899885185127
2023-11-14,23.79372150882366
2023-11-15,24.027803048778598
2023-11-16,23.7548688366725
2023-11-17,23.340788918678534
2023-11-20,23.34750603265372
2023-11-21,23.405947848740634
2023-11-22,23.573273265314988
2023-11-24,23.664102198562723
2023-11-27,23.616785623608976
2023-11-28,23.699611497941774
2023-11-29,23.52248711329277
2023-11-30,23.75230079571821
2023-12-01,23.777492859688515
2023-12-04,23.773533575040144
2023-12-05,23.613070952601966
2023-12-06,23.560769160678138
2023-12-07,23.583358276586566
2023-12-08,23.554273540397617
2023-12-11,23.77542330495418
2023-12-12,23.818483989703672
2023-12-13,24.29723573871322
2023-12-14,23.96374084236859
2023-12-15,23.879177980159863
2023-12-18,24.068533411836366
2023-12-19,24.134108718310763
2023-12-20,23.64939785132622
2023-12-21,23.777062744204976
2023-12-22,23.970623695805486
2023-12-26,24.084817989855022
2023-12-27,24.122827206071097
2023-12-28,24.132284330649586
2023-12-29,24.172809898444417
2024-01-02,24.509905131093365
2024-01-03,24.30711850756882
2024-01-04,24.26128410083702
2024-01-05,23.411060976151305
2024-01-08,23.509047340760066
2024-01-09,23.542365117815223
2024-01-10,23.517192494928793
2024-01-11,23.52399755854725
2024-01-12,23.605428715303983
2024-01-16,23.490335209939026
2024-01-17,23.456823298411138
2024-01-18,23.386089239060333
2024-01-19,23.339572738777537
2024-01-22,23.01436635364955
2024-01-23,23.477775123106618
2024-01-24,23.285968579943912
2024-01-25,23.473689646106134
2024-01-26,23.40382180434185
2024-01-29,23.578386216378764
2024-01-30,23.68224937783516
2024-01-31,23.35827753775066
2024-02-01,23.859534474152927
2024-02-02,23.82104265290874
2024-02-05,23.551072117737288
2024-02-06,23.802611913641027
2024-02-07,23.75985987473935
2024-02-08,23.65052821379066
2024-02-09,23.353461867661103
2024-02-13,23.50496079974544
2024-02-14,23.06037881838675
2024-02-15,23.23085750783012
2024-02-16,23.25787989882684
2024-02-20,23.484868148532588
2024-02-21,23.6506282966422
2024-02-22,23.698961258885436
2024-02-23,22.05023531244749
2024-02-26,23.591451610642014
2024-02-27,23.6351873603669
2024-02-28,23.682570068718757
2024-02-29,23.637802659006628
2024-03-01,23.61782498843612
2024-03-04,23.530329871874677
2024-03-05,23.733583273953897
2024-03-06,23.81149844868241
2024-03-07,23.868881546402072
2024-03-08,23.563194543946505
2024-03-11,23.6935258832957
2024-03-12,23.83100483647101
2024-03-13,23.96475247916176
2024-03-14,24.30234187949714
2024-03-15,24.353663251942386
2024-03-18,24.789896130800194
2024-03-19,24.883481426789096
2024-03-20,24.945618520110617
2024-03-21,24.939137562133546
2024-03-22,24.783266121177412
2024-03-25,24.706289390606866
2024-03-26,24.72369178055675
2024-03-27,24.961539118875585
2024-03-28,26.51119585957809
2024-04-01,26.38193064869431
2024-04-02,26.23493027368047
2024-04-03,25.944698138878348
2024-04-04,25.814668656917725
2024-04-05,25.89314000367907
2024-04-08,25.843690125264608
2024-04-09,25.979933145200626
2024-04-10,25.879380511387975
2024-04-11,25.805060050597618
2024-04-12,25.494502959788523
2024-04-15,25.38383218677077
2024-04-16,25.396044996361592
2024-04-17,25.50044453144069
2024-04-18,25.594766936299294
2024-04-19,25.742616612719065
2024-04-22,25.979779226395106
2024-04-23,26.05017185226237
2024-04-24,26.17939405380848
2024-04-25,26.217634831736977
2024-04-26,25.971763951575824
2024-04-29,26.050247456060124
2024-04-30,25.936065763577744
2024-05-01,25.929474477438013
2024-05-02,26.117059360255237
2024-05-03,26.153334702311668
2024-05-06,26.112265455453528
2024-05-07,26.4568385450298
2024-05-08,26.383115327667667
2024-05-09,26.58609210231218
2024-05-10,26.753256129873236
2024-05-13,26.670649292893934
2024-05-14,26.61347911214655
2024-05-15,26.612210286287198
2024-05-16,26.518551479575713
2024-05-17,26.44985660132258
2024-05-20,26.268475915530626
2024-05-21,26.422581712143508
2024-05-22,26.3343493338923
2024-05-23,26.02209163585513
2024-05-24,26.089709925480467
2024-05-28,25.883705843885995
2024-05-29,25.692216168655218
2024-05-30,25.763786024569466
2024-05-31,26.148823278668612
2024-06-03,26.145028083088494
2024-06-04,26.426369463521034
2024-06-05,26.357261408051343
2024-06-06,26.192057473191
2024-06-07,26.05126959032321
2024-06-10,26.00125577379216
2024-06-11,25.984604764036746
2024-06-12,25.72962392981356
2024-06-13,25.66850376328349
2024-06-14,25.658495357961886
2024-06-17,25.917293959378117
2024-06-18,25.93799246959304
2024-06-20,25.9379493303584
2024-06-21,25.894392418620438
2024-06-24,26.233776259948247
2024-06-25,26.043715407536716
2024-06-26,26.021245164019252
2024-06-27,26.086432266857557
2024-06-28,25.597788298867155
2024-07-01,25.447527868156467
2024-07-02,25.529286665551876
2024-07-03,25.276817993530095
2024-07-05,25.592931189856383
2024-07-08,25.577912866251875
2024-07-09,25.442267546617504
2024-07-10,25.59413048587198
2024-07-11,25.743554165749533
2024-07-12,25.76602077833213
2024-07-15,25.635706780712354
2024-07-16,25.887759823997175
2024-07-17,26.254022214409392
2024-07-18,26.068329185605933
2024-07-19,25.941439158740412
2024-07-22,25.961755630138903
2024-07-23,25.6071343766415
2024-07-24,25.691411953129368
2024-07-25,25.696344027464384
2024-07-26,25.898982612829546
2024-07-29,25.92295515252868
2024-07-30,26.062543312658917
2024-07-31,25.783294157868106
2024-08-01,26.06417549566194
2024-08-02,26.23895522169725
2024-08-05,25.526981505476396
2024-08-06,25.79813944389414
2024-08-07,25.855628968621932
2024-08-08,26.02843688253945
2024-08-09,26.05757422745004
2024-08-12,25.895720331922963
2024-08-13,26.025100505481415
2024-08-14,26.133101978229153
2024-08-15,26.321609851472978
2024-08-16,26.96286202499035
2024-08-19,27.048848026707937
2024-08-20,27.200210561191817
2024-08-21,27.340763808792595
2024-08-22,27.16946219214502
2024-08-23,27.26883863587653
2024-08-26,27.474863920602434
2024-08-27,27.511438363202295
2024-08-28,27.4339354021173
2024-08-29,27.184783639612753
2024-08-30,27.435815766206456
2024-09-03,27.689432958653917
2024-09-04,27.854880367940847
2024-09-05,27.556078709332127
2024-09-06,27.53359218074625
2024-09-09,27.76951420667546
2024-09-10,27.739479234753713
2024-09-11,27.443235486986197
2024-09-12,27.619578152029028
2024-09-13,27.70462314472501
2024-09-16,27.75434691990182
2024-09-17,27.517569824061113
2024-09-18,27.41918337393893
2024-09-19,27.29028393526006
2024-09-20,27.37431003050285
2024-09-23,27.513286168334343
2024-09-24,25.671736472643303
2024-09-25,25.582054476446714
2024-09-26,25.599419649448343
2024-09-27,25.703791625837912
2024-09-30,25.720277653843024
2024-10-01,25.61629588046372
2024-10-02,25.319122827840342
2024-10-03,25.696995545731546
2024-10-04,25.782917592280917
2024-10-07,25.534957988146637
2024-10-08,25.61248875623577
2024-10-09,25.864880036638255
2024-10-10,25.734032081407157
2024-10-11,25.90453534893497
2024-10-14,25.996736397915672
2024-10-15,26.123437042096352
2024-10-16,26.35708095409069
2024-10-17,26.292927188011678
2024-10-18,26.387911291646507
2024-10-21,26.111680965558502
2024-10-22,26.013188103604666
2024-10-23,25.836545599618887
2024-10-24,25.73118533277382
2024-10-25,25.510830665504972
2024-10-28,25.537766500014143
2024-10-29,25.289854848398644
2024-10-30,25.505033261622707
2024-10-31,25.53289855616471
2024-11-01,25.424101284526575
2024-11-04,25.464499240679913
2024-11-05,25.608352896182026
2024-11-06,25.305721242293323
2024-11-07,25.152888627951942
2024-11-08,25.695215641308923
2024-11-11,25.62717213353998
2024-11-12,25.430546635926582
2024-11-13,25.455840965160508
2024-11-14,25.402050628111244
2024-11-15,25.17561993295555
2024-11-18,25.59303864772421
2024-11-19,25.2172188350927
2024-11-20,24.84313801257959
2024-11-21,25.06720429636234
2024-11-22,25.59715199571326
2024-11-25,25.805917425792554
2024-11-26,26.029587661394185
2024-11-27,26.044742817700048
2024-11-29,26.163454865734362
2024-12-02,26.109150641186062
2024-12-03,26.003894357308504
2024-12-04,25.853946110264104
2024-12-05,26.08865813865216
2024-12-06,25.867541610918842
2024-12-09,25.808149064142135
2024-12-10,25.944846851575278
2024-12-11,25.74044090248466
2024-12-13,25.932878816860217
2024-12-16,25.684965359644586
2024-12-17,25.75979961773669
2024-12-18,25.27582678971816
2024-12-19,25.261192780480542
2024-12-20,25.21840891390141
2024-12-23,25.07539471833725
2024-12-24,25.222139578701587
2024-12-26,25.20207952587909
2024-12-27,25.225475073349298
2024-12-30,24.952252303445672
2024-12-31,24.995202457079937
2025-01-02,24.873423059525635
2025-01-03,24.87102508181652
2025-01-06,24.51567187609169
2025-01-07,24.396738081343443
2025-01-08,24.57803281479629
2025-01-10,24.1480739775478
2025-01-13,24.22464755109113
2025-01-14,24.59547211130933
2025-01-15,24.459714420947492
2025-01-16,24.713334440250293
2025-01-17,24.862119554788638
2025-01-21,25.04372810032404
2025-01-22,24.694212424809162
2025-01-23,24.60641503631523
2025-01-24,24.815181704328765
2025-01-27,25.530134611261882
2025-01-28,24.94167673060781
2025-01-29,25.02100708183234
2025-01-30,24.89292025715364
2025-01-31,24.803961989599017
2025-02-03,24.575989607466756
2025-02-04,23.931626054794904
2025-02-05,24.330670021187665
2025-02-06,24.700908232266464
2025-02-07,24.69964136389917
2025-02-10,24.78605123123929
2025-02-11,25.067739970199174
2025-02-12,24.44305754453335
2025-02-13,24.763010801139757
2025-02-14,24.536353772688294
2025-02-18,24.583988754676657
2025-02-19,25.024797235134567
2025-02-20,25.002586170943754
2025-02-21,25.20607012665698
2025-02-24,25.159883859367273
2025-02-25,25.832969311714606
2025-02-26,25.35094166623675
2025-02-27,25.752732908493467
2025-02-28,26.06713290113753
2025-03-03,26.22390246863551
2025-03-04,25.75473239203786
2025-03-05,25.856244700188558
2025-03-06,26.14114232414944
2025-03-07,26.413270142451825
2025-03-10,26.503430216807107
2025-03-11,26.03943906676473
2025-03-12,25.40907071365159
2025-03-13,25.40355131908821
2025-03-14,25.43303896877327
2025-03-17,25.766377681877938
2025-03-18,25.501439630292847
2025-03-19,25.451242181732265
2025-03-20,25.312958177515153
2025-03-21,25.266008794162545
2025-03-24,25.373340374384405
2025-03-25,25.100952499864135
2025-03-26,24.82598760862012
2025-03-27,25.132792832492523
2025-03-28,25.00566655080084
2025-03-31,25.389953126307052
2025-04-01,25.371447735949317
2025-04-02,25.215076502417965
2025-04-03,25.40153684943878
2025-04-04,24.404787282518445
2025-04-07,24.061990361107945
2025-04-08,23.61383575321095
2025-04-09,24.529856321954288
2025-04-10,24.708398369242612
2025-04-11,25.01830000738662
2025-04-14,25.4285035966896
2025-04-15,25.18118505381453
2025-04-16,24.909512397666486
2025-04-17,25.468793283845727
2025-04-21,25.280287670044064
2025-04-22,25.790438952139603
2025-04-23,25.527763377207293
2025-04-24,25.343541985961135
2025-04-25,25.26169949368325
2025-04-28,25.1915734335701
2025-04-29,26.005804671059213
2025-04-30,26.216917893457204
2025-05-01,26.175764328737472
2025-05-02,26.317789037527913
2025-05-05,26.210780213998635
2025-05-06,26.423040850384343
2025-05-07,26.466583469178122
2025-05-08,26.422699169938824
2025-05-09,26.252527025798802
2025-05-12,26.2767894263718
2025-05-13,25.983716458591505
2025-05-14,25.809182202109177
2025-05-15,26.455626262598347
2025-05-16,26.7416562884107
2025-05-19,26.79336660432638
2025-05-20,26.895324613281666
2025-05-21,26.460691681883137
2025-05-22,26.410759871328924
2025-05-23,26.490121136483612
2025-05-27,26.736426531978474
2025-05-28,26.54645484960248
2025-05-29,26.61464827678167
2025-05-30,26.82591663345766
2025-06-02,26.834591404640882
2025-06-03,26.813209810994522
2025-06-04,26.56743487706096
2025-06-05,26.486589738648423
2025-06-06,26.489193822035027
2025-06-09,26.438563017477133
2025-06-10,26.56048378721561
2025-06-11,26.83703694407686
2025-06-12,27.013165887322856
2025-06-13,26.65032196878319
2025-06-16,26.690967003490837
2025-06-17,26.476109049616188
2025-06-18,26.45472284043653
2025-06-20,26.654818156896074
2025-06-23,26.948364564253403
2025-06-24,26.900488095082743
2025-06-25,26.57174802525116
2025-06-26,26.607222910439603
2025-06-27,26.74551807736643
2025-06-30,26.858237088855798
2025-07-01,27.390311412617358
2025-07-02,27.460774323943316
2025-07-03,27.359700727044235
2025-07-07,27.286566236114037
2025-07-08,27.17140871361783
2025-07-09,26.896375806301904
2025-07-10,26.732743440953975
2025-07-11,26.578318299548627
2025-07-14,26.625522583503535
2025-07-15,26.32932142402715
2025-07-16,26.44841971101569
2025-07-17,26.693778791828787
2025-07-18,26.935151494660577
2025-07-21,26.919478906248195
2025-07-22,26.945165605740662
2025-07-23,26.903450553097652
2025-07-24,26.729094554352105
2025-07-25,26.755695426862495
2025-07-28,26.45832384787434
2025-07-29,26.59881885997001
2025-07-30,29.617526714502524
2025-07-31,29.32630806277107
2025-08-01,29.460035609757824
2025-08-04,29.694330999949486
2025-08-05,29.862123099880275
2025-08-06,30.22479226889125
2025-08-07,30.177984188281087
2025-08-08,30.301551943432564
2025-08-11,30.316158812121
2025-08-12,30.3945071542629
2025-08-13,30.277882352138707
2025-08-14,30.10509151724395
2025-08-15,30.121743730065152
2025-08-18,30.101056354801386
2025-08-19,30.429978264174267
2025-08-20,30.548164674177098
2025-08-21,30.309643024275577
2025-08-22,30.289441723974367
2025-08-25,29.730729953322975
2025-08-26,29.454390389035527
2025-08-27,29.760768999596436
2025-08-28,29.478397705490224
2025-08-29,27.306005760582835
2025-09-02,27.424245026249707
2025-09-03,27.104694779420996
2025-09-04,27.24754385840419
2025-09-05,27.286210307469585
2025-09-08,27.143154512546417
2025-09-09,27.25722542155644
2025-09-10,27.023397398059938
2025-09-11,27.21331448581923
2025-09-12,27.067141800956726
2025-09-15,26.655674018945156
2025-09-16,26.883197315366655
2025-09-17,26.741880857644304
2025-09-18,26.491594006337884
2025-09-19,26.423391579726474
2025-09-22,26.09266580130316
2025-09-23,26.35408344305269
2025-09-24,26.413552267841293
2025-09-25,26.113956554932184
2025-09-26,26.1845942256415
2025-09-29,26.223068189028037
2025-09-30,26.31103401860381
2025-10-01,26.40742242354356
2025-10-02,26.276840475586653
2025-10-03,26.315022443352284
2025-10-06,26.142054410381288
2025-10-07,25.7470336791718
2025-10-08,25.599822110986334
2025-10-09,25.672787446234132
2025-10-10,25.74620082288195
2025-10-13,25.59396196722879
2025-10-14,26.00125418128959
2025-10-15,26.092739469292923
2025-10-16,25.916051011465317
2025-10-17,26.229191843281146
2025-10-20,26.196798632237066
2025-10-21,26.02260576652466
2025-10-22,26.111776086781823
2025-10-23,25.983129523788104
2025-10-24,25.75384332358548
2025-10-27,25.821727769321946
2025-10-28,25.544282469359644
2025-10-29,24.69384055832022
2025-10-30,24.709789908730958
2025-10-31,24.496439325268224
2025-11-03,24.389489662760454
2025-11-04,25.630090890021915
2025-11-05,25.71935310838973
2025-11-06,25.599533604231024
2025-11-07,25.92452195921658
2025-11-10,25.909954253307788
2025-11-11,26.33974379541404
2025-11-12,26.261982951425527
2025-11-13,26.240746570984896
2025-11-14,26.28524180591573
2025-11-17,26.100864753762778
2025-11-18,26.199923773161522
2025-11-19,26.06285541969524
2025-11-20,26.126619643733942
2025-11-21,26.425264667684026
2025-11-24,25.937932092079212
2025-11-25,26.380533263914813
2025-11-26,26.578187442432867
2025-11-28,26.725164237818362
2025-12-01,26.65208496986145
2025-12-02,26.4449028922581
2025-12-03,26.483303491402737
2025-12-04,26.403317466198338
2025-12-05,27.228214165228735
2025-12-08,26.937681835247876
2025-12-09,27.128073550870596
2025-12-10,27.15513958560767
2025-12-11,27.365852690829282
2025-12-12,27.605165057689916
2025-12-15,27.750467822198214
2025-12-16,27.538974852675516
2025-12-17,27.877330919754552
2025-12-18,27.643013495705695
2025-12-19,27.953239179828866
2025-12-22,27.92286407717815
2025-12-23,27.619473456765736
2025-12-24,27.8277284200404
2025-12-29,27.792692248761995
2025-12-30,27.810916445748447
2025-12-31,27.60546878865458
2026-01-01,27.606716726119252
2026-01-02,27.575445948260946
2026-01-05,27.45612330230894
2026-01-06,27.463102938612103
2026-01-07,27.280584452305053
2026-01-08,27.916777686981547
2026-01-09,28.15584114123643
2026-01-12,28.48114057120186
2026-01-13,28.899940253604974
2026-01-14,29.214437478800065
2026-01-15,29.307763614568806
2026-01-16,29.266526744214033
2026-01-20,29.306062783286155
2026-01-21,29.292898461712312
2026-01-22,29.316198545498594
2026-01-23,29.498266651212123
2026-01-26,29.376943838410902
2026-01-27,29.837292040907666
2026-01-28,29.4881622253239
2026-01-29,30.085693156791795
2026-01-30,31.178673563138663
2026-02-02,31.564452170337695
2026-02-03,32.719926621932075
2026-02-04,33.40176817678261
2026-02-05,33.34661282402779
2026-02-06,33.02035367181316
2026-02-09,32.886730987016364
2026-02-10,32.69501449516763
2026-02-11,33.93900121900028
2026-02-12,34.25587476169011
2026-02-13,34.28101569376237
2026-02-17,33.87852131618364
2026-02-18,33.81106135487295
2026-02-19,33.74373364390076
2026-02-20,33.785061047714954
2026-02-23,34.3125886089907
2026-02-24,34.204087656663226
2026-02-25,34.03367382971681
2026-02-26,33.813135977497055
2026-02-27,34.10133289612774
2026-03-02,33.781721663865106
2026-03-03,33.47778265695584
2026-03-04,33.14052947352377
2026-03-05,32.36430998713274
2026-03-06,32.424181741176994
2026-03-09,32.56747454972903
2026-03-10,32.52488660565209
2026-03-11,31.983062765062016
2026-03-12,31.777020605708202
2026-03-13,31.86343365496963
2026-03-16,31.930850183787474
2026-03-17,31.74821674927389
2026-03-18,31.232374622116513
2026-03-19,30.965389725301257
2026-03-20,30.710967607915446
2026-03-23,30.94076162816318
2026-03-24,31.043718743334068
2026-03-25,31.178522833816267
2026-03-26,31.035375337238282
2026-03-27,31.277197782475653
2026-03-30,31.22581899736773
2026-03-31,30.736551294406183
2026-04-01,30.574517059945652
2026-04-02,30.618653474288806
2026-04-06,30.892395819672586
2026-04-07,30.476157560196853
2026-04-08,30.885969079254014
2026-04-09,31.03990373566737
2026-04-10,30.745215388104153
2026-04-13,30.473065822149174
2026-04-14,30.380360507351057
2026-04-15,30.180932855216
2026-04-16,30.222033329616853
2026-04-17,30.681675435319406
2026-04-20,30.60038045634428
2026-04-21,30.34062346614476
2026-04-22,30.606683613148068
2026-04-23,31.271901168133873
2026-04-24,31.08120070463303
2026-04-27,30.667073246110157
2026-04-28,30.71316107239738
2026-04-29,30.730362933569232
2026-04-30,30.84753298610077
2026-05-01,30.699567766570343
2026-05-04,30.305930550206924
2026-05-05,30.55444607514201
2026-05-06,30.577231820462575
2026-05-07,30.490596842491147
2026-05-08,30.143195050336093
2026-05-11,30.124967027922434
2026-05-12,30.555900315373883
2026-05-13,30.584907031760103
2026-05-14,30.62921676014506
2026-05-15,30.618694535677623
2026-05-18,30.9810529382424
2026-05-19,31.14016454787941
2026-05-20,31.04191219780338
2026-05-21,30.830851366955365
2026-05-22,30.668033983982557
2026-05-26,30.218346617449495
2026-05-27,30.574714427872692
2026-05-28,30.604256160656305
2026-05-29,30.01450786159704
2026-06-01,29.602884643736736
2026-06-02,29.558948717859746
2026-06-03,29.66138380588115
2026-06-04,29.60861208942374
2026-06-05,30.177983875200372
2026-06-08,29.82975668878938
2026-06-09,29.712831755882195
2026-06-10,30.04143957671701
2026-06-11,30.003910694994985
2026-06-12,30.239642336077296
2026-06-15,30.06182167342042
2026-06-16,30.138504005904572
2026-06-17,29.455581364244047
2026-06-18,29.398670191418397
2026-06-22,29.398670191418397
2026-06-23,29.953975306590237
2026-06-24,29.87276301779985
2026-06-25,29.96036183310189
2026-06-26,30.309369708335332
2026-06-29,30.068176035527525
2026-06-30,29.542359109256772
2026-07-01,29.439399077774098
2026-07-02,31.467932571266072
2026-07-06,31.081088078541505
2026-07-07,31.394790274635554
2026-07-08,31.245046536817235
2026-07-09,30.40804647185254
2026-07-10,30.762609080801045
2026-07-13,30.846742335253655
2026-07-14,30.382562612916356
2026-07-15,30.467412559386233
2026-07-16,31.32898288131238
2026-07-17,31.154722992145388
2026-07-20,30.987935461416917
2026-07-21,30.67571820736743
2026-07-22,30.821194671315325
2026-07-23,30.47461640190807
2026-07-24,30.744488731988593
2026-07-27,31.18537809477326
2026-07-28,31.161496592500363
2026-07-29,31.270725991883932
2026-07-30,30.4679542173984
2026-07-31,30.433731800747523
2026-08-03,30.269335080380444
2026-08-04,30.079900646928305
2026-08-05,29.222635181852354
2026-08-06,29.43340019461944
2026-08-07,29.387850354659488
2026-08-10,29.30668221710404
2026-08-11,29.340398123961045
