date,trailing_pe
2003-06-11,25.520689
2003-06-12,25.378705
2003-06-13,25.083825
2003-06-16,25.161753
2003-06-17,24.848066
2003-06-18,24.741097
2003-06-19,24.656216
2003-06-20,24.602155
2003-06-23,24.655021
2003-06-24,24.635698
2003-06-25,24.593995
2003-06-26,24.51958
2003-06-27,24.363484
2003-06-30,24.18958
2003-07-01,24.265363
2003-07-02,24.288193
2003-07-03,24.177539
2003-07-07,24.119407
2003-07-08,24.011554
2003-07-09,24.124101
2003-07-10,23.804833
2003-07-11,23.957824
2003-07-14,23.700362
2003-07-15,23.53448
2003-07-16,23.363826
2003-07-17,23.519381
2003-07-18,24.038844
2003-07-21,23.782516
2003-07-22,23.71602
2003-07-23,23.599503
2003-07-24,22.987729
2003-07-25,23.271126
2003-07-28,23.238331
2003-07-29,23.099492
2003-07-30,22.290277
2003-07-31,20.566284
2003-08-01,19.507194
2003-08-04,19.471896
2003-08-05,19.309818
2003-08-06,19.036948
2003-08-07,19.423625
2003-08-08,19.526133
2003-08-11,19.601812
2003-08-12,19.719464
2003-08-13,19.690629
2003-08-14,19.824471
2003-08-15,19.745233
2003-08-18,19.797623
2003-08-19,19.706137
2003-08-20,19.804703
2003-08-21,19.919807
2003-08-22,19.647838
2003-08-25,19.698531
2003-08-26,19.698221
2003-08-27,19.818078
2003-08-28,20.093207
2003-08-29,20.138183
2003-09-02,20.272611
2003-09-03,20.310053
2003-09-04,20.273135
2003-09-05,20.17695
2003-09-08,20.469637
2003-09-09,20.272243
2003-09-10,20.140913
2003-09-11,20.118299
2003-09-12,20.048346
2003-09-15,19.929888
2003-09-16,20.019018
2003-09-17,19.663243
2003-09-18,19.792476
2003-09-19,19.870124
2003-09-22,19.798722
2003-09-23,19.89105
2003-09-24,19.911042
2003-09-25,19.834419
2003-09-26,19.640114
2003-09-29,19.741637
2003-09-30,19.646894
2003-10-01,20.029728
2003-10-02,20.106889
2003-10-03,20.222434
2003-10-06,20.364481
2003-10-07,20.466458
2003-10-08,20.322653
2003-10-09,20.285751
2003-10-10,20.450229
2003-10-13,20.520031
2003-10-14,20.558908
2003-10-15,20.32347
2003-10-16,20.508281
2003-10-17,20.373035
2003-10-20,20.363659
2003-10-21,20.571191
2003-10-22,20.030827
2003-10-23,19.912559
2003-10-24,19.903069
2003-10-27,19.843785
2003-10-28,20.123189
2003-10-29,19.744053
2003-10-30,18.505452
2003-10-31,16.959827
2003-11-03,16.870904
2003-11-04,16.768004
2003-11-05,16.738725
2003-11-06,16.644817
2003-11-07,16.602189
2003-11-10,16.581577
2003-11-11,16.618104
2003-11-12,16.030333
2003-11-13,16.19269
2003-11-14,16.11974
2003-11-17,15.941482
2003-11-18,15.809882
2003-11-19,15.887542
2003-11-20,15.839501
2003-11-21,15.780921
2003-11-24,15.882728
2003-11-25,15.994819
2003-11-26,16.148314
2003-11-28,16.108858
2003-12-01,16.242856
2003-12-02,16.322105
2003-12-03,16.304536
2003-12-04,16.634641
2003-12-05,16.666673
2003-12-08,16.872457
2003-12-09,16.941555
2003-12-10,16.964252
2003-12-11,17.033951
2003-12-12,17.173536
2003-12-15,16.993676
2003-12-16,17.259096
2003-12-17,17.427732
2003-12-18,17.845106
2003-12-19,17.847243
2003-12-22,17.868372
2003-12-23,17.834875
2003-12-24,17.961773
2003-12-26,18.040452
2003-12-29,18.274177
2003-12-30,18.318738
2003-12-31,18.334932
2004-01-02,18.232407
2004-01-05,18.633711
2004-01-06,18.541202
2004-01-07,18.371445
2004-01-08,18.401703
2004-01-09,18.323908
2004-01-12,18.419748
2004-01-13,18.394207
2004-01-14,18.393049
2004-01-15,18.126483
2004-01-16,18.287314
2004-01-20,18.59944
2004-01-21,18.640481
2004-01-22,18.54759
2004-01-23,16.993139
2004-01-26,17.133951
2004-01-27,17.05455
2004-01-28,16.336868
2004-01-29,15.036397
2004-01-30,14.541357
2004-02-02,14.559748
2004-02-03,13.56246
2004-02-04,13.490432
2004-02-05,13.314207
2004-02-06,13.386745
2004-02-09,13.501827
2004-02-10,13.662796
2004-02-11,13.870353
2004-02-12,13.863511
2004-02-13,13.821299
2004-02-17,13.934508
2004-02-18,13.77817
2004-02-19,13.800225
2004-02-20,13.807952
2004-02-23,13.937452
2004-02-24,13.919628
2004-02-25,13.986448
2004-02-26,13.987933
2004-02-27,14.006517
2004-03-01,14.245896
2004-03-02,14.104683
2004-03-03,14.08974
2004-03-04,14.029164
2004-03-05,14.204423
2004-03-08,14.234763
2004-03-09,14.198261
2004-03-10,13.991255
2004-03-11,13.676857
2004-03-12,13.895915
2004-03-15,13.853306
2004-03-16,13.885451
2004-03-17,14.062014
2004-03-18,14.16777
2004-03-19,13.882085
2004-03-22,13.726281
2004-03-23,13.655004
2004-03-24,13.391044
2004-03-25,13.370195
2004-03-26,13.51101
2004-03-29,13.58128
2004-03-30,13.826184
2004-03-31,13.906452
2004-04-01,13.785927
2004-04-02,13.864549
2004-04-05,13.957687
2004-04-06,13.938486
2004-04-07,13.918534
2004-04-08,14.073805
2004-04-12,14.320338
2004-04-13,14.188602
2004-04-14,14.272049
2004-04-15,14.432019
2004-04-16,14.527535
2004-04-19,14.503319
2004-04-20,14.176042
2004-04-21,14.169269
2004-04-22,14.370767
2004-04-23,14.259689
2004-04-26,14.305298
2004-04-27,14.542386
2004-04-28,14.184786
2004-04-29,13.999269
2004-04-30,14.034823
2004-05-03,15.407171
2004-05-04,15.374272
2004-05-05,15.479127
2004-05-06,15.396022
2004-05-07,15.102061
2004-05-10,14.675147
2004-05-11,14.905477
2004-05-12,15.015291
2004-05-13,14.955848
2004-05-14,15.145464
2004-05-17,15.089821
2004-05-18,14.898947
2004-05-19,14.833205
2004-05-20,14.82522
2004-05-21,14.784195
2004-05-24,15.008225
2004-05-25,15.311261
2004-05-26,15.179428
2004-05-27,15.016017
2004-05-28,15.052911
2004-06-01,15.25181
2004-06-02,15.229196
2004-06-03,15.124053
2004-06-04,15.053105
2004-06-07,15.320507
2004-06-08,15.243595
2004-06-09,15.099901
2004-06-10,15.299739
2004-06-14,15.19563
2004-06-15,15.370974
2004-06-16,15.641352
2004-06-17,15.731376
2004-06-18,15.786643
2004-06-21,15.719128
2004-06-22,15.799759
2004-06-23,16.065529
2004-06-24,15.961029
2004-06-25,15.777064
2004-06-28,15.67333
2004-06-29,15.740291
2004-06-30,15.826666
2004-07-01,15.856229
2004-07-02,15.886412
2004-07-06,15.971737
2004-07-07,16.055156
2004-07-08,15.987159
2004-07-09,16.061828
2004-07-12,16.011939
2004-07-13,15.965755
2004-07-14,16.129573
2004-07-15,16.186555
2004-07-16,16.352471
2004-07-19,16.259991
2004-07-20,16.238744
2004-07-21,15.892047
2004-07-22,15.8967
2004-07-23,15.829227
2004-07-26,15.691703
2004-07-27,15.749836
2004-07-28,15.477769
2004-07-29,14.836675
2004-07-30,14.149699
2004-08-02,14.098663
2004-08-03,14.268774
2004-08-04,13.981966
2004-08-05,13.81972
2004-08-06,13.553917
2004-08-09,13.737819
2004-08-10,13.670979
2004-08-11,13.601757
2004-08-12,13.439132
2004-08-13,13.571669
2004-08-16,13.652544
2004-08-17,13.365189
2004-08-18,13.515071
2004-08-19,13.562781
2004-08-20,13.67075
2004-08-23,13.536156
2004-08-24,13.48585
2004-08-25,13.573996
2004-08-26,13.656774
2004-08-27,13.734235
2004-08-30,13.665156
2004-08-31,13.917824
2004-09-01,14.100257
2004-09-02,14.22395
2004-09-03,14.267447
2004-09-07,14.267003
2004-09-08,14.257848
2004-09-09,14.440994
2004-09-10,14.361549
2004-09-13,14.468333
2004-09-14,14.499399
2004-09-15,14.46576
2004-09-16,14.498384
2004-09-17,14.741264
2004-09-20,14.735994
2004-09-21,15.117999
2004-09-22,14.986295
2004-09-23,14.790895
2004-09-24,14.907842
2004-09-27,14.934715
2004-09-28,15.153581
2004-09-29,14.998344
2004-09-30,14.640927
2004-10-01,14.814122
2004-10-04,14.796954
2004-10-05,14.952057
2004-10-06,15.211621
2004-10-07,15.108982
2004-10-08,15.142344
2004-10-11,15.034847
2004-10-12,14.879693
2004-10-13,14.567206
2004-10-14,14.682597
2004-10-15,14.742109
2004-10-18,14.587628
2004-10-19,14.514767
2004-10-20,14.744192
2004-10-21,14.727005
2004-10-22,14.596912
2004-10-25,14.564271
2004-10-26,14.628052
2004-10-27,14.200255
2004-10-28,13.343546
2004-10-29,13.297613
2004-11-01,13.209392
2004-11-02,13.034387
2004-11-03,13.300423
2004-11-04,13.484397
2004-11-05,13.549686
2004-11-08,13.357574
2004-11-09,13.21024
2004-11-10,13.336404
2004-11-11,13.332514
2004-11-12,13.595131
2004-11-15,13.313138
2004-11-16,13.287473
2004-11-17,13.461388
2004-11-18,13.545905
2004-11-19,13.692196
2004-11-22,13.866085
2004-11-23,13.83256
2004-11-24,13.939464
2004-11-26,14.013769
2004-11-29,13.926091
2004-11-30,13.925066
2004-12-01,13.689317
2004-12-02,13.355343
2004-12-03,13.445343
2004-12-06,13.435241
2004-12-07,13.226186
2004-12-08,13.298356
2004-12-09,13.397488
2004-12-10,13.326178
2004-12-13,13.526493
2004-12-14,13.548394
2004-12-15,13.612447
2004-12-16,13.484856
2004-12-17,13.453314
2004-12-20,13.729275
2004-12-21,13.857953
2004-12-22,13.695913
2004-12-23,13.812328
2004-12-27,13.560891
2004-12-28,13.635999
2004-12-29,13.775751
2004-12-30,13.728573
2004-12-31,13.766656
2005-01-03,13.333229
2005-01-04,13.248869
2005-01-05,13.198283
2005-01-06,13.415838
2005-01-07,13.307274
2005-01-10,13.386697
2005-01-11,13.378703
2005-01-12,13.605429
2005-01-13,13.657487
2005-01-14,13.777013
2005-01-18,13.888096
2005-01-19,13.811225
2005-01-20,13.686882
2005-01-21,13.676358
2005-01-24,13.746248
2005-01-25,13.798211
2005-01-26,13.557548
2005-01-27,13.575386
2005-01-28,13.011364
2005-01-31,12.767999
2005-02-01,12.951749
2005-02-02,13.075814
2005-02-03,13.172485
2005-02-04,13.268434
2005-02-07,13.201379
2005-02-08,13.285623
2005-02-09,13.237105
2005-02-10,13.539938
2005-02-11,13.594504
2005-02-14,13.663177
2005-02-15,13.700974
2005-02-16,14.074989
2005-02-17,13.903372
2005-02-18,14.208962
2005-02-22,14.058374
2005-02-23,14.235535
2005-02-24,14.5457
2005-02-25,14.93435
2005-02-28,14.889049
2005-03-01,14.568079
2005-03-02,14.747476
2005-03-03,14.934827
2005-03-04,15.094599
2005-03-07,14.977403
2005-03-08,14.961824
2005-03-09,14.507733
2005-03-10,14.29181
2005-03-11,14.38644
2005-03-14,14.559139
2005-03-15,14.347411
2005-03-16,14.475458
2005-03-17,14.722954
2005-03-18,14.931442
2005-03-21,14.814868
2005-03-22,14.601097
2005-03-23,14.355028
2005-03-24,14.271857
2005-03-28,14.260109
2005-03-29,14.063039
2005-03-30,14.26978
2005-03-31,14.483163
2005-04-01,14.799184
2005-04-04,14.707785
2005-04-05,14.524697
2005-04-06,14.777041
2005-04-07,14.719434
2005-04-08,14.479167
2005-04-11,14.564912
2005-04-12,14.417883
2005-04-13,14.082875
2005-04-14,14.01859
2005-04-15,13.479403
2005-04-18,13.716176
2005-04-19,14.028776
2005-04-20,13.725406
2005-04-21,14.115751
2005-04-22,14.166864
2005-04-25,14.326378
2005-04-26,13.865667
2005-04-27,13.262129
2005-04-28,12.374574
2005-04-29,12.520625
2005-05-02,12.739461
2005-05-03,12.438444
2005-05-04,12.540427
2005-05-05,12.618272
2005-05-06,12.576577
2005-05-09,12.724359
2005-05-10,12.492922
2005-05-11,12.547842
2005-05-12,12.005079
2005-05-13,11.801517
2005-05-16,11.726685
2005-05-17,11.905564
2005-05-18,11.880523
2005-05-19,12.10195
2005-05-20,11.971682
2005-05-23,12.151985
2005-05-24,12.235773
2005-05-25,12.377642
2005-05-26,12.46439
2005-05-27,12.643682
2005-05-31,12.5393
2005-06-01,12.769755
2005-06-02,12.777746
2005-06-03,12.806846
2005-06-06,12.869726
2005-06-07,12.775878
2005-06-08,12.747172
2005-06-09,13.11449
2005-06-10,13.109212
2005-06-13,13.141265
2005-06-14,13.198554
2005-06-15,13.355425
2005-06-16,13.563381
2005-06-17,13.775769
2005-06-20,13.796817
2005-06-21,13.516307
2005-06-22,13.573441
2005-06-23,13.523398
2005-06-24,13.418295
2005-06-27,13.641922
2005-06-28,13.459556
2005-06-29,13.393254
2005-06-30,13.277357
2005-07-01,13.547376
2005-07-05,13.965195
2005-07-06,13.71835
2005-07-07,13.869229
2005-07-08,13.795676
2005-07-11,13.900618
2005-07-12,13.988271
2005-07-13,13.926283
2005-07-14,13.614271
2005-07-15,13.538978
2005-07-18,13.485106
2005-07-19,13.71445
2005-07-20,13.742224
2005-07-21,13.488326
2005-07-22,13.950378
2005-07-25,14.077771
2005-07-26,13.964354
2005-07-27,13.966887
2005-07-28,13.533642
2005-07-29,13.345238
2005-08-01,13.466374
2005-08-02,13.470391
2005-08-03,13.185981
2005-08-04,13.172802
2005-08-05,13.073659
2005-08-08,13.292861
2005-08-09,13.299113
2005-08-10,13.493177
2005-08-11,13.631939
2005-08-12,13.602844
2005-08-15,13.47916
2005-08-16,13.187346
2005-08-17,12.898238
2005-08-18,12.880255
2005-08-19,13.074325
2005-08-22,13.106922
2005-08-23,13.092409
2005-08-24,13.156016
2005-08-25,13.162244
2005-08-26,13.000115
2005-08-29,13.088026
2005-08-30,13.279352
2005-08-31,13.624398
2005-09-01,13.987152
2005-09-02,13.737899
2005-09-06,13.832651
2005-09-07,13.860032
2005-09-08,13.853044
2005-09-09,14.241044
2005-09-12,13.986228
2005-09-13,13.85285
2005-09-14,13.998264
2005-09-15,14.002395
2005-09-16,14.174079
2005-09-19,14.493071
2005-09-20,14.386573
2005-09-21,14.554446
2005-09-22,14.471609
2005-09-23,14.224222
2005-09-26,14.46113
2005-09-27,14.469794
2005-09-28,14.586935
2005-09-29,14.685053
2005-09-30,14.450188
2005-10-03,14.365223
2005-10-04,13.872958
2005-10-05,13.405472
2005-10-06,13.138556
2005-10-07,13.414895
2005-10-10,13.20993
2005-10-11,13.484945
2005-10-12,13.272877
2005-10-13,12.958365
2005-10-14,13.127824
2005-10-17,13.249708
2005-10-18,12.664058
2005-10-19,12.91018
2005-10-20,12.3055
2005-10-21,12.395732
2005-10-24,12.743413
2005-10-25,12.968836
2005-10-26,12.560428
2005-10-27,11.491208
2005-10-28,11.64183
2005-10-31,11.487291
2005-11-01,11.524467
2005-11-02,11.664784
2005-11-03,11.889857
2005-11-04,11.603288
2005-11-07,11.440825
2005-11-08,11.511306
2005-11-09,11.487734
2005-11-10,11.181486
2005-11-11,11.245778
2005-11-14,11.300563
2005-11-15,11.290631
2005-11-16,11.520526
2005-11-17,11.534589
2005-11-18,11.583595
2005-11-21,11.831376
2005-11-22,11.991471
2005-11-23,11.961814
2005-11-25,11.995489
2005-11-28,11.624019
2005-11-29,11.619962
2005-11-30,11.630869
2005-12-01,11.969081
2005-12-02,11.973001
2005-12-05,12.057067
2005-12-06,12.116281
2005-12-07,12.040125
2005-12-08,12.221962
2005-12-09,12.056428
2005-12-12,12.18121
2005-12-13,12.143199
2005-12-14,12.297117
2005-12-15,12.201628
2005-12-16,11.915032
2005-12-19,11.861042
2005-12-20,11.960474
2005-12-21,11.974787
2005-12-22,11.941161
2005-12-23,11.917766
2005-12-27,11.603699
2005-12-28,11.74924
2005-12-29,11.675054
2005-12-30,11.706395
2006-01-03,12.234226
2006-01-04,12.275053
2006-01-05,12.146859
2006-01-06,12.420796
2006-01-09,12.420307
2006-01-10,12.529595
2006-01-11,12.591726
2006-01-12,12.48726
2006-01-13,12.666538
2006-01-17,12.92041
2006-01-18,12.752509
2006-01-19,13.021216
2006-01-20,13.003177
2006-01-23,13.148451
2006-01-24,13.055612
2006-01-25,12.519439
2006-01-26,12.287407
2006-01-27,12.449631
2006-01-30,12.411027
2006-01-31,12.212138
2006-02-01,11.891963
2006-02-02,11.7593
2006-02-03,11.647071
2006-02-06,11.753407
2006-02-07,11.280148
2006-02-08,11.255609
2006-02-09,11.037532
2006-02-10,10.986309
2006-02-13,10.968091
2006-02-14,10.835034
2006-02-15,10.801159
2006-02-16,10.992072
2006-02-17,11.07012
2006-02-21,11.246925
2006-02-22,11.087064
2006-02-23,11.045064
2006-02-24,11.177556
2006-02-27,11.017423
2006-02-28,10.924156
2006-03-01,11.093857
2006-03-02,11.241975
2006-03-03,11.264126
2006-03-06,10.945108
2006-03-07,10.783052
2006-03-08,10.792662
2006-03-09,10.674259
2006-03-10,10.71573
2006-03-13,10.889277
2006-03-14,11.094837
2006-03-15,11.143218
2006-03-16,11.305888
2006-03-17,11.199286
2006-03-20,11.019792
2006-03-21,10.999089
2006-03-22,11.058418
2006-03-23,11.17895
2006-03-24,11.2431
2006-03-27,11.299811
2006-03-28,11.349174
2006-03-29,11.466642
2006-03-30,11.461071
2006-03-31,11.327223
2006-04-03,11.215621
2006-04-04,11.365954
2006-04-05,11.526105
2006-04-06,11.537039
2006-04-07,11.345615
2006-04-10,11.512359
2006-04-11,11.447647
2006-04-12,11.368582
2006-04-13,11.408591
2006-04-17,11.582231
2006-04-18,11.870708
2006-04-19,12.039327
2006-04-20,11.87996
2006-04-21,12.100101
2006-04-24,11.913584
2006-04-25,11.716282
2006-04-26,11.437227
2006-04-27,11.142833
2006-04-28,11.14818
2006-05-01,11.247828
2006-05-02,11.503279
2006-05-03,11.317294
2006-05-04,11.207043
2006-05-05,11.29202
2006-05-08,11.236763
2006-05-09,11.317171
2006-05-10,11.374335
2006-05-11,11.244481
2006-05-12,10.920941
2006-05-15,10.733874
2006-05-16,10.760388
2006-05-17,10.476613
2006-05-18,10.349545
2006-05-19,10.417632
2006-05-22,10.379082
2006-05-23,10.379381
2006-05-24,10.27235
2006-05-25,10.599695
2006-05-26,10.645533
2006-05-30,10.457121
2006-05-31,10.665526
2006-06-01,10.713183
2006-06-02,10.850004
2006-06-05,10.528328
2006-06-06,10.540189
2006-06-07,10.189402
2006-06-08,10.283417
2006-06-09,10.186834
2006-06-12,9.998212
2006-06-13,9.710271
2006-06-14,9.952118
2006-06-15,10.304237
2006-06-16,10.242608
2006-06-19,9.921981
2006-06-20,9.863744
2006-06-21,10.053627
2006-06-22,10.096411
2006-06-23,10.248516
2006-06-26,10.365531
2006-06-27,10.418382
2006-06-28,10.640151
2006-06-29,10.92059
2006-06-30,10.897698
2006-07-03,11.03073
2006-07-05,11.079659
2006-07-06,11.092991
2006-07-07,10.95494
2006-07-10,10.992051
2006-07-11,11.187037
2006-07-12,11.168347
2006-07-13,11.092325
2006-07-14,11.226332
2006-07-17,10.918211
2006-07-18,10.948306
2006-07-19,11.018141
2006-07-20,10.794428
2006-07-21,10.605603
2006-07-24,10.90663
2006-07-25,11.033076
2006-07-26,11.038343
2006-07-27,10.628652
2006-07-28,10.475044
2006-07-31,10.605883
2006-08-01,10.495238
2006-08-02,10.485325
2006-08-03,10.425201
2006-08-04,10.399512
2006-08-07,10.471467
2006-08-08,10.44445
2006-08-09,10.498419
2006-08-10,10.445858
2006-08-11,10.39975
2006-08-14,10.240304
2006-08-15,10.24743
2006-08-16,10.157988
2006-08-17,10.13023
2006-08-18,10.281924
2006-08-21,10.358419
2006-08-22,10.410418
2006-08-23,10.261085
2006-08-24,10.374796
2006-08-25,10.411995
2006-08-28,10.279857
2006-08-29,10.218972
2006-08-30,10.05552
2006-08-31,9.978228
2006-09-01,10.086273
2006-09-05,10.188449
2006-09-06,9.885084
2006-09-07,9.895509
2006-09-08,9.709079
2006-09-11,9.405861
2006-09-12,9.346383
2006-09-13,9.504824
2006-09-14,9.343265
2006-09-15,9.343277
2006-09-18,9.58359
2006-09-19,9.426554
2006-09-20,9.205165
2006-09-21,9.339295
2006-09-22,9.296796
2006-09-25,9.310782
2006-09-26,9.512166
2006-09-27,9.657773
2006-09-28,9.663309
2006-09-29,9.700065
2006-10-02,9.635349
2006-10-03,9.319951
2006-10-04,9.463903
2006-10-05,9.596854
2006-10-06,9.611083
2006-10-09,9.487933
2006-10-10,9.624707
2006-10-11,9.499928
2006-10-12,9.674816
2006-10-13,9.807056
2006-10-16,10.018755
2006-10-17,9.952353
2006-10-18,9.908828
2006-10-19,10.077476
2006-10-20,9.945867
2006-10-23,9.940815
2006-10-24,10.066401
2006-10-25,10.299111
2006-10-26,10.211004
2006-10-27,9.97888
2006-10-30,9.836485
2006-10-31,9.798741
2006-11-01,9.717352
2006-11-02,9.715021
2006-11-03,9.919423
2006-11-06,9.914545
2006-11-07,9.831234
2006-11-08,10.005452
2006-11-09,10.083989
2006-11-10,9.992525
2006-11-13,9.996264
2006-11-14,10.027217
2006-11-15,10.105191
2006-11-16,9.81254
2006-11-17,9.898021
2006-11-20,9.898731
2006-11-21,10.080233
2006-11-22,10.023635
2006-11-24,9.981226
2006-11-27,9.950132
2006-11-28,10.138344
2006-11-29,10.427915
2006-11-30,10.513336
2006-12-01,10.562605
2006-12-04,10.573741
2006-12-05,10.608895
2006-12-06,10.528158
2006-12-07,10.471781
2006-12-08,10.458596
2006-12-11,10.441996
2006-12-12,10.469207
2006-12-13,10.579072
2006-12-14,10.770401
2006-12-15,10.642783
2006-12-18,10.352335
2006-12-19,10.513285
2006-12-20,10.384195
2006-12-21,10.32523
2006-12-22,10.242789
2006-12-26,10.260714
2006-12-27,10.377932
2006-12-28,10.399657
2006-12-29,10.30207
2007-01-03,10.006546
2007-01-04,9.818502
2007-01-05,9.893563
2007-01-08,9.890868
2007-01-09,9.784166
2007-01-10,9.624903
2007-01-11,9.551561
2007-01-12,9.797707
2007-01-16,9.689211
2007-01-17,9.805506
2007-01-18,9.733256
2007-01-19,9.938893
2007-01-22,9.882002
2007-01-23,10.12208
2007-01-24,10.285003
2007-01-25,10.057192
2007-01-26,10.074649
2007-01-29,10.025358
2007-01-30,10.227947
2007-01-31,10.27062
2007-02-01,10.43467
2007-02-02,10.492874
2007-02-05,10.47222
2007-02-06,10.501247
2007-02-07,10.456178
2007-02-08,10.561102
2007-02-09,10.514314
2007-02-12,10.388756
2007-02-13,10.524904
2007-02-14,10.504374
2007-02-15,10.389616
2007-02-16,10.377004
2007-02-20,10.299392
2007-02-21,10.372584
2007-02-22,10.469067
2007-02-23,10.490917
2007-02-26,10.550524
2007-02-27,10.13555
2007-02-28,10.167123
2007-03-01,10.148409
2007-03-02,10.031984
2007-03-05,9.959935
2007-03-06,10.140714
2007-03-07,10.282029
2007-03-08,10.322458
2007-03-09,10.295012
2007-03-12,10.257946
2007-03-13,10.125817
2007-03-14,10.267352
2007-03-15,10.228451
2007-03-16,10.133163
2007-03-19,10.315231
2007-03-20,10.381115
2007-03-21,10.562737
2007-03-22,10.747665
2007-03-23,10.815704
2007-03-26,10.898333
2007-03-27,10.902225
2007-03-28,10.878901
2007-03-29,10.977713
2007-03-30,10.841693
2007-04-02,10.85043
2007-04-03,10.895426
2007-04-04,10.937578
2007-04-05,10.972162
2007-04-09,10.954909
2007-04-10,11.108441
2007-04-11,11.029616
2007-04-12,11.186907
2007-04-13,11.194468
2007-04-16,11.276061
2007-04-17,11.236973
2007-04-18,11.161739
2007-04-19,11.04321
2007-04-20,11.237003
2007-04-23,11.205604
2007-04-24,11.132622
2007-04-25,11.408358
2007-04-26,11.250764
2007-04-27,11.149906
2007-04-30,11.080505
2007-05-01,11.119342
2007-05-02,11.166105
2007-05-03,11.309353
2007-05-04,11.297988
2007-05-07,11.31195
2007-05-08,11.455597
2007-05-09,11.463427
2007-05-10,11.261946
2007-05-11,11.506708
2007-05-14,11.546304
2007-05-15,11.540858
2007-05-16,11.602274
2007-05-17,11.750719
2007-05-18,11.949686
2007-05-21,12.040059
2007-05-22,11.936873
2007-05-23,11.970387
2007-05-24,11.801322
2007-05-25,11.966279
2007-05-29,11.864104
2007-05-30,12.104123
2007-05-31,11.887968
2007-06-01,12.019547
2007-06-04,12.164349
2007-06-05,12.123762
2007-06-06,11.991619
2007-06-07,11.759162
2007-06-08,11.849027
2007-06-11,11.92801
2007-06-12,11.783687
2007-06-13,12.009062
2007-06-14,12.235095
2007-06-15,12.389206
2007-06-18,12.436112
2007-06-19,12.404724
2007-06-20,12.040616
2007-06-21,12.277123
2007-06-22,12.169071
2007-06-25,12.07576
2007-06-26,11.892562
2007-06-27,12.073743
2007-06-28,12.032374
2007-06-29,12.097984
2007-07-02,12.267194
2007-07-03,12.363825
2007-07-05,12.362538
2007-07-06,12.489448
2007-07-09,12.638047
2007-07-10,12.539276
2007-07-11,12.608764
2007-07-12,12.88513
2007-07-13,12.98248
2007-07-16,12.818614
2007-07-17,12.708443
2007-07-18,12.968798
2007-07-19,13.077941
2007-07-20,12.978628
2007-07-23,13.038591
2007-07-24,12.669801
2007-07-25,13.395468
2007-07-26,12.842625
2007-07-27,12.506613
2007-07-30,12.653341
2007-07-31,12.486041
2007-08-01,12.439062
2007-08-02,12.280983
2007-08-03,11.849425
2007-08-06,11.962309
2007-08-07,12.215848
2007-08-08,12.477109
2007-08-09,12.05141
2007-08-10,12.197297
2007-08-13,12.099617
2007-08-14,12.009831
2007-08-15,11.747466
2007-08-16,11.635185
2007-08-17,12.048052
2007-08-20,12.101531
2007-08-21,11.927309
2007-08-22,12.050932
2007-08-23,12.130555
2007-08-24,12.384513
2007-08-27,12.285248
2007-08-28,11.978442
2007-08-29,12.356643
2007-08-30,12.348883
2007-08-31,12.460353
2007-09-04,12.724197
2007-09-05,12.70475
2007-09-06,12.786183
2007-09-07,12.596346
2007-09-10,12.517311
2007-09-11,12.741939
2007-09-12,12.843048
2007-09-13,12.950333
2007-09-14,12.977211
2007-09-17,12.98244
2007-09-18,13.383358
2007-09-19,13.487257
2007-09-20,13.512634
2007-09-21,13.58863
2007-09-24,13.504499
2007-09-25,13.388296
2007-09-26,13.413735
2007-09-27,13.479493
2007-09-28,13.41982
2007-10-01,13.601142
2007-10-02,13.428993
2007-10-03,13.298526
2007-10-04,13.34936
2007-10-05,13.386895
2007-10-08,13.284938
2007-10-09,13.527245
2007-10-10,13.673802
2007-10-11,13.632594
2007-10-12,13.739903
2007-10-15,13.887528
2007-10-16,13.929239
2007-10-17,13.844349
2007-10-18,13.90446
2007-10-19,13.250931
2007-10-22,13.052481
2007-10-23,13.191671
2007-10-24,13.279377
2007-10-25,13.363929
2007-10-26,13.509464
2007-10-29,13.615777
2007-10-30,13.211047
2007-10-31,13.393779
2007-11-01,13.142632
2007-11-02,13.405843
2007-11-05,13.353895
2007-11-06,13.627751
2007-11-07,13.196797
2007-11-08,13.395766
2007-11-09,13.113569
2007-11-12,12.624423
2007-11-13,12.911444
2007-11-14,12.857242
2007-11-15,12.561255
2007-11-16,12.774487
2007-11-19,12.596904
2007-11-20,12.999599
2007-11-21,12.779098
2007-11-23,13.005872
2007-11-26,12.643706
2007-11-27,12.481871
2007-11-28,12.69325
2007-11-29,12.82247
2007-11-30,12.905326
2007-12-03,12.944137
2007-12-04,12.831367
2007-12-05,13.068306
2007-12-06,13.387714
2007-12-07,13.358957
2007-12-10,13.450058
2007-12-11,13.177073
2007-12-12,13.492575
2007-12-13,13.581431
2007-12-14,13.374912
2007-12-17,13.097356
2007-12-18,13.286047
2007-12-19,13.344802
2007-12-20,13.468325
2007-12-21,13.834663
2007-12-24,13.917798
2007-12-26,14.082068
2007-12-27,13.93552
2007-12-28,14.073456
2007-12-31,13.89468
2008-01-02,13.98147
2008-01-03,14.055349
2008-01-04,13.688929
2008-01-07,13.531907
2008-01-08,13.353401
2008-01-09,13.557954
2008-01-10,13.486716
2008-01-11,13.290399
2008-01-14,13.492868
2008-01-15,13.016446
2008-01-16,12.615724
2008-01-17,12.129391
2008-01-18,12.152315
2008-01-22,11.824106
2008-01-23,11.762304
2008-01-24,12.126741
2008-01-25,11.941545
2008-01-28,12.146843
2008-01-29,12.262418
2008-01-30,12.189492
2008-01-31,12.282502
2008-02-01,12.05134
2008-02-04,12.075831
2008-02-05,11.626229
2008-02-06,11.399946
2008-02-07,11.473013
2008-02-08,11.617958
2008-02-11,11.904895
2008-02-12,11.923705
2008-02-13,12.194557
2008-02-14,12.191056
2008-02-15,12.163775
2008-02-19,12.462237
2008-02-20,12.608616
2008-02-21,12.364005
2008-02-22,12.46498
2008-02-25,12.775855
2008-02-26,12.936591
2008-02-27,12.819509
2008-02-28,12.991547
2008-02-29,12.601495
2008-03-03,12.706418
2008-03-04,12.513621
2008-03-05,12.738489
2008-03-06,12.443759
2008-03-07,12.180826
2008-03-10,12.038122
2008-03-11,12.591124
2008-03-12,12.39886
2008-03-13,12.565659
2008-03-14,12.363534
2008-03-17,12.048829
2008-03-18,12.487284
2008-03-19,11.80989
2008-03-20,11.877408
2008-03-24,12.054364
2008-03-25,12.123631
2008-03-26,12.386232
2008-03-27,12.288663
2008-03-28,12.237577
2008-03-31,12.288444
2008-04-01,12.540851
2008-04-02,12.712837
2008-04-03,12.730024
2008-04-04,12.857745
2008-04-07,12.883267
2008-04-08,12.983923
2008-04-09,13.043433
2008-04-10,13.052447
2008-04-11,12.867361
2008-04-14,13.093567
2008-04-15,13.221861
2008-04-16,13.581022
2008-04-17,13.59177
2008-04-18,13.841901
2008-04-21,13.956123
2008-04-22,13.995435
2008-04-23,13.874529
2008-04-24,13.410499
2008-04-25,13.555357
2008-04-28,13.521867
2008-04-29,13.391621
2008-04-30,13.484046
2008-05-01,12.890368
2008-05-02,12.982018
2008-05-05,13.258168
2008-05-06,13.550233
2008-05-07,13.320292
2008-05-08,13.553407
2008-05-09,13.453102
2008-05-12,13.430042
2008-05-13,13.584541
2008-05-14,13.460468
2008-05-15,13.685478
2008-05-16,14.031989
2008-05-19,14.172236
2008-05-20,14.282251
2008-05-21,14.112153
2008-05-22,13.967122
2008-05-23,13.702601
2008-05-27,13.608284
2008-05-28,13.814653
2008-05-29,13.535308
2008-05-30,13.624906
2008-06-02,13.631385
2008-06-03,13.386392
2008-06-04,13.221474
2008-06-05,13.802237
2008-06-06,13.676006
2008-06-09,14.039604
2008-06-10,13.729349
2008-06-11,13.834572
2008-06-12,13.58642
2008-06-13,13.735388
2008-06-16,13.769245
2008-06-17,14.002691
2008-06-18,13.987417
2008-06-19,13.692893
2008-06-20,13.591397
2008-06-23,14.196251
2008-06-24,13.979837
2008-06-25,13.91203
2008-06-26,13.762323
2008-06-27,13.878144
2008-06-30,14.120712
2008-07-01,14.208951
2008-07-02,13.749958
2008-07-03,13.685927
2008-07-07,13.371764
2008-07-08,13.165147
2008-07-09,12.886786
2008-07-10,13.232109
2008-07-11,13.135605
2008-07-14,13.23532
2008-07-15,12.680892
2008-07-16,12.418287
2008-07-17,12.220886
2008-07-18,12.389537
2008-07-21,12.734898
2008-07-22,12.441225
2008-07-23,11.485254
2008-07-24,11.320966
2008-07-25,11.434782
2008-07-28,11.382526
2008-07-29,11.398476
2008-07-30,12.037753
2008-07-31,11.653975
2008-08-01,11.544746
2008-08-04,11.090906
2008-08-05,11.208263
2008-08-06,11.453252
2008-08-07,11.271658
2008-08-08,11.209097
2008-08-11,11.164512
2008-08-12,11.093289
2008-08-13,11.46594
2008-08-14,11.321127
2008-08-15,11.121535
2008-08-18,10.989801
2008-08-19,11.300754
2008-08-20,11.617818
2008-08-21,11.885301
2008-08-22,11.701113
2008-08-25,11.524903
2008-08-26,11.729659
2008-08-27,11.871681
2008-08-28,11.782275
2008-08-29,11.625234
2008-09-02,11.088203
2008-09-03,11.050087
2008-09-04,10.83153
2008-09-05,10.783059
2008-09-08,10.728644
2008-09-09,10.041051
2008-09-10,10.404497
2008-09-11,10.55814
2008-09-12,10.85363
2008-09-15,10.108557
2008-09-16,10.498887
2008-09-17,10.243147
2008-09-18,10.547844
2008-09-19,11.244896
2008-09-22,11.147459
2008-09-23,10.828419
2008-09-24,10.847668
2008-09-25,11.107511
2008-09-26,10.9141
2008-09-29,9.720864
2008-09-30,10.284811
2008-10-01,10.111628
2008-10-02,9.51279
2008-10-03,9.49527
2008-10-06,9.154202
2008-10-07,8.66384
2008-10-08,8.739378
2008-10-09,7.741758
2008-10-10,7.118147
2008-10-13,8.433893
2008-10-14,8.424463
2008-10-15,7.115398
2008-10-16,7.651819
2008-10-17,7.607844
2008-10-20,8.496925
2008-10-21,8.132146
2008-10-22,7.174749
2008-10-23,7.628789
2008-10-24,7.335261
2008-10-27,6.919028
2008-10-28,7.659384
2008-10-29,7.740659
2008-10-30,7.465591
2008-10-31,7.297004
2008-11-03,7.011123
2008-11-04,7.464742
2008-11-05,7.036949
2008-11-06,6.588368
2008-11-07,6.907008
2008-11-10,6.942014
2008-11-11,6.72485
2008-11-12,6.237336
2008-11-13,6.929588
2008-11-14,6.655891
2008-11-17,6.552732
2008-11-18,6.771325
2008-11-19,6.421199
2008-11-20,5.704683
2008-11-21,6.369725
2008-11-24,6.758211
2008-11-25,6.801639
2008-11-26,7.18998
2008-11-28,7.080474
2008-12-01,6.352981
2008-12-02,6.590202
2008-12-03,6.61002
2008-12-04,6.202704
2008-12-05,6.28348
2008-12-08,6.639636
2008-12-09,6.603185
2008-12-10,6.914186
2008-12-11,6.883639
2008-12-12,6.82025
2008-12-15,6.801245
2008-12-16,7.041967
2008-12-17,6.93029
2008-12-18,6.535401
2008-12-19,6.606833
2008-12-22,6.452592
2008-12-23,6.430038
2008-12-24,6.448775
2008-12-26,6.562144
2008-12-29,6.686536
2008-12-30,6.806965
2008-12-31,6.893642
2009-01-02,7.192908
2009-01-05,7.290881
2009-01-06,7.327201
2009-01-07,7.045554
2009-01-08,7.127129
2009-01-09,6.909471
2009-01-12,6.697305
2009-01-13,6.841374
2009-01-14,6.547665
2009-01-15,6.619372
2009-01-16,6.695427
2009-01-20,6.391169
2009-01-21,6.761312
2009-01-22,6.602325
2009-01-23,6.756721
2009-01-26,6.851371
2009-01-27,7.033147
2009-01-28,9.444278
2009-01-29,9.174468
2009-01-30,9.261571
2009-02-02,9.174211
2009-02-03,9.36364
2009-02-04,10.074026
2009-02-05,10.352601
2009-02-06,10.506575
2009-02-09,10.519206
2009-02-10,10.022799
2009-02-11,9.895341
2009-02-12,9.901846
2009-02-13,9.887033
2009-02-17,9.349086
2009-02-18,9.332139
2009-02-19,9.757389
2009-02-20,9.504196
2009-02-23,9.118882
2009-02-24,9.570595
2009-02-25,9.511837
2009-02-26,9.716176
2009-02-27,9.427982
2009-03-02,8.823021
2009-03-03,8.845871
2009-03-04,9.211275
2009-03-05,8.77374
2009-03-06,8.904199
2009-03-09,8.949383
2009-03-10,9.416708
2009-03-11,9.305681
2009-03-12,9.570063
2009-03-13,9.501388
2009-03-16,9.578066
2009-03-17,9.910311
2009-03-18,9.994202
2009-03-19,10.130128
2009-03-20,9.760956
2009-03-23,10.552375
2009-03-24,10.360033
2009-03-25,10.37526
2009-03-26,10.470055
2009-03-27,10.291496
2009-03-30,9.952331
2009-03-31,9.903526
2009-04-01,10.09944
2009-04-02,10.445878
2009-04-03,10.596587
2009-04-06,10.419125
2009-04-07,10.133334
2009-04-08,10.241983
2009-04-09,10.471873
2009-04-13,10.338987
2009-04-14,10.277422
2009-04-15,10.298826
2009-04-16,10.31739
2009-04-17,10.3735
2009-04-20,9.940329
2009-04-21,10.171955
2009-04-22,10.029363
2009-04-23,10.774266
2009-04-24,11.101871
2009-04-27,10.98452
2009-04-28,11.033576
2009-04-29,11.460802
2009-04-30,12.62482
2009-05-01,13.558813
2009-05-04,15.167796
2009-05-05,15.024494
2009-05-06,16.838687
2009-05-07,16.753739
2009-05-08,17.796841
2009-05-11,17.234364
2009-05-12,17.425656
2009-05-13,16.88784
2009-05-14,16.938206
2009-05-15,16.560579
2009-05-18,17.072192
2009-05-19,17.131996
2009-05-20,17.133781
2009-05-21,16.645563
2009-05-22,16.682331
2009-05-26,17.03427
2009-05-27,16.806406
2009-05-28,17.31078
2009-05-29,17.509082
2009-06-01,18.19252
2009-06-02,18.200148
2009-06-03,17.592336
2009-06-04,17.945462
2009-06-05,17.848713
2009-06-08,17.848717
2009-06-09,18.000075
2009-06-10,18.129158
2009-06-11,18.449646
2009-06-12,18.271494
2009-06-15,17.850373
2009-06-16,17.498729
2009-06-17,17.254364
2009-06-18,17.226061
2009-06-19,17.077994
2009-06-22,16.352639
2009-06-23,16.476433
2009-06-24,16.480546
2009-06-25,16.847463
2009-06-26,16.680727
2009-06-29,16.902781
2009-06-30,16.773144
2009-07-01,16.81059
2009-07-02,16.208696
2009-07-06,16.021341
2009-07-07,15.627815
2009-07-08,15.608739
2009-07-09,15.776552
2009-07-10,15.597724
2009-07-13,15.848345
2009-07-14,16.044199
2009-07-15,16.603753
2009-07-16,16.766479
2009-07-17,16.829138
2009-07-20,17.206995
2009-07-21,17.597006
2009-07-22,17.421372
2009-07-23,18.453641
2009-07-24,18.88842
2009-07-27,18.948673
2009-07-28,19.107681
2009-07-29,20.606175
2009-07-30,24.682565
2009-07-31,27.512257
2009-08-03,27.196254
2009-08-04,27.573642
2009-08-05,28.259958
2009-08-06,28.284843
2009-08-07,28.265576
2009-08-10,28.335129
2009-08-11,27.861002
2009-08-12,28.215982
2009-08-13,28.422516
2009-08-14,28.030768
2009-08-17,27.162861
2009-08-18,27.403692
2009-08-19,27.924633
2009-08-20,28.172588
2009-08-21,28.928038
2009-08-24,29.306504
2009-08-25,28.909082
2009-08-26,29.063502
2009-08-27,28.954372
2009-08-28,28.850162
2009-08-31,28.321998
2009-09-01,27.874811
2009-09-02,27.737347
2009-09-03,27.851368
2009-09-04,28.273998
2009-09-08,29.002325
2009-09-09,29.037085
2009-09-10,29.471186
2009-09-11,29.481154
2009-09-14,29.640249
2009-09-15,29.850788
2009-09-16,30.522845
2009-09-17,30.332967
2009-09-18,30.318958
2009-09-21,30.734244
2009-09-22,31.159918
2009-09-23,30.565941
2009-09-24,30.157034
2009-09-25,30.126614
2009-09-28,30.638341
2009-09-29,30.464742
2009-09-30,30.304802
2009-10-01,29.464964
2009-10-02,29.268368
2009-10-05,29.91396
2009-10-06,30.551912
2009-10-07,30.74116
2009-10-08,31.436954
2009-10-09,31.476529
2009-10-12,31.865415
2009-10-13,31.873333
2009-10-14,32.454113
2009-10-15,33.153477
2009-10-16,33.512235
2009-10-19,33.92519
2009-10-20,34.054203
2009-10-21,34.424137
2009-10-22,36.050442
2009-10-23,36.106724
2009-10-26,35.785416
2009-10-27,38.206874
2009-10-28,42.906739
2009-10-29,77.22505
2009-10-30,101.048144
2009-11-02,124.600529
2009-11-03,296.220011
2010-01-27,33.790379
2010-01-28,33.011432
2010-01-29,34.410459
2010-02-01,37.884508
2010-02-02,38.623723
2010-02-03,38.628875
2010-02-04,37.372316
2010-02-05,37.334403
2010-02-08,37.201184
2010-02-09,38.128856
2010-02-10,37.929604
2010-02-11,38.528662
2010-02-12,38.314688
2010-02-16,39.350189
2010-02-17,30.734251
2010-02-18,28.411426
2010-02-19,28.457931
2010-02-22,28.087852
2010-02-23,27.693869
2010-02-24,27.983524
2010-02-25,27.894772
2010-02-26,27.89333
2010-03-01,26.756352
2010-03-02,26.967099
2010-03-03,27.018327
2010-03-04,26.916047
2010-03-05,27.40301
2010-03-08,27.359299
2010-03-09,27.376648
2010-03-10,27.632597
2010-03-11,27.62824
2010-03-12,27.610186
2010-03-15,27.346712
2010-03-16,27.580885
2010-03-17,27.884543
2010-03-18,27.56036
2010-03-19,27.300405
2010-03-22,27.285588
2010-03-23,27.375968
2010-03-24,27.195901
2010-03-25,26.79796
2010-03-26,26.84487
2010-03-29,27.282334
2010-03-30,27.283111
2010-03-31,27.389734
2010-04-01,27.837291
2010-04-05,28.29499
2010-04-06,28.29902
2010-04-07,28.016162
2010-04-08,28.185397
2010-04-09,28.497794
2010-04-12,28.582817
2010-04-13,28.45036
2010-04-14,28.718296
2010-04-15,28.715479
2010-04-16,28.276984
2010-04-19,28.444226
2010-04-20,28.989359
2010-04-21,29.008132
2010-04-22,29.008382
2010-04-23,29.861905
2010-04-26,29.797388
2010-04-27,29.302475
2010-04-28,29.300683
2010-04-29,25.10159
2010-04-30,23.410251
2010-05-03,23.184343
2010-05-04,22.439979
2010-05-05,18.116112
2010-05-06,17.465201
2010-05-07,17.198653
2010-05-10,17.507491
2010-05-11,17.369243
2010-05-12,17.589718
2010-05-13,17.453785
2010-05-14,17.110368
2010-05-17,16.947603
2010-05-18,16.827435
2010-05-19,16.656198
2010-05-20,15.920561
2010-05-21,16.190702
2010-05-24,15.839295
2010-05-25,15.82915
2010-05-26,15.786654
2010-05-27,16.449214
2010-05-28,16.120417
2010-06-01,15.435574
2010-06-02,16.096424
2010-06-03,16.271531
2010-06-04,15.702088
2010-06-07,15.585708
2010-06-08,15.878092
2010-06-09,15.675514
2010-06-10,16.445085
2010-06-11,16.516606
2010-06-14,16.433152
2010-06-15,16.877698
2010-06-16,16.853339
2010-06-17,16.86156
2010-06-18,16.965939
2010-06-21,16.936625
2010-06-22,16.478828
2010-06-23,16.319813
2010-06-24,15.983969
2010-06-25,15.975796
2010-06-28,15.782174
2010-06-29,15.300713
2010-06-30,15.207593
2010-07-01,12.371706
2010-07-02,12.346998
2010-07-06,12.478296
2010-07-07,12.88159
2010-07-08,13.050227
2010-07-09,13.107563
2010-07-12,13.089523
2010-07-13,13.247609
2010-07-14,13.213602
2010-07-15,13.218391
2010-07-16,12.868752
2010-07-19,12.960572
2010-07-20,13.122717
2010-07-21,12.94535
2010-07-22,13.243221
2010-07-23,13.245749
2010-07-26,13.376923
2010-07-27,13.131458
2010-07-28,12.59401
2010-07-29,14.220403
2010-07-30,13.533362
2010-08-02,14.014976
2010-08-03,13.94464
2010-08-04,13.958374
2010-08-05,13.831968
2010-08-06,13.682253
2010-08-09,13.751557
2010-08-10,13.642718
2010-08-11,13.241295
2010-08-12,13.176066
2010-08-13,13.131288
2010-08-16,13.140518
2010-08-17,13.332723
2010-08-18,13.189575
2010-08-19,12.991376
2010-08-20,12.833981
2010-08-23,12.85948
2010-08-24,12.674771
2010-08-25,12.64155
2010-08-26,12.511449
2010-08-27,12.803008
2010-08-30,12.604989
2010-08-31,12.570792
2010-09-01,13.064096
2010-09-02,13.178354
2010-09-03,13.30368
2010-09-07,13.093365
2010-09-08,13.204589
2010-09-09,13.232716
2010-09-10,13.360757
2010-09-13,13.43546
2010-09-14,13.399952
2010-09-15,13.375121
2010-09-16,13.325424
2010-09-17,13.266157
2010-09-20,13.501612
2010-09-21,13.490411
2010-09-22,13.422007
2010-09-23,13.31833
2010-09-24,13.609314
2010-09-27,13.550081
2010-09-28,13.654726
2010-09-29,13.752122
2010-09-30,13.765546
2010-10-01,13.9457
2010-10-04,13.793219
2010-10-05,14.113512
2010-10-06,14.226495
2010-10-07,14.173556
2010-10-08,14.334947
2010-10-11,14.357011
2010-10-12,14.340478
2010-10-13,14.496024
2010-10-14,14.487943
2010-10-15,14.527156
2010-10-18,14.605786
2010-10-19,14.192173
2010-10-20,14.390213
2010-10-21,14.384727
2010-10-22,14.311336
2010-10-25,14.331011
2010-10-26,14.260878
2010-10-27,13.801875
2010-10-28,13.566501
2010-10-29,13.581402
2010-11-01,13.624709
2010-11-02,13.73364
2010-11-03,13.687962
2010-11-04,14.059999
2010-11-05,14.122024
2010-11-08,14.159759
2010-11-09,14.115654
2010-11-10,14.299147
2010-11-11,14.441766
2010-11-12,14.244649
2010-11-15,14.178428
2010-11-16,13.882274
2010-11-17,13.937271
2010-11-18,14.227448
2010-11-19,14.317206
2010-11-22,14.262044
2010-11-23,13.992763
2010-11-24,14.236878
2010-11-26,14.0675
2010-11-29,14.145721
2010-11-30,14.103748
2010-12-01,14.514116
2010-12-02,14.705932
2010-12-03,14.771677
2010-12-06,14.810717
2010-12-07,14.773934
2010-12-08,14.726963
2010-12-09,14.769736
2010-12-10,14.823059
2010-12-13,14.940145
2010-12-14,14.893265
2010-12-15,14.794882
2010-12-16,14.897382
2010-12-17,14.877859
2010-12-20,14.998354
2010-12-21,15.128904
2010-12-22,15.19039
2010-12-23,15.233633
2010-12-27,15.178429
2010-12-28,15.245246
2010-12-29,15.367421
2010-12-30,15.384918
2010-12-31,15.378557
2011-01-03,15.523966
2011-01-04,15.428829
2011-01-05,15.461287
2011-01-06,15.349797
2011-01-07,15.449933
2011-01-10,15.38574
2011-01-11,15.628223
2011-01-12,15.815361
2011-01-13,15.782927
2011-01-14,15.965036
2011-01-18,15.98487
2011-01-19,15.822722
2011-01-20,15.712537
2011-01-21,15.803446
2011-01-24,15.774225
2011-01-25,15.674362
2011-01-26,15.941743
2011-01-27,15.897395
2011-01-28,15.442232
2011-01-31,15.384798
2011-02-01,15.691292
2011-02-02,15.564575
2011-02-03,15.537322
2011-02-04,15.489735
2011-02-07,15.580603
2011-02-08,15.496508
2011-02-09,15.315239
2011-02-10,15.449983
2011-02-11,15.444239
2011-02-14,15.768536
2011-02-15,15.591045
2011-02-16,15.791756
2011-02-17,15.978414
2011-02-18,16.07074
2011-02-22,15.854267
2011-02-23,16.166942
2011-02-24,15.960762
2011-02-25,16.156334
2011-02-28,16.301311
2011-03-01,16.084701
2011-03-02,16.164984
2011-03-03,16.414465
2011-03-04,16.309521
2011-03-07,16.190235
2011-03-08,16.089887
2011-03-09,15.986542
2011-03-10,15.40516
2011-03-11,15.656379
2011-03-14,15.721688
2011-03-15,15.594268
2011-03-16,15.308825
2011-03-17,15.776065
2011-03-18,15.714453
2011-03-21,16.210297
2011-03-22,16.169076
2011-03-23,16.206618
2011-03-24,16.262872
2011-03-25,16.412933
2011-03-28,16.392144
2011-03-29,16.561152
2011-03-30,16.692914
2011-03-31,16.637535
2011-04-01,16.701947
2011-04-04,16.698904
2011-04-05,16.755843
2011-04-06,16.597712
2011-04-07,16.630553
2011-04-08,16.688315
2011-04-11,16.380381
2011-04-12,15.890894
2011-04-13,15.934416
2011-04-14,16.03143
2011-04-15,16.177882
2011-04-18,15.882406
2011-04-19,16.04883
2011-04-20,16.452788
2011-04-21,16.583506
2011-04-25,16.488841
2011-04-26,16.664292
2011-04-27,16.408263
2011-04-28,15.670812
2011-04-29,15.653677
2011-05-02,15.666442
2011-05-03,15.269172
2011-05-04,15.066363
2011-05-05,14.675603
2011-05-06,14.729203
2011-05-09,15.014307
2011-05-10,15.084892
2011-05-11,14.640795
2011-05-12,14.631487
2011-05-13,14.569177
2011-05-16,14.451933
2011-05-17,14.42895
2011-05-18,14.713608
2011-05-19,14.731918
2011-05-20,14.693315
2011-05-23,14.476131
2011-05-24,14.670186
2011-05-25,14.883369
2011-05-26,14.962503
2011-05-27,14.993007
2011-05-31,15.14889
2011-06-01,14.799925
2011-06-02,14.759136
2011-06-03,14.763829
2011-06-06,14.464759
2011-06-07,14.446692
2011-06-08,14.507654
2011-06-09,14.687178
2011-06-10,14.411076
2011-06-13,14.21426
2011-06-14,14.495389
2011-06-15,14.173462
2011-06-16,14.21057
2011-06-17,14.173992
2011-06-20,14.239179
2011-06-21,14.499015
2011-06-22,14.436768
2011-06-23,14.269917
2011-06-24,13.995041
2011-06-27,14.094535
2011-06-28,14.475109
2011-06-29,14.634824
2011-06-30,14.855786
2011-07-01,14.851741
2011-07-05,14.920704
2011-07-06,14.895063
2011-07-07,15.099726
2011-07-08,14.995654
2011-07-11,14.691076
2011-07-12,14.643593
2011-07-13,14.746773
2011-07-14,14.677341
2011-07-15,15.021859
2011-07-18,14.95468
2011-07-19,15.157152
2011-07-20,15.13142
2011-07-21,15.40923
2011-07-22,15.454993
2011-07-25,15.340511
2011-07-26,15.015934
2011-07-27,14.792321
2011-07-28,14.263286
2011-07-29,13.763195
2011-08-01,13.747379
2011-08-02,13.40284
2011-08-03,13.319798
2011-08-04,12.374203
2011-08-05,12.358038
2011-08-08,11.324866
2011-08-09,11.84893
2011-08-10,11.401074
2011-08-11,11.990613
2011-08-12,12.071612
2011-08-15,12.481066
2011-08-16,12.269366
2011-08-17,12.325593
2011-08-18,11.626791
2011-08-19,11.433392
2011-08-22,11.370616
2011-08-23,11.891277
2011-08-24,11.942688
2011-08-25,11.675619
2011-08-26,11.878982
2011-08-29,12.21875
2011-08-30,12.258783
2011-08-31,12.336335
2011-09-01,12.23227
2011-09-02,11.922294
2011-09-06,11.787412
2011-09-07,12.217073
2011-09-08,12.067967
2011-09-09,11.675537
2011-09-12,11.737344
2011-09-13,11.766708
2011-09-14,11.917726
2011-09-15,12.152124
2011-09-16,12.146677
2011-09-19,11.990669
2011-09-20,11.916585
2011-09-21,11.442502
2011-09-22,10.831476
2011-09-23,10.747397
2011-09-26,11.129673
2011-09-27,11.297486
2011-09-28,10.957813
2011-09-29,11.110971
2011-09-30,10.803092
2011-10-03,10.446804
2011-10-04,10.776214
2011-10-05,11.136934
2011-10-06,11.313222
2011-10-07,11.174961
2011-10-10,11.673554
2011-10-11,11.679263
2011-10-12,11.769241
2011-10-13,11.732848
2011-10-14,12.152436
2011-10-17,11.964897
2011-10-18,12.32557
2011-10-19,12.206518
2011-10-20,12.251968
2011-10-21,12.535169
2011-10-24,12.679195
2011-10-25,12.381999
2011-10-26,12.770154
2011-10-27,12.771979
2011-10-28,12.38758
2011-10-31,12.149025
2011-11-01,11.473129
2011-11-02,11.556685
2011-11-03,11.857725
2011-11-04,11.84084
2011-11-07,11.92615
2011-11-08,12.087251
2011-11-09,11.573307
2011-11-10,11.776311
2011-11-11,11.992469
2011-11-14,11.846874
2011-11-15,11.829032
2011-11-16,11.64858
2011-11-17,11.398127
2011-11-18,11.343373
2011-11-21,11.152158
2011-11-22,11.045612
2011-11-23,10.725409
2011-11-25,10.635562
2011-11-28,11.015961
2011-11-29,11.184284
2011-11-30,11.798766
2011-12-01,11.716983
2011-12-02,11.707194
2011-12-05,11.845064
2011-12-06,11.853478
2011-12-07,11.767781
2011-12-08,11.466423
2011-12-09,11.720401
2011-12-12,11.444659
2011-12-13,11.38567
2011-12-14,11.076338
2011-12-15,11.050348
2011-12-16,11.148556
2011-12-19,10.980162
2011-12-20,11.413817
2011-12-21,11.54618
2011-12-22,11.678008
2011-12-23,11.771826
2011-12-27,11.794671
2011-12-28,11.573205
2011-12-29,11.707696
2011-12-30,11.689534
2012-01-03,11.964488
2012-01-04,11.982573
2012-01-05,11.909948
2012-01-06,11.845889
2012-01-09,11.914683
2012-01-10,12.000131
2012-01-11,11.842678
2012-01-12,11.743501
2012-01-13,11.701181
2012-01-17,11.787078
2012-01-18,11.959512
2012-01-19,12.009272
2012-01-20,11.983286
2012-01-23,12.034157
2012-01-24,11.996756
2012-01-25,11.937488
2012-01-26,11.796789
2012-01-27,11.758331
2012-01-30,11.707733
2012-01-31,11.554282
2012-02-01,11.850896
2012-02-02,11.911086
2012-02-03,12.129495
2012-02-06,12.326718
2012-02-07,12.387204
2012-02-08,12.319472
2012-02-09,12.347339
2012-02-10,12.219211
2012-02-13,12.317751
2012-02-14,12.342947
2012-02-15,12.341744
2012-02-16,12.44092
2012-02-17,12.474619
2012-02-21,12.522455
2012-02-22,12.571123
2012-02-23,12.518925
2012-02-24,12.664842
2012-02-27,12.613821
2012-02-28,12.596711
2012-02-29,12.467871
2012-03-01,12.58201
2012-03-02,12.441596
2012-03-05,12.401756
2012-03-06,12.199583
2012-03-07,12.276938
2012-03-08,12.338055
2012-03-09,12.320955
2012-03-12,12.284798
2012-03-13,12.440935
2012-03-14,12.316386
2012-03-15,12.332442
2012-03-16,12.475124
2012-03-19,12.588997
2012-03-20,12.409283
2012-03-21,12.280088
2012-03-22,12.024892
2012-03-23,12.140787
2012-03-26,12.251705
2012-03-27,12.13682
2012-03-28,11.987711
2012-03-29,11.992913
2012-03-30,12.0823
2012-04-02,12.194689
2012-04-03,12.074757
2012-04-04,11.928085
2012-04-05,11.864973
2012-04-09,11.713997
2012-04-10,11.488322
2012-04-11,11.489827
2012-04-12,11.728576
2012-04-13,11.543549
2012-04-16,11.513254
2012-04-17,11.71517
2012-04-18,11.673846
2012-04-19,11.645589
2012-04-20,11.598192
2012-04-23,11.561948
2012-04-24,11.633847
2012-04-25,11.739369
2012-04-26,11.860069
2012-04-27,11.817891
2012-04-30,11.687868
2012-05-01,11.710579
2012-05-02,11.465744
2012-05-03,11.317712
2012-05-04,11.077856
2012-05-07,11.057241
2012-05-08,10.995869
2012-05-09,10.904401
2012-05-10,10.950391
2012-05-11,10.874576
2012-05-14,10.70599
2012-05-15,10.542824
2012-05-16,10.251087
2012-05-17,10.181142
2012-05-18,10.100654
2012-05-21,10.314762
2012-05-22,10.281436
2012-05-23,10.321456
2012-05-24,10.315307
2012-05-25,10.193274
2012-05-29,10.328426
2012-05-30,10.021393
2012-05-31,9.935027
2012-06-01,9.725117
2012-06-04,9.721571
2012-06-05,9.78022
2012-06-06,10.0878
2012-06-07,10.116192
2012-06-08,10.116461
2012-06-11,9.998395
2012-06-12,10.127815
2012-06-13,10.017008
2012-06-14,10.184183
2012-06-15,10.3665
2012-06-18,10.29368
2012-06-19,10.439561
2012-06-20,10.407695
2012-06-21,9.992992
2012-06-22,10.035163
2012-06-25,9.84622
2012-06-26,9.956075
2012-06-27,10.143286
2012-06-28,10.203995
2012-06-29,10.517935
2012-07-02,10.514951
2012-07-03,10.743007
2012-07-05,10.595644
2012-07-06,10.481398
2012-07-09,10.42175
2012-07-10,10.277628
2012-07-11,10.420146
2012-07-12,10.376291
2012-07-13,10.557898
2012-07-16,10.589063
2012-07-17,10.712211
2012-07-18,10.819387
2012-07-19,10.842491
2012-07-20,10.81535
2012-07-23,10.710874
2012-07-24,10.576956
2012-07-25,10.775497
2012-07-26,10.605671
2012-07-27,10.800052
2012-07-30,10.904723
2012-07-31,10.675325
2012-08-01,10.686904
2012-08-02,10.61835
2012-08-03,10.857982
2012-08-06,10.844774
2012-08-07,10.988304
2012-08-08,11.16321
2012-08-09,11.203684
2012-08-10,11.239918
2012-08-13,11.197511
2012-08-14,11.186896
2012-08-15,11.154127
2012-08-16,11.262061
2012-08-17,11.237792
2012-08-20,11.209922
2012-08-21,11.169165
2012-08-22,11.199023
2012-08-23,11.08872
2012-08-24,11.161413
2012-08-27,11.148175
2012-08-28,11.167441
2012-08-29,11.102851
2012-08-30,10.983312
2012-08-31,11.076385
2012-09-04,10.999343
2012-09-05,10.966743
2012-09-06,11.187035
2012-09-07,11.369328
2012-09-10,11.318308
2012-09-11,11.421558
2012-09-12,11.466273
2012-09-13,11.678378
2012-09-14,11.831118
2012-09-17,11.738579
2012-09-18,11.654107
2012-09-19,11.5451
2012-09-20,11.595043
2012-09-21,11.61665
2012-09-24,11.604721
2012-09-25,11.498143
2012-09-26,11.398588
2012-09-27,11.54733
2012-09-28,11.490256
2012-10-01,11.552471
2012-10-02,11.285117
2012-10-03,11.159436
2012-10-04,11.271531
2012-10-05,11.137671
2012-10-08,11.153178
2012-10-09,11.154185
2012-10-10,10.954636
2012-10-11,11.019848
2012-10-12,10.962646
2012-10-15,11.033281
2012-10-16,11.202965
2012-10-17,11.357062
2012-10-18,11.364788
2012-10-19,11.218637
2012-10-22,11.183768
2012-10-23,10.94837
2012-10-24,10.8872
2012-10-25,11.110499
2012-10-26,11.121067
2012-10-31,10.777041
2012-11-01,11.130852
2012-11-02,11.133832
2012-11-05,11.229149
2012-11-06,11.417034
2012-11-07,11.215428
2012-11-08,11.027576
2012-11-09,11.028913
2012-11-12,11.044162
2012-11-13,10.98139
2012-11-14,10.793173
2012-11-15,10.804218
2012-11-16,10.843528
2012-11-19,11.082823
2012-11-20,11.039085
2012-11-21,11.099825
2012-11-23,11.246828
2012-11-26,11.154682
2012-11-27,11.048989
2012-11-28,11.168904
2012-11-29,11.179434
2012-11-30,11.175785
2012-12-03,11.107307
2012-12-04,11.064854
2012-12-05,11.142322
2012-12-06,11.176201
2012-12-07,11.249168
2012-12-10,11.238043
2012-12-11,11.299692
2012-12-12,11.344524
2012-12-13,11.244132
2012-12-14,11.199699
2012-12-17,11.299478
2012-12-18,11.489799
2012-12-19,11.401219
2012-12-20,11.481028
2012-12-21,11.347824
2012-12-24,11.279255
2012-12-26,11.237354
2012-12-27,11.221818
2012-12-28,11.023388
2012-12-31,11.254253
2013-01-02,11.516647
2013-01-03,11.50528
2013-01-04,11.625891
2013-01-07,11.530685
2013-01-08,11.512361
2013-01-09,11.489067
2013-01-10,11.59799
2013-01-11,11.623731
2013-01-14,11.622587
2013-01-15,11.666652
2013-01-16,11.699894
2013-01-17,11.78074
2013-01-18,11.895116
2013-01-22,11.998822
2013-01-23,11.967019
2013-01-24,12.022215
2013-01-25,12.157611
2013-01-28,12.117787
2013-01-29,12.334948
2013-01-30,12.21772
2013-01-31,12.721438
2013-02-01,12.479587
2013-02-04,12.305262
2013-02-05,12.404021
2013-02-06,12.415421
2013-02-07,12.29567
2013-02-08,12.397023
2013-02-11,12.327994
2013-02-12,12.364414
2013-02-13,12.46602
2013-02-14,12.58597
2013-02-15,12.453405
2013-02-19,12.590154
2013-02-20,12.484304
2013-02-21,12.560326
2013-02-22,12.679394
2013-02-25,12.360691
2013-02-26,12.469525
2013-02-27,12.661015
2013-02-28,12.673296
2013-03-01,12.655166
2013-03-04,12.624641
2013-03-05,12.715741
2013-03-06,12.722093
2013-03-07,12.754132
2013-03-08,12.811671
2013-03-11,12.816421
2013-03-12,12.832542
2013-03-13,12.808683
2013-03-14,12.975488
2013-03-15,12.953649
2013-03-18,12.882377
2013-03-19,12.761242
2013-03-20,12.835132
2013-03-21,12.767874
2013-03-22,12.872676
2013-03-25,12.823807
2013-03-26,12.96041
2013-03-27,12.998623
2013-03-28,12.95812
2013-04-01,12.955849
2013-04-02,12.895011
2013-04-03,12.687208
2013-04-04,12.672686
2013-04-05,12.673514
2013-04-08,12.736499
2013-04-09,12.832227
2013-04-10,12.896785
2013-04-11,12.95444
2013-04-12,12.783495
2013-04-15,12.288202
2013-04-16,12.418666
2013-04-17,12.189205
2013-04-18,12.295423
2013-04-19,12.304995
2013-04-22,12.502881
2013-04-23,12.64497
2013-04-24,12.746204
2013-04-25,12.695966
2013-04-26,12.723711
2013-04-29,12.844545
2013-04-30,12.791449
2013-05-01,12.683192
2013-05-02,12.842368
2013-05-03,13.073779
2013-05-06,13.31863
2013-05-07,13.430777
2013-05-08,13.459267
2013-05-09,13.432599
2013-05-10,13.370298
2013-05-13,13.367043
2013-05-14,13.539148
2013-05-15,13.488921
2013-05-16,13.41706
2013-05-17,13.628874
2013-05-20,13.804194
2013-05-21,13.798608
2013-05-22,13.628848
2013-05-23,13.60159
2013-05-24,13.55463
2013-05-28,13.691169
2013-05-29,13.665407
2013-05-30,13.63425
2013-05-31,13.362707
2013-06-03,13.496807
2013-06-04,13.390456
2013-06-05,13.240325
2013-06-06,13.326808
2013-06-07,13.483901
2013-06-10,13.447265
2013-06-11,13.257818
2013-06-12,13.158814
2013-06-13,13.387921
2013-06-14,13.258242
2013-06-17,13.429982
2013-06-18,13.506721
2013-06-19,13.371193
2013-06-20,13.007492
2013-06-21,13.049034
2013-06-24,12.876293
2013-06-25,13.019201
2013-06-26,13.11017
2013-06-27,13.139096
2013-06-28,13.110986
2013-07-01,13.183909
2013-07-02,13.213465
2013-07-03,13.216958
2013-07-05,13.36148
2013-07-08,13.45501
2013-07-09,13.598437
2013-07-10,13.519348
2013-07-11,13.645229
2013-07-12,13.698841
2013-07-15,13.68908
2013-07-16,13.612644
2013-07-17,13.665832
2013-07-18,13.794325
2013-07-19,13.899503
2013-07-22,13.874057
2013-07-23,13.956399
2013-07-24,13.791485
2013-07-25,13.858663
2013-07-26,13.812279
2013-07-29,13.574274
2013-07-30,13.545021
2013-07-31,13.447843
2013-08-01,14.51609
2013-08-02,14.656973
2013-08-05,14.616028
2013-08-06,14.515182
2013-08-07,14.436285
2013-08-08,14.517404
2013-08-09,14.446229
2013-08-12,14.36907
2013-08-13,14.393219
2013-08-14,14.335391
2013-08-15,14.240124
2013-08-16,14.181549
2013-08-19,13.963758
2013-08-20,14.027563
2013-08-21,13.951889
2013-08-22,14.139524
2013-08-23,14.244605
2013-08-26,14.196265
2013-08-27,14.110572
2013-08-28,14.360655
2013-08-29,14.204701
2013-08-30,14.201082
2013-09-03,14.268892
2013-09-04,14.3441
2013-09-05,14.379782
2013-09-06,14.382826
2013-09-09,14.529832
2013-09-10,14.532229
2013-09-11,14.642047
2013-09-12,14.555041
2013-09-13,14.561994
2013-09-16,14.564268
2013-09-17,14.62619
2013-09-18,14.80304
2013-09-19,14.771714
2013-09-20,14.656493
2013-09-23,14.623965
2013-09-24,14.62939
2013-09-25,14.622115
2013-09-26,14.631026
2013-09-27,14.585821
2013-09-30,14.464379
2013-10-01,14.542964
2013-10-02,14.580516
2013-10-03,14.458164
2013-10-04,14.581476
2013-10-07,14.47863
2013-10-08,14.33204
2013-10-09,14.285367
2013-10-10,14.531096
2013-10-11,14.680999
2013-10-14,14.772435
2013-10-15,14.708724
2013-10-16,14.891222
2013-10-17,14.938136
2013-10-18,15.010162
2013-10-21,14.93804
2013-10-22,15.036876
2013-10-23,14.850841
2013-10-24,14.930926
2013-10-25,14.9893
2013-10-28,15.010654
2013-10-29,15.067419
2013-10-30,15.12548
2013-10-31,15.286244
2013-11-01,15.26904
2013-11-04,15.407387
2013-11-05,15.265733
2013-11-06,14.969139
2013-11-07,14.739344
2013-11-08,14.94861
2013-11-11,14.972929
2013-11-12,14.843602
2013-11-13,14.939474
2013-11-14,15.018926
2013-11-15,15.123929
2013-11-18,15.030113
2013-11-19,15.056632
2013-11-20,15.012082
2013-11-21,15.137253
2013-11-22,15.221731
2013-11-25,15.095855
2013-11-26,15.043801
2013-11-27,14.937823
2013-11-29,14.913939
2013-12-02,14.921156
2013-12-03,14.970433
2013-12-04,14.906492
2013-12-05,14.842015
2013-12-06,14.920369
2013-12-09,14.933474
2013-12-10,14.892467
2013-12-11,14.679869
2013-12-12,14.749685
2013-12-13,14.693228
2013-12-16,14.834293
2013-12-17,14.744619
2013-12-18,14.988324
2013-12-19,15.021657
2013-12-20,15.040751
2013-12-23,15.066199
2013-12-24,15.162164
2013-12-26,15.292166
2013-12-27,15.366419
2013-12-30,15.243607
2013-12-31,15.382834
2014-01-02,15.181913
2014-01-03,15.143395
2014-01-06,15.152967
2014-01-07,15.288156
2014-01-08,15.183847
2014-01-09,15.128117
2014-01-10,15.15059
2014-01-13,14.862591
2014-01-14,15.024817
2014-01-15,14.965519
2014-01-16,14.977107
2014-01-17,14.947742
2014-01-21,14.991301
2014-01-22,15.033325
2014-01-23,14.86482
2014-01-24,14.55801
2014-01-27,14.508393
2014-01-28,14.621425
2014-01-29,14.452571
2014-01-30,14.435595
2014-01-31,14.505338
2014-02-03,14.448948
2014-02-04,14.552416
2014-02-05,14.447084
2014-02-06,14.653579
2014-02-07,14.814047
2014-02-10,14.856741
2014-02-11,15.068627
2014-02-12,15.012934
2014-02-13,15.141727
2014-02-14,15.362031
2014-02-18,15.411091
2014-02-19,15.349228
2014-02-20,15.46316
2014-02-21,15.355535
2014-02-24,15.436334
2014-02-25,15.441879
2014-02-26,15.420386
2014-02-27,15.300667
2014-02-28,15.375088
2014-03-03,15.282341
2014-03-04,15.43764
2014-03-05,15.271643
2014-03-06,15.356966
2014-03-07,15.418326
2014-03-10,15.446608
2014-03-11,15.266296
2014-03-12,15.273149
2014-03-13,15.124524
2014-03-14,15.145555
2014-03-17,15.242604
2014-03-18,15.361235
2014-03-19,15.221393
2014-03-20,15.29835
2014-03-21,15.337654
2014-03-24,15.150327
2014-03-25,15.277388
2014-03-26,15.228406
2014-03-27,15.35958
2014-03-28,15.549487
2014-03-31,15.54764
2014-04-01,15.63063
2014-04-02,15.680412
2014-04-03,15.768882
2014-04-04,15.704805
2014-04-07,15.478158
2014-04-08,15.61842
2014-04-09,15.693768
2014-04-10,15.484597
2014-04-11,15.450153
2014-04-14,15.652626
2014-04-15,15.848945
2014-04-16,16.025352
2014-04-17,16.087726
2014-04-21,16.097029
2014-04-22,16.056715
2014-04-23,16.138252
2014-04-24,16.104846
2014-04-25,16.034065
2014-04-28,16.052513
2014-04-29,16.069791
2014-04-30,16.224124
2014-05-01,16.232207
2014-05-02,16.520884
2014-05-05,17.059325
2014-05-06,17.043039
2014-05-07,16.832504
2014-05-08,16.617732
2014-05-09,16.589011
2014-05-12,16.688918
2014-05-13,16.743179
2014-05-14,16.750254
2014-05-15,16.530904
2014-05-16,16.48494
2014-05-19,16.533626
2014-05-20,16.493535
2014-05-21,16.672484
2014-05-22,16.645176
2014-05-23,16.624611
2014-05-27,16.662573
2014-05-28,16.682032
2014-05-29,16.802748
2014-05-30,16.783346
2014-06-02,16.71101
2014-06-03,16.766506
2014-06-04,16.74374
2014-06-05,16.84528
2014-06-06,16.984543
2014-06-09,17.002045
2014-06-10,16.984718
2014-06-11,17.039878
2014-06-12,17.094771
2014-06-13,17.267103
2014-06-16,17.357288
2014-06-17,17.327938
2014-06-18,17.458605
2014-06-19,17.56676
2014-06-20,17.734097
2014-06-23,17.840137
2014-06-24,17.487051
2014-06-25,17.60317
2014-06-26,17.617037
2014-06-27,17.608392
2014-06-30,17.634744
2014-07-01,17.644098
2014-07-02,17.624545
2014-07-03,17.710042
2014-07-07,17.592976
2014-07-08,17.565157
2014-07-09,17.67681
2014-07-10,17.509003
2014-07-11,17.37507
2014-07-14,17.527068
2014-07-15,17.450183
2014-07-16,17.722298
2014-07-17,17.481774
2014-07-18,17.531306
2014-07-21,17.527229
2014-07-22,17.671172
2014-07-23,17.764173
2014-07-24,17.795205
2014-07-25,17.658313
2014-07-28,17.633604
2014-07-29,17.686492
2014-07-30,17.782915
2014-07-31,17.031895
2014-08-01,16.848883
2014-08-04,17.159728
2014-08-05,16.742803
2014-08-06,16.897328
2014-08-07,16.781889
2014-08-08,17.0631
2014-08-11,17.0377
2014-08-12,16.924491
2014-08-13,16.98082
2014-08-14,16.895254
2014-08-15,16.982009
2014-08-18,17.02979
2014-08-19,17.149637
2014-08-20,17.18413
2014-08-21,17.184574
2014-08-22,17.072789
2014-08-25,17.207442
2014-08-26,17.296524
2014-08-27,17.279729
2014-08-28,17.271807
2014-08-29,17.355517
2014-09-02,17.139264
2014-09-03,17.19258
2014-09-04,16.970272
2014-09-05,17.086852
2014-09-08,16.815923
2014-09-09,16.736151
2014-09-10,16.685732
2014-09-11,16.700315
2014-09-12,16.454337
2014-09-15,16.574568
2014-09-16,16.771134
2014-09-17,16.690762
2014-09-18,16.611379
2014-09-19,16.611911
2014-09-22,16.254954
2014-09-23,16.203688
2014-09-24,16.209446
2014-09-25,15.960615
2014-09-26,16.168914
2014-09-29,16.100654
2014-09-30,15.906842
2014-10-01,15.609877
2014-10-02,15.550532
2014-10-03,15.550849
2014-10-06,15.570763
2014-10-07,15.363584
2014-10-08,15.51833
2014-10-09,14.944041
2014-10-10,14.768051
2014-10-13,14.346586
2014-10-14,14.170515
2014-10-15,14.226871
2014-10-16,14.425341
2014-10-17,14.55751
2014-10-20,14.604207
2014-10-21,15.023737
2014-10-22,14.75466
2014-10-23,15.050829
2014-10-24,15.003897
2014-10-27,14.699279
2014-10-28,14.829232
2014-10-29,14.539603
2014-10-30,14.516951
2014-10-31,14.615764
2014-11-03,14.391541
2014-11-04,13.811233
2014-11-05,14.025485
2014-11-06,14.417315
2014-11-07,14.55231
2014-11-10,14.761698
2014-11-11,14.800312
2014-11-12,14.663419
2014-11-13,14.465249
2014-11-14,14.585442
2014-11-17,14.522273
2014-11-18,14.528487
2014-11-19,14.609647
2014-11-20,14.769334
2014-11-21,14.949328
2014-11-24,14.840157
2014-11-25,14.60247
2014-11-26,14.441219
2014-11-28,13.754564
2014-12-01,13.829854
2014-12-02,14.013972
2014-12-03,14.177281
2014-12-04,14.063229
2014-12-05,13.895377
2014-12-08,13.352926
2014-12-09,13.467068
2014-12-10,13.052185
2014-12-11,13.056658
2014-12-12,12.776612
2014-12-15,12.685568
2014-12-16,12.774063
2014-12-17,13.313371
2014-12-18,13.596285
2014-12-19,14.020519
2014-12-22,13.903929
2014-12-23,14.078633
2014-12-24,13.965573
2014-12-26,13.955172
2014-12-29,13.99211
2014-12-30,13.904797
2014-12-31,13.799981
2015-01-02,13.859418
2015-01-05,13.306149
2015-01-06,13.131865
2015-01-07,13.176562
2015-01-08,13.467056
2015-01-09,13.360678
2015-01-12,12.986167
2015-01-13,12.891882
2015-01-14,12.908078
2015-01-15,12.903954
2015-01-16,13.314938
2015-01-20,13.261817
2015-01-21,13.565295
2015-01-22,13.643601
2015-01-23,13.520833
2015-01-26,13.70872
2015-01-27,13.684932
2015-01-28,13.20968
2015-01-29,14.113722
2015-01-30,14.417534
2015-02-02,15.013038
2015-02-03,15.457587
2015-02-04,15.32001
2015-02-05,15.553941
2015-02-06,15.512924
2015-02-09,15.539968
2015-02-10,15.306543
2015-02-11,15.179118
2015-02-12,16.132953
2015-02-13,16.448111
2015-02-17,16.572307
2015-02-18,16.498604
2015-02-19,16.277531
2015-02-20,16.279407
2015-02-23,16.208858
2015-02-24,16.213865
2015-02-25,16.191429
2015-02-26,16.596205
2015-02-27,16.519617
2015-03-02,16.583846
2015-03-03,16.621474
2015-03-04,16.587384
2015-03-05,16.484677
2015-03-06,16.212353
2015-03-09,16.100405
2015-03-10,15.8714
2015-03-11,15.903169
2015-03-12,15.8295
2015-03-13,15.75576
2015-03-16,15.967814
2015-03-17,15.884596
2015-03-18,16.345116
2015-03-19,16.068467
2015-03-20,16.288617
2015-03-23,16.222991
2015-03-24,16.091843
2015-03-25,16.288097
2015-03-26,16.255105
2015-03-27,16.134487
2015-03-30,16.474116
2015-03-31,16.32279
2015-04-01,16.352933
2015-04-02,16.381466
2015-04-06,16.671565
2015-04-07,16.722773
2015-04-08,16.550645
2015-04-09,16.803749
2015-04-10,16.888446
2015-04-13,16.746271
2015-04-14,17.043359
2015-04-15,17.450925
2015-04-16,17.513807
2015-04-17,17.372707
2015-04-20,17.698231
2015-04-21,17.697622
2015-04-22,17.810019
2015-04-23,18.057679
2015-04-24,17.955189
2015-04-27,17.944075
2015-04-28,18.067622
2015-04-29,18.333913
2015-04-30,19.38704
2015-05-01,19.900763
2015-05-04,20.419486
2015-05-05,21.559331
2015-05-06,23.529157
2015-05-07,25.358602
2015-05-08,25.732262
2015-05-11,25.205436
2015-05-12,25.31575
2015-05-13,25.237844
2015-05-14,25.25003
2015-05-15,25.307037
2015-05-18,25.315362
2015-05-19,25.003821
2015-05-20,25.043582
2015-05-21,25.26772
2015-05-22,25.15606
2015-05-26,24.758132
2015-05-27,24.732
2015-05-28,24.652915
2015-05-29,24.637426
2015-06-01,24.582693
2015-06-02,24.706166
2015-06-03,24.544779
2015-06-04,24.239463
2015-06-05,24.398956
2015-06-08,24.279236
2015-06-09,24.267037
2015-06-10,24.553252
2015-06-11,24.455457
2015-06-12,24.171422
2015-06-15,24.097471
2015-06-16,24.293488
2015-06-17,24.258544
2015-06-18,24.275064
2015-06-19,24.059638
2015-06-22,24.345032
2015-06-23,24.421522
2015-06-24,24.268135
2015-06-25,24.019987
2015-06-26,24.078195
2015-06-29,23.655536
2015-06-30,23.809662
2015-07-01,23.281152
2015-07-02,23.368613
2015-07-06,23.071269
2015-07-07,23.274637
2015-07-08,22.818527
2015-07-09,22.910717
2015-07-10,23.025651
2015-07-13,23.172129
2015-07-14,23.367512
2015-07-15,23.059288
2015-07-16,23.316251
2015-07-17,23.064774
2015-07-20,22.942874
2015-07-21,23.201253
2015-07-22,23.054302
2015-07-23,23.047496
2015-07-24,22.644337
2015-07-27,22.760696
2015-07-28,23.973414
2015-07-29,24.572835
2015-07-30,25.817989
2015-07-31,30.555091
2015-08-03,30.224155
2015-08-04,34.319313
2015-08-05,38.097676
2015-08-06,46.812703
2015-08-07,45.936848
2015-08-10,47.366585
2015-08-11,47.277689
2015-08-12,48.155131
2015-08-13,47.506904
2015-08-14,47.407661
2015-08-17,47.385364
2015-08-18,47.195688
2015-08-19,45.880741
2015-08-20,44.867664
2015-08-21,43.308105
2015-08-24,41.066135
2015-08-25,40.508168
2015-08-26,41.926758
2015-08-27,43.986294
2015-08-28,44.888858
2015-08-31,45.361218
2015-09-01,43.702085
2015-09-02,44.105623
2015-09-03,44.250584
2015-09-04,43.484755
2015-09-08,44.127112
2015-09-09,43.270433
2015-09-10,43.504865
2015-09-11,43.182785
2015-09-14,42.835092
2015-09-15,43.302647
2015-09-16,44.501367
2015-09-17,44.48514
2015-09-18,43.319467
2015-09-21,44.540877
2015-09-22,44.057485
2015-09-23,43.453054
2015-09-24,43.633014
2015-09-25,43.754562
2015-09-28,42.187597
2015-09-29,42.193311
2015-09-30,43.225747
2015-10-01,43.249237
2015-10-02,44.98411
2015-10-05,46.267766
2015-10-06,47.298435
2015-10-07,47.925738
2015-10-08,48.833483
2015-10-09,48.478322
2015-10-12,47.953268
2015-10-13,47.52305
2015-10-14,47.972577
2015-10-15,50.461469
2015-10-16,50.550975
2015-10-19,51.939444
2015-10-20,52.204791
2015-10-21,53.497204
2015-10-22,59.860169
2015-10-23,60.061316
2015-10-26,58.548667
2015-10-27,67.815065
2015-10-28,120.031242
2015-10-29,154.650697
2017-03-31,289.5032644926835
2017-04-03,467.9670964930153
2017-04-04,252.8657649735565
2017-04-05,258.9739861446788
2017-04-06,256.3895656679817
2017-04-07,264.4704774303783
2017-04-10,249.2351301237948
2017-04-11,249.43942864326107
2017-04-12,266.9787602620657
2017-04-14,256.6467090156105
2017-04-17,256.2318001539229
2017-04-18,259.86895293655624
2017-04-19,264.5984536462705
2017-04-20,256.5899514690343
2017-04-21,254.36875867391035
2017-04-24,264.2411869074625
2017-04-25,255.08049607921575
2017-04-26,254.05309561508247
2017-04-27,251.66770341383133
2017-04-28,267.4627715081894
2017-05-01,258.9947167422461
2017-05-02,250.26977882823317
2017-05-03,251.56373516143597
2017-05-04,246.57714344109695
2017-05-05,250.4155804906692
2017-05-08,252.1760216252384
2017-05-09,250.05475934005983
2017-05-10,252.6362720920732
2017-05-11,252.26656138721816
2017-05-12,251.3991822715093
2017-05-15,253.1485020644141
2017-05-16,251.97728899239263
2017-05-17,248.9665162641812
2017-05-18,248.7615881294397
2017-05-19,247.37488514920267
2017-05-22,251.34050564526572
2017-05-23,251.8465245260011
2017-05-24,250.8355784670489
2017-05-25,246.6254265538982
2017-05-26,246.70343184134575
2017-05-29,246.7038411198476
2017-05-30,243.4000104743021
2017-05-31,242.57926351084632
2017-06-01,244.19947192879104
2017-06-02,241.99768747664749
2017-06-05,242.52858399203265
2017-06-06,240.9719810043537
2017-06-07,242.09794351574124
2017-06-08,241.43926130826915
2017-06-09,247.3467817877345
2017-06-12,249.02796793076777
2017-06-13,250.39248951886023
2017-06-14,246.1203021193116
2017-06-15,244.5590997089699
2017-06-16,250.7454655364768
2017-06-19,242.44306577689812
2017-06-20,239.44621160321097
2017-06-21,235.75325584735745
2017-06-22,235.6631359442818
2017-06-23,237.4802224396312
2017-06-26,236.9198343770933
2017-06-27,236.62448212427356
2017-06-28,237.9482395103748
2017-06-29,237.95563252665903
2017-06-30,89.27739690251617
2017-07-03,87.74965988310538
2017-07-04,89.67992620071074
2017-07-05,90.45650327359463
2017-07-06,89.41107976144096
2017-07-07,89.34162217534566
2017-07-10,89.49184441779684
2017-07-11,89.94660336782866
2017-07-12,90.23055785083636
2017-07-13,90.60615183272527
2017-07-14,91.08422150971268
2017-07-17,90.91697937164813
2017-07-18,90.56501267780148
2017-07-19,91.73934726614134
2017-07-20,91.53046914318014
2017-07-21,90.69298720425536
2017-07-24,90.4043020229209
2017-07-25,91.48887937512669
2017-07-26,78.61379630995219
2017-07-27,79.31839525575728
2017-07-28,79.29109125131882
2017-07-31,79.49723179697894
2017-08-01,79.62433574755848
2017-08-02,79.36790575755657
2017-08-03,78.53234045273435
2017-08-04,78.73333235658627
2017-08-07,78.09518862484236
2017-08-08,78.00649602929242
2017-08-09,78.07006127427168
2017-08-10,77.0830499829175
2017-08-11,76.53983332507678
2017-08-14,76.36149121064147
2017-08-15,76.05347204117943
2017-08-16,75.19786944823413
2017-08-17,73.96389094370252
2017-08-18,74.40621792366535
2017-08-21,73.70724271330836
2017-08-22,74.63437851442517
2017-08-23,74.91151816864158
2017-08-24,74.77078037312425
2017-08-25,75.30601820256716
2017-08-28,74.79135300303588
2017-08-29,74.58692700306834
2017-08-30,74.8800058299344
2017-08-31,75.36706858086642
2017-09-01,75.97539499892878
2017-09-04,75.9754603962965
2017-09-05,76.42503684116349
2017-09-06,77.65385299445992
2017-09-07,77.7677562460107
2017-09-08,76.99465336803843
2017-09-11,77.79855119223008
2017-09-12,78.12695575605841
2017-09-13,78.99333407990787
2017-09-14,79.29951626693789
2017-09-15,79.50056856589926
2017-09-18,79.88559640734077
2017-09-19,80.20047279483656
2017-09-20,80.68071845928753
2017-09-21,80.48582059263966
2017-09-22,80.92182840595771
2017-09-25,82.05676978551658
2017-09-26,81.86003980636283
2017-09-27,82.28246228405669
2017-09-28,82.42748176664328
2017-09-29,78.99022017439766
2017-10-02,60.48213253349889
2017-10-03,60.42552927458419
2017-10-04,60.37968698012489
2017-10-05,60.611111737730255
2017-10-06,60.11618244396913
2017-10-09,60.538065166500736
2017-10-10,60.431774723968246
2017-10-11,60.5800256268687
2017-10-12,60.4006331735684
2017-10-13,60.35705513451713
2017-10-16,60.43327997115215
2017-10-17,60.46817931401708
2017-10-18,60.015607031890056
2017-10-19,59.83238611494685
2017-10-20,59.95859330687881
2017-10-23,59.6730094109791
2017-10-24,59.85881361619588
2017-10-25,59.44641989461975
2017-10-26,59.59459922550344
2017-10-27,59.62232474574383
2017-10-30,59.84138557629719
2017-10-31,60.04951884772619
2017-11-01,60.64388882777799
2017-11-02,60.53496668638721
2017-11-03,60.62509877544901
2017-11-06,61.87033901136828
2017-11-07,61.79260511706218
2017-11-08,61.56820273583573
2017-11-09,61.76637620829505
2017-11-10,61.29332341247952
2017-11-13,61.31960866107652
2017-11-14,60.44099884179128
2017-11-15,59.75858416566396
2017-11-16,59.4066340117271
2017-11-17,59.64518961400653
2017-11-20,59.50724109250456
2017-11-21,59.65018671059161
2017-11-22,59.570962174646894
2017-11-24,60.09977202402113
2017-11-27,59.50483230866713
2017-11-28,59.99748491534511
2017-11-29,60.31626380908192
2017-11-30,61.26631756645686
2017-12-01,61.70847193381493
2017-12-04,61.73942024997011
2017-12-05,61.44809051072752
2017-12-06,60.7013818886093
2017-12-07,60.87743359550188
2017-12-08,61.3813076918057
2017-12-11,61.83565381459195
2017-12-12,61.635425510372485
2017-12-13,61.58526438403488
2017-12-14,61.40715699727048
2017-12-15,61.39720766226458
2017-12-18,61.70087180466479
2017-12-19,61.72723953720685
2017-12-20,62.52590936498711
2017-12-21,63.813735176477
2017-12-22,63.91559523817673
2017-12-25,68.99096236985605
2017-12-26,64.40174968693884
2017-12-27,64.2301518800375
2017-12-28,64.27115638013893
2017-12-29,62.37919274664537
2018-01-01,29.78786806121027
2018-01-02,30.300181550777754
2018-01-03,30.770183537806943
2018-01-04,30.928846468896197
2018-01-05,30.934411999387137
2018-01-08,31.123631960061072
2018-01-09,31.040127372512167
2018-01-10,31.0296045221022
2018-01-11,31.631873925933096
2018-01-12,31.940391807763767
2018-01-15,31.94059622862726
2018-01-16,31.53862800223103
2018-01-17,31.811066959444947
2018-01-18,31.565426019228735
2018-01-19,31.54184548802064
2018-01-22,32.199738608664816
2018-01-23,32.14630794863816
2018-01-24,32.050616146238205
2018-01-25,31.805980339959284
2018-01-26,32.00436747879878
2018-01-29,31.50943639774509
2018-01-30,30.89855289439265
2018-01-31,30.922415898128857
2018-02-01,31.255188535101368
2018-02-02,29.964807274004325
2018-02-05,28.654551345488706
2018-02-06,28.85740973577936
2018-02-07,28.37270324927675
2018-02-08,27.567349981787533
2018-02-09,27.462855862493868
2018-02-12,27.912825662907856
2018-02-13,27.802378569067724
2018-02-14,28.15282174763461
2018-02-15,28.040830120980893
2018-02-16,27.96743950470577
2018-02-19,27.967157237355
2018-02-20,27.76703651993885
2018-02-21,27.311936616857867
2018-02-22,27.62865623436648
2018-02-23,28.1954289979478
2018-02-26,28.41901663196457
2018-02-27,28.06891296039291
2018-02-28,27.433339976509025
2018-03-01,27.38307930773985
2018-03-02,27.477933091627182
2018-03-05,27.74936313859797
2018-03-06,27.78153671651452
2018-03-07,27.556036147550863
2018-03-08,27.520534460229165
2018-03-09,28.077777827332408
2018-03-12,28.04297013025153
2018-03-13,27.85867776308838
2018-03-14,27.65947957406904
2018-03-15,27.558703069258986
2018-03-16,27.836325457751787
2018-03-19,26.838827826134764
2018-03-20,27.04100906795089
2018-03-21,27.708475718582125
2018-03-22,27.11966724181908
2018-03-23,26.929208832821523
2018-03-26,27.409380731068385
2018-03-27,27.18618263388485
2018-03-28,26.68388981700025
2018-03-29,27.185381541687796
2018-03-30,27.237413663517383
2018-04-02,25.2573219718296
2018-04-03,25.8062826324052
2018-04-04,25.76997453664603
2018-04-05,26.24573292138939
2018-04-06,25.77418230762549
2018-04-09,25.88722049542337
2018-04-10,26.729323515077503
2018-04-11,26.970882404661342
2018-04-12,26.983405548806807
2018-04-13,27.266596602168285
2018-04-16,27.57046544581633
2018-04-17,27.67593217481815
2018-04-18,28.062631345799616
2018-04-19,28.11049417111616
2018-04-20,27.955561470846117
2018-04-23,28.12677535013921
2018-04-24,27.84149420310673
2018-04-25,28.05088994491031
2018-04-26,28.48375281924035
2018-04-27,28.143819734504905
2018-04-30,28.05727210511332
2018-05-01,27.92525371615141
2018-05-02,28.12042306337065
2018-05-03,28.11281803083738
2018-05-04,27.98790954018095
2018-05-07,28.192658682397884
2018-05-08,28.39585203421794
2018-05-09,28.987018849022338
2018-05-10,29.231396364694945
2018-05-11,29.21897784159654
2018-05-14,29.399239414088797
2018-05-15,29.3914564629675
2018-05-16,29.49684175200172
2018-05-17,29.858860096958967
2018-05-18,29.61170232093148
2018-05-21,29.889696351955248
2018-05-22,29.51479860167022
2018-05-23,29.548517554065327
2018-05-24,29.04664393956641
2018-05-25,28.29206067816637
2018-05-28,28.29180406069158
2018-05-29,28.203248482350908
2018-05-30,29.063180037966973
2018-05-31,28.843116850521785
2018-06-01,29.023811842818848
2018-06-04,28.7780181966035
2018-06-05,28.684999705986897
2018-06-06,28.855595458426016
2018-06-07,29.29006252140345
2018-06-08,29.227864054440623
2018-06-11,29.31723599160091
2018-06-12,29.08600023423405
2018-06-13,28.962467970594435
2018-06-14,28.923237227955607
2018-06-15,28.326853937412547
2018-06-18,28.034937136661075
2018-06-19,27.94402633564499
2018-06-20,28.022692068095928
2018-06-21,27.490918055533143
2018-06-22,28.05656701327647
2018-06-25,27.464165557243632
2018-06-26,27.820746571943424
2018-06-27,28.169067840548863
2018-06-28,28.143642575792526
2018-06-29,28.326430399081534
2018-07-02,23.02251329217248
2018-07-03,23.171513579364134
2018-07-05,23.130436807285985
2018-07-06,23.264176135943558
2018-07-09,23.582702283128278
2018-07-10,23.76389808031539
2018-07-11,23.25242310496796
2018-07-12,23.29779774847695
2018-07-13,23.41510602375281
2018-07-16,23.15692899414126
2018-07-17,23.082067272170843
2018-07-18,23.096433810289763
2018-07-19,23.09597308160809
2018-07-20,23.029709388044903
2018-07-23,22.93124176623233
2018-07-24,23.229906243970454
2018-07-25,23.436518633009637
2018-07-26,23.669233203822337
2018-07-30,23.713712621564085
2018-08-01,23.366769865667024
2018-08-02,23.238509366248262
2018-08-03,23.189941921387085
2018-08-06,23.24502755094576
2018-08-07,23.47380837404688
2018-08-08,23.30139099026041
2018-08-09,23.089464919786472
2018-08-10,23.13584931930849
2018-08-13,22.69365563640714
2018-08-14,22.745150467896583
2018-08-15,21.974031474246036
2018-08-16,22.106641917491764
2018-08-17,22.17299328146403
2018-08-20,22.321414863619957
2018-08-21,22.434293660019332
2018-08-22,22.692143239530544
2018-08-23,22.57722127017716
2018-08-24,22.744786279945668
2018-08-27,22.902993597513227
2018-08-28,22.79606531992984
2018-08-29,22.93585811506804
2018-08-30,22.855954421952912
2018-08-31,22.68174547262985
2018-09-04,22.6256065838224
2018-09-05,22.57925292465925
2018-09-06,22.141750928274767
2018-09-07,22.143070436890238
2018-09-10,22.140183788319398
2018-09-11,22.35052282258434
2018-09-12,22.4557010962152
2018-09-13,22.455689757848702
2018-09-14,22.573362261644117
2018-09-17,22.59804819502051
2018-09-18,22.74719209624901
2018-09-19,22.829347362485123
2018-09-20,22.85399486710696
2018-09-21,23.014014036041413
2018-09-24,22.8473393528574
2018-09-25,22.97336442205741
2018-09-26,22.73989163172048
2018-09-27,22.74332307499926
2018-09-28,22.67376955469129
2018-10-01,19.096927890481258
2018-10-02,19.124899471387224
2018-10-03,19.03288573065905
2018-10-04,18.932223759559665
2018-10-05,18.921672742523334
2018-10-08,18.92771493061309
2018-10-09,19.08162588229292
2018-10-10,18.40841668993865
2018-10-11,17.829562520958664
2018-10-12,17.877791555575627
2018-10-15,17.707406459214624
2018-10-16,17.872192104696982
2018-10-17,17.764600859982856
2018-10-18,17.699184430364642
2018-10-19,17.546446315569558
2018-10-22,17.36736828923751
2018-10-23,16.914394202580194
2018-10-24,16.285684793164325
2018-10-25,16.48312056470626
2018-10-26,16.370438841694074
2018-10-29,16.094024250783573
2018-10-30,16.45808125306497
2018-10-31,16.582311676128725
2018-11-01,16.695623859134262
2018-11-02,16.69787901422887
2018-11-05,16.965531087747472
2018-11-06,17.028781126421826
2018-11-07,17.286442838827142
2018-11-08,16.911008933900145
2018-11-09,16.845271746433305
2018-11-12,16.511392485996755
2018-11-13,15.83396566227571
2018-11-14,15.811357329994957
2018-11-15,16.05758518913087
2018-11-16,16.234145697827305
2018-11-19,16.191911064964454
2018-11-20,15.678940596722466
2018-11-21,15.908012073519028
2018-11-23,15.408948227910066
2018-11-26,15.677707697035837
2018-11-27,15.6358681214928
2018-11-28,15.922815854333896
2018-11-29,16.000772335476288
2018-11-30,15.98254816956027
2018-12-03,16.3285091840371
2018-12-04,15.9205484706019
2018-12-06,15.624890438405512
2018-12-07,15.510177935083862
2018-12-10,15.275782598197564
2018-12-11,15.287395121638324
2018-12-12,15.328825401295362
2018-12-13,15.402077981263597
2018-12-14,15.056661562366337
2018-12-17,14.786525689421074
2018-12-18,14.457790339887636
2018-12-19,14.27171487553903
2018-12-20,13.897603798488625
2018-12-21,13.766253490102525
2018-12-24,13.419340410666395
2018-12-26,14.24837279872115
2018-12-27,14.35064901165095
2018-12-28,14.230740585772285
2018-12-31,15.004453625891117
2019-01-02,15.30568809842468
2019-01-03,15.129368453301469
2019-01-04,15.655264908428618
2019-01-07,15.8497400471013
2019-01-08,15.970652700573442
2019-01-09,16.201319151410388
2019-01-10,16.257222792886964
2019-01-11,16.155271798780582
2019-01-14,16.114254005580122
2019-01-15,16.155717092565748
2019-01-16,16.13048368687728
2019-01-17,16.284986918681685
2019-01-18,16.616867468059752
2019-01-22,16.266638771366814
2019-01-23,16.122449433895625
2019-01-24,16.214996734764217
2019-01-25,16.399500682891937
2019-01-28,16.228793687953196
2019-01-29,16.270904452823313
2019-01-30,16.478090674732734
2019-01-31,16.621812315582535
2019-02-01,16.9260295893096
2019-02-04,16.95727196243551
2019-02-05,16.99198791818522
2019-02-06,16.88843359143926
2019-02-07,16.560570324668166
2019-02-08,16.451915664660135
2019-02-11,16.50672169718885
2019-02-12,16.703274595673353
2019-02-13,16.899338707036335
2019-02-14,16.929312853144665
2019-02-15,17.175369940375184
2019-02-19,17.231951179148925
2019-02-20,17.330938507192243
2019-02-21,17.0898563197797
2019-02-22,17.146481013969225
2019-02-25,17.16321165878495
2019-02-26,17.11655131215653
2019-02-27,17.16593132922154
2019-02-28,17.003931214541176
2019-03-01,17.315175670636034
2019-03-04,17.343688555831953
2019-03-05,17.294133585598136
2019-03-06,17.090900819769622
2019-03-07,16.9863438337818
2019-03-08,16.669085050734132
2019-03-11,16.92850187393284
2019-03-12,17.013807970341027
2019-03-13,17.20143456032494
2019-03-14,17.212466255414185
2019-03-15,17.19924645066403
2019-03-18,17.42986689914544
2019-03-19,17.388311646431934
2019-03-20,17.525955610730186
2019-03-21,17.655481408438295
2019-03-22,17.208161526567377
2019-03-25,17.2053516254976
2019-03-26,17.440726488176423
2019-03-27,17.321413019695566
2019-03-28,17.37244224513937
2019-03-29,17.342689775898663
2019-04-01,18.11886541187181
2019-04-02,17.994763882758445
2019-04-03,17.835453850724615
2019-04-04,17.98471638717128
2019-04-05,18.279735265952432
2019-04-08,18.36506506115636
2019-04-09,18.14791346473632
2019-04-10,18.22048475455241
2019-04-11,18.23077344344117
2019-04-12,18.125679282624645
2019-04-15,18.004644420823606
2019-04-16,18.10946597447101
2019-04-17,18.086894359496164
2019-04-18,17.982493658190972
2019-04-22,18.357833895414355
2019-04-23,18.353551204090746
2019-04-24,17.949908995429777
2019-04-25,17.898157188517878
2019-04-26,17.674185942469304
2019-04-29,17.629462272324982
2019-04-30,17.649097186078535
2019-05-01,17.278910391872113
2019-05-02,16.992797619900305
2019-05-03,17.1257056225234
2019-05-06,17.092067205270254
2019-05-07,16.987360819108517
2019-05-08,16.960126862650757
2019-05-09,16.987800179214556
2019-05-10,17.007331640041336
2019-05-13,16.736739782073027
2019-05-14,16.926251526912008
2019-05-15,17.000051900057997
2019-05-16,17.064862283928356
2019-05-17,16.885818052713628
2019-05-20,16.900169299891864
2019-05-21,17.08269189727645
2019-05-22,16.828793647609565
2019-05-23,16.30498613724046
2019-05-24,16.338724860967176
2019-05-28,16.166727988666842
2019-05-29,16.06076096820989
2019-05-30,15.839227252160336
2019-05-31,15.601368580502886
2019-06-03,15.820687082761426
2019-06-04,16.069846206900024
2019-06-05,15.911118326230834
2019-06-06,16.195849604386975
2019-06-07,16.268302477089126
2019-06-10,16.324424121012214
2019-06-11,16.33813566093641
2019-06-12,16.142381995662934
2019-06-13,16.30636574135855
2019-06-14,16.208833508081735
2019-06-17,16.34974052151716
2019-06-18,16.57318887370823
2019-06-19,16.54444912587238
2019-06-20,16.9104571043222
2019-06-21,17.05324335708748
2019-06-24,16.936748731144583
2019-06-25,16.795451524658883
2019-06-26,17.06741692204224
2019-06-27,16.926561066642687
2019-06-28,17.128392731962002
2019-07-01,16.987436416103847
2019-07-02,16.693747217006642
2019-07-03,16.807768629144363
2019-07-05,16.815887651765102
2019-07-08,16.844451232274015
2019-07-09,16.860177196416306
2019-07-10,17.094176520304632
2019-07-11,17.132066428207427
2019-07-12,17.190757085190437
2019-07-15,17.043293430823127
2019-07-16,16.855265194808073
2019-07-17,16.65650690757406
2019-07-18,16.667168224070764
2019-07-19,16.73861942857641
2019-07-22,16.82444113525542
2019-07-23,16.858162545759217
2019-07-24,16.928698642354952
2019-07-25,16.738607306461653
2019-07-26,16.64974029474668
2019-07-29,16.610696221329835
2019-07-30,16.756928049841797
2019-07-31,16.664996412943445
2019-08-01,16.34640169516536
2019-08-02,16.111546583044998
2019-08-05,15.60653159463595
2019-08-06,15.604948444398808
2019-08-07,15.494466896110472
2019-08-08,15.94958732447099
2019-08-09,15.686646632038126
2019-08-12,15.467553640464654
2019-08-13,15.621128223816628
2019-08-14,14.99087927729908
2019-08-15,14.912222332745731
2019-08-16,15.072781814610044
2019-08-19,15.391427807962785
2019-08-20,15.242728700079011
2019-08-21,15.358054091885611
2019-08-22,15.277598140223835
2019-08-23,14.76182487864735
2019-08-26,14.83035581662177
2019-08-27,14.74128628823027
2019-08-28,14.937971767416377
2019-08-29,15.145333281333995
2019-08-30,15.158574565795718
2019-09-03,15.081260619770338
2019-09-04,15.2851671455355
2019-09-05,15.48124226257658
2019-09-06,15.565403453646766
2019-09-09,15.832370906619769
2019-09-10,16.046924445644304
2019-09-11,16.04574549280422
2019-09-12,15.94996861133849
2019-09-13,16.069231735952332
2019-09-16,16.593496917038795
2019-09-17,16.352568755304517
2019-09-18,16.29260485635984
2019-09-19,16.237077342982122
2019-09-20,16.244041856836933
2019-09-23,16.406799295976015
2019-09-24,16.151841605825656
2019-09-25,16.189348466398883
2019-09-26,15.972813067413345
2019-09-27,15.962194901809864
2019-09-30,23.16946223274114
2019-10-01,22.66580813684429
2019-10-02,22.08059894037219
2019-10-03,22.352958918686248
2019-10-04,22.505278564473752
2019-10-07,22.312510451660277
2019-10-08,21.92450136820774
2019-10-09,22.15940733506386
2019-10-10,22.436046306515838
2019-10-11,22.74232079410663
2019-10-14,22.68303660342896
2019-10-15,22.797022431788417
2019-10-16,22.46929369600934
2019-10-17,22.499489845347536
2019-10-18,22.389699103905244
2019-10-21,22.795992076441067
2019-10-22,23.093477622952413
2019-10-23,23.26255172714813
2019-10-24,23.17649929982909
2019-10-25,23.378033096322973
2019-10-28,23.244653965355017
2019-10-29,23.31460268586665
2019-10-30,22.81922996448042
2019-10-31,22.7659894794029
2019-11-01,23.00138561576456
2019-11-04,23.960236679259623
2019-11-05,24.04396355642259
2019-11-06,23.484565145277276
2019-11-07,23.85488143347616
2019-11-08,23.670598431618284
2019-11-11,23.47456521949
2019-11-12,23.419789645470235
2019-11-13,23.31076970130597
2019-11-14,23.24159592881732
2019-11-15,23.387025060614604
2019-11-18,23.089986790356427
2019-11-19,22.741574130896595
2019-11-20,22.963910558841928
2019-11-21,23.32733522838985
2019-11-22,23.23461349698393
2019-11-25,23.26049199556799
2019-11-26,23.03188219842153
2019-11-27,23.04814419184836
2019-11-29,22.866691543294383
2019-12-02,22.878105679776677
2019-12-03,22.5415158463538
2019-12-04,22.877377932657968
2019-12-05,22.76635749165672
2019-12-06,23.192890723944323
2019-12-09,23.123484772670988
2019-12-10,23.16962038487885
2019-12-11,23.118505333797096
2019-12-12,23.560831506796443
2019-12-13,23.36537753320981
2019-12-16,23.702744384484763
2019-12-17,23.69061059265029
2019-12-18,23.762007190505003
2019-12-19,23.73974941069057
2019-12-20,24.0494751577864
2019-12-23,23.93077045460109
2019-12-24,24.204041614492915
2019-12-26,24.15878569014108
2019-12-27,24.027129606565925
2019-12-30,23.961892101502222
2019-12-31,46.406996980412295
2020-01-02,46.52239363119659
2020-01-03,46.32732453135699
2020-01-06,46.6863699312399
2020-01-07,46.49783906042702
2020-01-08,45.698568836938136
2020-01-09,46.06429614851975
2020-01-10,45.79096948713014
2020-01-13,45.83902030189711
2020-01-14,45.809677487022064
2020-01-15,45.49351749462664
2020-01-16,45.53572713569402
2020-01-17,45.215733556180574
2020-01-21,44.36282729184748
2020-01-22,43.99761368173693
2020-01-23,43.86051403937039
2020-01-24,43.35855276653339
2020-01-27,42.1832677073058
2020-01-28,42.36458306413423
2020-01-29,41.92926472039994
2020-01-30,42.31141328223029
2020-01-31,40.97551873208123
2020-02-03,40.41228507916859
2020-02-04,40.54188115050657
2020-02-05,42.01933381761885
2020-02-06,41.598018460716034
2020-02-07,41.26567417354234
2020-02-10,40.994980178527
2020-02-11,41.42324962981218
2020-02-12,41.998324571319536
2020-02-13,41.83897357256922
2020-02-14,41.51155500036522
2020-02-18,41.1634673949578
2020-02-19,41.68484570965949
2020-02-20,41.635802498363255
2020-02-21,41.11854244332669
2020-02-24,39.19939458670555
2020-02-25,37.51196008118699
2020-02-26,36.41440846360936
2020-02-27,34.40324825777067
2020-02-28,34.76035985547027
2020-03-02,35.78182412620932
2020-03-03,34.684550487666016
2020-03-04,35.4697911087626
2020-03-05,34.20690593670451
2020-03-06,32.359611773640154
2020-03-09,25.273930877186768
2020-03-10,26.62449464580048
2020-03-11,24.870775834586087
2020-03-12,21.41160838770661
2020-03-13,23.561837530505432
2020-03-16,19.981882922837183
2020-03-17,19.97955477938814
2020-03-18,16.091929683284032
2020-03-19,18.080845437150728
2020-03-20,18.53688964156056
2020-03-23,16.639503645360655
2020-03-24,20.377598243143204
2020-03-25,21.293415875652272
2020-03-26,22.732009852224603
2020-03-27,20.705236605130963
2020-03-30,20.687057028447803
2021-09-30,47.53464808506229
2021-10-01,50.20404131962449
2021-10-04,51.02781184340735
2021-10-05,50.85135193755833
2021-10-06,50.29396310028876
2021-10-07,50.69039121167986
2021-10-08,52.24267587587375
2021-10-11,52.24054897814421
2021-10-12,52.09893650952059
2021-10-13,52.025219794979655
2021-10-14,52.67613540379554
2021-10-15,52.91293471125098
2021-10-18,52.96546524231192
2021-10-19,53.55352592200712
2021-10-20,53.98723327122592
2021-10-21,53.00798246465105
2021-10-22,53.48964372852791
2021-10-25,54.26288662891692
2021-10-26,54.589716622045486
2021-10-27,53.01958897582943
2021-10-28,53.38518655712206
2021-10-29,52.99126205825458
2021-11-01,53.89179389300868
2021-11-02,53.38121457654464
2021-11-03,52.94331896240715
2021-11-04,53.01005728354564
2021-11-05,53.71823346445122
2021-11-08,54.19649404969943
2021-11-09,54.4092106043389
2021-11-10,52.80561388857011
2021-11-11,53.030777290067526
2021-11-12,52.87567774825096
2021-11-15,53.31874056718058
2021-11-16,53.35159784266092
2021-11-17,52.3770336856979
2021-11-18,52.06935299385981
2021-11-19,50.046884753677965
2021-11-22,50.92748251431256
2021-11-23,52.49953888917069
2021-11-24,53.01264536925193
2021-11-26,50.85716879598906
2021-11-29,51.15043823951004
2021-11-30,49.8767177336606
2021-12-01,49.39507071994265
2021-12-02,50.81644841362697
2021-12-03,50.415506862016734
2021-12-06,51.17205118080097
2021-12-07,52.69135002247589
2021-12-08,52.38155662649584
2021-12-09,51.9044725565394
2021-12-10,52.29310678800168
2021-12-13,50.83123542904443
2021-12-14,50.57695651856439
2021-12-15,50.35276689043359
2021-12-16,50.66835848712464
2021-12-17,49.595828713421504
2021-12-20,49.445087580875104
2021-12-21,50.89794368495938
2021-12-22,51.18479378012255
2021-12-23,51.23320732783961
2021-12-27,52.37887269434096
2021-12-28,52.32556658990208
2021-12-29,51.98923167159498
2021-12-30,51.637746787415885
2021-12-31,14.729721364563895
2022-01-03,15.193831905368132
2022-01-04,15.714411781322651
2022-01-05,15.707009220616216
2022-01-06,16.059399606065178
2022-01-07,16.28445940685752
2022-01-10,16.235104576637625
2022-01-11,16.78946730432163
2022-01-12,16.819639946398866
2022-01-13,16.72130485691817
2022-01-14,17.12511741566396
2022-01-18,17.180972925861482
2022-01-19,17.05758584292561
2022-01-20,16.903796093599198
2022-01-21,16.582123218240085
2022-01-24,16.67295836060168
2022-01-25,17.330478462028175
2022-01-26,17.304102663965356
2022-01-27,17.498766951582887
2022-01-28,17.39680245783771
2022-01-31,17.479360423729453
2022-02-01,18.08417372381521
2022-02-02,18.154683209113266
2022-02-03,17.97050096558063
2022-02-04,18.25534902155988
2022-02-07,18.4937331365592
2022-02-08,18.099402197046995
2022-02-09,18.193375810620974
2022-02-10,18.078999178349555
2022-02-11,18.59889714080188
2022-02-14,18.172423847383616
2022-02-15,17.928440041801473
2022-02-16,18.071754583734624
2022-02-17,18.046343939723968
2022-02-18,17.91382309886909
2022-02-22,17.63948865396364
2022-02-23,17.82368993481174
2022-02-24,17.66675091312124
2022-02-25,18.13804051689755
2022-02-28,18.60094112620064
2022-03-01,18.76908952368904
2022-03-02,19.201201955176277
2022-03-03,19.25657236509109
2022-03-04,19.80405166763609
2022-03-07,20.10065758921468
2022-03-08,20.41346366063525
2022-03-09,19.728904960390715
2022-03-10,20.38840942715702
2022-03-11,20.214883724089304
2022-03-14,19.612666107603644
2022-03-15,18.87969746747774
2022-03-16,18.79647233389153
2022-03-17,19.45694201204114
2022-03-18,19.469837550913688
2022-03-21,20.212964423676933
2022-03-22,20.080060303828358
2022-03-23,20.424145418298103
2022-03-24,20.45029958485413
2022-03-25,20.91183972070804
2022-03-28,20.387704359137512
2022-03-29,20.32670122134586
2022-03-30,20.57141834013906
2022-03-31,14.965376354939345
2022-04-01,15.096524308374594
2022-04-04,15.107308146550109
2022-04-05,14.878722648501636
2022-04-06,14.962898968657168
2022-04-07,15.15465559386101
2022-04-08,15.575830385681671
2022-04-11,15.107868575052422
2022-04-12,15.361567763015708
2022-04-13,15.579930078621471
2022-04-14,15.636231225766318
2022-04-18,15.87363521430747
2022-04-19,15.728796392196555
2022-04-20,15.789456099511892
2022-04-21,15.29700857638264
2022-04-22,14.924980241461224
2022-04-25,14.432023972861858
2022-04-26,14.443861054554825
2022-04-27,14.651729143830025
2022-04-28,15.097096852244531
2022-04-29,14.72036469192711
2022-05-02,14.928359047430432
2022-05-03,15.362448464861462
2022-05-04,15.992664586697323
2022-05-05,15.764777680174268
2022-05-06,16.21654736025964
2022-05-09,14.875930261743376
2022-05-10,15.016775343653585
2022-05-11,15.2146208385006
2022-05-12,15.227842632268326
2022-05-13,15.751538486495376
2022-05-16,16.166642561996017
2022-05-17,16.350615257278687
2022-05-18,15.892802700760276
2022-05-19,15.84099686680302
2022-05-20,15.906555510526726
2022-05-23,16.325783038317454
2022-05-24,16.39029803458563
2022-05-25,16.715466767848834
2022-05-26,16.909525591678445
2022-05-27,17.201863989275033
2022-05-31,16.920900339038386
2022-06-01,17.1955301301656
2022-06-02,17.160148748280474
2022-06-03,17.388358227266764
2022-06-06,17.376454599379688
2022-06-07,17.90207129520037
2022-06-08,17.928069139017012
2022-06-09,17.516811422363837
2022-06-10,17.212507589308427
2022-06-13,16.318767893219082
2022-06-14,16.331735718021818
2022-06-15,15.976687954927367
2022-06-16,15.076989161432287
2022-06-17,14.260267453800466
2022-06-21,15.03185348343945
2022-06-22,14.420825439457582
2022-06-23,13.887760721545162
2022-06-24,14.080347698286444
2022-06-27,14.487861482900255
2022-06-28,14.876051745818453
2022-06-29,14.367944410325896
2022-06-30,9.22534610997598
2022-07-01,9.35166180698147
2022-07-05,8.983214860857863
2022-07-06,8.826967641760142
2022-07-07,9.141151514213496
2022-07-08,9.13894058957874
2022-07-11,9.056616734107829
2022-07-12,8.871206031217943
2022-07-13,8.857758169396211
2022-07-14,8.690811150080373
2022-07-15,8.85953101740778
2022-07-18,9.032292680625934
2022-07-19,9.316662479143767
2022-07-20,9.402323220363336
2022-07-21,9.242417600087382
2022-07-22,9.161355356673791
2022-07-25,9.501736399748165
2022-07-26,9.416129685759245
2022-07-27,9.623421034771235
2022-07-28,9.65972284457561
2022-07-29,10.090574772891152
2022-08-01,9.874585105212004
2022-08-02,9.858524608990436
2022-08-03,9.569928691214034
2022-08-04,9.218448066082171
2022-08-05,9.401515404218062
2022-08-08,9.44715846708128
2022-08-09,9.614853662392358
2022-08-10,9.68365374424027
2022-08-11,9.99540835114652
2022-08-12,10.068336148533096
2022-08-15,9.86682763924084
2022-08-16,9.838877532666448
2022-08-17,9.915449931353017
2022-08-18,10.164290389437856
2022-08-19,10.170215322158633
2022-08-22,10.141973321527477
2022-08-23,10.509652445969945
2022-08-24,10.636871168231483
2022-08-25,10.712495807061872
2022-08-26,10.591246663373315
2022-08-29,10.753224137482617
2022-08-30,10.388231819673033
2022-08-31,10.290426871468872
2022-09-01,10.044940853176344
2022-09-02,10.222769114564905
2022-09-06,10.109791207931824
2022-09-07,9.995722127153412
2022-09-08,10.03677861860676
2022-09-09,10.273285919276752
2022-09-12,10.462587340309032
2022-09-13,10.200233934289257
2022-09-14,10.48302163674122
2022-09-15,10.21382986154904
2022-09-16,9.988796652733004
2022-09-19,10.078474266385776
2022-09-20,10.01485295305065
2022-09-21,9.863189567933365
2022-09-22,9.826266560613226
2022-09-23,9.164369577182068
2022-09-26,8.918237538992738
2022-09-27,9.028495709152258
2022-09-28,9.43360321754674
2022-09-29,9.41695972675656
2022-09-30,7.28994547214044
2022-10-03,7.715559617239355
2022-10-04,8.05163857895297
2022-10-05,8.218355009630443
2022-10-06,8.363330197350223
2022-10-07,8.2965041498397
2022-10-10,8.12308235228039
2022-10-11,8.06208738815991
2022-10-12,8.196174120223532
2022-10-13,8.525403888114816
2022-10-14,8.203816718876915
2022-10-17,8.309391835807716
2022-10-18,8.380665532039927
2022-10-19,8.625858069562263
2022-10-20,8.638693310986488
2022-10-21,8.88949979099367
2022-10-24,8.932074391971593
2022-10-25,8.937109376790096
2022-10-26,9.055931095735971
2022-10-27,9.080735256087069
2022-10-28,9.125705257396325
2022-10-31,9.19066907265834
2022-11-01,9.282570692700451
2022-11-02,9.06178240028112
2022-11-03,9.231422689574318
2022-11-04,9.335425153617331
2022-11-07,9.49917317512778
2022-11-08,9.503538480480527
2022-11-09,9.048112522062562
2022-11-10,9.248644754678413
2022-11-11,9.529973116177509
2022-11-14,9.48000594579767
2022-11-15,9.590745967623963
2022-11-16,9.3851068124344
2022-11-17,9.388697380868988
2022-11-18,9.31149846694314
2022-11-21,9.18314345791165
2022-11-22,9.47595766455489
2022-11-23,9.375663957902107
2022-11-25,9.33764463913467
2022-11-28,9.083660691546172
2022-11-29,9.207112903647808
2022-11-30,9.261134808545613
2022-12-01,9.2230484723115
2022-12-02,9.171380576588271
2022-12-05,8.8968916086733
2022-12-06,8.666997948221804
2022-12-07,8.643141345451042
2022-12-08,8.600900501669164
2022-12-09,8.390998533705334
2022-12-12,8.608021868202702
2022-12-13,8.765253659271169
2022-12-14,8.708972726384612
2022-12-15,8.664432615715436
2022-12-16,8.547470522488046
2022-12-19,8.571153276634947
2022-12-20,8.698290822742898
2022-12-21,8.861390726764608
2022-12-22,8.656573502200105
2022-12-23,8.93179358048759
2022-12-27,9.031252224094803
2022-12-28,8.827294760683479
2022-12-29,8.914134489637323
2022-12-30,8.97671995003578
2023-01-03,8.020660779867212
2023-01-04,8.02513200737681
2023-01-05,8.180095705746986
2023-01-06,8.323551783854755
2023-01-09,8.295503668819805
2023-01-10,8.357513359340576
2023-01-11,8.380870811418712
2023-01-12,8.54080570445308
2023-01-13,8.549619907684452
2023-01-17,8.564997341146205
2023-01-18,8.413971704723497
2023-01-19,8.511621249135143
2023-01-20,8.617305765848005
2023-01-23,8.608330941881729
2023-01-24,8.585328857116384
2023-01-25,8.57522631591258
2023-01-26,8.851435040118059
2023-01-27,8.672486383499692
2023-01-30,8.4710049572025
2023-01-31,8.50516526493761
2023-02-01,8.3780061321424
2023-02-02,8.18549162324354
2023-02-03,8.170131962147847
2023-02-06,8.13533555217242
2023-02-07,8.38385581839572
2023-02-08,8.31444808715994
2023-02-09,8.247655840139453
2023-02-10,8.567685548403784
2023-02-13,8.527690814917575
2023-02-14,8.529398817131206
2023-02-15,8.366332853714056
2023-02-16,8.284858189218435
2023-02-17,7.984353451559426
2023-02-21,7.952785441774247
2023-02-22,7.89766472651834
2023-02-23,8.00070647570456
2023-02-24,8.0023364040396
2023-02-27,8.030027679806361
2023-02-28,7.911569402204683
2023-03-01,8.069065423123416
2023-03-02,8.135164431719378
2023-03-03,8.244739942562282
2023-03-06,8.24302560556788
2023-03-07,8.100022472308577
2023-03-08,8.016451837179769
2023-03-09,7.903896574563133
2023-03-10,7.790450204351486
2023-03-13,7.637053264092935
2023-03-14,7.708839057271064
2023-03-15,7.290276067753069
2023-03-16,7.367975896805668
2023-03-17,7.255420311336104
2023-03-20,7.39272137318224
2023-03-21,7.638983236146578
2023-03-22,7.475995400219597
2023-03-23,7.375729976555167
2023-03-24,7.403617719010937
2023-03-27,7.557982271955864
2023-03-28,7.672826357707486
2023-03-29,7.7847001987311
2023-03-30,7.804005574921026
2023-03-31,7.397017989773188
2023-04-03,7.735605216821979
2023-04-04,7.5959795846972
2023-04-05,7.704286079250944
2023-04-06,7.592146707002147
2023-04-10,7.654617421977049
2023-04-11,7.724526144994612
2023-04-12,7.7309129191470545
2023-04-13,7.775951680981985
2023-04-14,7.792289019140888
2023-04-17,7.69657501846221
2023-04-18,7.72438076164423
2023-04-19,7.701850616712489
2023-04-20,7.634074929396314
2023-04-21,7.586882286239724
2023-04-24,7.702040909655934
2023-04-25,7.555476513222535
2023-04-26,7.458398998605214
2023-04-27,7.483723770254716
2023-04-28,7.594149248006511
2023-05-01,7.510035922946919
2023-05-02,7.186288809920226
2023-05-03,7.050437817345863
2023-05-04,6.966848129040828
2023-05-05,7.160276652290452
2023-05-08,7.160881884947778
2023-05-09,7.16114145720561
2023-05-10,7.081128721329473
2023-05-11,6.995664773705268
2023-05-12,7.0071272548424455
2023-05-15,7.024611305009231
2023-05-16,6.844664331090411
2023-05-17,6.9831149686939495
2023-05-18,7.017991348791134
2023-05-19,7.066241062973884
2023-05-22,7.040982256504314
2023-05-23,7.111091422090826
2023-05-24,7.147682174143071
2023-05-25,7.013268392483774
2023-05-26,6.987858175141178
2023-05-30,6.919943063005671
2023-05-31,6.789871559721054
2023-06-01,6.875643857724147
2023-06-02,7.084106760005698
2023-06-05,7.040676435325062
2023-06-06,7.091588635967105
2023-06-07,7.281736003123093
2023-06-08,7.248035085478589
2023-06-09,7.206200314185764
2023-06-12,7.136521758642222
2023-06-13,7.172033666176447
2023-06-14,7.091266386870798
2023-06-15,7.166199071697125
2023-06-16,7.16023866855235
2023-06-20,7.062349519039813
2023-06-21,7.123249831566849
2023-06-22,7.029115280622524
2023-06-23,6.974924286458742
2023-06-26,7.09588310373442
2023-06-27,7.115670516543048
2023-06-28,7.186522420164672
2023-06-29,7.268355147536904
2023-06-30,8.536654167158312
2023-07-03,8.560596445406627
2023-07-05,8.51515366470977
2023-07-06,8.322051461606229
2023-07-07,8.505192555416045
2023-07-10,8.562315458351389
2023-07-11,8.755016907484062
2023-07-12,8.833088412494556
2023-07-13,8.798305905114777
2023-07-14,8.562920851155223
2023-07-17,8.550323742151186
2023-07-18,8.641159778574877
2023-07-19,8.684623381906478
2023-07-20,8.790438622977767
2023-07-21,8.864306530205532
2023-07-24,9.012025371711546
2023-07-25,9.062050403851003
2023-07-26,9.055974249646134
2023-07-27,9.001762801505482
2023-07-28,9.022096064700664
2023-07-31,9.194425772781685
2023-08-01,9.15325625976917
2023-08-02,9.030539769785948
2023-08-03,9.118400936932154
2023-08-04,9.1262716507224
2023-08-07,9.141569634183082
2023-08-08,9.187782227184163
2023-08-09,9.299553086456427
2023-08-10,9.30505363322423
2023-08-11,9.44921943304564
2023-08-14,9.412053516899771
2023-08-15,9.188515681994549
2023-08-16,9.11086810042701
2023-08-17,9.20200325982456
2023-08-18,9.286160963293174
2023-08-21,9.230339310557108
2023-08-22,9.15914977571484
2023-08-23,9.134317187459146
2023-08-24,9.06952034235496
2023-08-25,9.159210952526784
2023-08-28,9.223365873834656
2023-08-29,9.249616724598916
2023-08-30,9.290917975059442
2023-08-31,9.30210674729345
2023-09-01,9.48983030330842
2023-09-05,9.537992579334508
2023-09-06,9.543710925372483
2023-09-07,9.531101924604846
2023-09-08,9.621654004149974
2023-09-11,9.498162051434049
2023-09-12,9.712145315686168
2023-09-13,9.639081103126635
2023-09-14,9.753570195542675
2023-09-15,9.623277260056412
2023-09-18,9.657526731448955
2023-09-19,9.57242817141342
2023-09-20,9.482938821168773
2023-09-21,9.353050531465872
2023-09-22,9.366360274372123
2023-09-25,9.484729062750256
2023-09-26,9.446121318508911
2023-09-27,9.6774664499821
2023-09-28,9.686869972772222
2023-09-29,9.495841148925107
2023-10-02,10.66032289702131
2023-10-03,10.650138321601322
2023-10-04,10.297452512446055
2023-10-05,10.248263596474306
2023-10-06,10.306362397221411
2023-10-09,10.657724838502794
2023-10-10,10.666899911008032
2023-10-11,10.54026898838511
2023-10-12,10.546025934202609
2023-10-13,10.771470434560788
2023-10-16,10.849576628255146
2023-10-17,10.95707611047246
2023-10-18,11.055527142392307
2023-10-19,11.040509214618236
2023-10-20,10.850271818071777
2023-10-23,10.677840403992036
2023-10-24,10.52573123203368
2023-10-25,10.504057407257696
2023-10-26,10.42852361096937
2023-10-27,10.179928194222615
2023-10-30,10.208316735535012
2023-10-31,10.234752020552056
2023-11-01,9.973121750653828
2023-11-02,10.253055405041543
2023-11-03,10.325591136730688
2023-11-06,10.066241671490312
2023-11-07,9.926346534818045
2023-11-08,9.931107997356142
2023-11-09,9.900503605186229
2023-11-10,10.018002371744023
2023-11-13,10.09398676205903
2023-11-14,10.166483270101985
2023-11-15,10.12625502088408
2023-11-16,9.897149161711164
2023-11-17,10.116152838641307
2023-11-20,10.135530780719355
2023-11-21,10.10763678110155
2023-11-22,10.100890146251079
2023-11-24,10.145173747682172
2023-11-27,10.112131994123468
2023-11-28,10.112305768248037
2023-11-29,10.03693548632913
2023-11-30,10.10064790482167
2023-12-01,10.14807651090849
2023-12-04,10.100360968433307
2023-12-05,9.940448879467807
2023-12-06,9.7529452435782
2023-12-07,9.71022352132929
2023-12-08,9.81107957536624
2023-12-11,9.829030184725315
2023-12-12,9.684915393069133
2023-12-13,9.833174881013127
2023-12-14,10.099970453328542
2023-12-15,10.051433662352173
2023-12-18,10.151270627566328
2023-12-19,10.433835490465212
2023-12-20,10.333842120653324
2023-12-21,10.370763723560374
2023-12-22,10.401887197698612
2023-12-26,10.495574287399688
2023-12-27,10.435720025730497
2023-12-28,10.28489842204179
2023-12-29,10.262522804205828
2024-01-02,10.38911042975457
2024-01-03,10.548966120210938
2024-01-04,10.355976670666402
2024-01-05,10.37107866111892
2024-01-08,10.271276708564864
2024-01-09,10.093437937578058
2024-01-10,9.9833350946647
2024-01-11,10.013041562913436
2024-01-12,10.125148355557803
2024-01-16,9.88087881616102
2024-01-17,9.798082645766986
2024-01-18,9.7747248170428
2024-01-19,9.81286389954345
2024-01-22,9.842661779467937
2024-01-23,9.87384004377502
2024-01-24,10.011908268497734
2024-01-25,10.221270357716874
2024-01-26,10.413902451708529
2024-01-29,10.384021662073385
2024-01-30,10.527313422745907
2024-01-31,10.367642615987934
2024-02-01,10.394923058495944
2024-02-02,11.013769971121317
2024-02-05,11.000621932458543
2024-02-06,11.012547936795103
2024-02-07,11.042704766994508
2024-02-08,11.059875035542953
2024-02-09,10.997023899860613
2024-02-13,10.989095513393305
2024-02-14,11.06229862437698
2024-02-15,11.320447053342345
2024-02-16,11.331742496224877
2024-02-20,11.203269355698227
2024-02-21,11.44203573752654
2024-02-22,11.46771179159444
2024-02-23,11.36802583409412
2024-02-26,11.416840560706706
2024-02-27,11.363678853065128
2024-02-28,11.307187270327832
2024-02-29,11.38629833359318
2024-03-01,11.513453243192615
2024-03-04,11.402765231697316
2024-03-05,11.471293136447972
2024-03-06,11.5109838942945
2024-03-07,11.611622325299532
2024-03-08,11.6409259993983
2024-03-11,11.75894989997919
2024-03-12,11.742800907402229
2024-03-13,11.950474895668094
2024-03-14,12.050881528273294
2024-03-15,12.081310204314367
2024-03-18,12.149788617852373
2024-03-19,12.28337313324856
2024-03-20,12.291093407723642
2024-03-21,12.339354009646827
2024-03-22,12.312602494030127
2024-03-25,12.423884929798557
2024-03-26,12.329662515054352
2024-03-27,12.445593619630628
2024-03-28,12.596639377778432
2024-04-01,12.646987897545594
2024-04-02,12.816463864801772
2024-04-03,12.9136598951624
2024-04-04,12.895174756285938
2024-04-05,13.033264429043234
2024-04-08,12.951954497024582
2024-04-09,12.93977289257458
2024-04-10,12.997829299197184
2024-04-11,12.977787275887703
2024-04-12,12.775256490477142
2024-04-15,12.658039914069652
2024-04-16,12.547886997988217
2024-04-17,12.49779244927179
2024-04-18,12.46903791759063
2024-04-19,12.59557193258804
2024-04-22,12.676298045558555
2024-04-23,12.743679442011796
2024-04-24,12.882703563736928
2024-04-25,12.948305189803428
2024-04-26,13.371333404082108
2024-04-29,13.455749883404376
2024-04-30,13.05501204404218
2024-05-01,13.028353537382415
2024-05-02,13.232188688800742
2024-05-03,13.248918931518897
2024-05-06,13.390121919449886
2024-05-07,13.405991478565443
2024-05-08,13.395450503206469
2024-05-09,13.560798610226247
2024-05-10,13.484845824580146
2024-05-13,13.452575541312532
2024-05-14,13.435082700984891
2024-05-15,13.450655853823857
2024-05-16,13.395783906089886
2024-05-17,13.577554320128762
2024-05-20,13.491725972764456
2024-05-21,13.42463316143002
2024-05-22,13.180130307912957
2024-05-23,13.050413323768383
2024-05-24,13.069399781262295
2024-05-28,13.208773924496377
2024-05-29,12.97101284674103
2024-05-30,13.001894067705031
2024-05-31,13.322200478104687
2024-06-03,12.974407237922053
2024-06-04,12.858208813890977
2024-06-05,12.843443924558436
2024-06-06,12.918157543231384
2024-06-07,12.862012076433386
2024-06-10,12.952350833157547
2024-06-11,12.93310714735529
2024-06-12,12.768782651598684
2024-06-13,12.6750695560382
2024-06-14,12.570487962637035
2024-06-17,12.607124202028348
2024-06-18,12.660272529427077
2024-06-20,12.886999148364803
2024-06-21,12.807253509927275
2024-06-24,13.136038126610952
2024-06-25,13.161870151618997
2024-06-26,13.039583437583186
2024-06-27,13.059195454380454
2024-06-28,13.11867659869583
2024-07-01,13.133429269276604
2024-07-02,13.102513946596698
2024-07-03,13.162791995789522
2024-07-05,12.959618372067345
2024-07-08,12.887717211422506
2024-07-09,12.757864736037554
2024-07-10,12.839670690192456
2024-07-11,12.987014276347997
2024-07-12,13.025428168239769
2024-07-15,13.226292452212327
2024-07-16,13.265184790996498
2024-07-17,13.404462977806421
2024-07-18,13.4358057929407
2024-07-19,13.258542005828868
2024-07-22,13.199606894075396
2024-07-23,12.986098424839843
2024-07-24,13.014641989616834
2024-07-25,13.267859736619636
2024-07-26,13.327328677944976
2024-07-29,13.22033343981254
2024-07-30,13.511918876955395
2024-07-31,13.547446381732376
2024-08-01,13.079932819706363
2024-08-02,12.82188729559742
2024-08-05,12.515523628377945
2024-08-06,12.6039727726061
2024-08-07,12.64232466329759
2024-08-08,12.871901802805528
2024-08-09,12.895775213457346
2024-08-12,12.9724960765221
2024-08-13,12.830956685772788
2024-08-14,12.910215380328106
2024-08-15,13.038236555565057
2024-08-16,13.021954412412159
2024-08-19,13.063366534679195
2024-08-20,12.715409592336101
2024-08-21,12.747767117128477
2024-08-22,12.779561797905444
2024-08-23,12.972132860646104
2024-08-26,13.091487224007565
2024-08-27,12.958588034153781
2024-08-28,12.901347255453258
2024-08-29,13.042793231211505
2024-08-30,13.092554308180308
2024-09-03,12.735543614139713
2024-09-04,12.589748281392604
2024-09-05,12.481163925962443
2024-09-06,12.343923073995143
2024-09-09,12.421531894277456
2024-09-10,12.202107964657115
2024-09-11,12.08423202311685
2024-09-12,12.209192735315705
2024-09-13,12.269229338421871
2024-09-16,12.396247448032314
2024-09-17,12.577363645846281
2024-09-18,12.577363645846097
2024-09-19,12.761952069600984
2024-09-20,12.699109611397189
2024-09-23,12.874985275874181
2024-09-24,12.801693004731355
2024-09-25,12.566116771771288
2024-09-26,12.32095886546455
2024-09-27,12.569501601790835
2024-09-30,12.656867700297703
2024-10-01,12.936094068714159
2024-10-02,13.06082740243718
2024-10-03,13.347500120546998
2024-10-04,13.425560751185994
2024-10-07,13.489520776561074
2024-10-08,13.077104902395828
2024-10-09,13.201475557521684
2024-10-10,13.32344014476638
2024-10-11,13.373199208219065
2024-10-14,13.328311328729484
2024-10-15,12.90258897013835
2024-10-16,12.995969516490975
2024-10-17,13.058382364660218
2024-10-18,13.003793846287042
2024-10-21,12.961671697771166
2024-10-22,12.989962739305081
2024-10-23,12.861595294537606
2024-10-24,13.124838882677802
2024-10-25,13.1499137783452
2024-10-28,13.044670063536536
2024-10-29,12.843806653924634
2024-10-30,13.138942492304606
2024-10-31,13.333213226687546
2024-11-01,13.525226462962246
2024-11-04,13.759119671993176
2024-11-05,14.17533303729466
2024-11-06,14.30145132321626
2024-11-07,14.640544292368949
2024-11-08,14.977392977650977
2024-11-11,15.057736315870159
2024-11-12,15.021732100034654
2024-11-13,15.163877734312829
2024-11-14,15.18100193618067
2024-11-15,15.09827888834635
2024-11-18,15.264716964212667
2024-11-19,15.143941987275063
2024-11-20,15.303829027899825
2024-11-21,15.465400523092303
2024-11-22,15.529740224030263
2024-11-25,15.202494521186539
2024-11-26,15.177939720660708
2024-11-27,15.4043483175337
2024-11-29,15.46388291034738
2024-12-02,15.34805023641443
2024-12-03,15.289228256972123
2024-12-04,14.93513949512432
2024-12-05,14.966422791793878
2024-12-06,14.735028171625949
2024-12-09,14.765009020447582
2024-12-10,14.605245716156118
2024-12-11,14.627067663607217
2024-12-13,14.431749599889118
2024-12-16,14.09467153160095
2024-12-17,13.997441311585613
2024-12-18,13.997441311585613
2024-12-19,13.645169481245057
2024-12-20,13.601990013357677
2024-12-23,13.710211117860371
2024-12-24,13.813852804145029
2024-12-26,13.787717190634329
2024-12-27,13.793136288849876
2024-12-30,13.797975137859238
2024-12-31,14.002928460387277
2025-01-02,14.137977457709876
2025-01-03,14.233097576868289
2025-01-06,14.170530882490048
2025-01-07,14.328661513696188
2025-01-08,14.329126760449196
2025-01-10,14.392841165851735
2025-01-13,14.734237122674285
2025-01-14,14.882896525181167
2025-01-15,15.094534597825387
2025-01-16,15.158867571020854
2025-01-17,15.264169676687224
2025-01-21,15.161390629101813
2025-01-22,14.889351756025317
2025-01-23,15.033232107118927
2025-01-24,14.859058324977964
2025-01-27,14.826103030530932
2025-01-28,14.541986627419089
2025-01-29,14.585510778128814
2025-01-30,14.647668519505997
2025-01-31,14.373620166300178
2025-02-03,14.42893693828824
2025-02-04,14.932314083114415
2025-02-05,14.889986000556512
2025-02-06,14.787686528601496
2025-02-07,14.751130889478588
2025-02-10,15.102782556420522
2025-02-11,15.22592528176169
2025-02-12,14.878480216226496
2025-02-13,14.999117317824421
2025-02-14,15.056017503005553
2025-02-18,15.255825635635718
2025-02-19,15.659586121912627
2025-02-20,15.79946198637518
2025-02-21,15.446393033168151
2025-02-24,15.475648459493163
2025-02-25,15.246711470261697
2025-02-26,15.146654201192671
2025-02-27,15.640395937464623
2025-02-28,15.82092824827855
2025-03-03,15.25051610754022
2025-03-04,15.157432566616084
2025-03-05,14.934099506414341
2025-03-06,15.04353811577355
2025-03-07,15.299369054649354
2025-03-10,15.42856774496765
2025-03-11,15.295993820283208
2025-03-12,15.367186406975762
2025-03-13,15.26191409136583
2025-03-14,15.682077100149106
2025-03-17,15.912734480127229
2025-03-18,15.947971210621306
2025-03-19,16.194443815716006
2025-03-20,16.259816434710704
2025-03-21,16.177236467149264
2025-03-24,16.337241983609722
2025-03-25,16.41002419243788
2025-03-26,16.525995400121577
2025-03-27,16.375388723976954
2025-03-28,16.287680621586087
2025-03-31,16.46979589436863
2025-04-01,16.56594456935559
2025-04-02,16.572012563194594
2025-04-03,15.21050977021498
2025-04-04,13.84177260992969
2025-04-07,13.68649108627585
2025-04-08,13.293548013714199
2025-04-09,14.427287801268555
2025-04-10,13.413009738213542
2025-04-11,13.756963378433447
2025-04-14,13.781986873198568
2025-04-15,13.731787953789865
2025-04-16,13.859752816005555
2025-04-17,14.212630525495648
2025-04-21,13.87726774905324
2025-04-22,14.689899285987178
2025-04-23,14.639811764322125
2025-04-24,15.216338819433439
2025-04-25,15.2404645948437
2025-04-28,15.337449953279812
2025-04-29,15.322064346240534
2025-04-30,15.016141309471765
2025-05-01,15.162082932138217
2025-05-02,15.741553428066293
2025-05-05,15.32200254880424
2025-05-06,15.581361454211795
2025-05-07,15.525590572104402
2025-05-08,15.77709777812276
2025-05-09,15.848666206475057
2025-05-12,16.316491277758168
2025-05-13,16.482543966732916
2025-05-14,16.389622166684294
2025-05-15,16.40905618171632
2025-05-16,16.372180416730505
2025-05-19,16.139754588872126
2025-05-20,15.983815407174403
2025-05-21,15.70813321936016
2025-05-22,15.639355116236175
2025-05-23,15.662270949930033
2025-05-27,15.790579666634867
2025-05-28,15.637681616379782
2025-05-29,15.749017597295444
2025-05-30,15.602681877890678
2025-06-02,15.81796896840382
2025-06-03,16.0345591690359
2025-06-04,15.692093961645295
2025-06-05,15.64352187366917
2025-06-06,15.998441525845823
2025-06-09,16.04778647357332
2025-06-10,16.343557925234723
2025-06-11,16.52698500839583
2025-06-12,16.54997760771106
2025-06-13,16.89168778071608
2025-06-16,16.73795352591642
2025-06-17,16.96000025348534
2025-06-18,16.796080279659567
2025-06-20,16.95059573682227
2025-06-23,16.512181394004426
2025-06-24,16.328730189775666
2025-06-25,16.31790139946947
2025-06-26,16.560951992378612
2025-06-27,16.467489140547592
2025-06-30,16.351876322731208
2025-07-01,16.611217314333224
2025-07-02,16.803095841930595
2025-07-03,16.80745740424751
2025-07-07,16.61882956770852
2025-07-08,17.190875704178175
2025-07-09,16.982021103635972
2025-07-10,17.115018361305836
2025-07-11,17.239623498738762
2025-07-14,16.941656017125062
2025-07-15,16.73797177095781
2025-07-16,16.5916231121596
2025-07-17,16.71566651681482
2025-07-18,16.50064011471642
2025-07-21,16.408618122011127
2025-07-22,16.272802300575194
2025-07-23,16.52215811069837
2025-07-24,16.65010737689264
2025-07-25,16.581913686080114
2025-07-28,16.816422066423453
2025-07-29,16.64471380102658
2025-07-30,16.406625837037087
2025-07-31,16.301727540019684
2025-08-01,16.584739164573065
2025-08-04,16.636348044078158
2025-08-05,16.63569993618255
2025-08-06,16.4708712514487
2025-08-07,16.567939128680962
2025-08-08,16.69355268819596
2025-08-11,16.53161005960403
2025-08-12,16.64941564089731
2025-08-13,16.827065893209795
2025-08-14,16.802005398967857
2025-08-15,16.74055240254799
2025-08-18,16.66743805672545
2025-08-19,16.61879031831449
2025-08-20,16.74143234743172
2025-08-21,16.869556128551547
2025-08-22,17.248637412217484
2025-08-25,17.278229060731185
2025-08-26,17.196783392685223
2025-08-27,17.431654976105328
2025-08-28,17.560346954066105
2025-08-29,17.646732344331834
2025-09-02,17.672639623978164
2025-09-03,17.211424693339932
2025-09-04,17.419036295923195
2025-09-05,17.006220334232836
2025-09-08,16.996388519351996
2025-09-09,17.06954180251815
2025-09-10,17.446867892019185
2025-09-11,17.377675495193397
2025-09-12,17.271824033107226
2025-09-15,17.202373158925234
2025-09-16,17.543464652327444
2025-09-17,17.536062524941606
2025-09-18,17.48246898991323
2025-09-19,17.259029122879785
2025-09-22,17.223228863209037
2025-09-23,17.5744182024347
2025-09-24,17.801039735063554
2025-09-25,17.947800887734818
2025-09-26,18.153893902180346
2025-09-29,17.762266834068093
2025-09-30,17.603915066312677
2025-10-01,17.625610364450466
2025-10-02,17.405365716799313
2025-10-03,17.569105099924798
2025-10-06,17.664819888597318
2025-10-07,17.647461841210887
2025-10-08,17.532191435321085
2025-10-09,17.296659006154336
2025-10-10,16.75379388555097
2025-10-13,17.045635531059354
2025-10-14,17.01169112979623
2025-10-15,16.989767359730973
2025-10-16,16.83679090923153
2025-10-17,17.02645758752736
2025-10-20,17.157775073375536
2025-10-21,17.203498222793527
2025-10-22,17.398466854150048
2025-10-23,17.509185719525952
2025-10-24,17.309618072667895
2025-10-27,17.354119955261332
2025-10-28,17.0088720499356
2025-10-29,17.175052621719715
2025-10-30,17.070029723829272
2025-10-31,17.499006412953705
2025-11-03,17.505531910220903
2025-11-04,17.184875405026723
2025-11-05,17.12438754890759
2025-11-06,17.37266857917135
2025-11-07,17.669055928800436
2025-11-10,17.861367924780588
2025-11-11,18.138628417030574
2025-11-12,17.83472146568473
2025-11-13,17.904177563452087
2025-11-14,18.14856174937352
2025-11-17,17.814304181994476
2025-11-18,17.929573450289258
2025-11-19,17.68043162415851
2025-11-20,17.49505635716572
2025-11-21,17.582138780987528
2025-11-24,17.542594000821072
2025-11-25,17.41688445426993
2025-11-26,17.553891880726148
2025-11-28,17.800655071978547
2025-12-01,17.971788412638517
2025-12-02,17.745127870004833
2025-12-03,18.072517258414894
2025-12-04,18.153890865023985
2025-12-05,18.072119174978592
2025-12-08,17.85889694012737
2025-12-09,17.965732414021307
2025-12-10,18.183509687580806
2025-12-11,18.057320461608974
2025-12-12,17.91100869967343
2025-12-15,17.729433001512078
2025-12-16,17.212273337746645
2025-12-17,17.633605692055735
2025-12-18,17.30095189431148
2025-12-19,17.346829980847005
2025-12-22,17.535723766780624
2025-12-23,17.60273356281379
2025-12-24,17.538582521004674
2025-12-29,17.66700201480405
2025-12-31,17.704014488140643
2026-01-01,17.704014488140643
2026-01-02,18.094622514409682
2026-01-05,18.452433228259768
2026-01-06,18.073272097601706
2026-01-07,17.801334401965462
2026-01-08,18.452448578483057
2026-01-09,18.46560317094114
2026-01-12,18.356439281203425
2026-01-13,18.641848042272922
2026-01-14,19.042974386000182
2026-01-15,18.81409217862482
2026-01-16,18.8535078906689
2026-01-20,18.801134872849303
2026-01-21,19.307372401955785
2026-01-22,19.342616019182348
2026-01-23,19.495354336431536
2026-01-26,19.554850274562558
2026-01-27,19.758343067295197
2026-01-28,19.89384029307282
2026-01-29,19.867868216712473
2026-01-30,14.534257888080358
2026-02-02,14.158060094828565
2026-02-03,20.313061078516572
2026-02-04,20.1097617141054
2026-02-05,19.99306946553751
2026-02-06,20.398626001642057
2026-02-09,20.52207366815759
2026-02-10,20.443487172043028
2026-02-11,21.020662258773186
2026-02-12,20.565638587288465
2026-02-13,20.749373613304645
2026-02-17,20.472163261271714
2026-02-18,20.538962297088492
2026-02-19,20.605294117839527
2026-02-20,20.534032562186898
2026-02-23,20.565462223625897
2026-02-24,21.125135792911667
2026-02-25,21.071636555443906
2026-02-26,21.15232677267053
2026-02-27,21.45995121507614
2026-03-02,21.945037270445187
2026-03-03,21.696991129583505
2026-03-04,21.566040331741966
2026-03-05,21.714454798191053
2026-03-06,21.718913627733254
2026-03-09,21.613358578414907
2026-03-10,21.32791330206446
2026-03-11,21.896417256032034
2026-03-12,22.040945754610334
2026-03-13,22.12854018736038
2026-03-16,22.220529928051487
2026-03-17,22.449089222169558
2026-03-18,22.42897486767772
2026-03-19,22.790766761983022
2026-03-20,22.754459855200285
2026-03-23,22.996276963261913
2026-03-24,23.49349304655566
2026-03-25,23.390453742646592
2026-03-26,23.731781527635153
2026-03-27,24.14706540354355
2026-03-30,23.87436154272173
2026-03-31,23.591356637403084
2026-04-01,22.77020620257205
2026-04-02,22.866138865073093
2026-04-06,23.022404788448764
2026-04-07,23.18425411469395
2026-04-08,22.36957495490812
2026-04-09,22.135669875277706
2026-04-10,21.952479257108248
2026-04-13,22.025502892013733
2026-04-14,21.555652376055672
2026-04-15,21.521229096502168
2026-04-16,21.834584812856743
2026-04-17,21.17255164857272
2026-04-20,21.239449715604827
2026-04-21,21.47836849018221
2026-04-22,21.42271661488773
2026-04-23,21.366219557650147
2026-04-24,21.38240228586905
2026-04-27,21.344537245188118
2026-04-28,21.323534516065695
2026-04-29,21.83025274560608
2026-04-30,21.706371106321605
2026-05-01,21.396868170769125
2026-05-04,22.52009695621047
2026-05-05,22.52976101216636
2026-05-06,21.655268996851927
2026-05-07,21.575842530523026
2026-05-08,21.1463635150088
2026-05-11,21.56124899169684
2026-05-12,21.710858436301418
2026-05-13,21.73726288126466
2026-05-14,21.759599660264037
2026-05-15,22.39871122360803
2026-05-18,22.825700496554827
2026-05-19,22.814300728797672
