date,trailing_pe
2003-06-09,16.73727
2003-06-10,16.894391
2003-06-11,17.164613
2003-06-12,17.112084
2003-06-13,17.069411
2003-06-16,17.486468
2003-06-17,17.436876
2003-06-18,17.30603
2003-06-19,16.898512
2003-06-20,16.929494
2003-06-23,16.674203
2003-06-24,16.774633
2003-06-25,16.646496
2003-06-26,16.777933
2003-06-27,16.634419
2003-06-30,16.576367
2003-07-01,16.801735
2003-07-02,16.98868
2003-07-03,16.877713
2003-07-07,17.228036
2003-07-08,17.343614
2003-07-09,17.299563
2003-07-10,17.045389
2003-07-11,17.247583
2003-07-14,17.494706
2003-07-15,17.254992
2003-07-16,16.947733
2003-07-17,16.625656
2003-07-18,16.842708
2003-07-21,16.636109
2003-07-22,16.73999
2003-07-23,16.711508
2003-07-24,16.570267
2003-07-25,16.928758
2003-07-28,16.813434
2003-07-29,16.665578
2003-07-30,16.579883
2003-07-31,16.504913
2003-08-01,16.163496
2003-08-04,16.08095
2003-08-05,15.805539
2003-08-06,15.915184
2003-08-07,16.001673
2003-08-08,16.090121
2003-08-11,16.058788
2003-08-12,16.249101
2003-08-13,16.101806
2003-08-14,16.258676
2003-08-15,16.208366
2003-08-18,16.249604
2003-08-19,16.257643
2003-08-20,16.217948
2003-08-21,16.185225
2003-08-22,15.910194
2003-08-25,15.92593
2003-08-26,15.973092
2003-08-27,15.881798
2003-08-28,15.977008
2003-08-29,16.078927
2003-09-02,16.302976
2003-09-03,16.364958
2003-09-04,16.296825
2003-09-05,16.199277
2003-09-08,16.330885
2003-09-09,16.277837
2003-09-10,16.032227
2003-09-11,16.10147
2003-09-12,16.119916
2003-09-15,16.072394
2003-09-16,16.322957
2003-09-17,16.314034
2003-09-18,16.687038
2003-09-19,16.660571
2003-09-22,16.452283
2003-09-23,16.403602
2003-09-24,16.123362
2003-09-25,16.049134
2003-09-26,15.953134
2003-09-29,16.11841
2003-09-30,15.984663
2003-10-01,16.422035
2003-10-02,16.435876
2003-10-03,16.524206
2003-10-06,16.626851
2003-10-07,16.738222
2003-10-08,16.693491
2003-10-09,16.764303
2003-10-10,16.741156
2003-10-13,16.997534
2003-10-14,16.952818
2003-10-15,16.762255
2003-10-16,16.744515
2003-10-17,16.588301
2003-10-20,16.611646
2003-10-21,16.556249
2003-10-22,16.072661
2003-10-23,16.00648
2003-10-24,15.945723
2003-10-27,15.830684
2003-10-28,15.982752
2003-10-29,15.814437
2003-10-30,15.785512
2003-10-31,15.820052
2003-11-03,15.988748
2003-11-04,15.748752
2003-11-05,15.681379
2003-11-06,15.754035
2003-11-07,15.589702
2003-11-10,15.577846
2003-11-11,15.562532
2003-11-12,15.854343
2003-11-13,15.86389
2003-11-14,15.597537
2003-11-17,15.531316
2003-11-18,15.37155
2003-11-19,15.455486
2003-11-20,15.343148
2003-11-21,15.426233
2003-11-24,15.590401
2003-11-25,15.656576
2003-11-26,15.757972
2003-11-28,15.732906
2003-12-01,15.914894
2003-12-02,15.882255
2003-12-03,15.848651
2003-12-04,15.873839
2003-12-05,15.74993
2003-12-08,15.912737
2003-12-09,15.786558
2003-12-10,15.73277
2003-12-11,15.876608
2003-12-12,15.938303
2003-12-15,15.859108
2003-12-16,16.009678
2003-12-17,15.924362
2003-12-18,15.974712
2003-12-19,16.028531
2003-12-22,16.113411
2003-12-23,16.147388
2003-12-24,16.119583
2003-12-26,16.136747
2003-12-29,16.338028
2003-12-30,16.364455
2003-12-31,16.384857
2004-01-02,16.294927
2004-01-05,16.431316
2004-01-06,16.443131
2004-01-07,16.4673
2004-01-08,16.513388
2004-01-09,16.439231
2004-01-12,16.505164
2004-01-13,16.419176
2004-01-14,16.576385
2004-01-15,16.574514
2004-01-16,16.626318
2004-01-20,16.319354
2004-01-21,15.989154
2004-01-22,15.976534
2004-01-23,15.893715
2004-01-26,16.090493
2004-01-27,15.915845
2004-01-28,15.65475
2004-01-29,15.762355
2004-01-30,15.78437
2004-02-02,15.870106
2004-02-03,15.857476
2004-02-04,15.515712
2004-02-05,15.499397
2004-02-06,15.775194
2004-02-09,15.688677
2004-02-10,15.756759
2004-02-11,15.692169
2004-02-12,15.629038
2004-02-13,15.61062
2004-02-17,15.738129
2004-02-18,15.662739
2004-02-19,15.629613
2004-02-20,15.581624
2004-02-23,15.578794
2004-02-24,15.497055
2004-02-25,15.585535
2004-02-26,15.599139
2004-02-27,15.660521
2004-03-01,15.867294
2004-03-02,15.804729
2004-03-03,15.897974
2004-03-04,15.941292
2004-03-05,16.045865
2004-03-08,15.97107
2004-03-09,15.858526
2004-03-10,15.566231
2004-03-11,15.314414
2004-03-12,15.509148
2004-03-15,15.262905
2004-03-16,15.371557
2004-03-17,15.558166
2004-03-18,15.534056
2004-03-19,15.346036
2004-03-22,15.174934
2004-03-23,15.098258
2004-03-24,14.978014
2004-03-25,15.159227
2004-03-26,15.141447
2004-03-29,15.339435
2004-03-30,15.404684
2004-03-31,15.369699
2004-04-01,15.356576
2004-04-02,15.203693
2004-04-05,15.283968
2004-04-06,15.272274
2004-04-07,15.206726
2004-04-08,15.189935
2004-04-12,15.262747
2004-04-13,14.882493
2004-04-14,14.643715
2004-04-15,14.449559
2004-04-16,14.608818
2004-04-19,14.540954
2004-04-20,14.146612
2004-04-21,14.051091
2004-04-22,14.140771
2004-04-23,14.071521
2004-04-26,14.026693
2004-04-27,14.043149
2004-04-28,13.819048
2004-04-29,13.818494
2004-04-30,13.774756
2004-05-03,13.82496
2004-05-04,13.689428
2004-05-05,13.66598
2004-05-06,13.546727
2004-05-07,13.251774
2004-05-10,13.063624
2004-05-11,13.1512
2004-05-12,13.291616
2004-05-13,13.304614
2004-05-14,13.310094
2004-05-17,13.143109
2004-05-18,13.262448
2004-05-19,13.250098
2004-05-20,13.306536
2004-05-21,13.355271
2004-05-24,13.375895
2004-05-25,13.591614
2004-05-26,13.653256
2004-05-27,13.685077
2004-05-28,13.692248
2004-06-01,13.65358
2004-06-02,13.720556
2004-06-03,13.617311
2004-06-04,13.716975
2004-06-07,13.936341
2004-06-08,13.91454
2004-06-09,13.774597
2004-06-10,13.828761
2004-06-14,13.647653
2004-06-15,13.676827
2004-06-16,13.687049
2004-06-17,13.692196
2004-06-18,13.732096
2004-06-21,13.666355
2004-06-22,13.627911
2004-06-23,13.683407
2004-06-24,13.68057
2004-06-25,13.632982
2004-06-28,13.62569
2004-06-29,13.596937
2004-06-30,13.648778
2004-07-01,13.402629
2004-07-02,13.433155
2004-07-06,13.330992
2004-07-07,13.315884
2004-07-08,13.212198
2004-07-09,13.195867
2004-07-12,13.270301
2004-07-13,13.241863
2004-07-14,13.156986
2004-07-15,13.268936
2004-07-16,13.242393
2004-07-19,13.257049
2004-07-20,13.263593
2004-07-21,13.106183
2004-07-22,13.372209
2004-07-23,13.305035
2004-07-26,13.304478
2004-07-27,13.407342
2004-07-28,13.404168
2004-07-29,13.445927
2004-07-30,13.436008
2004-08-02,13.495863
2004-08-03,13.428232
2004-08-04,13.457692
2004-08-05,13.309043
2004-08-06,13.186219
2004-08-09,13.1828
2004-08-10,13.35937
2004-08-11,13.390619
2004-08-12,13.271331
2004-08-13,13.257719
2004-08-16,13.472066
2004-08-17,13.552431
2004-08-18,13.714338
2004-08-19,13.668995
2004-08-20,13.789059
2004-08-23,13.739015
2004-08-24,13.777989
2004-08-25,13.894244
2004-08-26,13.920018
2004-08-27,13.928332
2004-08-30,13.859137
2004-08-31,13.945981
2004-09-01,13.835521
2004-09-02,13.995866
2004-09-03,13.988955
2004-09-07,14.154105
2004-09-08,14.046378
2004-09-09,14.029831
2004-09-10,14.094469
2004-09-13,14.067883
2004-09-14,14.084589
2004-09-15,14.014416
2004-09-16,14.101424
2004-09-17,14.113798
2004-09-20,13.980997
2004-09-21,14.082142
2004-09-22,13.86533
2004-09-23,13.734354
2004-09-24,13.799755
2004-09-27,13.7075
2004-09-28,13.780578
2004-09-29,13.82511
2004-09-30,13.805132
2004-10-01,14.014747
2004-10-04,14.027979
2004-10-05,13.962012
2004-10-06,14.053798
2004-10-07,14.012939
2004-10-08,13.962464
2004-10-11,13.998463
2004-10-12,14.008043
2004-10-13,13.900723
2004-10-14,13.507769
2004-10-15,13.545916
2004-10-18,13.60946
2004-10-19,13.343447
2004-10-20,13.481337
2004-10-21,13.460129
2004-10-22,13.371351
2004-10-25,13.356035
2004-10-26,13.707117
2004-10-27,13.847315
2004-10-28,13.744262
2004-10-29,13.766567
2004-11-01,13.769949
2004-11-02,13.849971
2004-11-03,13.925147
2004-11-04,14.111864
2004-11-05,14.095177
2004-11-08,14.069911
2004-11-09,14.067167
2004-11-10,14.091374
2004-11-11,14.228121
2004-11-12,14.306293
2004-11-15,14.338147
2004-11-16,14.206492
2004-11-17,14.241929
2004-11-18,14.202636
2004-11-19,14.007149
2004-11-22,14.110344
2004-11-23,14.143868
2004-11-24,14.193801
2004-11-26,14.182451
2004-11-29,14.127205
2004-11-30,14.099079
2004-12-01,14.370264
2004-12-02,14.352984
2004-12-03,14.339843
2004-12-06,14.348181
2004-12-07,14.21035
2004-12-08,14.258069
2004-12-09,14.324159
2004-12-10,14.333353
2004-12-13,14.452519
2004-12-14,14.490015
2004-12-15,14.549794
2004-12-16,14.450169
2004-12-17,14.372482
2004-12-20,14.416979
2004-12-21,14.558764
2004-12-22,14.666566
2004-12-23,14.661487
2004-12-27,14.593735
2004-12-28,14.67369
2004-12-29,14.649909
2004-12-30,14.657739
2004-12-31,14.661901
2005-01-03,14.605425
2005-01-04,14.466776
2005-01-05,14.44311
2005-01-06,14.516977
2005-01-07,14.44391
2005-01-10,14.466399
2005-01-11,14.387457
2005-01-12,14.350667
2005-01-13,14.217853
2005-01-14,14.258663
2005-01-18,14.470774
2005-01-19,14.388295
2005-01-20,14.198715
2005-01-21,14.11666
2005-01-24,14.124511
2005-01-25,14.148426
2005-01-26,14.269996
2005-01-27,14.204507
2005-01-28,14.170272
2005-01-31,14.339826
2005-02-01,14.468442
2005-02-02,14.394367
2005-02-03,14.340715
2005-02-04,14.518338
2005-02-07,14.514856
2005-02-08,14.463106
2005-02-09,14.366146
2005-02-10,14.412771
2005-02-11,14.513756
2005-02-14,14.494653
2005-02-15,14.525262
2005-02-16,14.428694
2005-02-17,14.289273
2005-02-18,14.135943
2005-02-22,13.918297
2005-02-23,14.032458
2005-02-24,14.065139
2005-02-25,14.193094
2005-02-28,14.077304
2005-03-01,14.469844
2005-03-02,14.410727
2005-03-03,14.37903
2005-03-04,14.555128
2005-03-07,14.589046
2005-03-08,14.559729
2005-03-09,14.394338
2005-03-10,14.467687
2005-03-11,14.3166
2005-03-14,14.420052
2005-03-15,14.301853
2005-03-16,14.18855
2005-03-17,14.088414
2005-03-18,14.041864
2005-03-21,13.895085
2005-03-22,13.630467
2005-03-23,13.643388
2005-03-24,13.589753
2005-03-28,13.681298
2005-03-29,13.622461
2005-03-30,13.768181
2005-03-31,13.739663
2005-04-01,13.537666
2005-04-04,13.627622
2005-04-05,13.653912
2005-04-06,13.755876
2005-04-07,13.790506
2005-04-08,13.694309
2005-04-11,13.710334
2005-04-12,13.877178
2005-04-13,13.678037
2005-04-14,13.521323
2005-04-15,13.391624
2005-04-18,13.418813
2005-04-19,13.444367
2005-04-20,13.270411
2005-04-21,13.362782
2005-04-22,13.295226
2005-04-25,13.455505
2005-04-26,13.356167
2005-04-27,13.525064
2005-04-28,13.375393
2005-04-29,13.586288
2005-05-02,13.603699
2005-05-03,13.525092
2005-05-04,13.747308
2005-05-05,13.678959
2005-05-06,13.599586
2005-05-09,13.712467
2005-05-10,13.564215
2005-05-11,13.641787
2005-05-12,13.499642
2005-05-13,13.375546
2005-05-16,13.601045
2005-05-17,13.696942
2005-05-18,13.844207
2005-05-19,13.864049
2005-05-20,13.86176
2005-05-23,13.858326
2005-05-24,13.834317
2005-05-25,13.77301
2005-05-26,13.879044
2005-05-27,13.89585
2005-05-31,13.963786
2005-06-01,14.083153
2005-06-02,14.060652
2005-06-03,13.962196
2005-06-06,14.006505
2005-06-07,13.998195
2005-06-08,14.011205
2005-06-09,14.050272
2005-06-10,14.01474
2005-06-13,14.01779
2005-06-14,14.039557
2005-06-15,14.084704
2005-06-16,14.157566
2005-06-17,14.22741
2005-06-20,14.224611
2005-06-21,14.242904
2005-06-22,14.278238
2005-06-23,14.126875
2005-06-24,14.110977
2005-06-27,14.103405
2005-06-28,14.132284
2005-06-29,14.189147
2005-06-30,14.097078
2005-07-01,14.107277
2005-07-05,14.212293
2005-07-06,14.122325
2005-07-07,14.148755
2005-07-08,14.278731
2005-07-11,14.34015
2005-07-12,14.368707
2005-07-13,14.407643
2005-07-14,14.473775
2005-07-15,14.693396
2005-07-18,14.178193
2005-07-19,14.128107
2005-07-20,14.040481
2005-07-21,13.970392
2005-07-22,14.040117
2005-07-25,13.96871
2005-07-26,13.942018
2005-07-27,13.972904
2005-07-28,13.989228
2005-07-29,13.857223
2005-08-01,13.843608
2005-08-02,13.967929
2005-08-03,13.991748
2005-08-04,13.861703
2005-08-05,13.698386
2005-08-08,13.536445
2005-08-09,13.49948
2005-08-10,13.486798
2005-08-11,13.558204
2005-08-12,13.512373
2005-08-15,13.580815
2005-08-16,13.515866
2005-08-17,13.514187
2005-08-18,13.523927
2005-08-19,13.567125
2005-08-22,13.60367
2005-08-23,13.525354
2005-08-24,13.385905
2005-08-25,13.422784
2005-08-26,13.307703
2005-08-29,13.376807
2005-08-30,13.291656
2005-08-31,13.380361
2005-09-01,13.421292
2005-09-02,13.406344
2005-09-06,13.560853
2005-09-07,13.566599
2005-09-08,13.492896
2005-09-09,13.591486
2005-09-12,13.612373
2005-09-13,13.536397
2005-09-14,13.475866
2005-09-15,13.472614
2005-09-16,13.668243
2005-09-19,13.530035
2005-09-20,13.40311
2005-09-21,13.161034
2005-09-22,13.220049
2005-09-23,13.262203
2005-09-26,13.231548
2005-09-27,13.236144
2005-09-28,13.179862
2005-09-29,13.392033
2005-09-30,13.359981
2005-10-03,13.283777
2005-10-04,13.141473
2005-10-05,13.079746
2005-10-06,13.113473
2005-10-07,13.12835
2005-10-10,13.049594
2005-10-11,12.970095
2005-10-12,12.905422
2005-10-13,12.958333
2005-10-14,13.086273
2005-10-17,13.092373
2005-10-18,12.934256
2005-10-19,13.055612
2005-10-20,13.021268
2005-10-21,13.08647
2005-10-24,13.30409
2005-10-25,13.272467
2005-10-26,13.323978
2005-10-27,13.272812
2005-10-28,13.489996
2005-10-31,13.539828
2005-11-01,13.576093
2005-11-02,13.703554
2005-11-03,13.603232
2005-11-04,13.653723
2005-11-07,13.757393
2005-11-08,13.705917
2005-11-09,13.771604
2005-11-10,14.016096
2005-11-11,14.086426
2005-11-14,14.156042
2005-11-15,14.017977
2005-11-16,13.961678
2005-11-17,14.118131
2005-11-18,14.181128
2005-11-21,14.255339
2005-11-22,14.367352
2005-11-23,14.490939
2005-11-25,14.505593
2005-11-28,14.413393
2005-11-29,14.411151
2005-11-30,14.210414
2005-12-01,14.318735
2005-12-02,14.32252
2005-12-05,14.296078
2005-12-06,14.265764
2005-12-07,14.149656
2005-12-08,14.138923
2005-12-09,14.240334
2005-12-12,14.19536
2005-12-13,14.322842
2005-12-14,14.36959
2005-12-15,14.263978
2005-12-16,14.287803
2005-12-19,14.205756
2005-12-20,14.175115
2005-12-21,14.233457
2005-12-22,14.314678
2005-12-23,14.332507
2005-12-27,14.220477
2005-12-28,14.1935
2005-12-29,14.172168
2005-12-30,14.118322
2006-01-03,14.652177
2006-01-04,14.619949
2006-01-05,14.648779
2006-01-06,14.718792
2006-01-09,14.780335
2006-01-10,14.783064
2006-01-11,14.83736
2006-01-12,14.737851
2006-01-13,14.742336
2006-01-17,14.60307
2006-01-18,14.442994
2006-01-19,14.379661
2006-01-20,14.144897
2006-01-23,14.270284
2006-01-24,14.300866
2006-01-25,14.325034
2006-01-26,14.575055
2006-01-27,14.594256
2006-01-30,14.564686
2006-01-31,14.476199
2006-02-01,14.482756
2006-02-02,14.358376
2006-02-03,14.292459
2006-02-06,14.324739
2006-02-07,14.376303
2006-02-08,14.477094
2006-02-09,14.514554
2006-02-10,14.582739
2006-02-13,14.537657
2006-02-14,14.657865
2006-02-15,14.727676
2006-02-16,14.850005
2006-02-17,14.795748
2006-02-21,14.75688
2006-02-22,15.018797
2006-02-23,14.959056
2006-02-24,14.996456
2006-02-27,15.010771
2006-02-28,14.87832
2006-03-01,14.774231
2006-03-02,14.694574
2006-03-03,14.65983
2006-03-06,14.625006
2006-03-07,14.66982
2006-03-08,14.678657
2006-03-09,14.589484
2006-03-10,14.707814
2006-03-13,14.707692
2006-03-14,14.794423
2006-03-15,14.80283
2006-03-16,14.980419
2006-03-17,15.020058
2006-03-20,15.028671
2006-03-21,14.895885
2006-03-22,14.974104
2006-03-23,14.904335
2006-03-24,14.908844
2006-03-27,14.911085
2006-03-28,14.766702
2006-03-29,14.83312
2006-03-30,14.76599
2006-03-31,14.756164
2006-04-03,14.819631
2006-04-04,14.97108
2006-04-05,15.005768
2006-04-06,14.952795
2006-04-07,14.800753
2006-04-10,14.823696
2006-04-11,14.694053
2006-04-12,14.71806
2006-04-13,14.74551
2006-04-17,14.644154
2006-04-18,14.909369
2006-04-19,14.867152
2006-04-20,14.857442
2006-04-21,14.850881
2006-04-24,14.870458
2006-04-25,14.762884
2006-04-26,14.861838
2006-04-27,15.075551
2006-04-28,15.227475
2006-05-01,14.986376
2006-05-02,15.074154
2006-05-03,15.006605
2006-05-04,15.044113
2006-05-05,15.259355
2006-05-08,15.191979
2006-05-09,15.211362
2006-05-10,15.283228
2006-05-11,15.039698
2006-05-12,14.887325
2006-05-15,14.972498
2006-05-16,14.957411
2006-05-17,14.656352
2006-05-18,14.532982
2006-05-19,14.598887
2006-05-22,14.557992
2006-05-23,14.488409
2006-05-24,14.502737
2006-05-25,14.6323
2006-05-26,14.747191
2006-05-30,14.524705
2006-05-31,14.613703
2006-06-01,14.793388
2006-06-02,14.854591
2006-06-05,14.620577
2006-06-06,14.605871
2006-06-07,14.652882
2006-06-08,14.697803
2006-06-09,14.658562
2006-06-12,14.454089
2006-06-13,14.051299
2006-06-14,13.967988
2006-06-15,14.254945
2006-06-16,14.160082
2006-06-19,14.08757
2006-06-20,14.129393
2006-06-21,14.140949
2006-06-22,14.089885
2006-06-23,14.010591
2006-06-26,14.119703
2006-06-27,13.979662
2006-06-28,14.04667
2006-06-29,14.351697
2006-06-30,14.285991
2006-07-03,14.441633
2006-07-05,14.327273
2006-07-06,14.370218
2006-07-07,14.305032
2006-07-10,14.37945
2006-07-11,14.40064
2006-07-12,14.237053
2006-07-13,14.039295
2006-07-14,13.969374
2006-07-17,13.914227
2006-07-18,13.902645
2006-07-19,14.021241
2006-07-20,13.95591
2006-07-21,13.877904
2006-07-24,14.034029
2006-07-25,14.038389
2006-07-26,13.961087
2006-07-27,13.894575
2006-07-28,14.149791
2006-07-31,14.146523
2006-08-01,14.111108
2006-08-02,14.135364
2006-08-03,14.202405
2006-08-04,14.218149
2006-08-07,14.162134
2006-08-08,14.088221
2006-08-09,14.025242
2006-08-10,14.097532
2006-08-11,14.124774
2006-08-14,14.131093
2006-08-15,14.367615
2006-08-16,14.443492
2006-08-17,14.485333
2006-08-18,14.505093
2006-08-21,14.451523
2006-08-22,14.435532
2006-08-23,14.433756
2006-08-24,14.454796
2006-08-25,14.38507
2006-08-28,14.472219
2006-08-29,14.421326
2006-08-30,14.428667
2006-08-31,14.444644
2006-09-01,14.477462
2006-09-05,14.521577
2006-09-06,14.474826
2006-09-07,14.369322
2006-09-08,14.447773
2006-09-11,14.471713
2006-09-12,14.648182
2006-09-13,14.743116
2006-09-14,14.757395
2006-09-15,14.823709
2006-09-18,14.815667
2006-09-19,14.840487
2006-09-20,14.893134
2006-09-21,14.819078
2006-09-22,14.813316
2006-09-25,14.960399
2006-09-26,15.027557
2006-09-27,14.974155
2006-09-28,15.018971
2006-09-29,14.987161
2006-10-02,14.923427
2006-10-03,15.078625
2006-10-04,15.243377
2006-10-05,15.246284
2006-10-06,15.183851
2006-10-09,15.226966
2006-10-10,15.232309
2006-10-11,15.171045
2006-10-12,15.24912
2006-10-13,15.279296
2006-10-16,15.211556
2006-10-17,15.013159
2006-10-18,14.746669
2006-10-19,14.531831
2006-10-20,14.536652
2006-10-23,14.626826
2006-10-24,14.482538
2006-10-25,14.4637
2006-10-26,14.456471
2006-10-27,14.319221
2006-10-30,14.338129
2006-10-31,14.200213
2006-11-01,14.094848
2006-11-02,14.078472
2006-11-03,14.039724
2006-11-06,14.221876
2006-11-07,14.253723
2006-11-08,14.286226
2006-11-09,14.004929
2006-11-10,14.107909
2006-11-13,14.136333
2006-11-14,14.216821
2006-11-15,14.215267
2006-11-16,14.30753
2006-11-17,14.281559
2006-11-20,14.324644
2006-11-21,14.305665
2006-11-22,14.322505
2006-11-24,14.271236
2006-11-27,14.040456
2006-11-28,14.04636
2006-11-29,14.12613
2006-11-30,14.085117
2006-12-01,13.999514
2006-12-04,14.174497
2006-12-05,14.241305
2006-12-06,14.270979
2006-12-07,14.220059
2006-12-08,14.265923
2006-12-11,14.357633
2006-12-12,14.249463
2006-12-13,14.263625
2006-12-14,14.350807
2006-12-15,14.408489
2006-12-18,14.48266
2006-12-19,14.43006
2006-12-20,14.445914
2006-12-21,14.402144
2006-12-22,14.3459
2006-12-26,14.445842
2006-12-27,14.55696
2006-12-28,14.510965
2006-12-29,14.426041
2007-01-03,14.463914
2007-01-04,14.441137
2007-01-05,14.321383
2007-01-08,14.38087
2007-01-09,14.3603
2007-01-10,14.444767
2007-01-11,14.519647
2007-01-12,14.551581
2007-01-16,14.56966
2007-01-17,14.463412
2007-01-18,14.416552
2007-01-19,14.428041
2007-01-22,14.402811
2007-01-23,14.246624
2007-01-24,14.380843
2007-01-25,14.166748
2007-01-26,14.186421
2007-01-29,14.116064
2007-01-30,14.162237
2007-01-31,14.222018
2007-02-01,14.217055
2007-02-02,14.237644
2007-02-05,14.222841
2007-02-06,14.192401
2007-02-07,14.207704
2007-02-08,14.147498
2007-02-09,14.008741
2007-02-12,13.829904
2007-02-13,13.928781
2007-02-14,14.0336
2007-02-15,14.055721
2007-02-16,14.066961
2007-02-20,14.128541
2007-02-21,14.08852
2007-02-22,14.058619
2007-02-23,13.887973
2007-02-26,13.778571
2007-02-27,13.306385
2007-02-28,13.371661
2007-03-01,13.148889
2007-03-02,13.021324
2007-03-05,12.817398
2007-03-06,13.081679
2007-03-07,12.994024
2007-03-08,13.109988
2007-03-09,13.131581
2007-03-12,13.133834
2007-03-13,12.67715
2007-03-14,12.749914
2007-03-15,12.860745
2007-03-16,12.776651
2007-03-19,12.934566
2007-03-20,13.077485
2007-03-21,13.323441
2007-03-22,13.242992
2007-03-23,13.291346
2007-03-26,13.243816
2007-03-27,13.138208
2007-03-28,12.984098
2007-03-29,13.055959
2007-03-30,13.042231
2007-04-02,12.970247
2007-04-03,13.125578
2007-04-04,13.100474
2007-04-05,13.124778
2007-04-09,13.123803
2007-04-10,13.147766
2007-04-11,13.05418
2007-04-12,13.058665
2007-04-13,13.121317
2007-04-16,13.408232
2007-04-17,13.408616
2007-04-18,13.400365
2007-04-19,13.262647
2007-04-20,13.351132
2007-04-23,13.299034
2007-04-24,13.201192
2007-04-25,13.362795
2007-04-26,13.315929
2007-04-27,13.299478
2007-04-30,13.210222
2007-05-01,13.203907
2007-05-02,13.184819
2007-05-03,13.26281
2007-05-04,13.300545
2007-05-07,13.336426
2007-05-08,13.305345
2007-05-09,13.383749
2007-05-10,13.141385
2007-05-11,13.256343
2007-05-14,13.18294
2007-05-15,13.152452
2007-05-16,13.295691
2007-05-17,13.255357
2007-05-18,13.302775
2007-05-21,13.301681
2007-05-22,13.316767
2007-05-23,13.297326
2007-05-24,13.178176
2007-05-25,13.202533
2007-05-29,13.252814
2007-05-30,13.327828
2007-05-31,13.285944
2007-06-01,13.332363
2007-06-04,13.313255
2007-06-05,13.231166
2007-06-06,13.130083
2007-06-07,12.908871
2007-06-08,13.058159
2007-06-11,13.108778
2007-06-12,12.945353
2007-06-13,13.174755
2007-06-14,13.292758
2007-06-15,13.349314
2007-06-18,13.339866
2007-06-19,13.385318
2007-06-20,13.116006
2007-06-21,13.142357
2007-06-22,12.913019
2007-06-25,12.838804
2007-06-26,12.814795
2007-06-27,12.921812
2007-06-28,12.897476
2007-06-29,12.804881
2007-07-02,13.003345
2007-07-03,13.077002
2007-07-05,13.008606
2007-07-06,13.036722
2007-07-09,12.9773
2007-07-10,12.697029
2007-07-11,12.746174
2007-07-12,13.064356
2007-07-13,13.091511
2007-07-16,13.048377
2007-07-17,13.010952
2007-07-18,12.797372
2007-07-19,12.708884
2007-07-20,12.417678
2007-07-23,12.403393
2007-07-24,12.069168
2007-07-25,12.17103
2007-07-26,11.842185
2007-07-27,11.700315
2007-07-30,11.827223
2007-07-31,11.587372
2007-08-01,11.583828
2007-08-02,11.607439
2007-08-03,11.169026
2007-08-06,11.683965
2007-08-07,11.770152
2007-08-08,11.947914
2007-08-09,11.488124
2007-08-10,11.483206
2007-08-13,11.398666
2007-08-14,11.12897
2007-08-15,11.029504
2007-08-16,11.507145
2007-08-17,11.917116
2007-08-20,11.819918
2007-08-21,11.872615
2007-08-22,11.975322
2007-08-23,11.923797
2007-08-24,11.988179
2007-08-27,11.856626
2007-08-28,11.470915
2007-08-29,11.669257
2007-08-30,11.574658
2007-08-31,11.748178
2007-09-04,11.884005
2007-09-05,11.636449
2007-09-06,11.610195
2007-09-07,11.43208
2007-09-10,11.424143
2007-09-11,11.577122
2007-09-12,11.551032
2007-09-13,11.733656
2007-09-14,11.728146
2007-09-17,11.63706
2007-09-18,12.151213
2007-09-19,12.214737
2007-09-20,11.955332
2007-09-21,11.985315
2007-09-24,11.844507
2007-09-25,11.811821
2007-09-26,11.914065
2007-09-27,12.008194
2007-09-28,11.958556
2007-10-01,12.208723
2007-10-02,12.310145
2007-10-03,12.31171
2007-10-04,12.342648
2007-10-05,12.488777
2007-10-08,12.335525
2007-10-09,12.437388
2007-10-10,12.314752
2007-10-11,12.301406
2007-10-12,12.298255
2007-10-15,12.068945
2007-10-16,11.847078
2007-10-17,11.866887
2007-10-18,11.907113
2007-10-19,11.59108
2007-10-22,11.690476
2007-10-23,11.755114
2007-10-24,11.943767
2007-10-25,11.959655
2007-10-26,12.262944
2007-10-29,12.259096
2007-10-30,12.193096
2007-10-31,12.291241
2007-11-01,11.721965
2007-11-02,11.521252
2007-11-05,11.528551
2007-11-06,11.721542
2007-11-07,11.198737
2007-11-08,11.251484
2007-11-09,11.499291
2007-11-12,11.51459
2007-11-13,12.09167
2007-11-14,12.016146
2007-11-15,11.648018
2007-11-16,11.561598
2007-11-19,11.218894
2007-11-20,11.151505
2007-11-21,10.910464
2007-11-23,11.240739
2007-11-26,10.822317
2007-11-27,11.081218
2007-11-28,11.6365
2007-11-29,11.550766
2007-11-30,11.879191
2007-12-03,11.739989
2007-12-04,11.52672
2007-12-05,11.759423
2007-12-06,12.067925
2007-12-07,11.944794
2007-12-10,12.184238
2007-12-11,11.590208
2007-12-12,11.487672
2007-12-13,11.44129
2007-12-14,11.23382
2007-12-17,11.132057
2007-12-18,11.137649
2007-12-19,11.539225
2007-12-20,11.549077
2007-12-21,11.791669
2007-12-24,12.013739
2007-12-26,11.955541
2007-12-27,11.683135
2007-12-28,11.631593
2007-12-31,11.706841
2008-01-02,11.410715
2008-01-03,11.340726
2008-01-04,11.019219
2008-01-07,11.064645
2008-01-08,10.670512
2008-01-09,10.848088
2008-01-10,11.093895
2008-01-11,11.063888
2008-01-14,11.185653
2008-01-15,11.744194
2008-01-16,12.020251
2008-01-17,12.43269
2008-01-18,12.202248
2008-01-22,13.215343
2008-01-23,14.435812
2008-01-24,14.743106
2008-01-25,14.381471
2008-01-28,14.880922
2008-01-29,15.229184
2008-01-30,15.047562
2008-01-31,15.673395
2008-02-01,16.016557
2008-02-04,15.669465
2008-02-05,15.109637
2008-02-06,14.960179
2008-02-07,15.16282
2008-02-08,14.813911
2008-02-11,14.691424
2008-02-12,14.920398
2008-02-13,15.300427
2008-02-14,15.001042
2008-02-15,15.09325
2008-02-19,14.980072
2008-02-20,15.205538
2008-02-21,15.005779
2008-02-22,15.258943
2008-02-25,15.432379
2008-02-26,15.468816
2008-02-27,16.119806
2008-02-28,16.964486
2008-02-29,16.267057
2008-03-03,16.075058
2008-03-04,15.946029
2008-03-05,15.845878
2008-03-06,15.270105
2008-03-07,15.325383
2008-03-10,14.860836
2008-03-11,15.955847
2008-03-12,15.620605
2008-03-13,15.670331
2008-03-14,15.042129
2008-03-17,14.823396
2008-03-18,16.346644
2008-03-19,16.122283
2008-03-20,17.241401
2008-03-24,17.661002
2008-03-25,17.607467
2008-03-26,17.116881
2008-03-27,16.776921
2008-03-28,16.438904
2008-03-31,16.581739
2008-04-01,17.829167
2008-04-02,17.70177
2008-04-03,17.770643
2008-04-04,17.532837
2008-04-07,17.683637
2008-04-08,17.395741
2008-04-09,17.103467
2008-04-10,17.035111
2008-04-11,16.727758
2008-04-14,16.793921
2008-04-15,16.927837
2008-04-16,17.872041
2008-04-17,19.025334
2008-04-18,21.579507
2008-04-21,22.316926
2008-04-22,22.238526
2008-04-23,22.301261
2008-04-24,23.216793
2008-04-25,23.621036
2008-04-28,23.811351
2008-04-29,24.147004
2008-04-30,24.485842
2008-05-01,25.56248
2008-05-02,25.638978
2008-05-05,25.298421
2008-05-06,27.016808
2008-05-07,26.170752
2008-05-08,30.426144
2008-05-09,30.026553
2008-05-12,32.783819
2008-05-13,32.321983
2008-05-14,33.25105
2008-05-15,33.652487
2008-05-16,33.194598
2008-05-19,33.014966
2008-05-20,32.292906
2008-05-21,31.467531
2008-05-22,31.827311
2008-05-23,31.235904
2008-05-27,31.486625
2008-05-28,31.286294
2008-05-29,31.796978
2008-05-30,31.573368
2008-06-02,30.836525
2008-06-03,30.64973
2008-06-04,30.405946
2008-06-05,30.99877
2008-06-06,29.470408
2008-06-09,28.807438
2008-06-10,28.776151
2008-06-11,27.895067
2008-06-12,28.452838
2008-06-13,29.035948
2008-06-16,31.804645
2008-06-17,30.946967
2008-06-18,31.335987
2008-06-19,31.608059
2008-06-20,30.80627
2008-06-23,30.452751
2008-06-24,30.915092
2008-06-25,31.03626
2008-06-26,29.671627
2008-06-27,29.271347
2008-06-30,28.640947
2008-07-01,27.510859
2008-07-02,27.11967
2008-07-03,27.027766
2008-07-07,26.177486
2008-07-08,27.662965
2008-07-09,26.219197
2008-07-10,26.026897
2008-07-11,25.359208
2008-07-14,24.14546
2008-07-15,23.454388
2008-07-16,26.769128
2008-07-17,34.577299
2008-07-18,45.824993
2008-07-21,49.571355
2008-07-22,99.757281
2008-07-23,115.203914
2008-07-24,130.559646
2008-07-25,132.718207
2008-07-28,129.526915
2008-07-29,145.007723
2010-02-09,210.188221
2010-02-10,118.572156
2010-02-11,118.729328
2010-02-12,118.649326
2010-02-16,101.052864
2010-02-17,103.060804
2010-02-18,103.60654
2010-02-19,104.191898
2010-02-22,105.455509
2010-02-23,103.324386
2010-02-24,105.188591
2010-02-25,104.770547
2010-02-26,61.29732
2010-03-01,56.910539
2010-03-02,57.065094
2010-03-03,57.117288
2010-03-04,57.623919
2010-03-05,58.82554
2010-03-08,58.850041
2010-03-09,59.022785
2010-03-10,59.83617
2010-03-11,60.449206
2010-03-12,60.168053
2010-03-15,60.119794
2010-03-16,61.546336
2010-03-17,62.239081
2010-03-18,61.898692
2010-03-19,61.398992
2010-03-22,62.560149
2010-03-23,63.010352
2010-03-24,63.135107
2010-03-25,63.443676
2010-03-26,63.48906
2010-03-29,63.607938
2010-03-30,63.133759
2010-03-31,63.203584
2010-04-01,64.310885
2010-04-05,64.949811
2010-04-06,65.611201
2010-04-07,65.269101
2010-04-08,65.831329
2010-04-09,66.173298
2010-04-12,66.387385
2010-04-13,66.433475
2010-04-14,64.861188
2010-04-15,64.716861
2010-04-16,61.726341
2010-04-19,44.437443
2010-04-20,43.410929
2010-04-21,36.580816
2010-04-22,35.372063
2010-04-23,35.388664
2010-04-26,34.80602
2010-04-27,33.514006
2010-04-28,32.953105
2010-04-29,31.695037
2010-04-30,31.171659
2010-05-03,31.242632
2010-05-04,30.293586
2010-05-05,29.763514
2010-05-06,28.645143
2010-05-07,26.236012
2010-05-10,27.524238
2010-05-11,27.381462
2010-05-12,27.696068
2010-05-13,27.233647
2010-05-14,26.489747
2010-05-17,26.482782
2010-05-18,25.760842
2010-05-19,25.79426
2010-05-20,24.588736
2010-05-21,25.452128
2010-05-24,24.733711
2010-05-25,24.925051
2010-05-26,24.769377
2010-05-27,25.893114
2010-05-28,25.355373
2010-06-01,24.817857
2010-06-02,25.587887
2010-06-03,25.449187
2010-06-04,24.401107
2010-06-07,23.948227
2010-06-08,24.439279
2010-06-09,24.19401
2010-06-10,25.381792
2010-06-11,25.466709
2010-06-14,25.299953
2010-06-15,25.944957
2010-06-16,25.969402
2010-06-17,25.929091
2010-06-18,26.065501
2010-06-21,26.172823
2010-06-22,25.772842
2010-06-23,25.697811
2010-06-24,25.201539
2010-06-25,25.894303
2010-06-28,25.668541
2010-06-29,24.68681
2010-06-30,24.429366
2010-07-01,24.203658
2010-07-02,23.937914
2010-07-06,24.093155
2010-07-07,25.164273
2010-07-08,25.310689
2010-07-09,25.719443
2010-07-12,25.722783
2010-07-13,26.391303
2010-07-14,26.16084
2010-07-15,24.151075
2010-07-16,22.606193
2010-07-19,22.636137
2010-07-20,23.250317
2010-07-21,21.688857
2010-07-22,21.299336
2010-07-23,21.430021
2010-07-26,21.76243
2010-07-27,21.669601
2010-07-28,21.347632
2010-07-29,20.58978
2010-07-30,20.522895
2010-08-02,21.052479
2010-08-03,20.722067
2010-08-04,20.755975
2010-08-05,20.726067
2010-08-06,20.732725
2010-08-09,20.859002
2010-08-10,20.646701
2010-08-11,19.909053
2010-08-12,19.784393
2010-08-13,19.72364
2010-08-16,19.682261
2010-08-17,19.828625
2010-08-18,19.911543
2010-08-19,19.45598
2010-08-20,19.411699
2010-08-23,19.294416
2010-08-24,18.962903
2010-08-25,19.013183
2010-08-26,18.844602
2010-08-27,19.286379
2010-08-30,18.858915
2010-08-31,19.044861
2010-09-01,19.764829
2010-09-02,19.939848
2010-09-03,20.381211
2010-09-07,19.898673
2010-09-08,20.124238
2010-09-09,20.361357
2010-09-10,20.373054
2010-09-13,20.83307
2010-09-14,20.629049
2010-09-15,20.70816
2010-09-16,20.629903
2010-09-17,20.545078
2010-09-20,21.179043
2010-09-21,20.965963
2010-09-22,20.630844
2010-09-23,20.221846
2010-09-24,20.779453
2010-09-27,20.536172
2010-09-28,20.596514
2010-09-29,20.42535
2010-09-30,20.406465
2010-10-01,20.771728
2010-10-04,20.616441
2010-10-05,21.103708
2010-10-06,21.092469
2010-10-07,20.9992
2010-10-08,21.021669
2010-10-11,21.000674
2010-10-12,21.268853
2010-10-13,21.049135
2010-10-14,20.840143
2010-10-15,20.475612
2010-10-18,20.614536
2010-10-19,21.279012
2010-10-20,21.789714
2010-10-21,21.197822
2010-10-22,21.036251
2010-10-25,20.962477
2010-10-26,20.838421
2010-10-27,20.724475
2010-10-28,20.435376
2010-10-29,19.94085
2010-11-01,19.989778
2010-11-02,19.721971
2010-11-03,19.918084
2010-11-04,20.596632
2010-11-05,20.236764
2010-11-08,19.601368
2010-11-09,19.194716
2010-11-10,19.451384
2010-11-11,19.248771
2010-11-12,18.956427
2010-11-15,19.02683
2010-11-16,18.690015
2010-11-17,18.576527
2010-11-18,18.842828
2010-11-19,18.814623
2010-11-22,18.550411
2010-11-23,18.248714
2010-11-24,18.549256
2010-11-26,18.323603
2010-11-29,18.450416
2010-11-30,18.324722
2010-12-01,18.69851
2010-12-02,19.186195
2010-12-03,19.294821
2010-12-06,19.254606
2010-12-07,19.243312
2010-12-08,19.741968
2010-12-09,19.997754
2010-12-10,20.168435
2010-12-13,20.14588
2010-12-14,19.960855
2010-12-15,19.789911
2010-12-16,19.82287
2010-12-17,19.868961
2010-12-20,20.025738
2010-12-21,20.351998
2010-12-22,20.575868
2010-12-23,20.458863
2010-12-27,20.6525
2010-12-28,20.658314
2010-12-29,20.596379
2010-12-30,20.525268
2010-12-31,20.572952
2011-01-03,21.039357
2011-01-04,20.991247
2011-01-05,21.242091
2011-01-06,21.111818
2011-01-07,20.917014
2011-01-10,20.85479
2011-01-11,20.956358
2011-01-12,21.305069
2011-01-13,21.223641
2011-01-14,21.215655
2011-01-18,19.134486
2011-01-19,18.560413
2011-01-20,18.436472
2011-01-21,17.781849
2011-01-24,17.717001
2011-01-25,17.505623
2011-01-26,17.484517
2011-01-27,17.604533
2011-01-28,17.281897
2011-01-31,17.443124
2011-02-01,17.799277
2011-02-02,17.660975
2011-02-03,17.679261
2011-02-04,17.537882
2011-02-07,17.789423
2011-02-08,17.877794
2011-02-09,18.119285
2011-02-10,18.118297
2011-02-11,18.369954
2011-02-14,18.380134
2011-02-15,18.221473
2011-02-16,18.327345
2011-02-17,18.308341
2011-02-18,18.347859
2011-02-22,17.782214
2011-02-23,17.64404
2011-02-24,17.009535
2011-02-25,17.040766
2011-02-28,17.00291
2011-03-01,16.612001
2011-03-02,16.500189
2011-03-03,16.863774
2011-03-04,16.634615
2011-03-07,16.525071
2011-03-08,16.892114
2011-03-09,16.879133
2011-03-10,16.535349
2011-03-11,16.669143
2011-03-14,16.50665
2011-03-15,16.302779
2011-03-16,15.996538
2011-03-17,16.214716
2011-03-18,16.395173
2011-03-21,16.516805
2011-03-22,16.36146
2011-03-23,16.314419
2011-03-24,16.404464
2011-03-25,16.4393
2011-03-28,16.390356
2011-03-29,16.439466
2011-03-30,16.559234
2011-03-31,16.485608
2011-04-01,16.617113
2011-04-04,16.62874
2011-04-05,16.611819
2011-04-06,16.800868
2011-04-07,16.721847
2011-04-08,16.584589
2011-04-11,16.575777
2011-04-12,16.510587
2011-04-13,16.082037
2011-04-14,15.934522
2011-04-15,16.049742
2011-04-18,15.922086
2011-04-19,16.163738
2011-04-20,16.093742
2011-04-21,16.060166
2011-04-25,16.034865
2011-04-26,16.126445
2011-04-27,16.175267
2011-04-28,16.256489
2011-04-29,16.167322
2011-05-02,16.059183
2011-05-03,16.179736
2011-05-04,16.104484
2011-05-05,16.159914
2011-05-06,16.429206
2011-05-09,16.399532
2011-05-10,16.55182
2011-05-11,16.332657
2011-05-12,16.317997
2011-05-13,16.078391
2011-05-16,16.056831
2011-05-17,16.173474
2011-05-18,16.25151
2011-05-19,16.260653
2011-05-20,16.022417
2011-05-23,15.810249
2011-05-24,15.784087
2011-05-25,15.791539
2011-05-26,15.800649
2011-05-27,15.927508
2011-05-31,16.082858
2011-06-01,15.521985
2011-06-02,15.551692
2011-06-03,15.741041
2011-06-06,15.428862
2011-06-07,15.396682
2011-06-08,15.253662
2011-06-09,15.435871
2011-06-10,15.326422
2011-06-13,15.485503
2011-06-14,15.565158
2011-06-15,15.222604
2011-06-16,15.314854
2011-06-17,15.450022
2011-06-20,15.453098
2011-06-21,15.666149
2011-06-22,15.563793
2011-06-23,15.355357
2011-06-24,15.26751
2011-06-27,15.445098
2011-06-28,15.507179
2011-06-29,15.832359
2011-06-30,15.89335
2011-07-01,16.168868
2011-07-05,16.067635
2011-07-06,15.857557
2011-07-07,16.106651
2011-07-08,15.893992
2011-07-11,15.45107
2011-07-12,15.406545
2011-07-13,15.419347
2011-07-14,15.199581
2011-07-15,15.097618
2011-07-18,14.863753
2011-07-19,16.535825
2011-07-20,16.642258
2011-07-21,17.473101
2011-07-22,17.382155
2011-07-25,17.232113
2011-07-26,17.112121
2011-07-27,16.737511
2011-07-28,16.862585
2011-07-29,16.815353
2011-08-01,16.883269
2011-08-02,16.338179
2011-08-03,16.314058
2011-08-04,15.407183
2011-08-05,15.002667
2011-08-08,13.507206
2011-08-09,14.601212
2011-08-10,13.577599
2011-08-11,14.410605
2011-08-12,14.247125
2011-08-15,14.702113
2011-08-16,14.424069
2011-08-17,14.509091
2011-08-18,13.789711
2011-08-19,13.530029
2011-08-22,13.359066
2011-08-23,13.784975
2011-08-24,14.18252
2011-08-25,14.115508
2011-08-26,14.257997
2011-08-29,14.854727
2011-08-30,14.747154
2011-08-31,14.925439
2011-09-01,14.571858
2011-09-02,13.986865
2011-09-06,13.742066
2011-09-07,14.401864
2011-09-08,14.077378
2011-09-09,13.634329
2011-09-12,13.794567
2011-09-13,13.884507
2011-09-14,14.056422
2011-09-15,14.413724
2011-09-16,14.439268
2011-09-19,14.101154
2011-09-20,14.067963
2011-09-21,13.378071
2011-09-22,12.937089
2011-09-23,13.084514
2011-09-26,13.656018
2011-09-27,13.707906
2011-09-28,13.312615
2011-09-29,13.689112
2011-09-30,13.209038
2011-10-03,12.61528
2011-10-04,13.131463
2011-10-05,13.284471
2011-10-06,13.716041
2011-10-07,13.214894
2011-10-10,13.89182
2011-10-11,13.880197
2011-10-12,14.256496
2011-10-13,13.920568
2011-10-14,14.113202
2011-10-17,13.408905
2011-10-18,12.691067
2011-10-19,12.246116
2011-10-20,12.439816
2011-10-21,12.722593
2011-10-24,12.97873
2011-10-25,12.609623
2011-10-26,12.835926
2011-10-27,13.298689
2011-10-28,13.476766
2011-10-31,12.955561
2011-11-01,12.340262
2011-11-02,12.7113
2011-11-03,13.029075
2011-11-04,12.894875
2011-11-07,12.956482
2011-11-08,13.250798
2011-11-09,12.531461
2011-11-10,12.600722
2011-11-11,12.8799
2011-11-14,12.618955
2011-11-15,12.671641
2011-11-16,12.356985
2011-11-17,12.098673
2011-11-18,12.160629
2011-11-21,11.85991
2011-11-22,11.750251
2011-11-23,11.423439
2011-11-25,11.47781
2011-11-28,11.806537
2011-11-29,11.733456
2011-11-30,12.505243
2011-12-01,12.385079
2011-12-02,12.553971
2011-12-05,12.818616
2011-12-06,12.807306
2011-12-07,12.958186
2011-12-08,12.478259
2011-12-09,12.760406
2011-12-12,12.433441
2011-12-13,12.247997
2011-12-14,12.210551
2011-12-15,12.192521
2011-12-16,12.251577
2011-12-19,11.995004
2011-12-20,12.451516
2011-12-21,12.52517
2011-12-22,12.780819
2011-12-23,12.874829
2011-12-27,12.789793
2011-12-28,12.585311
2011-12-29,12.78755
2011-12-30,12.710711
2012-01-03,13.228658
2012-01-04,13.161217
2012-01-05,13.345966
2012-01-06,13.267578
2012-01-09,13.335628
2012-01-10,13.595967
2012-01-11,13.730213
2012-01-12,13.790026
2012-01-13,13.769561
2012-01-17,13.606884
2012-01-18,13.929026
2012-01-19,13.725421
2012-01-20,13.807792
2012-01-23,13.847778
2012-01-24,13.88209
2012-01-25,13.977254
2012-01-26,13.861821
2012-01-27,13.915727
2012-01-30,13.774485
2012-01-31,13.850907
2012-02-01,13.974799
2012-02-02,13.949696
2012-02-03,14.311666
2012-02-06,14.332009
2012-02-07,14.447037
2012-02-08,14.449346
2012-02-09,14.478928
2012-02-10,14.334313
2012-02-13,14.473163
2012-02-14,14.199843
2012-02-15,14.114246
2012-02-16,14.341253
2012-02-17,14.420041
2012-02-21,14.402299
2012-02-22,14.217273
2012-02-23,14.045086
2012-02-24,13.974389
2012-02-27,14.369763
2012-02-28,14.392565
2012-02-29,14.308332
2012-03-01,14.447017
2012-03-02,14.383278
2012-03-05,14.322662
2012-03-06,13.973255
2012-03-07,14.150198
2012-03-08,14.332619
2012-03-09,14.365368
2012-03-12,14.320916
2012-03-13,14.882871
2012-03-14,14.885109
2012-03-15,15.16401
2012-03-16,15.212269
2012-03-19,15.311632
2012-03-20,15.368206
2012-03-21,15.278862
2012-03-22,15.078543
2012-03-23,15.209244
2012-03-26,15.4524
2012-03-27,15.30076
2012-03-28,15.35509
2012-03-29,15.193296
2012-03-30,15.271904
2012-04-02,15.390202
2012-04-03,15.289475
2012-04-04,15.041658
2012-04-05,15.007337
2012-04-09,14.767107
2012-04-10,14.452162
2012-04-11,14.692727
2012-04-12,14.979461
2012-04-13,14.54395
2012-04-16,14.686298
2012-04-17,14.728574
2012-04-18,14.599234
2012-04-19,14.688483
2012-04-20,14.612901
2012-04-23,14.479822
2012-04-24,14.486051
2012-04-25,14.53536
2012-04-26,14.773973
2012-04-27,14.726151
2012-04-30,14.649494
2012-05-01,14.765848
2012-05-02,14.790629
2012-05-03,14.497896
2012-05-04,14.087979
2012-05-07,14.188944
2012-05-08,13.949526
2012-05-09,13.789465
2012-05-10,13.864936
2012-05-11,13.700428
2012-05-14,13.422345
2012-05-15,13.349061
2012-05-16,13.153907
2012-05-17,12.878332
2012-05-18,12.748822
2012-05-21,12.866459
2012-05-22,12.959994
2012-05-23,13.009459
2012-05-24,13.020485
2012-05-25,12.971948
2012-05-29,13.151925
2012-05-30,12.865429
2012-05-31,12.950208
2012-06-01,12.480417
2012-06-04,12.355884
2012-06-05,12.558599
2012-06-06,12.927477
2012-06-07,12.900665
2012-06-08,13.05835
2012-06-11,12.811006
2012-06-12,13.019962
2012-06-13,12.960173
2012-06-14,13.123827
2012-06-15,13.303523
2012-06-18,13.227344
2012-06-19,13.458649
2012-06-20,13.48749
2012-06-21,13.177904
2012-06-22,13.299026
2012-06-25,13.02504
2012-06-26,13.1012
2012-06-27,13.259787
2012-06-28,13.239443
2012-06-29,13.587788
2012-07-02,13.661842
2012-07-03,13.720559
2012-07-05,13.518864
2012-07-06,13.419735
2012-07-09,13.392546
2012-07-10,13.29848
2012-07-11,13.403213
2012-07-12,13.28058
2012-07-13,13.650176
2012-07-16,13.643949
2012-07-17,13.754845
2012-07-18,12.69358
2012-07-19,12.440912
2012-07-20,12.252325
2012-07-23,12.156973
2012-07-24,12.099999
2012-07-25,12.148096
2012-07-26,12.325332
2012-07-27,12.566949
2012-07-30,12.541445
2012-07-31,12.384639
2012-08-01,12.161055
2012-08-02,12.030352
2012-08-03,12.358564
2012-08-06,12.382615
2012-08-07,12.375285
2012-08-08,12.366345
2012-08-09,12.357754
2012-08-10,12.366179
2012-08-13,12.36539
2012-08-14,12.358785
2012-08-15,12.398169
2012-08-16,12.481785
2012-08-17,12.519157
2012-08-20,12.553115
2012-08-21,12.584616
2012-08-22,12.565086
2012-08-23,12.442229
2012-08-24,12.519526
2012-08-27,12.510039
2012-08-28,12.490556
2012-08-29,12.515488
2012-08-30,12.446855
2012-08-31,12.517389
2012-09-04,12.529958
2012-09-05,12.527562
2012-09-06,12.829568
2012-09-07,12.968141
2012-09-10,12.850413
2012-09-11,12.958304
2012-09-12,12.689394
2012-09-13,13.016061
2012-09-14,13.123814
2012-09-17,12.984363
2012-09-18,12.926604
2012-09-19,12.915985
2012-09-20,12.842618
2012-09-21,12.807775
2012-09-24,12.81239
2012-09-25,12.617875
2012-09-26,12.524415
2012-09-27,12.662716
2012-09-28,12.616851
2012-10-01,12.673647
2012-10-02,12.704809
2012-10-03,12.802272
2012-10-04,12.990701
2012-10-05,12.996056
2012-10-08,12.98087
2012-10-09,12.879222
2012-10-10,12.878472
2012-10-11,12.945117
2012-10-12,12.57796
2012-10-15,12.998162
2012-10-16,12.922764
2012-10-17,13.538011
2012-10-18,13.712752
2012-10-19,13.537448
2012-10-22,13.454298
2012-10-23,13.135723
2012-10-24,13.127853
2012-10-25,13.132365
2012-10-26,13.03752
2012-10-31,13.438543
2012-11-01,13.16422
2012-11-02,12.968615
2012-11-05,12.935744
2012-11-06,13.059407
2012-11-07,12.788455
2012-11-08,12.670397
2012-11-09,12.698027
2012-11-12,12.706648
2012-11-13,12.620258
2012-11-14,12.39722
2012-11-15,12.428328
2012-11-16,12.506573
2012-11-19,12.732877
2012-11-20,12.800082
2012-11-21,12.806581
2012-11-23,12.963602
2012-11-26,12.906005
2012-11-27,12.785417
2012-11-28,12.846335
2012-11-29,12.904746
2012-11-30,12.898694
2012-12-03,12.854348
2012-12-04,12.810997
2012-12-05,12.975149
2012-12-06,13.012283
2012-12-07,13.114048
2012-12-10,13.076176
2012-12-11,13.136578
2012-12-12,12.87356
2012-12-13,12.789908
2012-12-14,12.753595
2012-12-17,13.020586
2012-12-18,13.211393
2012-12-19,13.120488
2012-12-20,13.296574
2012-12-21,13.145444
2012-12-24,13.141906
2012-12-26,13.123679
2012-12-27,13.077267
2012-12-28,12.971503
2012-12-31,13.147158
2013-01-02,13.528678
2013-01-03,13.504542
2013-01-04,13.676806
2013-01-07,13.63233
2013-01-08,13.59877
2013-01-09,13.570434
2013-01-10,13.755988
2013-01-11,13.630767
2013-01-14,13.596031
2013-01-15,13.650966
2013-01-16,13.338867
2013-01-17,13.374699
2013-01-18,13.311133
2013-01-22,13.420766
2013-01-23,13.415174
2013-01-24,13.488432
2013-01-25,13.55076
2013-01-28,13.487753
2013-01-29,13.541257
2013-01-30,13.42974
2013-01-31,13.436789
2013-02-01,13.68852
2013-02-04,13.527328
2013-02-05,13.675045
2013-02-06,13.729079
2013-02-07,13.623759
2013-02-08,13.667352
2013-02-11,13.736182
2013-02-12,13.837396
2013-02-13,13.937384
2013-02-14,13.978613
2013-02-15,13.942397
2013-02-19,14.065035
2013-02-20,13.862035
2013-02-21,15.26148
2013-02-22,15.448497
2013-02-25,15.021368
2013-02-26,15.088203
2013-02-27,15.330866
2013-02-28,15.293174
2013-03-01,15.244681
2013-03-04,15.376943
2013-03-05,15.508855
2013-03-06,15.611169
2013-03-07,15.712852
2013-03-08,15.763999
2013-03-11,15.882307
2013-03-12,15.782069
2013-03-13,15.837823
2013-03-14,15.934382
2013-03-15,15.971643
2013-03-18,15.839784
2013-03-19,15.755249
2013-03-20,15.846824
2013-03-21,15.676016
2013-03-22,15.756853
2013-03-25,15.716737
2013-03-26,15.814954
2013-03-27,15.741465
2013-03-28,15.778997
2013-04-01,15.70383
2013-04-02,15.801129
2013-04-03,15.527363
2013-04-04,15.666418
2013-04-05,15.621761
2013-04-08,15.783621
2013-04-09,15.844315
2013-04-10,16.028198
2013-04-11,16.074187
2013-04-12,15.742524
2013-04-15,15.293048
2013-04-16,15.503338
2013-04-17,15.050262
2013-04-18,14.89306
2013-04-19,15.086271
2013-04-22,15.084178
2013-04-23,15.348315
2013-04-24,15.434625
2013-04-25,15.492068
2013-04-26,15.455326
2013-04-29,15.565503
2013-04-30,15.614079
2013-05-01,15.323586
2013-05-02,15.481586
2013-05-03,15.496425
2013-05-06,15.670863
2013-05-07,15.885796
2013-05-08,15.995873
2013-05-09,15.934868
2013-05-10,16.018216
2013-05-13,16.071542
2013-05-14,16.349615
2013-05-15,16.500391
2013-05-16,16.383338
2013-05-17,16.60568
2013-05-20,16.634994
2013-05-21,16.680835
2013-05-22,16.502789
2013-05-23,16.397776
2013-05-24,16.422186
2013-05-28,16.589917
2013-05-29,16.593736
2013-05-30,16.771694
2013-05-31,16.511062
2013-06-03,16.532464
2013-06-04,16.382433
2013-06-05,16.108305
2013-06-06,16.339836
2013-06-07,16.611697
2013-06-10,16.626032
2013-06-11,16.334562
2013-06-12,16.177451
2013-06-13,16.472096
2013-06-14,16.264967
2013-06-17,16.42208
2013-06-18,16.520277
2013-06-19,16.292082
2013-06-20,15.945763
2013-06-21,15.959432
2013-06-24,15.682493
2013-06-25,15.976294
2013-06-26,16.127813
2013-06-27,16.331317
2013-06-28,16.227412
2013-07-01,16.3035
2013-07-02,16.309143
2013-07-03,16.253342
2013-07-05,16.537438
2013-07-08,16.664757
2013-07-09,16.804543
2013-07-10,16.70166
2013-07-11,16.832143
2013-07-12,16.710424
2013-07-15,16.64678
2013-07-16,16.492146
2013-07-17,16.244554
2013-07-18,16.291795
2013-07-19,16.271744
2013-07-22,16.38265
2013-07-23,16.230801
2013-07-24,16.09126
2013-07-25,16.063147
2013-07-26,16.02313
2013-07-29,15.849814
2013-07-30,15.784437
2013-07-31,15.93256
2013-08-01,16.10011
2013-08-02,15.983759
2013-08-05,15.931425
2013-08-06,15.774892
2013-08-07,15.914706
2013-08-08,15.953175
2013-08-09,15.908206
2013-08-12,15.834549
2013-08-13,15.900424
2013-08-14,15.842696
2013-08-15,15.617865
2013-08-16,15.588237
2013-08-19,15.379021
2013-08-20,15.518669
2013-08-21,15.416232
2013-08-22,15.590489
2013-08-23,15.602138
2013-08-26,15.514591
2013-08-27,15.136442
2013-08-28,15.156452
2013-08-29,15.197233
2013-08-30,15.125752
2013-09-03,15.250495
2013-09-04,15.367989
2013-09-05,15.399734
2013-09-06,15.394433
2013-09-09,15.570866
2013-09-10,15.756874
2013-09-11,15.776684
2013-09-12,15.66224
2013-09-13,15.691167
2013-09-16,15.866915
2013-09-17,15.938012
2013-09-18,16.09326
2013-09-19,16.017827
2013-09-20,15.92842
2013-09-23,15.74866
2013-09-24,15.646319
2013-09-25,15.730593
2013-09-26,15.735272
2013-09-27,15.673518
2013-09-30,15.559973
2013-10-01,15.669129
2013-10-02,15.65638
2013-10-03,15.531575
2013-10-04,15.669126
2013-10-07,15.481692
2013-10-08,15.281176
2013-10-09,15.338605
2013-10-10,15.783814
2013-10-11,16.426802
2013-10-14,16.502481
2013-10-15,16.103586
2013-10-16,16.146632
2013-10-17,16.308162
2013-10-18,16.302104
2013-10-21,16.25722
2013-10-22,16.255774
2013-10-23,16.122368
2013-10-24,16.126432
2013-10-25,16.179764
2013-10-28,16.10438
2013-10-29,16.149582
2013-10-30,15.940176
2013-10-31,15.697953
2013-11-01,15.653674
2013-11-04,15.665704
2013-11-05,15.586596
2013-11-06,15.479807
2013-11-07,15.325274
2013-11-08,15.667861
2013-11-11,15.687785
2013-11-12,15.541437
2013-11-13,15.670045
2013-11-14,15.801455
2013-11-15,15.881211
2013-11-18,15.872978
2013-11-19,15.901563
2013-11-20,15.846283
2013-11-21,16.07511
2013-11-22,16.146049
2013-11-25,16.163707
2013-11-26,16.15396
2013-11-27,16.205637
2013-11-29,16.143327
2013-12-02,16.109552
2013-12-03,15.961307
2013-12-04,16.002164
2013-12-05,15.856733
2013-12-06,16.073557
2013-12-09,16.133783
2013-12-10,16.146646
2013-12-11,15.911881
2013-12-12,15.910927
2013-12-13,15.932485
2013-12-16,16.021524
2013-12-17,15.924837
2013-12-18,16.299125
2013-12-19,16.275313
2013-12-20,16.366721
2013-12-23,16.451467
2013-12-24,16.477112
2013-12-26,16.504049
2013-12-27,16.490626
2013-12-30,16.468271
2013-12-31,16.53465
2014-01-02,16.44433
2014-01-03,16.549541
2014-01-06,16.574341
2014-01-07,16.580103
2014-01-08,16.638694
2014-01-09,16.691453
2014-01-10,16.670132
2014-01-13,16.421077
2014-01-14,16.539833
2014-01-15,16.471421
2014-01-16,16.20576
2014-01-17,16.185456
2014-01-21,16.133586
2014-01-22,16.141692
2014-01-23,15.815628
2014-01-24,15.450204
2014-01-27,15.364524
2014-01-28,15.533022
2014-01-29,15.373822
2014-01-30,15.487989
2014-01-31,15.276887
2014-02-03,14.862762
2014-02-04,15.009353
2014-02-05,14.979602
2014-02-06,15.199098
2014-02-07,15.381938
2014-02-10,15.413399
2014-02-11,15.60601
2014-02-12,15.528855
2014-02-13,15.587277
2014-02-14,15.461906
2014-02-18,15.488674
2014-02-19,15.287364
2014-02-20,15.323759
2014-02-21,15.329915
2014-02-24,15.476383
2014-02-25,15.384055
2014-02-26,15.34418
2014-02-27,15.42866
2014-02-28,15.553881
2014-03-03,15.551026
2014-03-04,15.858815
2014-03-05,15.970712
2014-03-06,16.08047
2014-03-07,16.156049
2014-03-10,16.166063
2014-03-11,16.046417
2014-03-12,16.026812
2014-03-13,15.843513
2014-03-14,15.752224
2014-03-17,15.915516
2014-03-18,15.992001
2014-03-19,15.968229
2014-03-20,16.231078
2014-03-21,16.234699
2014-03-24,16.21797
2014-03-25,16.218152
2014-03-26,16.066151
2014-03-27,15.973146
2014-03-28,16.034961
2014-03-31,16.18736
2014-04-01,16.249524
2014-04-02,16.314557
2014-04-03,16.29471
2014-04-04,16.10749
2014-04-07,15.868723
2014-04-08,15.888438
2014-04-09,16.022845
2014-04-10,15.646084
2014-04-11,15.516924
2014-04-14,15.646902
2014-04-15,15.774912
2014-04-16,16.026399
2014-04-17,15.987497
2014-04-21,15.976676
2014-04-22,16.00376
2014-04-23,16.023274
2014-04-24,16.006324
2014-04-25,15.8633
2014-04-28,15.704465
2014-04-29,15.870818
2014-04-30,15.86794
2014-05-01,15.805131
2014-05-02,15.815504
2014-05-05,15.787176
2014-05-06,15.577659
2014-05-07,15.596716
2014-05-08,15.615133
2014-05-09,15.616308
2014-05-12,15.786258
2014-05-13,15.766205
2014-05-14,15.644992
2014-05-15,15.470429
2014-05-16,15.489137
2014-05-19,15.573771
2014-05-20,15.471342
2014-05-21,15.590318
2014-05-22,15.648388
2014-05-23,15.686202
2014-05-27,15.839922
2014-05-28,15.802064
2014-05-29,15.819083
2014-05-30,15.848947
2014-06-02,15.894937
2014-06-03,15.911495
2014-06-04,15.961589
2014-06-05,16.108655
2014-06-06,16.218777
2014-06-09,16.282292
2014-06-10,16.275534
2014-06-11,16.166447
2014-06-12,16.073255
2014-06-13,16.072549
2014-06-16,16.00549
2014-06-17,16.15441
2014-06-18,16.259321
2014-06-19,16.232101
2014-06-20,16.289777
2014-06-23,16.341016
2014-06-24,16.226646
2014-06-25,16.244016
2014-06-26,16.189424
2014-06-27,16.224868
2014-06-30,16.229805
2014-07-01,16.349588
2014-07-02,16.341702
2014-07-03,16.462147
2014-07-07,16.384732
2014-07-08,16.24489
2014-07-09,16.286285
2014-07-10,16.186706
2014-07-11,16.194624
2014-07-14,16.671518
2014-07-15,16.817272
2014-07-16,16.946889
2014-07-17,16.681363
2014-07-18,16.885583
2014-07-21,16.853569
2014-07-22,16.907345
2014-07-23,16.907641
2014-07-24,16.940196
2014-07-25,16.828541
2014-07-28,16.897639
2014-07-29,16.742954
2014-07-30,16.77496
2014-07-31,16.415071
2014-08-01,16.13636
2014-08-04,16.226953
2014-08-05,16.074103
2014-08-06,15.985049
2014-08-07,15.902479
2014-08-08,16.052227
2014-08-11,16.077018
2014-08-12,16.097559
2014-08-13,16.183667
2014-08-14,16.27075
2014-08-15,16.201197
2014-08-18,16.376933
2014-08-19,16.40375
2014-08-20,16.450966
2014-08-21,16.633926
2014-08-22,16.575119
2014-08-25,16.71455
2014-08-26,16.758522
2014-08-27,16.729673
2014-08-28,16.657204
2014-08-29,16.744817
2014-09-02,16.804048
2014-09-03,16.783172
2014-09-04,16.787152
2014-09-05,16.814958
2014-09-08,16.814962
2014-09-09,16.648784
2014-09-10,16.720177
2014-09-11,16.771057
2014-09-12,16.750668
2014-09-15,16.760669
2014-09-16,16.818252
2014-09-17,16.891612
2014-09-18,17.073453
2014-09-19,17.019374
2014-09-22,16.939938
2014-09-23,16.825864
2014-09-24,16.922852
2014-09-25,16.647579
2014-09-26,16.799921
2014-09-29,16.732412
2014-09-30,16.70224
2014-10-01,16.508732
2014-10-02,16.536979
2014-10-03,16.77474
2014-10-06,16.75176
2014-10-07,16.445497
2014-10-08,16.743884
2014-10-09,16.400398
2014-10-10,16.259153
2014-10-13,16.118175
2014-10-14,15.63611
2014-10-15,15.477083
2014-10-16,15.39277
2014-10-17,15.498449
2014-10-20,15.606027
2014-10-21,15.882494
2014-10-22,15.741279
2014-10-23,15.869917
2014-10-24,16.009101
2014-10-27,16.023384
2014-10-28,16.135248
2014-10-29,16.010073
2014-10-30,16.104
2014-10-31,16.301439
2014-11-03,16.354527
2014-11-04,16.35216
2014-11-05,16.587771
2014-11-06,16.637308
2014-11-07,16.670504
2014-11-10,16.756032
2014-11-11,16.717896
2014-11-12,16.67536
2014-11-13,16.667181
2014-11-14,16.607823
2014-11-17,16.615823
2014-11-18,16.654456
2014-11-19,16.623675
2014-11-20,16.630156
2014-11-21,16.720974
2014-11-24,16.823577
2014-11-25,16.788996
2014-11-26,16.82252
2014-11-28,16.830091
2014-12-01,16.70728
2014-12-02,16.873341
2014-12-03,16.941854
2014-12-04,16.960562
2014-12-05,17.12455
2014-12-08,17.191867
2014-12-09,17.148119
2014-12-10,16.919997
2014-12-11,16.973081
2014-12-12,16.623026
2014-12-15,16.485829
2014-12-16,16.325296
2014-12-17,16.694185
2014-12-18,17.100322
2014-12-19,17.106412
2014-12-22,17.237434
2014-12-23,17.338537
2014-12-24,17.299182
2014-12-26,17.30039
2014-12-29,17.360699
2014-12-30,17.338714
2014-12-31,17.132674
2015-01-02,17.131555
2015-01-05,16.776806
2015-01-06,16.518339
2015-01-07,16.700516
2015-01-08,16.943108
2015-01-09,16.721886
2015-01-12,16.576921
2015-01-13,16.521283
2015-01-14,16.317509
2015-01-15,16.330805
2015-01-16,16.519815
2015-01-20,16.397422
2015-01-21,16.396878
2015-01-22,16.772973
2015-01-23,16.577508
2015-01-26,16.638123
2015-01-27,16.457807
2015-01-28,16.106516
2015-01-29,16.236363
2015-01-30,15.970968
2015-02-02,16.167262
2015-02-03,16.464862
2015-02-04,16.362622
2015-02-05,16.471766
2015-02-06,16.577699
2015-02-09,16.476184
2015-02-10,16.68858
2015-02-11,16.621179
2015-02-12,16.912479
2015-02-13,17.006063
2015-02-17,17.103843
2015-02-18,16.994176
2015-02-19,16.899735
2015-02-20,17.024062
2015-02-23,16.956383
2015-02-24,17.042338
2015-02-25,17.054622
2015-02-26,17.004343
2015-02-27,16.942799
2015-03-02,17.342229
2015-03-03,17.300212
2015-03-04,17.169363
2015-03-05,17.242474
2015-03-06,17.115557
2015-03-09,17.194717
2015-03-10,16.839348
2015-03-11,16.94318
2015-03-12,17.306736
2015-03-13,17.186529
2015-03-16,17.384495
2015-03-17,17.35491
2015-03-18,17.441852
2015-03-19,17.27168
2015-03-20,17.487622
2015-03-23,17.499455
2015-03-24,17.350429
2015-03-25,17.098948
2015-03-26,17.072464
2015-03-27,17.047924
2015-03-30,17.277028
2015-03-31,17.160048
2015-04-01,17.129649
2015-04-02,17.229328
2015-04-06,17.241406
2015-04-07,17.207482
2015-04-08,17.259382
2015-04-09,17.282784
2015-04-10,17.282409
2015-04-13,17.33612
2015-04-14,17.280142
2015-04-15,17.02426
2015-04-16,16.870759
2015-04-17,16.649705
2015-04-20,16.630094
2015-04-21,16.548096
2015-04-22,16.649645
2015-04-23,16.67468
2015-04-24,16.625636
2015-04-27,16.53167
2015-04-28,16.597619
2015-04-29,16.628856
2015-04-30,16.499158
2015-05-01,16.512199
2015-05-04,16.679871
2015-05-05,16.581756
2015-05-06,16.316295
2015-05-07,16.419936
2015-05-08,16.613361
2015-05-11,16.556655
2015-05-12,16.497872
2015-05-13,16.504365
2015-05-14,16.650479
2015-05-15,16.579166
2015-05-18,16.669692
2015-05-19,16.778178
2015-05-20,16.717424
2015-05-21,16.676489
2015-05-22,16.660271
2015-05-26,16.511685
2015-05-27,16.663012
2015-05-28,16.647202
2015-05-29,16.490564
2015-06-01,16.522049
2015-06-02,16.548009
2015-06-03,16.653951
2015-06-04,16.526376
2015-06-05,16.618307
2015-06-08,16.518123
2015-06-09,16.566174
2015-06-10,16.802584
2015-06-11,16.845918
2015-06-12,16.783051
2015-06-15,16.710137
2015-06-16,16.798489
2015-06-17,16.776867
2015-06-18,16.929433
2015-06-19,16.77007
2015-06-22,17.032825
2015-06-23,17.080285
2015-06-24,16.932954
2015-06-25,16.817446
2015-06-26,16.88379
2015-06-29,16.471653
2015-06-30,16.54332
2015-07-01,16.750074
2015-07-02,16.687398
2015-07-06,16.631587
2015-07-07,16.655658
2015-07-08,16.364985
2015-07-09,16.487468
2015-07-10,16.686335
2015-07-13,16.864169
2015-07-14,16.897851
2015-07-15,16.756317
2015-07-16,16.597119
2015-07-17,16.548103
2015-07-20,16.59182
2015-07-21,16.532398
2015-07-22,16.625411
2015-07-23,16.514646
2015-07-24,16.371661
2015-07-27,16.221403
2015-07-28,16.306282
2015-07-29,16.462881
2015-07-30,16.493078
2015-07-31,16.42432
2015-08-03,16.40498
2015-08-04,16.372495
2015-08-05,16.379846
2015-08-06,16.331632
2015-08-07,16.487816
2015-08-10,16.66495
2015-08-11,16.50674
2015-08-12,16.375284
2015-08-13,16.423958
2015-08-14,16.536746
2015-08-17,16.566923
2015-08-18,16.538292
2015-08-19,16.394963
2015-08-20,16.047134
2015-08-21,15.551871
2015-08-24,14.819751
2015-08-25,14.58053
2015-08-26,15.133932
2015-08-27,15.526296
2015-08-28,15.473609
2015-08-31,15.355852
2015-09-01,14.825132
2015-09-02,15.033441
2015-09-03,15.105141
2015-09-04,14.817054
2015-09-08,15.194704
2015-09-09,14.985538
2015-09-10,15.057672
2015-09-11,15.10916
2015-09-14,15.065111
2015-09-15,15.285346
2015-09-16,15.380704
2015-09-17,15.180482
2015-09-18,14.876417
2015-09-21,15.081326
2015-09-22,14.88563
2015-09-23,14.8941
2015-09-24,14.786141
2015-09-25,14.998755
2015-09-28,14.645852
2015-09-29,14.701902
2015-09-30,14.89472
2015-10-01,14.922387
2015-10-02,14.912726
2015-10-05,15.229939
2015-10-06,15.157173
2015-10-07,15.277519
2015-10-08,15.355813
2015-10-09,15.269694
2015-10-12,15.292143
2015-10-13,15.093539
2015-10-14,14.614751
2015-10-15,14.887145
2015-10-16,14.956667
2015-10-19,14.997503
2015-10-20,15.100967
2015-10-21,14.99126
2015-10-22,15.269377
2015-10-23,15.425591
2015-10-26,15.378467
2015-10-27,15.293204
2015-10-28,15.667823
2015-10-29,15.572302
2015-10-30,15.349757
2015-11-02,15.763866
2015-11-03,15.753374
2015-11-04,15.68997
2015-11-05,15.770062
2015-11-06,15.627335
2015-11-09,15.449362
2015-11-10,15.517038
2015-11-11,15.486161
2015-11-12,15.24136
2015-11-13,15.108462
2015-11-16,15.297103
2015-11-17,15.265645
2015-11-18,15.431469
2015-11-19,15.452528
2015-11-20,15.469912
2015-11-23,15.411421
2015-11-24,15.366
2015-11-25,15.368553
2015-11-27,15.417091
2015-11-30,15.379143
2015-12-01,15.574572
2015-12-02,15.379824
2015-12-03,15.131595
2015-12-04,15.53379
2015-12-07,15.398177
2015-12-08,15.195362
2015-12-09,15.020412
2015-12-10,15.027435
2015-12-11,14.703245
2015-12-14,14.72435
2015-12-15,15.075087
2015-12-16,15.320328
2015-12-17,15.078759
2015-12-18,14.702637
2015-12-21,14.85607
2015-12-22,14.986871
2015-12-23,15.171837
2015-12-24,15.169401
2015-12-28,15.138173
2015-12-29,15.288132
2015-12-30,15.176852
2015-12-31,15.036066
2016-01-01,14.644874654904596
2016-01-04,14.340153071355935
2016-01-05,14.344704483886542
2016-01-06,14.114212780086174
2016-01-07,13.747104510671567
2016-01-08,13.542617216852491
2016-01-11,13.678490884421436
2016-01-12,13.714874759743896
2016-01-13,13.34919397849264
2016-01-14,13.483040767986983
2016-01-15,13.136557342116424
2016-01-18,13.13539598346268
2016-01-19,13.10268266269932
2016-01-20,12.82486872857552
2016-01-21,12.88086739741105
2016-01-22,13.11331262388196
2016-01-25,12.782215148837905
2016-01-26,13.020760136283656
2016-01-27,13.068051998779046
2016-01-28,13.07125944479921
2016-01-29,13.453107351964118
2016-02-01,13.36960033924762
2016-02-02,12.958091740250683
2016-02-03,12.920162575660486
2016-02-04,13.118671644415738
2016-02-05,12.952756446456364
2016-02-08,12.548466925901964
2016-02-09,12.546514606094302
2016-02-10,12.49642478766471
2016-02-11,12.0334305031445
2016-02-12,12.631431814526138
2016-02-15,12.72305908940761
2016-02-16,12.968897157814316
2016-02-17,13.057240694124197
2016-02-18,12.911924808121665
2016-02-19,12.903335137314864
2016-02-22,13.152677083924168
2016-02-23,12.818837402107242
2016-02-24,12.834713167374897
2016-02-25,13.063373972060004
2016-02-26,13.15130929767629
2016-02-29,13.021625150844908
2016-03-01,13.52014131014675
2016-03-02,13.657152505746376
2016-03-03,13.69294421051996
2016-03-04,13.732013945829072
2016-03-07,13.719916165163784
2016-03-08,13.449680496321792
2016-03-09,13.476382099954582
2016-03-10,13.513091053183445
2016-03-11,13.883339843306295
2016-03-14,13.16527836161838
2016-03-15,13.78200255454657
2016-03-16,13.72754774552256
2016-03-17,13.884234152715276
2016-03-18,14.110343599142734
2016-03-21,14.112597329184023
2016-03-22,14.057678406728892
2016-03-23,13.88567893947858
2016-03-24,13.786525554974649
2016-03-25,13.809393925831063
2016-03-28,13.851260538799124
2016-03-29,13.820214997141797
2016-03-30,13.943861903863176
2016-03-31,14.1453621782893
2016-04-01,14.248741458955202
2016-04-04,14.17369173594338
2016-04-05,13.913926732076227
2016-04-06,14.025927749821388
2016-04-07,13.74369458555156
2016-04-08,13.790958946364931
2016-04-11,13.896625447990456
2016-04-12,14.108722255497222
2016-04-13,14.47769017831992
2016-04-14,14.52119974279356
2016-04-15,14.395590900292852
2016-04-18,13.858127084860223
2016-04-19,14.667206644962173
2016-04-20,14.879470576181584
2016-04-21,14.726885855517372
2016-04-22,14.812123756586836
2016-04-25,14.698367043990334
2016-04-26,14.828819575229048
2016-05-06,14.52634444451666
2016-05-11,14.486365388224076
2016-05-12,14.55868207975212
2016-05-13,14.345655032633177
2016-05-16,14.461641155886973
2016-05-17,14.373372080285012
2016-05-18,14.74208767256962
2016-05-19,14.638152078474649
2016-05-20,14.636842577835711
2016-05-23,14.628017160534489
2016-05-24,14.85725284337368
2016-05-25,15.061192272485275
2016-05-26,14.946377023054744
2016-05-27,15.016968223761484
2016-05-30,15.038055888072153
2016-05-31,14.98775069323858
2016-06-01,15.034071600616867
2016-06-02,15.0509399100389
2016-06-03,14.781499033643897
2016-06-06,14.88973844423545
2016-06-07,14.83010009849996
2016-06-08,14.894842849693926
2016-06-09,14.76352139206858
2016-06-10,14.498738586824611
2016-06-13,14.446354988963808
2016-06-14,14.177521924594894
2016-06-15,14.220207799794473
2016-06-16,14.257014954449648
2016-06-17,14.312526889245602
2016-06-20,14.367511484061286
2016-06-21,14.446290043667226
2016-06-22,14.463674237194882
2016-06-23,14.799299338719448
2016-06-24,13.892598096741256
2016-06-27,13.381075002835177
2016-06-28,13.74340148462445
2016-06-29,14.2942813521376
2016-06-30,14.47451479360354
2016-07-01,14.35639022811971
2016-07-04,14.357787892773532
2016-07-05,14.056910130288
2016-07-06,14.14926116167738
2016-07-07,14.270146518641344
2016-07-08,14.51994431890861
2016-07-11,14.586262239688342
2016-07-12,14.803146696611703
2016-07-13,14.76870269028761
2016-07-14,14.91755442228314
2016-07-15,14.893913624789151
2016-07-18,14.920781134042498
2016-07-19,14.92508531994479
2016-07-20,14.942570332856608
2016-07-21,14.869806434336663
2016-07-22,14.887075490880676
2016-07-25,14.857996391324438
2016-07-26,14.890941023884784
2016-07-27,14.89868917761067
2016-07-28,14.909715344588776
2016-07-29,14.86082594852896
2016-08-01,14.814407708353274
2016-08-02,14.691763735488593
2016-08-03,14.89833637480538
2016-08-04,14.824675977501926
2016-08-05,15.135885048292147
2016-08-08,15.192865188063474
2016-08-09,15.24748265352178
2016-08-10,14.901983674902732
2016-08-11,15.068256629585113
2016-08-12,15.065071942284588
2016-08-15,15.158481176235234
2016-08-16,15.144301903522276
2016-08-17,15.159108774209786
2016-08-18,15.149699768896824
2016-08-19,15.141681609953476
2016-08-22,15.124260235063266
2016-08-23,15.15208163186355
2016-08-24,15.14582452388015
2016-08-25,15.17063416753953
2016-08-26,15.204908870621097
2016-08-29,15.351975964262
2016-08-30,15.508254597576528
2016-08-31,15.489109175307624
2016-09-01,15.41177300541181
2016-09-02,15.489211072424611
2016-09-05,15.520829271759414
2016-09-06,15.467938768071331
2016-09-07,15.489696254521585
2016-09-08,15.508674902565252
2016-09-09,14.047689596248292
2016-09-12,14.181035372593582
2016-09-13,13.57697491325193
2016-09-14,13.518322842745157
2016-09-15,13.50797946137177
2016-09-16,13.368137315991593
2016-09-19,13.437541298614825
2016-09-20,13.427244966687748
2016-09-21,13.492471920243144
2016-09-22,13.536439090242393
2016-09-23,13.465231144768612
2016-09-26,13.238587466722445
2016-09-27,13.365693258476718
2016-09-28,13.42358255449816
2016-09-29,13.212885719871764
2016-09-30,13.268190510586248
2016-10-03,13.215361188435317
2016-10-04,13.25167913302256
2016-10-05,13.460166442757735
2016-10-06,13.37171856258723
2016-10-07,13.46215316714092
2016-10-10,13.535957838779153
2016-10-11,13.399863510651327
2016-10-12,13.333827854862976
2016-10-13,13.25688262253164
2016-10-14,13.326836212667432
2016-10-17,13.28208129572508
2016-10-18,13.392068174711625
2016-10-19,13.511878635208992
2016-10-20,13.517429676620438
2016-10-21,13.51558535273437
2016-10-24,13.57266256189634
2016-10-25,13.549136557079631
2016-10-26,13.625403937898742
2016-10-27,13.634718084812814
2016-10-28,13.565705660024102
2016-10-31,13.542001782285572
2016-11-01,13.51280929352922
2016-11-02,13.392832492987472
2016-11-03,13.424763404384812
2016-11-04,13.35517894448778
2016-11-07,13.700106683331024
2016-11-08,13.712626457649268
2016-11-09,14.32606159531928
2016-11-10,14.86610097081351
2016-11-11,14.899506716803462
2016-11-14,15.280071058027763
2016-11-15,15.2586538191698
2016-11-16,15.034809699778886
2016-11-17,15.23756764525282
2016-11-18,15.242968160224311
2016-11-21,15.289255970145003
2016-11-22,15.31483237771537
2016-11-23,15.354542023572323
2016-11-25,15.437206586088212
2016-11-29,15.255366198354224
2016-11-30,15.481937255478382
2016-12-01,15.741415462212483
2016-12-02,15.584825639207754
2016-12-05,15.78612055359378
2016-12-06,15.935772025095025
2016-12-07,16.198499732724244
2016-12-08,16.347780140514914
2016-12-09,16.365150255273186
2016-12-12,16.20087813848876
2016-12-13,16.244054725567207
2016-12-14,16.150696964847693
2016-12-15,16.33851169480212
2016-12-16,16.169918969558445
2016-12-19,16.197687945698448
2016-12-20,16.387885740973942
2016-12-21,16.343258606363488
2016-12-22,16.294624287095353
2016-12-23,16.32248784426177
2016-12-26,16.317413757832085
2016-12-27,16.333948527623228
2016-12-28,16.159145825026176
2016-12-29,16.040461827742295
2016-12-30,16.08646172232203
2017-01-02,15.663015490333638
2017-01-03,15.836063981248572
2017-01-04,15.949306192067818
2017-01-05,15.775270988963529
2017-01-06,15.839292955180277
2017-01-09,15.66874199812534
2017-01-10,15.790590856297449
2017-01-11,15.865541013183677
2017-01-12,15.743460493851336
2017-01-13,15.837001057137446
2017-01-16,15.775223507696609
2017-01-17,15.38554190430803
2017-01-18,15.521342222107858
2017-01-19,15.441218427254336
2017-01-20,15.520326168817704
2017-01-23,15.43573214134836
2017-01-24,15.626305443679344
2017-01-25,15.88461570008038
2017-01-26,15.930100069621856
2017-01-27,15.863612923549
2017-01-30,15.740101418007775
2017-01-31,15.623300499976336
2017-02-01,15.6465897860927
2017-02-02,15.577858876481615
2017-02-03,15.91259933389193
2017-02-06,15.833702031055116
2017-02-07,15.79524762703553
2017-02-08,15.664305996101971
2017-02-09,15.898415794143428
2017-02-10,15.931887098051972
2017-02-13,16.113294307569465
2017-02-14,16.32142603735216
2017-02-15,16.481586825651476
2017-02-16,16.40302340034148
2017-02-17,16.400599180747
2017-02-20,16.406344386053412
2017-02-21,16.488613727946124
2017-02-22,16.49872136114663
2017-02-23,16.510720119062732
2017-02-24,16.373269627351096
2017-02-27,16.45997383699889
2017-02-28,16.438430955645543
2017-03-01,16.932027416995144
2017-03-02,16.680906206835477
2017-03-03,16.7547698764941
2017-03-06,16.64239804807252
2017-03-07,16.603916766233795
2017-03-08,16.598833177008817
2017-03-09,16.654281826894753
2017-03-10,16.642525348260982
2017-03-13,16.642754099804925
2017-03-14,16.633870523207296
2017-03-15,16.597914092703494
2017-03-16,16.66334069041296
2017-03-17,16.471719547874525
2017-03-20,16.326181166488613
2017-03-21,15.843981474039737
2017-03-22,15.826344415520945
2017-03-23,15.859005178132588
2017-03-24,15.846157086351
2017-03-27,15.761464185198784
2017-03-28,15.986041988396597
2017-03-29,15.895793708843753
2017-03-30,16.09730180753203
2017-03-31,15.287308409054116
2017-04-03,15.328599679223936
2017-04-04,15.286254969297971
2017-04-05,15.17638212041079
2017-04-06,15.263855083657049
2017-04-07,15.205224459861164
2017-04-10,15.170534976678187
2017-04-11,15.12871745550972
2017-04-12,14.98889189950583
2017-04-13,14.782455173014542
2017-04-14,14.7994348189862
2017-04-17,15.04760530792542
2017-04-18,14.905635126493186
2017-04-19,14.86914056274398
2017-04-20,15.109161962643071
2017-04-21,14.925931604293622
2017-04-24,15.322771068975776
2017-04-25,15.438104909883018
2017-04-26,15.441732529973091
2017-04-27,15.361023502524
2017-04-28,15.194004984105474
2017-05-01,15.284320362913618
2017-05-02,15.289735428914543
2017-05-03,15.377637979564792
2017-05-04,15.4135391731266
2017-05-05,15.397395513026762
2017-05-08,15.377701332412023
2017-05-09,15.310231990418917
2017-05-10,15.35235698668043
2017-05-11,15.272040862182214
2017-05-12,15.202452972328786
2017-05-15,15.303822250398492
2017-05-16,15.328129022277556
2017-05-17,14.864684981691832
2017-05-18,14.905922066720665
2017-05-19,15.042574175659702
2017-05-22,15.078545618909454
2017-05-23,15.200191992228072
2017-05-24,15.196325294762474
2017-05-25,15.23012512383399
2017-05-26,15.22232896814392
2017-05-29,15.191708259331252
2017-05-30,15.103119697071412
2017-05-31,14.9801590813535
2017-06-01,15.156929951877911
2017-06-02,15.103885835654472
2017-06-05,15.11627822742296
2017-06-06,15.017529213008563
2017-06-07,15.178440290661928
2017-06-08,15.34819299990098
2017-06-09,15.647495543901918
2017-06-12,15.67510798133962
2017-06-13,15.743377902743486
2017-06-14,15.770669003865242
2017-06-15,15.708322117078229
2017-06-16,15.691087926969562
2017-06-19,15.817260065513643
2017-06-20,15.69023835289596
2017-06-21,15.567196806066384
2017-06-22,15.469353925920728
2017-06-23,15.40214654690851
2017-06-26,15.481392726996246
2017-06-27,15.56091418146464
2017-06-28,15.806052493456226
2017-06-29,15.910318518462136
2017-06-30,15.666934301507236
2017-07-03,15.90958305101174
2017-07-04,15.904188809083928
2017-07-05,15.914539836502357
2017-07-06,15.808849456968767
2017-07-07,15.895879225949963
2017-07-10,15.86826414807087
2017-07-11,15.762674639796018
2017-07-12,15.77817520448639
2017-07-13,15.875441109958354
2017-07-14,15.794797314720974
2017-07-17,15.769376732176692
2017-07-18,15.723751112050726
2017-07-19,15.756861142820544
2017-07-20,15.740547971759176
2017-07-21,15.731558827015624
2017-07-24,15.776375614499951
2017-07-25,15.979066040135113
2017-07-26,15.886183802268068
2017-07-27,15.806407546115262
2017-07-28,15.80780973439918
2017-07-31,15.906681888289338
2017-08-01,16.03468646924332
2017-08-02,16.044959919741782
2017-08-03,15.968468918817528
2017-08-04,16.085659698168712
2017-08-07,16.20493399430644
2017-08-08,16.17700023108003
2017-08-09,16.164798834726543
2017-08-10,15.879127471939658
2017-08-11,15.79525301475231
2017-08-14,16.016050486301232
2017-08-15,16.05311381238075
2017-08-16,16.011956171974028
2017-08-17,15.73830386118708
2017-08-18,15.72886773945659
2017-08-21,15.68866489536318
2017-08-22,15.851823917055398
2017-08-23,15.81875627530172
2017-08-24,15.807894032034527
2017-08-25,15.843322287637406
2017-08-28,15.766176597450068
2017-08-29,15.693620964089112
2017-08-30,15.760308241637786
2017-08-31,15.759768734707054
2017-09-01,15.830907215632598
2017-09-04,15.754877328566035
2017-09-05,15.480247294063007
2017-09-06,15.521121449753364
2017-09-07,15.269058400750156
2017-09-08,15.382178038108195
2017-09-11,15.649738700979604
2017-09-12,15.842832691620831
2017-09-13,15.877643476088537
2017-09-14,15.828229306448112
2017-09-15,15.903794195370274
2017-09-18,16.105620038326705
2017-09-19,16.234641501235718
2017-09-20,16.33341995611115
2017-09-21,16.36488537605933
2017-09-22,16.36286782677661
2017-09-25,16.33446641240637
2017-09-26,16.31751680822104
2017-09-27,16.5297032447376
2017-09-28,16.54663629497511
2017-09-29,16.599391280585653
2017-10-02,17.216351803633927
2017-10-03,17.2717875919202
2017-10-04,17.217677677895313
2017-10-05,17.384301529145944
2017-10-06,17.393317121189646
2017-10-09,17.064841039856024
2017-10-10,17.399318960507227
2017-10-11,17.37678265984775
2017-10-12,17.24530814052362
2017-10-13,17.238075938971843
2017-10-16,17.349607194423676
2017-10-17,17.255143267468082
2017-10-18,17.35497424741149
2017-10-19,17.378716407374693
2017-10-20,17.582410992442355
2017-10-23,17.560565859939217
2017-10-24,17.691633191755482
2017-10-25,17.603265021850458
2017-10-26,17.699930677454915
2017-10-27,17.685324931864645
2017-10-30,17.604296939479234
2017-10-31,17.55282198684345
2017-11-01,17.59225295993795
2017-11-02,17.758154577733766
2017-11-03,17.675759429705163
2017-11-06,17.651424939520314
2017-11-07,17.418444087976024
2017-11-08,17.311313690746374
2017-11-09,17.25272884186372
2017-11-10,17.20908066338586
2017-11-13,17.23765665308637
2017-11-14,17.2223628446671
2017-11-15,17.257801297696183
2017-11-16,17.27447367557005
2017-11-17,17.25004263744818
2017-11-20,17.333632176214845
2017-11-21,17.385071398336393
2017-11-22,17.31840411492017
2017-11-24,17.293510020603886
2017-11-27,17.284314704177955
2017-11-28,17.72807553408633
2017-11-29,18.04143831419086
2017-11-30,18.14966959923512
2017-12-01,18.17965723309984
2017-12-04,18.46911854826828
2017-12-05,18.363319498827654
2017-12-06,18.30032510512489
2017-12-07,18.35295777154622
2017-12-08,18.462142555017383
2017-12-11,18.42179894018181
2017-12-12,18.611717348445296
2017-12-13,18.37875922155811
2017-12-14,18.257442957436197
2017-12-15,18.440419190634483
2017-12-18,18.62982039323016
2017-12-19,18.552899241694387
2017-12-20,18.5058422442048
2017-12-21,18.66766831030992
2017-12-22,18.6273418925406
2017-12-25,18.403598222606373
2017-12-26,18.566299464944446
2017-12-27,18.578931266641103
2017-12-28,18.65388098076277
2017-12-29,18.52536799581159
2018-01-01,18.17420912943875
2018-01-02,18.16341417440389
2018-01-03,18.257624666583677
2018-01-04,18.424088984519152
2018-01-05,18.478897380567307
2018-01-08,18.454944296312867
2018-01-09,18.585533073978628
2018-01-10,18.74451080053555
2018-01-11,18.8334334316865
2018-01-12,19.01334673438317
2018-01-15,19.01343113484148
2018-01-16,18.9540377971552
2018-01-17,19.11669696349813
2018-01-18,19.088383069649897
2018-01-19,19.217038594243167
2018-01-22,19.375304359282968
2018-01-23,19.377048946193725
2018-01-24,19.512118113305192
2018-01-25,19.47842253612796
2018-01-26,19.633378072169407
2018-01-29,19.54689934604843
2018-01-30,19.307810873434036
2018-01-31,19.329805374089517
2018-02-01,19.50987637625081
2018-02-02,19.06684345985683
2018-02-05,18.10328702222512
2018-02-06,18.4182441659772
2018-02-07,18.43750108991984
2018-02-08,17.607148245321348
2018-02-09,17.939227662369273
2018-02-12,18.192552564077037
2018-02-13,18.275540202157416
2018-02-14,18.696954005768387
2018-02-15,18.815375933554154
2018-02-16,18.79078612435617
2018-02-19,18.79077289006244
2018-02-20,18.74748240852033
2018-02-21,18.73325706639903
2018-02-22,18.59197236191816
2018-02-23,18.86058916674354
2018-02-26,19.153421129429447
2018-02-27,18.97297508736046
2018-02-28,18.72747548282043
2018-03-01,18.381962245662777
2018-03-02,18.43594780906539
2018-03-05,18.661989357141973
2018-03-06,18.73387935190476
2018-03-07,18.69949441424342
2018-03-08,18.746973680970815
2018-03-09,19.217983879480865
2018-03-12,19.141448031381334
2018-03-13,18.92775566166044
2018-03-14,18.698723084260287
2018-03-15,18.71325621636426
2018-03-16,18.74629300521056
2018-03-19,18.578997456362924
2018-03-20,18.62115459194755
2018-03-21,18.61733204287125
2018-03-22,17.926468033917637
2018-03-23,17.385086070626443
2018-03-26,17.953741243818317
2018-03-27,17.594361291766038
2018-03-28,17.61615700046538
2018-03-29,17.737069868945504
2018-03-30,17.842191173741277
2018-04-02,16.86148509389181
2018-04-03,17.09102357683352
2018-04-04,17.320054127236666
2018-04-05,17.444434836136193
2018-04-06,17.021779776586072
2018-04-09,17.096082088711768
2018-04-10,17.364926968252973
2018-04-11,17.140657202713808
2018-04-12,17.454911831498194
2018-04-13,17.182837724678702
2018-04-16,17.26055836349449
2018-04-17,17.253098289714796
2018-04-18,17.190900413205387
2018-04-19,17.451894479330807
2018-04-20,17.45945387310629
2018-04-23,17.433502081132893
2018-04-24,17.313663243629335
2018-04-25,17.2984042077402
2018-04-26,17.30522106507688
2018-04-27,17.332188876231292
2018-04-30,17.165851729805535
2018-05-01,17.17731365559733
2018-05-02,16.803580024776508
2018-05-03,16.694320673186915
2018-05-04,16.93618509783278
2018-05-07,17.15205952551528
2018-05-08,17.27461428395056
2018-05-09,17.532291494752354
2018-05-10,17.667934026277102
2018-05-11,17.653856360651535
2018-05-14,17.644263409281486
2018-05-15,17.61848369839337
2018-05-16,17.63674375024909
2018-05-17,17.62126316950268
2018-05-18,17.457540625694705
2018-05-21,17.5873226558651
2018-05-22,17.689691887835444
2018-05-23,17.584774528604086
2018-05-24,17.516001964355553
2018-05-25,17.44161602825332
2018-05-28,17.243683951512594
2018-05-29,16.859439500055142
2018-05-30,17.18785148548617
2018-05-31,17.026095037491697
2018-06-01,17.21995470101457
2018-06-04,17.266686885423557
2018-06-05,17.19824578481875
2018-06-06,17.51547971856446
2018-06-07,17.554749896039432
2018-06-08,17.601156651992433
2018-06-11,17.553539007944483
2018-06-12,17.496374809413968
2018-06-13,17.441653682033863
2018-06-14,17.281085300444452
2018-06-15,17.273210686807335
2018-06-18,17.261431034624586
2018-06-19,17.20261938870302
2018-06-20,17.148227590625282
2018-06-21,17.11968272465205
2018-06-22,17.03724139920249
2018-06-25,16.871012554279538
2018-06-26,16.810205848469735
2018-06-27,16.596764238137233
2018-06-28,16.743218469123214
2018-06-29,16.710508979517538
2018-07-02,15.49476021046664
2018-07-03,15.333155372172868
2018-07-05,15.364938624509042
2018-07-06,15.43942305244483
2018-07-09,15.797515351428435
2018-07-10,15.735945775039331
2018-07-11,15.656961080657432
2018-07-12,15.692480758418842
2018-07-13,15.624844350992973
2018-07-16,15.89953735054212
2018-07-17,15.929708355487143
2018-07-18,16.172004816266345
2018-07-19,15.945288227667
2018-07-20,15.985307440616983
2018-07-23,16.193611335659487
2018-07-24,16.24683095857549
2018-07-25,16.291926764291603
2018-07-26,16.271027669432687
2018-07-30,16.323870674262764
2018-08-01,16.208228707907175
2018-08-02,16.213456500535987
2018-08-03,16.30287066306312
2018-08-06,16.3435408182403
2018-08-07,16.447235269261064
2018-08-08,16.486352330579432
2018-08-09,16.390546512597997
2018-08-10,16.20083553878915
2018-08-13,16.03500574648436
2018-08-14,16.16640270956433
2018-08-15,16.056734807897755
2018-08-16,16.252891611909956
2018-08-17,16.284876685034902
2018-08-20,16.34569671153516
2018-08-21,16.405872985859926
2018-08-22,16.363556320416258
2018-08-23,16.280270777164148
2018-08-24,16.32750756324212
2018-08-27,16.548326366647856
2018-08-28,16.533761513022778
2018-08-29,16.528231606585887
2018-08-30,16.40863066951446
2018-08-31,16.392031482326622
2018-09-04,16.475326337785287
2018-09-05,16.475829633358686
2018-09-06,16.371848820946916
2018-09-07,16.354299045493768
2018-09-10,16.341987795659556
2018-09-11,16.36158326015589
2018-09-12,16.221446147603505
2018-09-13,16.20130084410358
2018-09-14,16.313903932133794
2018-09-17,16.25358388600729
2018-09-18,16.322112438072054
2018-09-19,16.611162456298636
2018-09-20,16.744606578526074
2018-09-21,16.67970578651029
2018-09-24,16.49434060388544
2018-09-25,16.43432864245661
2018-09-26,16.219246857244713
2018-09-27,16.165714409430983
2018-09-28,15.988405970524544
2018-10-01,14.190630069817246
2018-10-02,14.197492155477123
2018-10-03,14.307821545570194
2018-10-04,14.411559613531791
2018-10-05,14.35753571444064
2018-10-08,14.458101851619798
2018-10-09,14.3861901895314
2018-10-10,13.943204880591182
2018-10-11,13.536309032993076
2018-10-12,13.553246155320808
2018-10-15,13.486786563880246
2018-10-16,13.70365659625567
2018-10-17,13.82625874756521
2018-10-18,13.608791217744134
2018-10-19,13.6491698617965
2018-10-22,13.36884015128524
2018-10-23,13.252902365929334
2018-10-24,12.90064783290742
2018-10-25,13.10389768051165
2018-10-26,12.919430902143828
2018-10-29,13.02871396385888
2018-10-30,13.237978378151825
2018-10-31,13.429542260245489
2018-11-01,13.539131419290806
2018-11-02,13.534245030968226
2018-11-05,13.731075895023158
2018-11-06,13.795506334632064
2018-11-07,13.983832725188984
2018-11-08,14.028010139930595
2018-11-09,13.887552889584832
2018-11-12,13.604992839544146
2018-11-13,13.684567741390662
2018-11-14,13.491981332341467
2018-11-15,13.687585625634089
2018-11-16,13.698938494589044
2018-11-19,13.683832435191707
2018-11-20,13.39367781217914
2018-11-21,13.395536568920472
2018-11-23,13.277583531081463
2018-11-26,13.56185964433977
2018-11-27,13.574360927550984
2018-11-28,13.82272133516552
2018-11-29,13.713767790017808
2018-11-30,13.782373830799642
2018-12-03,13.85848761935495
2018-12-04,13.224024117925689
2018-12-06,13.01883681351246
2018-12-07,12.778647808946603
2018-12-10,12.597640747913438
2018-12-11,12.470892309366503
2018-12-12,12.527104083630489
2018-12-13,12.458509881049109
2018-12-14,12.333359757928031
2018-12-17,12.214369904873188
2018-12-18,12.157254729139144
2018-12-19,12.012073058946951
2018-12-20,11.918201524818269
2018-12-21,11.685350823928443
2018-12-24,11.401733381690546
2018-12-26,11.92673986209874
2018-12-27,12.058850349341618
2018-12-28,12.065652095294682
2018-12-31,12.955080912706045
2019-01-02,13.066167464959712
2019-01-03,12.761661156827303
2019-01-04,13.183378875761765
2019-01-07,13.211417439087144
2019-01-08,13.208500714639031
2019-01-09,13.274562409608867
2019-01-10,13.289157420536528
2019-01-11,13.3128423984193
2019-01-14,13.410216249356775
2019-01-15,13.52016609952073
2019-01-16,13.818974248710102
2019-01-17,13.890588661871195
2019-01-18,14.124924174735776
2019-01-22,13.968029540055412
2019-01-23,13.97211841124884
2019-01-24,14.000626858907667
2019-01-25,14.12412254539095
2019-01-28,14.086822352066838
2019-01-29,14.045347022172551
2019-01-30,14.110700151106933
2019-01-31,14.073167022527716
2019-02-01,14.132595782104312
2019-02-04,14.187726087478657
2019-02-05,14.166340995162225
2019-02-06,14.129541975862926
2019-02-07,13.973191812454097
2019-02-08,13.89438598268695
2019-02-11,13.9243879170262
2019-02-12,14.14617758544715
2019-02-13,14.17735257968101
2019-02-14,14.014967585280353
2019-02-15,14.299612171681025
2019-02-19,14.322619227258723
2019-02-20,14.40510970902494
2019-02-21,14.338198907074572
2019-02-22,14.304778976256316
2019-02-25,14.37101301807563
2019-02-26,14.33717944015476
2019-02-27,14.389796432909938
2019-02-28,14.349186244550069
2019-03-01,14.421819532368806
2019-03-04,14.332436428974372
2019-03-05,14.29925524487498
2019-03-06,14.193551866792946
2019-03-07,14.04684228311166
2019-03-08,14.047550858619308
2019-03-11,14.186108824389713
2019-03-12,14.212133241334284
2019-03-13,14.316029699669416
2019-03-14,14.374432854567283
2019-03-15,14.469642632104568
2019-03-18,14.670179349155884
2019-03-19,14.56270881723648
2019-03-20,14.262898886234163
2019-03-21,14.222029272842706
2019-03-22,13.819654417426548
2019-03-25,13.76400252471641
2019-03-26,13.920352480580156
2019-03-27,13.856740716091863
2019-03-28,13.96805802823962
2019-03-29,14.01102699909497
2019-04-01,12.905858397123186
2019-04-02,12.901700144788398
2019-04-03,12.936737632426166
2019-04-04,13.002151705192125
2019-04-05,13.012804596793238
2019-04-08,13.03165976226494
2019-04-09,12.91883878572538
2019-04-10,12.961565587465309
2019-04-11,13.033130767705194
2019-04-12,13.28375533692973
2019-04-15,13.204527402709848
2019-04-16,13.384521559240424
2019-04-17,13.411111863613243
2019-04-18,13.36929577260327
2019-04-22,13.343883173529784
2019-04-23,13.419932598498134
2019-04-24,13.399227672527784
2019-04-25,13.432557281941644
2019-04-26,13.559124024695516
2019-04-29,13.686963979066713
2019-04-30,13.710054153254092
2019-05-01,13.597476663607674
2019-05-02,13.61795732578736
2019-05-03,13.72911777843497
2019-05-06,13.634816800483016
2019-05-07,13.405752981686389
2019-05-08,13.368187707674537
2019-05-09,13.349362573008529
2019-05-10,13.417628653603249
2019-05-13,13.0297033438167
2019-05-14,13.135536626534837
2019-05-15,13.073017513750118
2019-05-16,13.214634663026796
2019-05-17,13.136483699027613
2019-05-20,13.153948615800193
2019-05-21,13.266319308805866
2019-05-22,13.195249514777233
2019-05-23,13.003660062795166
2019-05-24,13.10328021163856
2019-05-28,12.96027180061199
2019-05-29,12.94534391072993
2019-05-30,12.857253697338416
2019-05-31,12.691118897802289
2019-06-03,12.778895868824156
2019-06-04,13.125242517886788
2019-06-05,13.194854972956524
2019-06-06,13.244589687405472
2019-06-07,13.217870782346202
2019-06-10,13.334941406288532
2019-06-11,13.333389787958671
2019-06-12,13.18060734459605
2019-06-13,13.242972954882182
2019-06-14,13.268295459014482
2019-06-17,13.147515309265854
2019-06-18,13.322341224054274
2019-06-19,13.296409465149631
2019-06-20,13.365019591201795
2019-06-21,13.327574642679217
2019-06-24,13.301893389060654
2019-06-25,13.254553963460392
2019-06-26,13.236331899547006
2019-06-27,13.359507301995531
2019-06-28,13.545957586422729
2019-07-01,13.2414593059151
2019-07-02,13.2200581015347
2019-07-03,13.28788431578974
2019-07-05,13.34619550277746
2019-07-08,13.26267008882072
2019-07-09,13.307338681571125
2019-07-10,13.243761913138934
2019-07-11,13.32411307230225
2019-07-12,13.406835470934208
2019-07-15,13.335739225645217
2019-07-16,13.301301614815555
2019-07-17,13.182948470105494
2019-07-18,13.283615565323336
2019-07-19,13.22033309630369
2019-07-22,13.250190306885605
2019-07-23,13.402608461587622
2019-07-24,13.52572320366234
2019-07-25,13.440977032355686
2019-07-26,13.581419095477733
2019-07-29,13.467739568952895
2019-07-30,13.449595437522555
2019-07-31,13.391855476101735
2019-08-01,13.082824337456003
2019-08-02,13.05710145611114
2019-08-05,12.621459888014767
2019-08-06,12.815969125003068
2019-08-07,12.67140744378242
2019-08-08,12.88243529856222
2019-08-09,12.849479874913651
2019-08-12,12.607552254856213
2019-08-13,12.75520863048524
2019-08-14,12.296474122512446
2019-08-15,12.332558657263544
2019-08-16,12.561932533787848
2019-08-19,12.6830444442475
2019-08-20,12.50788751319553
2019-08-21,12.564613055934805
2019-08-22,12.64331345597995
2019-08-23,12.325676888820114
2019-08-26,12.45571218442417
2019-08-27,12.369551895538624
2019-08-28,12.480568146299584
2019-08-29,12.665995350243016
2019-08-30,12.71011637271586
2019-09-03,12.575414871886162
2019-09-04,12.71003581023304
2019-09-05,12.950825571858504
2019-09-06,12.954096748414534
2019-09-09,13.151590212716378
2019-09-10,13.206470041419724
2019-09-11,13.282030727847486
2019-09-12,13.34113953835287
2019-09-13,13.454184765380752
2019-09-16,13.386401340082134
2019-09-17,13.398395451793467
2019-09-18,13.457598952229096
2019-09-19,13.40458585887622
2019-09-20,13.319181140633397
2019-09-23,13.40818606361143
2019-09-24,13.28009366882712
2019-09-25,13.372488811213104
2019-09-26,13.310101207714789
2019-09-27,13.340711264883264
2019-09-30,13.288116227551962
2019-10-01,13.018089577062169
2019-10-02,12.746817640353129
2019-10-03,12.76704639998666
2019-10-04,13.014476724394354
2019-10-07,12.95488266267175
2019-10-08,12.691762400357703
2019-10-09,12.820895794224375
2019-10-10,12.951149129072418
2019-10-11,13.118361982844554
2019-10-14,13.141036656238173
2019-10-15,13.310377567609535
2019-10-16,13.274896758619516
2019-10-17,13.294061151544586
2019-10-18,13.32208398031971
2019-10-21,13.512140008804655
2019-10-22,13.475298538836691
2019-10-23,13.52626749855803
2019-10-24,13.523509308923638
2019-10-25,13.59195907583096
2019-10-28,13.660023068722849
2019-10-29,13.69783909974564
2019-10-30,13.6749780684249
2019-10-31,13.584407791506242
2019-11-01,13.819911224414398
2019-11-04,13.919409371573588
2019-11-05,13.977811901461308
2019-11-06,14.036692339718805
2019-11-07,14.137264944864953
2019-11-08,14.137628241075811
2019-11-11,14.09381170150116
2019-11-12,14.107428275059297
2019-11-13,14.023550591889052
2019-11-14,14.033347321812895
2019-11-15,14.097376613942162
2019-11-18,14.118318066460883
2019-11-19,14.14158623372394
2019-11-20,14.06742388960526
2019-11-21,14.061247735804947
2019-11-22,14.16731144305561
2019-11-25,14.257049190897163
2019-11-26,14.241730691582507
2019-11-27,14.302819867930966
2019-11-29,14.263436959120506
2019-12-02,14.171815912561302
2019-12-03,13.98662942780126
2019-12-04,14.125775997853376
2019-12-05,14.18960041948842
2019-12-06,14.380903900983483
2019-12-09,14.321668811137483
2019-12-10,14.322476630798576
2019-12-11,14.292164163732814
2019-12-12,14.581111637132564
2019-12-13,14.512655057875492
2019-12-16,14.57049450467366
2019-12-17,14.639258153923256
2019-12-18,14.57286417985602
2019-12-19,14.572705145750373
2019-12-20,14.58556402955166
2019-12-23,14.56593844912322
2019-12-24,14.582275071919783
2019-12-26,14.665889021445148
2019-12-27,14.635956359407484
2019-12-30,14.588455623016024
2019-12-31,11.921094295113049
2020-01-02,12.031740423609731
2020-01-03,11.89880696373487
2020-01-06,11.89088199659252
2020-01-07,11.812381010427195
2020-01-08,11.876782678858763
2020-01-09,11.968908591642403
2020-01-10,11.874811576451958
2020-01-13,11.961284152814342
2020-01-14,11.932607851182526
2020-01-15,11.865538057558968
2020-01-16,11.956808732760338
2020-01-17,12.00773551238056
2020-01-21,11.902881047891311
2020-01-22,11.936875571049391
2020-01-23,11.907674685887358
2020-01-24,11.741136344124184
2020-01-27,11.559598595109042
2020-01-28,11.688792599840388
2020-01-29,11.66985474705684
2020-01-30,11.817011389720143
2020-01-31,11.57199152945661
2020-02-03,11.639480931195742
2020-02-04,11.760637712865703
2020-02-05,11.993517556716652
2020-02-06,11.973021760144617
2020-02-07,11.92966951452592
2020-02-10,11.954106001986949
2020-02-11,12.002603555170458
2020-02-12,12.011710654850011
2020-02-13,11.999279899940053
2020-02-14,12.01257175774306
2020-02-18,11.90319552266718
2020-02-19,11.991786554735034
2020-02-20,11.969366796405472
2020-02-21,11.85263173008472
2020-02-24,11.4697654577809
2020-02-25,11.07465341932552
2020-02-26,10.997087883034007
2020-02-27,10.519553813099098
2020-02-28,10.24248283873928
2020-03-02,10.7375702148122
2020-03-03,10.343580082794238
2020-03-04,10.676775896304832
2020-03-05,10.16134714631465
2020-03-06,9.822823691287097
2020-03-09,8.75615081630197
2020-03-10,9.287893076293836
2020-03-11,8.768504337021744
2020-03-12,7.841292624625029
2020-03-13,8.850080035711494
2020-03-16,7.615425061400042
2020-03-17,8.056838341275995
2020-03-18,7.334264455632252
2020-03-19,7.513618527294565
2020-03-20,7.273938201121075
2020-03-23,6.8112812105165474
2020-03-24,7.686740619199384
2020-03-25,7.898750005347531
2020-03-26,8.413312793892976
2020-03-27,8.126632361234751
2020-03-30,8.29219550045235
2020-03-31,11.286994561343256
2020-04-01,10.707134941846148
2020-04-02,10.973682893556488
2020-04-03,10.72753863677289
2020-04-06,11.525825841961677
2020-04-07,11.634054241666096
2020-04-08,12.14615179386485
2020-04-09,12.869601851173202
2020-04-13,12.318716058033992
2020-04-14,12.35953297277162
2020-04-15,11.820832180982007
2020-04-16,11.614547820432078
2020-04-17,12.26016709107809
2020-04-20,12.020936550937376
2020-04-21,11.637250197509646
2020-04-22,11.763167630408107
2020-04-23,11.712649048698252
2020-04-24,11.87641663960251
2020-04-27,12.305710321478909
2020-04-28,12.416207865051438
2020-04-29,12.78991233914268
2020-04-30,12.44740902615933
2020-05-01,12.034520738417845
2020-05-04,11.924420673375462
2020-05-05,11.91671465390691
2020-05-06,11.641714729124036
2020-05-07,11.899314425072491
2020-05-08,12.158404044534098
2020-05-11,11.92189824058586
2020-05-12,11.605279760045493
2020-05-13,11.256640483404135
2020-05-14,11.553883613102853
2020-05-15,11.500497332288788
2020-05-18,12.110798336385416
2020-05-19,11.805944696075152
2020-05-20,12.066704116464155
2020-05-21,12.024678613145362
2020-05-22,11.995354179262687
2020-05-26,12.59680780061132
2020-05-27,13.141926488687902
2020-05-28,12.939401375968192
2020-05-29,12.782643590930377
2020-06-01,12.930336078299138
2020-06-02,13.036264149492348
2020-06-03,13.535641354156846
2020-06-04,13.801266942748008
2020-06-05,14.335633586423317
2020-06-08,14.587452374820268
2020-06-09,14.278063578953828
2020-06-10,13.743097067284026
2020-06-11,12.619741832555754
2020-06-12,12.997643071421448
2020-06-15,13.176171953994734
2020-06-16,13.36452450106558
2020-06-17,13.185269911886406
2020-06-18,13.171931054357664
2020-06-19,13.083461832197834
2020-06-22,13.083665198842848
2020-06-23,13.137781815225347
2020-06-24,12.675343082389686
2020-06-25,13.01723115224339
2020-06-26,12.45363507419714
2020-06-29,12.57569482238508
2020-06-30,15.53329507820198
2020-07-01,15.374308666165184
2020-07-02,15.373201145483408
2020-07-06,15.684211208070982
2020-07-07,15.359358693136535
2020-07-08,15.520757248633792
2020-07-09,15.190026819685922
2020-07-10,15.713913731910909
2020-07-13,15.764101268656644
2020-07-14,15.87576019354744
2020-07-15,16.17668807642596
2020-07-16,16.166769483967098
2020-07-17,16.031211040818746
2020-07-20,15.97244672211061
2020-07-21,16.27655801379003
2020-07-22,16.264695362739367
2020-07-23,16.293377504006767
2020-07-24,16.23420996880091
2020-07-27,16.101693106838955
2020-07-28,16.057285216125184
2020-07-29,16.382318729784156
2020-07-30,16.08201368022396
2020-07-31,16.085259221121813
2020-08-03,16.11564283397982
2020-08-04,16.0450067850671
2020-08-05,16.27929942965966
2020-08-06,16.255799472322284
2020-08-07,16.609965586248588
2020-08-10,16.715960675709056
2020-08-11,16.93368799950829
2020-08-12,16.883053680208377
2020-08-13,16.780180148769784
2020-08-14,16.821698010696437
2020-08-17,16.564359071008003
2020-08-18,16.455955047604167
2020-08-19,16.44064967768029
2020-08-20,16.29445147004826
2020-08-21,16.25031728849192
2020-08-24,16.626395893364332
2020-08-25,16.672286695622997
2020-08-26,16.59410279701814
2020-08-27,16.883435494034615
2020-08-28,16.95818734145962
2020-08-31,16.75043546737258
2020-09-01,16.78457958694323
2020-09-02,17.038297015002936
2020-09-03,16.76720608078337
2020-09-04,16.896526432055623
2020-09-08,16.46189033936173
2020-09-09,16.611547706388656
2020-09-10,16.37788712324198
2020-09-11,16.501792612144197
2020-09-14,16.716553402621653
2020-09-15,16.49024105357083
2020-09-16,16.671798324338425
2020-09-17,16.502612742180155
2020-09-18,16.464547819013596
2020-09-21,16.10753362879011
2020-09-22,15.970838055060677
2020-09-23,15.62288195687888
2020-09-24,15.65374716209947
2020-09-25,15.818384346475906
2020-09-28,16.177311538565714
2020-09-29,15.992753624503594
2020-09-30,15.07397391638504
2020-10-01,15.109031296526648
2020-10-02,15.214612061343374
2020-10-05,15.399977496409075
2020-10-06,15.244970234869395
2020-10-07,15.510408894770052
2020-10-08,15.724059221363632
2020-10-09,15.733056439750335
2020-10-12,15.92595879639303
2020-10-13,15.61815578508376
2020-10-14,15.44896139323962
2020-10-15,15.574269949926764
2020-10-16,15.588826289900693
2020-10-19,15.341479847449536
2020-10-20,15.467638795566184
2020-10-21,15.365602949903852
2020-10-22,15.688722585594617
2020-10-23,15.74606304319403
2020-10-26,15.393581232884776
2020-10-27,15.10091099079057
2020-10-28,14.729582279638777
2020-10-29,14.829352668802503
2020-10-30,14.866864856347624
2020-11-02,15.155285134906492
2020-11-03,15.490726234293383
2020-11-04,15.294293716097902
2020-11-05,15.671557395555883
2020-11-06,15.545765346021176
2020-11-09,16.80394914226751
2020-11-10,16.939148746974183
2020-11-12,16.56445291522131
2020-11-13,16.829318051998875
2020-11-16,17.209442594275867
2020-11-17,17.173902316446178
2020-11-18,17.019880530137293
2020-11-19,17.070703397318894
2020-11-20,16.91537586319875
2020-11-23,17.23704945962865
2020-11-24,17.84529123668012
2020-11-25,17.76671882467327
2020-11-27,17.698015005396343
2020-11-30,17.358960710622057
2020-12-01,17.630523458169566
2020-12-02,17.81670678623698
2020-12-03,17.817380107041856
2020-12-04,18.0177081617135
2020-12-07,17.889344135624913
2020-12-08,17.880249909681584
2020-12-09,17.8407009783109
2020-12-10,17.870441142538706
2020-12-11,17.70144374068561
2020-12-14,17.486904293489264
2020-12-15,17.77821849863671
2020-12-16,17.817989267082577
2020-12-17,17.870451889700526
2020-12-18,17.73072212082801
2020-12-21,17.97288557799352
2020-12-22,17.79905456055254
2020-12-23,18.074310412194848
2020-12-24,18.09894748783227
2020-12-28,18.178951349590797
2020-12-29,18.118944338352357
2020-12-30,18.19074973437597
2020-12-31,16.999655506699625
2021-01-04,16.7782556111387
2021-01-05,16.839700900721766
2021-01-06,17.573682859358943
2021-01-07,17.831647716045193
2021-01-08,17.798440727338125
2021-01-11,17.87009146970628
2021-01-12,18.063841359815257
2021-01-13,18.03914996418391
2021-01-14,18.12511125121693
2021-01-15,17.799129634092157
2021-01-19,17.87811298365166
2021-01-20,17.79458960696244
2021-01-21,17.61516382880193
2021-01-22,17.482315447222767
2021-01-25,17.35194509700127
2021-01-26,17.210818228948487
2021-01-27,16.706995964839003
2021-01-28,17.025910019826302
2021-01-29,16.68369936544486
2021-02-01,16.869834010132017
2021-02-02,17.28346660551301
2021-02-03,17.370730590976777
2021-02-04,17.763203744019275
2021-02-05,17.7809564460058
2021-02-08,17.995344083793224
2021-02-09,18.018629182193383
2021-02-10,18.0038543741984
2021-02-11,17.966109461598062
2021-02-12,18.133539423431845
2021-02-16,18.45496218637038
2021-02-17,18.525525471093943
2021-02-18,18.43210487214334
2021-02-19,18.643214179948984
2021-02-22,18.82112149970173
2021-02-23,18.916913089675003
2021-02-24,19.295482486876026
2021-02-25,18.94640061364892
2021-02-26,18.57881284154937
2021-03-01,19.14338493473415
2021-03-02,19.08677296864293
2021-03-03,19.231671694558653
2021-03-04,18.991352259719125
2021-03-05,19.35247940413536
2021-03-08,19.60290270327331
2021-03-09,19.439305123402104
2021-03-10,19.811225507565787
2021-03-11,19.764189722616305
2021-03-12,19.978052872315214
2021-03-15,19.86484185568784
2021-03-16,19.64512644622682
2021-03-17,19.765441198925103
2021-03-18,19.88165972185949
2021-03-19,19.64892297958232
2021-03-22,19.420274514947867
2021-03-23,19.14742958464392
2021-03-24,19.225064144916583
2021-03-25,19.524199517473065
2021-03-26,19.856932410234663
2021-03-29,19.67563672725283
2021-03-30,19.814946473333222
2021-03-31,12.62696980758514
2021-04-01,12.771673296214106
2021-04-05,12.879929332850445
2021-04-06,12.868978570272988
2021-04-07,12.91459516885834
2021-04-08,12.91502032107764
2021-04-09,13.026838810595772
2021-04-12,13.082279520426733
2021-04-13,12.966087835343323
2021-04-14,13.051528846332356
2021-04-15,13.035529337858677
2021-04-16,13.12150167623252
2021-04-19,13.083804478182063
2021-04-20,12.847716947026669
2021-04-21,13.027757082386616
2021-04-22,12.876877470078838
2021-04-23,13.117865274031464
2021-04-26,13.162719338908843
2021-04-27,13.280692123833203
2021-04-28,13.320448819480712
2021-04-29,13.562139497460914
2021-04-30,13.42766647103746
2021-05-03,13.50378934607673
2021-05-04,13.596589444617592
2021-05-05,13.72290569625294
2021-05-06,13.963349164067289
2021-05-07,13.99474069727766
2021-05-10,13.97901608722053
2021-05-11,13.748555165203758
2021-05-12,13.567616667390237
2021-05-13,13.818711517451693
2021-05-14,14.035150369895064
2021-05-17,14.053838563613226
2021-05-18,13.864464705973251
2021-05-19,13.780386430595422
2021-05-20,13.79307188005798
2021-05-21,13.915165400577411
2021-05-24,13.980204509443606
2021-05-25,13.84880066968626
2021-05-26,13.896157194415746
2021-05-27,14.059656764225158
2021-05-28,14.065594274856185
2021-06-01,14.15299301069188
2021-06-02,14.170329863395386
2021-06-03,14.20539146025693
2021-06-04,14.22964936504802
2021-06-07,14.140993857810134
2021-06-08,14.11403376780987
2021-06-09,13.96211083214337
2021-06-10,13.804329165060327
2021-06-11,13.88881174066075
2021-06-14,13.74796429744482
2021-06-15,13.77740907018411
2021-06-16,13.761008309798202
2021-06-17,13.36263655265014
2021-06-18,13.03340283828032
2021-06-21,13.357036433387876
2021-06-22,13.376225932259269
2021-06-23,13.406942188197458
2021-06-24,13.56613655463728
2021-06-25,13.73484646423832
2021-06-28,13.623816076730808
2021-06-29,13.583809622858931
2021-06-30,10.900452145204468
2021-07-01,10.982028916119273
2021-07-02,10.961355168795208
2021-07-06,10.790494874017105
2021-07-07,10.799869900160148
2021-07-08,10.58824733926764
2021-07-09,10.893236730399405
2021-07-12,10.99699612162268
2021-07-13,10.88061209557465
2021-07-14,10.82685188094741
2021-07-15,10.869242006489657
2021-07-16,10.721634126248418
2021-07-19,10.423699096857703
2021-07-20,10.674163158455412
2021-07-21,10.855099680222764
2021-07-22,10.745550708462469
2021-07-23,10.759354094069709
2021-07-26,10.81755106048143
2021-07-27,10.822018149286762
2021-07-28,10.801138000177788
2021-07-29,10.914544104468776
2021-07-30,10.836141829817503
2021-08-02,10.826997302135329
2021-08-03,10.947936003658906
2021-08-04,10.86709977133517
2021-08-05,10.999824043501848
2021-08-06,11.222154659206009
2021-08-09,11.25443791323826
2021-08-10,11.368318020667804
2021-08-11,11.50076429533981
2021-08-12,11.51667431546027
2021-08-13,11.433433486338846
2021-08-16,11.413591161321772
2021-08-17,11.319319675887495
2021-08-18,11.186006253548666
2021-08-19,11.101458959809174
2021-08-20,11.172115168780117
2021-08-23,11.245669274023768
2021-08-24,11.333641587882555
2021-08-25,11.47008763874764
2021-08-26,11.409655816182603
2021-08-27,11.55703988692174
2021-08-30,11.388168194550405
2021-08-31,11.378162727005105
2021-09-01,11.310257077875614
2021-09-02,11.33978376140852
2021-09-03,11.274263027589292
2021-09-07,11.210845595555424
2021-09-08,11.173695182464238
2021-09-09,11.203167196329106
2021-09-10,11.128365498125012
2021-09-13,11.253205453319543
2021-09-14,11.095560153270416
2021-09-15,11.201937682432314
2021-09-16,11.175996872365886
2021-09-17,11.117333480192132
2021-09-20,10.94320631062571
2021-09-21,10.923248920383807
2021-09-22,11.090709931928108
2021-09-23,11.36782392287103
2021-09-24,11.430158670972114
2021-09-27,11.579625989556646
2021-09-28,11.39641417292806
2021-09-29,11.40209085784848
2021-09-30,11.124683536269323
2021-10-01,11.300310658447202
2021-10-04,11.218251995348922
2021-10-05,11.416297977712112
2021-10-06,11.434610015586276
2021-10-07,11.500332617742057
2021-10-08,11.556582343912355
2021-10-11,11.4271052643623
2021-10-12,11.40471886278098
2021-10-13,11.33153699299038
2021-10-14,11.524224432273805
2021-10-15,11.69877795435574
2021-10-18,11.70174591058043
2021-10-19,11.814394825313617
2021-10-20,11.90854676323382
2021-10-21,11.866714330063648
2021-10-22,12.025030324754496
2021-10-25,12.004650931479736
2021-10-26,12.025922889577622
2021-10-27,11.822334853128517
2021-10-28,11.969739966591328
2021-10-29,11.91961479979036
2021-11-01,11.92746062756583
2021-11-02,11.9489440262922
2021-11-03,11.994395910665023
2021-11-04,11.833287176442257
2021-11-05,11.842649174627208
2021-11-08,11.903775450236257
2021-11-09,11.839294531341077
2021-11-10,11.81624087028765
2021-11-11,11.853838594648312
2021-11-12,11.874238957307709
2021-11-15,11.87617055852192
2021-11-16,11.85715441111882
2021-11-17,11.727682355691824
2021-11-18,11.667515181683678
2021-11-19,11.54139602443557
2021-11-22,11.704103816445858
2021-11-23,11.884202215325134
2021-11-24,11.857834265955232
2021-11-26,11.47162011892946
2021-11-29,11.505333297404244
2021-11-30,11.227843160890773
2021-12-01,11.107081352575843
2021-12-02,11.418743950950535
2021-12-03,11.244075511178556
2021-12-06,11.404971091200965
2021-12-07,11.587934482134756
2021-12-08,11.552465340012516
2021-12-09,11.521702085452285
2021-12-10,11.54003761711899
2021-12-13,11.408080001821885
2021-12-14,11.480666738518623
2021-12-15,11.511244282074088
2021-12-16,11.655213711090214
2021-12-17,11.388528905434155
2021-12-20,11.256118803112226
2021-12-21,11.482776213587687
2021-12-22,11.538485973890603
2021-12-23,11.60150928123493
2021-12-27,11.710988743967045
2021-12-28,11.71649556223172
2021-12-29,11.710160851415726
2021-12-30,11.679656519239536
2021-12-31,11.166570867472124
2022-01-03,11.307132945656374
2022-01-04,11.60062660836861
2022-01-05,11.45425191401119
2022-01-06,11.632617133217446
2022-01-07,11.75987588929594
2022-01-10,11.721738125979163
2022-01-11,11.823332754620822
2022-01-12,11.828835357296152
2022-01-13,11.781445343112344
2022-01-14,11.656973641801905
2022-01-18,11.389975483580455
2022-01-19,11.205189384046706
2022-01-20,11.135522338201854
2022-01-21,10.911038858598731
2022-01-24,10.937290853816748
2022-01-25,10.988602433257928
2022-01-26,11.015041300018703
2022-01-27,10.913072947231466
2022-01-28,11.053315756687766
2022-01-31,11.152142287592294
2022-02-01,11.312001057990996
2022-02-02,11.386291285626388
2022-02-03,11.253680044632397
2022-02-04,11.44198560668435
2022-02-07,11.478523582326416
2022-02-08,11.636385984727326
2022-02-09,11.70642582307966
2022-02-10,11.607066065948777
2022-02-11,11.438892600809298
2022-02-14,11.312341469686464
2022-02-15,11.464835845344316
2022-02-16,11.467277328603904
2022-02-17,11.189745249797552
2022-02-18,11.175970404476317
2022-02-22,11.129108288240516
2022-02-23,10.932378098133986
2022-02-24,10.80404723721354
2022-02-25,11.145847753888283
2022-02-28,10.972303408751497
2022-03-01,10.57792753322497
2022-03-02,10.925534236271597
2022-03-03,10.89015790260092
2022-03-04,10.676833935616656
2022-03-07,10.287451721681304
2022-03-08,10.230694316190329
2022-03-09,10.594776319727693
2022-03-10,10.5151031847426
2022-03-11,10.439796904843474
2022-03-14,10.568055974137891
2022-03-15,10.707655366728904
2022-03-16,11.016941498800096
2022-03-17,11.15476392994973
2022-03-18,11.184668873338452
2022-03-21,11.1757312283083
2022-03-22,11.355252160029831
2022-03-23,11.144115332535236
2022-03-24,11.229591510453576
2022-03-25,11.37714479526377
2022-03-28,11.342022566956192
2022-03-29,11.367592450235191
2022-03-30,11.289611402281825
2022-03-31,11.711908086277726
2022-04-01,11.688619989892366
2022-04-04,11.633876591952534
2022-04-05,11.545661251698233
2022-04-06,11.471745722414669
2022-04-07,11.45841709386551
2022-04-08,11.572428768072031
2022-04-11,11.517481761363197
2022-04-12,11.39483714738264
2022-04-13,11.387018701960608
2022-04-14,11.267332493714234
2022-04-18,11.33572695202712
2022-04-19,11.48684259885698
2022-04-20,11.564298596138574
2022-04-21,11.38786700353224
2022-04-22,11.049125393592034
2022-04-25,11.06492837097883
2022-04-26,10.78474530066094
2022-04-27,10.774808181589597
2022-04-28,10.914157955858204
2022-04-29,10.538734616173633
2022-05-02,10.542218346585726
2022-05-03,10.678505682892792
2022-05-04,11.003149838398494
2022-05-05,10.681324477967353
2022-05-06,10.6009269816949
2022-05-09,10.341402622071806
2022-05-10,10.257471243814724
2022-05-11,10.154131168674516
2022-05-12,10.080385626854635
2022-05-13,10.218182795737231
2022-05-16,10.140059728087747
2022-05-17,10.412130773770643
2022-05-18,10.123028848429048
2022-05-19,10.050502689688445
2022-05-20,10.039356809937305
2022-05-23,10.361886902299537
2022-05-24,10.338552318707348
2022-05-25,10.421577744814964
2022-05-26,10.656183995001973
2022-05-27,10.846497207221294
2022-05-31,10.810674703761318
2022-06-01,10.637194862611953
2022-06-02,10.780537556203134
2022-06-03,10.617468719052797
2022-06-06,10.656203910841164
2022-06-07,10.73090771243404
2022-06-08,10.546714374390394
2022-06-09,10.273368165308092
2022-06-10,9.90008267522337
2022-06-13,9.606628305067636
2022-06-14,9.51192566244935
2022-06-15,9.631789685662074
2022-06-16,9.385833279168256
2022-06-17,9.414866763602078
2022-06-21,9.622425975517167
2022-06-22,9.599110616460983
2022-06-23,9.555554305210531
2022-06-24,9.916048880424592
2022-06-27,9.873113279623595
2022-06-28,9.7841241878141
2022-06-29,9.72042762033286
2022-06-30,12.4476593661317
2022-07-01,12.626105641396382
2022-07-05,12.56642259847377
2022-07-06,12.534881063771982
2022-07-07,12.718022549734584
2022-07-08,12.69289963300805
2022-07-11,12.587141264640769
2022-07-12,12.50551774508124
2022-07-13,12.38971622698964
2022-07-14,12.153028073108224
2022-07-15,12.578996608905358
2022-07-18,12.51244705404549
2022-07-19,12.896474890608944
2022-07-20,12.938149257114128
2022-07-21,13.021014036941448
2022-07-22,12.944267365638524
2022-07-25,13.028847306890905
2022-07-26,12.848178638263825
2022-07-27,13.046009147379277
2022-07-28,13.137223973478704
2022-07-29,13.32158768738466
2022-08-01,13.202639035158398
2022-08-02,13.061670842325938
2022-08-03,13.256113089427444
2022-08-04,13.211283201594018
2022-08-05,13.31439318974977
2022-08-08,13.289470557723748
2022-08-09,13.36479792389942
2022-08-10,13.67415272428721
2022-08-11,13.813410694855088
2022-08-12,14.038945767935854
2022-08-15,14.0418675527657
2022-08-16,14.13843222481204
2022-08-17,14.06369450584108
2022-08-18,14.081971053416638
2022-08-19,13.797644961666045
2022-08-22,13.494921399321214
2022-08-23,13.444235047271894
2022-08-24,13.514595901475529
2022-08-25,13.71899188652879
2022-08-26,13.303072045944427
2022-08-29,13.2023899265999
2022-08-30,13.146106865270774
2022-08-31,13.029903060212693
2022-09-01,13.07751247082884
2022-09-02,12.969272450562372
2022-09-06,12.932315223186858
2022-09-07,13.193234707982349
2022-09-08,13.423736285682107
2022-09-09,13.537187867415108
2022-09-12,13.65441974520932
2022-09-13,13.1405284451943
2022-09-14,13.108617403479975
2022-09-15,13.149417777847948
2022-09-16,13.022336842389628
2022-09-19,13.203443837792642
2022-09-20,13.011882361047876
2022-09-21,12.73661462543265
2022-09-22,12.52492995555555
2022-09-23,12.329426739951808
2022-09-26,12.121452077163228
2022-09-27,12.08560710067583
2022-09-28,12.316071032094
2022-09-29,12.163423716836371
2022-09-30,13.312908537983605
2022-10-03,13.690596408747531
2022-10-04,14.20968218421064
2022-10-05,14.086881692844749
2022-10-06,13.882046313153714
2022-10-07,13.557699738256398
2022-10-10,13.492638818658635
2022-10-11,13.317523397273195
2022-10-12,13.28102223778892
2022-10-13,13.83115558648674
2022-10-14,13.585431405801462
2022-10-17,13.93531638389152
2022-10-18,14.164361890627704
2022-10-19,13.938471078006671
2022-10-20,13.718234278562075
2022-10-21,14.118830296977242
2022-10-24,14.309335080596108
2022-10-25,14.47844071733994
2022-10-26,14.520881645102438
2022-10-27,14.629302413493818
2022-10-28,14.992978599211662
2022-10-31,14.884317916427865
2022-11-01,14.960240231672026
2022-11-02,14.768178565067174
2022-11-03,14.610412990812891
2022-11-04,14.883112328811308
2022-11-07,15.017321868476987
2022-11-08,15.105191230391462
2022-11-09,14.84904585252332
2022-11-10,15.61161792357783
2022-11-11,15.734456201814186
2022-11-14,15.49220307254631
2022-11-15,15.53613098747489
2022-11-16,15.46629045697448
2022-11-17,15.3833407474958
2022-11-18,15.501884364231657
2022-11-21,15.554224248200738
2022-11-22,15.713351756485457
2022-11-23,15.765292952842415
2022-11-25,15.836194703941974
2022-11-28,15.554853239073507
2022-11-29,15.658452451619963
2022-11-30,15.915125822638316
2022-12-01,15.801506895270892
2022-12-02,15.733690229051623
2022-12-05,15.340442948445082
2022-12-06,15.208830051882387
2022-12-07,15.140370731846543
2022-12-08,15.163049423901152
2022-12-09,15.1199924746881
2022-12-12,15.310723359497118
2022-12-13,15.355800263342717
2022-12-14,15.157148971968615
2022-12-15,14.85307870621315
2022-12-16,14.742727636473951
2022-12-19,14.723082927678927
2022-12-20,14.768145851987365
2022-12-21,15.019367256678056
2022-12-22,14.872977525461632
2022-12-23,14.964655659060934
2022-12-27,14.959501432994198
2022-12-28,14.896864736944496
2022-12-29,15.1103737170304
2022-12-30,15.066241516025922
2023-01-03,17.93466918752931
2023-01-04,18.21954197276201
2023-01-05,18.052507480457813
2023-01-06,18.463908182834903
2023-01-09,18.38233432297186
2023-01-10,18.51134004969188
2023-01-11,18.662995140035274
2023-01-12,18.70439046062134
2023-01-13,18.83708561519072
2023-01-17,18.71043158334652
2023-01-18,18.36680591430724
2023-01-19,18.14598253550575
2023-01-20,18.44436508633426
2023-01-23,18.65239334169528
2023-01-24,18.671685300080604
2023-01-25,18.809477272073543
2023-01-26,18.903126919476065
2023-01-27,18.90832432285394
2023-01-30,18.8133335712364
2023-01-31,19.0384414459276
2023-02-01,19.067188198179277
2023-02-02,19.102620882639723
2023-02-03,19.08349170077957
2023-02-06,19.05604495546432
2023-02-07,19.27682145377863
2023-02-08,19.16836318516562
2023-02-09,18.932702183825995
2023-02-10,19.00590936841624
2023-02-13,19.21789058124345
2023-02-14,19.11405905417998
2023-02-15,19.14633511971524
2023-02-16,18.941034407875215
2023-02-17,18.949026827950373
2023-02-21,18.568349512620305
2023-02-22,18.529971488010016
2023-02-23,18.556591456150336
2023-02-24,18.574640099552408
2023-02-27,18.564852841589204
2023-02-28,18.593065274028035
2023-03-01,18.52292860615255
2023-03-02,18.42554496766714
2023-03-03,18.721119799794323
2023-03-06,18.73079373108288
2023-03-07,18.255094640834507
2023-03-08,18.180938910726205
2023-03-09,17.436085799861473
2023-03-10,17.216900835605202
2023-03-13,16.63412952022567
2023-03-14,17.003341483705665
2023-03-15,16.51529782833535
2023-03-16,16.834398710188783
2023-03-17,16.269779041595125
2023-03-20,19.71830244609859
2023-03-21,20.2687856168198
2023-03-22,19.724286763932486
2023-03-23,19.558714087111436
2023-03-24,19.542591981602104
2023-03-27,19.832531592502196
2023-03-28,19.826556660982625
2023-03-29,20.158810457453104
2023-03-30,20.049538302088923
2023-03-31,18.231020111746723
2023-04-03,18.262667259765227
2023-04-04,18.04806045774523
2023-04-05,18.03734104548021
2023-04-06,18.128587792978
2023-04-10,18.163174737499315
2023-04-11,18.3421049448362
2023-04-12,18.293639664339636
2023-04-13,18.46124327450537
2023-04-14,18.65825398470377
2023-04-17,18.873117712088845
2023-04-18,18.92769365736602
2023-04-19,18.979916721584186
2023-04-20,18.91408814997168
2023-04-21,18.838590740521507
2023-04-24,18.801775674259435
2023-04-25,18.45617273476465
2023-04-26,18.296007869084683
2023-04-27,18.604094425366974
2023-04-28,18.868247886200084
2023-05-01,18.864875833103177
2023-05-02,18.365187102560743
2023-05-03,18.13863101913543
2023-05-04,17.91198462539453
2023-05-05,18.41003259552834
2023-05-08,18.453612467332
2023-05-09,18.38384387139377
2023-05-10,18.259916377382897
2023-05-11,18.21922142609793
2023-05-12,18.14017742928609
2023-05-15,18.30255243900325
2023-05-16,18.11115976272483
2023-05-17,18.516375096017956
2023-05-18,18.649038706130558
2023-05-19,18.5632535627514
2023-05-22,18.60995925620687
2023-05-23,18.3832761122854
2023-05-24,18.096355682443757
2023-05-25,18.087520087008347
2023-05-26,18.25050083592948
2023-05-30,18.24106318044257
2023-05-31,18.037433823531085
2023-06-01,18.247880529791644
2023-06-02,18.6614131169796
2023-06-05,18.5406002471999
2023-06-06,18.79866897024392
2023-06-07,18.86677977325576
2023-06-08,18.82966509126808
2023-06-09,18.84501006869469
2023-06-12,18.82516355254846
2023-06-13,18.96547034942286
2023-06-14,18.87912381253452
2023-06-15,19.104881763263776
2023-06-16,19.079807889759888
2023-06-20,18.948962712965947
2023-06-21,18.89172553145435
2023-06-22,18.746658916561103
2023-06-23,18.64824341485692
2023-06-26,18.61308130075794
2023-06-27,18.742465286562933
2023-06-28,18.724579809491186
2023-06-29,19.037014555219223
2023-06-30,14.66231452691574
2023-07-03,14.79535848605924
2023-07-05,14.782894433944506
2023-07-06,14.63505708700376
2023-07-07,14.669053126365664
2023-07-10,14.708806668420092
2023-07-11,14.90205119644558
2023-07-12,14.996523128935603
2023-07-13,15.05747357487613
2023-07-14,14.944932991073411
2023-07-17,15.087650112318554
2023-07-18,15.28372243335677
2023-07-19,15.363127599200016
2023-07-20,15.474100706713177
2023-07-21,15.433150044885098
2023-07-24,15.594155061820278
2023-07-25,15.479184617281026
2023-07-26,15.574196602321985
2023-07-27,15.36380278738592
2023-07-28,15.368296677636332
2023-07-31,15.445601529920918
2023-08-01,15.447981378186396
2023-08-02,15.289985294167892
2023-08-03,15.27710299617505
2023-08-04,15.22542605478991
2023-08-07,15.440624229291512
2023-08-08,15.294097116341655
2023-08-09,15.175804257737804
2023-08-10,15.178948471716913
2023-08-11,15.190333316697664
2023-08-14,15.157477420835468
2023-08-15,14.883936994936926
2023-08-16,14.850807605682064
2023-08-17,14.778101782680595
2023-08-18,14.753684503139365
2023-08-21,14.743813146867437
2023-08-22,14.603901528126435
2023-08-23,14.741690950324914
2023-08-24,14.707345627841208
2023-08-25,14.749508054040428
2023-08-28,14.853766236829632
2023-08-29,14.9821130943914
2023-08-30,15.00598993812642
2023-08-31,14.94335294843584
2023-09-01,15.076915507862465
2023-09-05,14.916778767819492
2023-09-06,14.88811037115822
2023-09-07,14.842659846277716
2023-09-08,14.895263441451768
2023-09-11,14.949985192465284
2023-09-12,15.078011503990936
2023-09-13,15.05595497813172
2023-09-14,15.210098745428905
2023-09-15,15.136071834475516
2023-09-18,15.229181550636644
2023-09-19,15.227240981322389
2023-09-20,15.122724295362271
2023-09-21,14.862778883501736
2023-09-22,14.739191343032964
2023-09-25,14.759126722268824
2023-09-26,14.55814602407122
2023-09-27,14.525996546879352
2023-09-28,14.629847417756425
2023-09-29,14.494709853508384
2023-10-02,14.205819736159306
2023-10-03,13.96568030512158
2023-10-04,14.08557426474624
2023-10-05,14.137123191298636
2023-10-06,14.243031769819089
2023-10-09,14.23211997088363
2023-10-10,14.35294292311954
2023-10-11,14.370298093909986
2023-10-12,14.25958547488954
2023-10-13,14.288377546624687
2023-10-16,14.450529857603296
2023-10-17,14.547437039405413
2023-10-18,14.270816847272382
2023-10-19,14.088868183781935
2023-10-20,13.85725192486171
2023-10-23,13.748352320651133
2023-10-24,13.854619659473752
2023-10-25,13.78992395009123
2023-10-26,13.749586376677993
2023-10-27,13.480161257853286
2023-10-30,13.727953050407422
2023-10-31,13.884658877187247
2023-11-01,13.574716474256768
2023-11-02,13.93151376682921
2023-11-03,14.180706489881684
2023-11-06,14.126324376191418
2023-11-07,14.452175388293774
2023-11-08,14.489451379735526
2023-11-09,14.406407822601874
2023-11-10,14.58151485277864
2023-11-13,14.557644982287805
2023-11-14,14.924669972819917
2023-11-15,14.957349024088677
2023-11-16,14.995556749644924
2023-11-17,15.087269485418343
2023-11-20,15.125118186469027
2023-11-21,15.120698777199925
2023-11-22,15.18884042329524
2023-11-24,15.250983803835865
2023-11-27,15.198400267377771
2023-11-28,15.212443931247021
2023-11-29,15.325963246320882
2023-11-30,15.476622734279271
2023-12-01,15.590019403856186
2023-12-04,15.605029129792928
2023-12-05,15.499329914219196
2023-12-06,15.439712014887943
2023-12-07,15.521351729977503
2023-12-08,15.58071794222955
2023-12-11,15.665332835066975
2023-12-12,15.79546884715743
2023-12-13,16.05605499945954
2023-12-14,16.31107080084734
2023-12-15,16.135271254359917
2023-12-18,16.14778804477933
2023-12-19,16.32470000062426
2023-12-20,16.002304333911304
2023-12-21,16.122732479629185
2023-12-22,16.17962201026403
2023-12-26,16.24643605379544
2023-12-27,16.278811285585242
2023-12-28,16.332307407785677
2023-12-29,16.29457179349496
2024-01-02,16.411912524528535
2024-01-03,16.246348759280096
2024-01-04,16.24258959208055
2024-01-05,16.34427641441552
2024-01-08,16.384379075542622
2024-01-09,16.313815412718974
2024-01-10,16.335496851705123
2024-01-11,16.26204088452896
2024-01-12,16.358655265153676
2024-01-16,16.48389187144988
2024-01-17,16.56141547765923
2024-01-18,16.67326440661453
2024-01-19,17.462460156687186
2024-01-22,17.53991817701605
2024-01-23,17.625562752091174
2024-01-24,17.7313122877157
2024-01-25,17.760435078295618
2024-01-26,17.821033461970963
2024-01-29,17.818619411889358
2024-01-30,18.091391364125233
2024-01-31,17.682781794412715
2024-02-01,17.501577377317346
2024-02-02,18.471244835973973
2024-02-05,17.57680950128595
2024-02-06,17.61062048724766
2024-02-07,17.627233945284903
2024-02-08,17.501303935352365
2024-02-09,17.437911468825323
2024-02-13,17.55305355106683
2024-02-14,17.488032691182486
2024-02-15,17.745078370641828
2024-02-16,17.607685926290344
2024-02-20,17.600505941281657
2024-02-21,17.5861159887325
2024-02-22,17.80461510912532
2024-02-23,17.8838356325531
2024-02-26,16.806074946665394
2024-02-27,16.114056293616272
2024-02-28,16.147156998578513
2024-02-29,16.161323029288166
2024-03-01,16.117222567023443
2024-03-04,16.1668348379462
2024-03-05,16.18736314335117
2024-03-06,16.23409821244959
2024-03-07,16.21297927294802
2024-03-08,16.25128421238837
2024-03-11,16.272056103421512
2024-03-12,16.34874998731203
2024-03-13,16.453346913593176
2024-03-14,16.325612579098713
2024-03-15,16.325294868790827
2024-03-18,16.415596392902227
2024-03-19,16.494787212659325
2024-03-20,16.71236146489789
2024-03-21,16.81859677286175
2024-03-22,16.641970247742687
2024-03-25,16.572855548381202
2024-03-26,16.62607106859499
2024-03-27,16.86279098679334
2024-03-28,16.93178772585222
2024-04-01,16.816096982402343
2024-04-02,16.73687273491269
2024-04-03,16.7340833471669
2024-04-04,16.536424310936415
2024-04-05,16.679321511695548
2024-04-08,16.73348734826744
2024-04-09,16.66141421851809
2024-04-10,16.414847679339577
2024-04-11,16.28033524167048
2024-04-12,15.983005240101097
2024-04-15,15.911975175194758
2024-04-16,15.785221944935516
2024-04-17,15.871759468761915
2024-04-18,16.016871558435874
2024-04-19,16.172825655656457
2024-04-22,16.368771901991185
2024-04-23,16.458212154219986
2024-04-24,16.324921631805463
2024-04-25,16.30917515289931
2024-04-26,16.140642417612103
2024-04-29,16.112492155417748
2024-04-30,15.959049293822867
2024-05-01,15.784344581064563
2024-05-02,15.795925370294256
2024-05-03,15.776211191075143
2024-05-06,16.85587882367061
2024-05-07,16.911063629029048
2024-05-08,16.994420176188502
2024-05-09,17.095198142836697
2024-05-10,17.175797678969392
2024-05-13,17.105483627827642
2024-05-14,17.187206202102495
2024-05-15,17.310214018443183
2024-05-16,17.465356424923613
2024-05-17,17.568381312710848
2024-05-20,17.200204965170308
2024-05-21,17.29718435408362
2024-05-22,17.2231281693492
2024-05-23,16.951420420626786
2024-05-24,17.06958442422715
2024-05-28,16.8785923522833
2024-05-29,16.747178609526916
2024-05-30,16.84034774901089
2024-05-31,17.080310244472496
2024-06-03,16.98409990042333
2024-06-04,16.898194021429223
2024-06-05,16.909979322105897
2024-06-06,16.936736672211364
2024-06-07,16.992609736228783
2024-06-10,16.920040980559058
2024-06-11,16.681329765093004
2024-06-12,16.729538920154763
2024-06-13,16.70396355659933
2024-06-14,16.654669478990634
2024-06-17,16.80329163371322
2024-06-18,16.897505078227983
2024-06-20,16.990475841265106
2024-06-21,16.93181438876545
2024-06-24,17.197067644714867
2024-06-25,17.04486206176854
2024-06-26,16.971134117872303
2024-06-27,16.95599203525172
2024-06-28,16.99607738820108
2024-07-01,17.052381109537144
2024-07-02,17.199335751382463
2024-07-03,17.203875640837218
2024-07-05,17.153228017716447
2024-07-08,17.125066831292575
2024-07-09,17.25875445938433
2024-07-10,17.310401247223673
2024-07-11,17.448711511806298
2024-07-12,17.25774435795577
2024-07-15,17.400744118649026
2024-07-16,17.537982999208907
2024-07-17,17.689114854789338
2024-07-18,17.378823993216557
2024-07-19,17.151824496479225
2024-07-22,17.538826647319894
2024-07-23,17.525884232777052
2024-07-24,17.3601751593601
2024-07-25,17.33920985949213
2024-07-26,17.6039797839303
2024-07-29,17.562571899146075
2024-07-30,17.718810732852766
2024-07-31,17.53224465459003
2024-08-01,17.372084149644063
2024-08-02,16.91245694814773
2024-08-05,16.64087045521857
2024-08-06,16.874510302148835
2024-08-07,16.902875928476103
2024-08-08,17.15596725473624
2024-08-09,17.21680454979868
2024-08-12,17.132597222558136
2024-08-13,17.277903190498428
2024-08-14,17.49815600373195
2024-08-15,17.653882922558005
2024-08-16,17.77107636853974
2024-08-19,17.89884956618306
2024-08-20,17.802691378233277
2024-08-21,17.788024977305547
2024-08-22,17.880424421806342
2024-08-23,18.04304222119549
2024-08-26,18.099808566996938
2024-08-27,18.179500219157944
2024-08-28,18.27004632385215
2024-08-29,18.392117289266505
2024-08-30,18.574492102805802
2024-09-03,18.42564422863461
2024-09-04,18.445442502951703
2024-09-05,18.23233082419784
2024-09-06,17.97867579857022
2024-09-09,18.229816274660596
2024-09-10,17.968816122932243
2024-09-11,17.978634579183062
2024-09-12,17.96700688429806
2024-09-13,18.065871601738216
2024-09-16,18.298276510826785
2024-09-17,18.379443788399474
2024-09-18,18.33688627163372
2024-09-19,18.575229829606126
2024-09-20,18.498729257315876
2024-09-23,18.489606746834365
2024-09-24,18.454759993824894
2024-09-25,18.31420866406271
2024-09-26,18.430677117209196
2024-09-27,18.466943174554476
2024-09-30,18.535781022497154
2024-10-01,18.430091007381996
2024-10-02,18.437619410955232
2024-10-03,18.25628082862021
2024-10-04,18.655201052674133
2024-10-07,18.418693252328286
2024-10-08,18.500273610541957
2024-10-09,18.713570755154755
2024-10-10,18.658134482410052
2024-10-11,19.00389087953243
2024-10-14,19.07794851487678
2024-10-15,19.065816244229577
2024-10-16,19.252238328956736
2024-10-17,19.29442554293664
2024-10-18,19.260830472011907
2024-10-21,19.09115872755637
2024-10-22,19.092618205114835
2024-10-23,19.043401293401754
2024-10-24,19.06741673708476
2024-10-25,18.82747432189051
2024-10-28,19.01913383629463
2024-10-29,18.914369958642038
2024-10-30,19.054323421836028
2024-10-31,18.799271591421736
2024-11-01,18.793486751082693
2024-11-04,16.965946170719363
2024-11-05,17.1647172837145
2024-11-06,18.31970665670153
2024-11-07,17.892585651902365
2024-11-08,18.07046785802298
2024-11-11,18.298618846498517
2024-11-12,18.274961996972813
2024-11-13,18.290557227050456
2024-11-14,18.234618738298746
2024-11-15,18.359005490689043
2024-11-18,18.376363367270738
2024-11-19,18.2385419846394
2024-11-20,18.16490779283748
2024-11-21,18.429633965060194
2024-11-22,18.623567518089217
2024-11-25,18.739168857045513
2024-11-26,18.783567294227197
2024-11-27,18.83861809017152
2024-11-29,18.832051094128413
2024-12-02,18.631105823045424
2024-12-03,18.504417308315105
2024-12-04,18.437272859007177
2024-12-05,18.51242517796054
2024-12-06,18.488010263833626
2024-12-09,18.220764623482058
2024-12-10,18.175216414526165
2024-12-11,18.19655238358855
2024-12-13,18.136617623835917
2024-12-16,18.133758515882434
2024-12-17,18.013451399636537
2024-12-18,17.486959098300115
2024-12-19,17.48411698359191
2024-12-20,17.785761283853915
2024-12-23,17.82636151611594
2024-12-24,18.031179407688636
2024-12-26,18.088566927334327
2024-12-27,17.954317494247338
2024-12-30,17.793438312994873
2024-12-31,17.80873379524641
2025-01-02,17.777124901001695
2025-01-03,17.915504000398865
2025-01-06,17.851866380374037
2025-01-07,17.86513264594253
2025-01-08,17.8276543900396
2025-01-10,17.390556544940093
2025-01-13,17.527894404322858
2025-01-14,17.803426325010243
2025-01-15,17.74966480805923
2025-01-16,17.347711101874932
2025-01-17,17.25786920112916
2025-01-21,17.351398412395355
2025-01-22,17.167949457731353
2025-01-23,17.26231787855187
2025-01-24,17.343199087304548
2025-01-27,17.561741681657352
2025-01-28,17.430734343216624
2025-01-29,17.463987470502612
2025-01-30,17.489438203024573
2025-01-31,17.397097554913856
2025-02-03,17.31391398151805
2025-02-04,17.468437385354214
2025-02-05,17.564705164892377
2025-02-06,17.58896696112117
2025-02-07,17.460889062653358
2025-02-10,17.39705740068421
2025-02-11,17.540504052895912
2025-02-12,17.437279792243856
2025-02-13,17.521311176758637
2025-02-14,17.552737900725575
2025-02-18,17.682960235317235
2025-02-19,17.675395078288904
2025-02-20,17.361243713973987
2025-02-21,21.92682020714553
2025-02-24,17.935814427072636
2025-02-25,17.848658089776517
2025-02-26,17.83606156207643
2025-02-27,17.95819526196461
2025-02-28,18.32949866638686
2025-03-03,18.126747404455074
2025-03-04,17.49326937146475
2025-03-05,17.620063270605733
2025-03-06,17.345008305921784
2025-03-07,17.244924404442052
2025-03-10,16.806431727166682
2025-03-11,16.692635381726525
2025-03-12,16.735812967782362
2025-03-13,16.653199772177977
2025-03-14,17.070820865600794
2025-03-17,17.254417527473684
2025-03-18,17.24076759240625
2025-03-19,17.434182779364686
2025-03-20,17.46331936757774
2025-03-21,17.412719904959342
2025-03-24,17.735437090567284
2025-03-25,17.825468637401002
2025-03-26,17.78555064063698
2025-03-27,17.700396304147123
2025-03-28,17.347015220230972
2025-03-31,17.560447828737654
2025-04-01,17.52965578793879
2025-04-02,17.711818120694698
2025-04-03,16.68944271884323
2025-04-04,15.454625820005162
2025-04-07,15.485273034744349
2025-04-08,15.4404886872198
2025-04-09,16.641690887511704
2025-04-10,16.127681095006583
2025-04-11,16.231789970596164
2025-04-14,16.36016315746705
2025-04-15,16.6351115934791
2025-04-16,16.370484859095747
2025-04-17,16.10376054565902
2025-04-21,15.78591162564088
2025-04-22,16.312442864918467
2025-04-23,16.53089475744103
2025-04-24,16.73102784910581
2025-04-25,16.628838150682462
2025-04-28,16.719509266595093
2025-04-29,16.84883179822209
2025-04-30,16.854693697285075
2025-05-01,17.03244276001681
2025-05-02,17.412170541266587
2025-05-05,17.531718520508257
2025-05-06,17.462247045340536
2025-05-07,17.57980093835549
2025-05-08,17.72567666189115
2025-05-09,17.736752512409943
2025-05-12,18.14210821274972
2025-05-13,18.19501089093877
2025-05-14,18.116531957891468
2025-05-15,18.232336845078855
2025-05-16,18.357882212553992
2025-05-19,18.33338630811041
2025-05-20,18.434366767776787
2025-05-21,18.058371400720002
2025-05-22,18.026281858779306
2025-05-23,17.97079048050017
2025-05-27,18.298877290337305
2025-05-28,18.135567712158615
2025-05-29,18.247081428342344
2025-05-30,18.25092429925668
2025-06-02,18.299361381738937
2025-06-03,18.34420000855046
2025-06-04,18.193400657415598
2025-06-05,18.17673119931966
2025-06-06,18.41668154386054
2025-06-09,18.331237722672025
2025-06-10,18.28938075450219
2025-06-11,18.26101973582516
2025-06-12,18.30495216456988
2025-06-13,17.9704982923261
2025-06-16,18.12638398761057
2025-06-17,17.9875602404877
2025-06-18,18.09756910223088
2025-06-20,18.163633874810742
2025-06-23,18.280238121099792
2025-06-24,18.51610743318589
2025-06-25,18.515577528111386
2025-06-26,18.648781586798915
2025-06-27,18.674384073383987
2025-06-30,18.83271750974965
2025-07-01,18.979281144593852
2025-07-02,18.922770224490584
2025-07-03,19.14193260927918
2025-07-07,18.93445439408853
2025-07-08,18.760422155268973
2025-07-09,18.817709552912685
2025-07-10,18.97265004194816
2025-07-11,18.807291632519952
2025-07-14,18.89576644136489
2025-07-15,18.60988861728993
2025-07-16,18.54799123371696
2025-07-17,18.68186570878087
2025-07-18,18.445460011827205
2025-07-21,18.3952036016664
2025-07-22,18.802515807437494
2025-07-23,18.92279943731209
2025-07-24,18.90910204245371
2025-07-25,19.026706856034835
2025-07-28,18.86223269166001
2025-07-29,18.723587547736376
2025-07-30,18.64534624031696
2025-07-31,18.43913518711745
2025-08-01,18.141009861418777
2025-08-04,18.878060077932517
2025-08-05,19.034058593699577
2025-08-06,19.107584676290905
2025-08-07,18.84955247835963
2025-08-08,19.011761061235184
2025-08-11,18.99884004915782
2025-08-12,19.250405052282062
2025-08-13,19.328739840248012
2025-08-14,19.459702339539945
2025-08-15,19.214021440788375
2025-08-18,19.275092856367436
2025-08-19,19.29359558251711
2025-08-20,19.38717626641078
2025-08-21,19.317709511048967
2025-08-22,19.637943419130515
2025-08-25,19.534776642852865
2025-08-26,19.689083965241796
2025-08-27,19.73406325382448
2025-08-28,19.746675859061902
2025-08-29,19.812368601906726
2025-09-02,19.675308001281405
2025-09-03,19.646393260335188
2025-09-04,19.855501198059557
2025-09-05,19.450750624676044
2025-09-08,19.44410667337912
2025-09-09,19.58009016757659
2025-09-10,19.520207638316467
2025-09-11,19.802885756734373
2025-09-12,19.75387089253271
2025-09-15,19.674705033481345
2025-09-16,19.629940737374802
2025-09-17,19.82909950404408
2025-09-18,19.898849650908318
2025-09-19,19.894886777539327
2025-09-22,19.854160723244323
2025-09-23,19.998247970394246
2025-09-24,19.94419027980597
2025-09-25,19.892833039884856
2025-09-26,20.026134552495602
2025-09-29,20.051914298783906
2025-09-30,20.022000053075416
2025-10-01,19.785939461568688
2025-10-02,19.78268426677926
2025-10-03,19.952725773105062
2025-10-06,19.931819334470354
2025-10-07,19.968376115037724
2025-10-08,19.82685006123915
2025-10-09,19.80323743169884
2025-10-10,19.366579855878765
2025-10-13,19.564757533552704
2025-10-14,19.71011285324853
2025-10-15,19.34339960359031
2025-10-16,18.66617410637142
2025-10-17,18.739862192005372
2025-10-20,18.93624779631855
2025-10-21,18.802691540816035
2025-10-22,18.71193674847015
2025-10-23,18.78350771480615
2025-10-24,18.986732221917446
2025-10-27,19.04881329135211
2025-10-28,18.908934105833485
2025-10-29,18.33976968886736
2025-10-30,18.259873636178526
2025-10-31,18.27471159676424
2025-11-03,18.035917141492977
2025-11-04,18.138815654392864
2025-11-05,18.071742708909827
2025-11-06,17.973732059088398
2025-11-07,18.15751669550741
2025-11-10,18.22583858534163
2025-11-11,18.287775227832114
2025-11-12,18.43005157794015
2025-11-13,18.181702114526686
2025-11-14,18.009687454965743
2025-11-17,17.654249116668453
2025-11-18,17.635456252688737
2025-11-19,17.679461107713813
2025-11-20,17.5347866566468
2025-11-21,17.698123309986904
2025-11-24,17.797143100241644
2025-11-25,17.99916748294553
2025-11-26,18.14948078198318
2025-11-28,18.270165102544652
2025-12-01,18.12878608724464
2025-12-02,18.108591491961544
2025-12-03,18.33451055872696
2025-12-04,18.386280560278564
2025-12-05,18.378335105194097
2025-12-08,18.328068323198504
2025-12-09,18.22101899840487
2025-12-10,18.470216390548114
2025-12-11,18.78800177100831
2025-12-12,18.897008139694226
2025-12-15,18.943329084343056
2025-12-16,18.752824475581868
2025-12-17,18.782226273729545
2025-12-18,18.723356804990196
2025-12-19,18.846651162868444
2025-12-22,19.08122047658929
2025-12-23,19.137611875078775
2025-12-24,19.240447223154735
2025-12-29,19.09843162635377
2025-12-30,19.102704107260625
2025-12-31,18.912345319899764
2026-01-01,18.912345319899764
2026-01-02,18.94367483181035
2026-01-05,19.32316357308446
2026-01-06,19.414032698893795
2026-01-07,19.168398631232677
2026-01-08,19.297073553548465
2026-01-09,19.20960833280681
2026-01-12,19.057364198092234
2026-01-13,18.68600446334463
2026-01-14,18.545337202391
2026-01-15,18.626077428895485
2026-01-16,18.63102009885825
2026-01-20,18.20933048270794
2026-01-21,18.178233504776358
2026-01-22,18.340079424823877
2026-01-23,18.053351062550867
2026-01-26,18.1809887568329
2026-01-27,18.104445591667396
2026-01-28,18.0451664191712
2026-01-29,18.155991718627078
2026-01-30,18.0932328506525
2026-02-02,18.23149092468266
2026-02-03,18.063136483300656
2026-02-04,18.05221375826643
2026-02-05,17.85682533183912
2026-02-06,18.14081531796378
2026-02-09,17.98961681907668
2026-02-10,17.901419081651902
2026-02-11,17.66653635392945
2026-02-12,17.360774391148368
2026-02-13,17.35234949907807
2026-02-17,17.534268615376835
2026-02-18,17.636383127444756
2026-02-19,17.519461292344218
2026-02-20,17.635817653234003
2026-02-23,17.095505048419152
2026-02-24,17.090403065669094
2026-02-25,17.36880904340638
2026-02-26,17.583365100540323
2026-02-27,17.293816001201996
2026-03-02,17.269058047503133
2026-03-03,17.270957353946418
2026-03-04,17.340776834001257
2026-03-05,17.25742351675791
2026-03-06,17.04085353080594
2026-03-09,16.93570329379038
2026-03-10,16.875697675103233
2026-03-11,16.73242272961574
2026-03-12,16.45449097062469
2026-03-13,16.428071036912872
2026-03-16,16.560257971540615
2026-03-17,16.672647500350713
2026-03-18,16.503028847881417
2026-03-19,16.479735731518932
2026-03-20,16.525929928660194
2026-03-23,16.66393195831001
2026-03-24,16.711119068095424
2026-03-25,16.69352612081763
2026-03-26,16.59850836687489
2026-03-27,16.203907687608954
2026-03-30,16.347421035909353
2026-03-31,16.715298118903934
2026-04-01,16.72443419783229
2026-04-02,16.76400980999171
2026-04-06,16.86431538571615
2026-04-07,16.885861860645313
2026-04-08,17.29874870743243
2026-04-09,17.40126712931213
2026-04-10,17.171414808389333
2026-04-13,17.43478454595361
2026-04-14,17.198753810777752
2026-04-15,17.21791338965437
2026-04-16,17.123686603375653
2026-04-17,17.231309269146525
2026-04-20,17.30621640049297
2026-04-21,17.14232145013916
2026-04-22,17.03843199563942
2026-04-23,16.945657939833698
2026-04-24,16.740645388310845
2026-04-27,16.89484496951143
2026-04-28,16.815384298433152
2026-04-29,16.6628987624969
2026-04-30,16.716472729430222
2026-05-01,16.620818601964743
2026-05-04,16.297171379419453
2026-05-05,16.344527615082153
2026-05-06,16.512673367754246
2026-05-07,16.383981384663585
2026-05-08,16.175936217769948
2026-05-11,16.184505155743807
2026-05-12,16.33684295602903
2026-05-13,16.146803376974376
2026-05-14,16.14550022355035
2026-05-15,16.196772299315548
2026-05-18,16.376059152661178
2026-05-19,16.205470841704344
2026-05-20,16.34912956258953
2026-05-21,16.364737191812115
2026-05-22,16.456808405202988
2026-05-26,16.456808405202988
