date,trailing_pe
2003-06-12,36.707461
2003-06-13,36.262284
2003-06-16,36.985555
2003-06-17,36.834771
2003-06-18,36.95247
2003-06-19,38.076174
2003-06-20,38.078619
2003-06-23,37.858666
2003-06-24,37.576185
2003-06-25,37.546459
2003-06-26,37.828345
2003-06-27,37.448617
2003-06-30,37.524635
2003-07-01,37.324594
2003-07-02,37.552087
2003-07-03,37.253277
2003-07-07,37.328522
2003-07-08,37.055133
2003-07-09,36.687676
2003-07-10,35.979901
2003-07-11,36.262817
2003-07-14,36.193421
2003-07-15,35.714473
2003-07-16,35.083572
2003-07-17,35.161957
2003-07-18,35.754325
2003-07-21,35.134526
2003-07-22,35.775696
2003-07-23,36.532953
2003-07-24,36.441333
2003-07-25,36.69763
2003-07-28,37.197739
2003-07-29,36.513144
2003-07-30,35.648277
2003-07-31,36.465118
2003-08-01,34.550555
2003-08-04,34.552731
2003-08-05,37.268133
2003-08-06,37.869969
2003-08-07,38.252086
2003-08-08,38.450034
2003-08-11,38.887488
2003-08-12,36.545791
2003-08-13,35.355724
2003-08-14,35.502854
2003-08-15,36.072727
2003-08-18,35.852567
2003-08-19,37.306767
2003-08-20,37.746281
2003-08-21,37.849612
2003-08-22,37.409094
2003-08-25,37.627595
2003-08-26,37.749546
2003-08-27,37.747236
2003-08-28,37.775583
2003-08-29,37.912307
2003-09-02,38.532835
2003-09-03,38.775175
2003-09-04,38.777422
2003-09-05,38.664751
2003-09-08,39.028876
2003-09-09,38.714468
2003-09-10,38.794
2003-09-11,38.719668
2003-09-12,38.992368
2003-09-15,38.670483
2003-09-16,39.023098
2003-09-17,38.818076
2003-09-18,39.380849
2003-09-19,39.428041
2003-09-22,38.768614
2003-09-23,38.961216
2003-09-24,38.598527
2003-09-25,40.690774
2003-09-26,41.04154
2003-09-29,41.474615
2003-09-30,41.236693
2003-10-01,41.632226
2003-10-02,41.856532
2003-10-03,41.931016
2003-10-06,42.033765
2003-10-07,41.810738
2003-10-08,41.649556
2003-10-09,41.739879
2003-10-10,41.457794
2003-10-13,41.565736
2003-10-14,41.743879
2003-10-15,41.201888
2003-10-16,41.54725
2003-10-17,41.367715
2003-10-20,41.500647
2003-10-21,45.837354
2003-10-22,44.529226
2003-10-23,36.502312
2003-10-24,36.404644
2003-10-27,36.37089
2003-10-28,36.369212
2003-10-29,36.402496
2003-10-30,35.471493
2003-10-31,35.401551
2003-11-03,35.716485
2003-11-04,35.382708
2003-11-05,34.567471
2003-11-06,33.371047
2003-11-07,33.467535
2003-11-10,33.944732
2003-11-11,34.075984
2003-11-12,33.469588
2003-11-13,33.477143
2003-11-14,34.081757
2003-11-17,33.693354
2003-11-18,33.198116
2003-11-19,33.622888
2003-11-20,33.772614
2003-11-21,33.819196
2003-11-24,34.225402
2003-11-25,34.407958
2003-11-26,34.609217
2003-11-28,34.629185
2003-12-01,34.886981
2003-12-02,34.830953
2003-12-03,34.76787
2003-12-04,34.944683
2003-12-05,34.998861
2003-12-08,35.229358
2003-12-09,34.929909
2003-12-10,34.936152
2003-12-11,35.10755
2003-12-12,35.188728
2003-12-15,35.213194
2003-12-16,35.363488
2003-12-17,35.568334
2003-12-18,35.948712
2003-12-19,37.546213
2003-12-22,37.861552
2003-12-23,38.071866
2003-12-24,38.026639
2003-12-26,38.019002
2003-12-29,38.369582
2003-12-30,38.500581
2003-12-31,38.380823
2004-01-02,38.343097
2004-01-05,38.316945
2004-01-06,38.22305
2004-01-07,38.506802
2004-01-08,38.487943
2004-01-09,38.354825
2004-01-12,38.205693
2004-01-13,38.163658
2004-01-14,38.509928
2004-01-15,38.26503
2004-01-16,38.354821
2004-01-20,38.663915
2004-01-21,39.455639
2004-01-22,39.879461
2004-01-23,38.669097
2004-01-26,38.449418
2004-01-27,38.269422
2004-01-28,35.769276
2004-01-29,46.115491
2004-01-30,45.941024
2004-02-02,46.691026
2004-02-03,46.9444
2004-02-04,46.302613
2004-02-05,32.141886
2004-02-06,32.464758
2004-02-09,32.401086
2004-02-10,32.373234
2004-02-11,32.45855
2004-02-12,31.760627
2004-02-13,31.596449
2004-02-17,31.947569
2004-02-18,31.983424
2004-02-19,26.65263
2004-02-20,26.453243
2004-02-23,26.520081
2004-02-24,26.168312
2004-02-25,26.655699
2004-02-26,26.426013
2004-02-27,26.726011
2004-03-01,26.427363
2004-03-02,26.317792
2004-03-03,26.316267
2004-03-04,26.372123
2004-03-05,26.57036
2004-03-08,26.471766
2004-03-09,26.424804
2004-03-10,24.996735
2004-03-11,23.10849
2004-03-12,23.28375
2004-03-15,22.36489
2004-03-16,22.490022
2004-03-17,22.895887
2004-03-18,22.782946
2004-03-19,22.685755
2004-03-22,22.636449
2004-03-23,22.628501
2004-03-24,22.607172
2004-03-25,22.659669
2004-03-26,22.702016
2004-03-29,22.833111
2004-03-30,22.970363
2004-03-31,23.001564
2004-04-01,23.138858
2004-04-02,23.066317
2004-04-05,23.095219
2004-04-06,23.099848
2004-04-07,22.908866
2004-04-08,22.851445
2004-04-12,22.480083
2004-04-13,22.091328
2004-04-14,22.034085
2004-04-15,22.159602
2004-04-16,22.268747
2004-04-19,22.170238
2004-04-20,22.011547
2004-04-21,22.141771
2004-04-22,22.522134
2004-04-23,22.563941
2004-04-26,22.785801
2004-04-27,22.569814
2004-04-28,22.460902
2004-04-29,22.563177
2004-04-30,22.585428
2004-05-03,18.686782
2004-05-04,15.471649
2004-05-05,15.343965
2004-05-06,15.349862
2004-05-07,14.888689
2004-05-10,14.639629
2004-05-11,14.589043
2004-05-12,14.557879
2004-05-13,14.588372
2004-05-14,14.72701
2004-05-17,14.568889
2004-05-18,14.686907
2004-05-19,14.60592
2004-05-20,14.704611
2004-05-21,14.712567
2004-05-24,14.914757
2004-05-25,15.170556
2004-05-26,15.169553
2004-05-27,15.292212
2004-05-28,15.345124
2004-06-01,15.295177
2004-06-02,15.3206
2004-06-03,15.194354
2004-06-04,15.206283
2004-06-07,15.348704
2004-06-08,15.218525
2004-06-09,15.083027
2004-06-10,15.178215
2004-06-14,15.109005
2004-06-15,15.192162
2004-06-16,15.255142
2004-06-17,15.334194
2004-06-18,15.396549
2004-06-21,15.507619
2004-06-22,15.492631
2004-06-23,15.604556
2004-06-24,15.631886
2004-06-25,15.574914
2004-06-28,15.609248
2004-06-29,15.462038
2004-06-30,15.545216
2004-07-01,15.397764
2004-07-02,15.533246
2004-07-06,15.537947
2004-07-07,15.530775
2004-07-08,15.492464
2004-07-09,15.433179
2004-07-12,15.445809
2004-07-13,15.452284
2004-07-14,15.596841
2004-07-15,15.629853
2004-07-16,15.751864
2004-07-19,15.826706
2004-07-20,15.888095
2004-07-21,15.615342
2004-07-22,15.499171
2004-07-23,15.425042
2004-07-26,15.377852
2004-07-27,15.400325
2004-07-28,15.458527
2004-07-29,16.530617
2004-07-30,17.038489
2004-08-02,17.100333
2004-08-03,17.068084
2004-08-04,17.154524
2004-08-05,16.626932
2004-08-06,16.586912
2004-08-09,16.524838
2004-08-10,16.623001
2004-08-11,16.673145
2004-08-12,16.644932
2004-08-13,16.588233
2004-08-16,16.681735
2004-08-17,16.679212
2004-08-18,16.862055
2004-08-19,16.729433
2004-08-20,16.782514
2004-08-23,16.726686
2004-08-24,16.739479
2004-08-25,16.819237
2004-08-26,16.810988
2004-08-27,16.821418
2004-08-30,16.849069
2004-08-31,17.026459
2004-09-01,17.057924
2004-09-02,17.122105
2004-09-03,17.06717
2004-09-07,17.157189
2004-09-08,16.996273
2004-09-09,17.049005
2004-09-10,17.08248
2004-09-13,16.964653
2004-09-14,16.960987
2004-09-15,16.95702
2004-09-16,17.1044
2004-09-17,17.156403
2004-09-20,17.275754
2004-09-21,17.335123
2004-09-22,17.272044
2004-09-23,17.138892
2004-09-24,17.149516
2004-09-27,17.187192
2004-09-28,17.29463
2004-09-29,17.232722
2004-09-30,17.282706
2004-10-01,17.416347
2004-10-04,17.468583
2004-10-05,17.506886
2004-10-06,17.617205
2004-10-07,17.511612
2004-10-08,17.583931
2004-10-11,17.617034
2004-10-12,17.715457
2004-10-13,17.504692
2004-10-14,17.497248
2004-10-15,17.677724
2004-10-18,17.577069
2004-10-19,17.477495
2004-10-20,17.558773
2004-10-21,16.891426
2004-10-22,17.013813
2004-10-25,17.29101
2004-10-26,17.511595
2004-10-27,17.420928
2004-10-28,17.260926
2004-10-29,17.367132
2004-11-01,17.452264
2004-11-02,17.44577
2004-11-03,17.24302
2004-11-04,17.82501
2004-11-05,17.81503
2004-11-08,17.961795
2004-11-09,18.240319
2004-11-10,18.210874
2004-11-11,18.406241
2004-11-12,18.634239
2004-11-15,18.518965
2004-11-16,18.506581
2004-11-17,18.351066
2004-11-18,18.364932
2004-11-19,18.30341
2004-11-22,18.584293
2004-11-23,18.665603
2004-11-24,18.717607
2004-11-26,18.756016
2004-11-29,18.546781
2004-11-30,18.302424
2004-12-01,18.155422
2004-12-02,17.749464
2004-12-03,17.88157
2004-12-06,18.027419
2004-12-07,17.854315
2004-12-08,17.791296
2004-12-09,17.819222
2004-12-10,17.860734
2004-12-13,18.144219
2004-12-14,18.196998
2004-12-15,18.31807
2004-12-16,18.309153
2004-12-17,18.318578
2004-12-20,18.474402
2004-12-21,18.61535
2004-12-22,18.664692
2004-12-23,18.628468
2004-12-27,18.481347
2004-12-28,18.588926
2004-12-29,18.618961
2004-12-30,18.651761
2004-12-31,18.542006
2005-01-03,18.326226
2005-01-04,18.187093
2005-01-05,18.008334
2005-01-06,18.040597
2005-01-07,17.990583
2005-01-10,18.121376
2005-01-11,18.045056
2005-01-12,18.106676
2005-01-13,18.208565
2005-01-14,18.339209
2005-01-18,18.497984
2005-01-19,18.438797
2005-01-20,18.38204
2005-01-21,18.281459
2005-01-24,18.440828
2005-01-25,18.210149
2005-01-26,18.493703
2005-01-27,18.534957
2005-01-28,18.587845
2005-01-31,18.579186
2005-02-01,19.174742
2005-02-02,17.583948
2005-02-03,17.592939
2005-02-04,17.802745
2005-02-07,17.747877
2005-02-08,17.785957
2005-02-09,17.703634
2005-02-10,17.721293
2005-02-11,17.713505
2005-02-14,17.880048
2005-02-15,17.770785
2005-02-16,17.851251
2005-02-17,17.696803
2005-02-18,17.367516
2005-02-22,16.937152
2005-02-23,16.979962
2005-02-24,16.994613
2005-02-25,17.306108
2005-02-28,16.957535
2005-03-01,16.547425
2005-03-02,16.536776
2005-03-03,16.503321
2005-03-04,16.784351
2005-03-07,16.890659
2005-03-08,16.636409
2005-03-09,16.320685
2005-03-10,16.658676
2005-03-11,16.513225
2005-03-14,16.813975
2005-03-15,16.826521
2005-03-16,16.671163
2005-03-17,16.774502
2005-03-18,16.727213
2005-03-21,16.755454
2005-03-22,16.444658
2005-03-23,16.322723
2005-03-24,16.517655
2005-03-28,16.550886
2005-03-29,16.337467
2005-03-30,16.5771
2005-03-31,16.74407
2005-04-01,16.810868
2005-04-04,16.844
2005-04-05,16.969535
2005-04-06,16.937561
2005-04-07,17.037055
2005-04-08,16.904129
2005-04-11,17.085089
2005-04-12,17.258526
2005-04-13,17.137098
2005-04-14,16.962097
2005-04-15,16.663809
2005-04-18,16.75405
2005-04-19,16.965564
2005-04-20,16.811549
2005-04-21,16.997085
2005-04-22,17.075492
2005-04-25,17.129307
2005-04-26,16.941014
2005-04-27,17.154237
2005-04-28,17.034249
2005-04-29,17.228363
2005-05-02,17.293619
2005-05-03,17.196039
2005-05-04,18.38217
2005-05-05,18.248359
2005-05-06,18.208113
2005-05-09,18.208671
2005-05-10,17.944821
2005-05-11,17.969059
2005-05-12,17.803314
2005-05-13,17.519882
2005-05-16,17.595529
2005-05-17,17.813842
2005-05-18,17.840347
2005-05-19,17.888509
2005-05-20,17.889375
2005-05-23,17.832985
2005-05-24,17.843223
2005-05-25,17.813152
2005-05-26,17.860455
2005-05-27,17.958684
2005-05-31,17.975429
2005-06-01,18.152965
2005-06-02,18.137846
2005-06-03,18.156412
2005-06-06,18.16312
2005-06-07,18.21034
2005-06-08,18.223607
2005-06-09,18.248381
2005-06-10,18.332092
2005-06-13,18.39177
2005-06-14,18.45975
2005-06-15,18.369448
2005-06-16,18.342765
2005-06-17,18.542692
2005-06-20,18.568438
2005-06-21,18.575463
2005-06-22,18.744487
2005-06-23,18.813604
2005-06-24,18.675386
2005-06-27,18.778443
2005-06-28,18.965888
2005-06-29,18.915441
2005-06-30,18.945735
2005-07-01,19.123638
2005-07-05,19.15685
2005-07-06,18.839285
2005-07-07,18.975178
2005-07-08,19.172311
2005-07-11,19.318007
2005-07-12,19.370628
2005-07-13,19.406042
2005-07-14,19.218389
2005-07-15,19.21227
2005-07-18,19.165332
2005-07-19,19.222692
2005-07-20,19.303541
2005-07-21,18.971436
2005-07-22,19.2212
2005-07-25,19.181244
2005-07-26,19.198598
2005-07-27,19.162787
2005-07-28,19.395086
2005-07-29,19.391118
2005-08-01,19.155521
2005-08-02,19.578896
2005-08-03,19.73833
2005-08-04,19.659827
2005-08-05,19.311549
2005-08-08,18.900076
2005-08-09,17.888952
2005-08-10,17.894436
2005-08-11,18.014133
2005-08-12,17.959271
2005-08-15,18.017531
2005-08-16,17.763439
2005-08-17,17.717269
2005-08-18,17.775786
2005-08-19,17.887743
2005-08-22,18.026926
2005-08-23,18.141106
2005-08-24,18.041658
2005-08-25,18.215261
2005-08-26,18.145817
2005-08-29,18.248381
2005-08-30,18.232943
2005-08-31,18.383838
2005-09-01,18.639788
2005-09-02,18.622288
2005-09-06,18.837365
2005-09-07,18.813829
2005-09-08,18.632632
2005-09-09,18.856291
2005-09-12,18.816494
2005-09-13,18.680965
2005-09-14,18.765788
2005-09-15,18.916648
2005-09-16,19.098124
2005-09-19,19.054102
2005-09-20,18.935541
2005-09-21,18.661714
2005-09-22,18.523637
2005-09-23,18.581062
2005-09-26,18.688216
2005-09-27,18.745156
2005-09-28,18.917739
2005-09-29,19.106842
2005-09-30,19.076761
2005-10-03,19.267548
2005-10-04,18.945885
2005-10-05,18.381692
2005-10-06,18.144361
2005-10-07,18.327324
2005-10-10,17.998819
2005-10-11,18.013059
2005-10-12,17.715304
2005-10-13,17.327549
2005-10-14,17.500864
2005-10-17,17.737172
2005-10-18,17.399716
2005-10-19,17.466087
2005-10-20,16.992542
2005-10-21,17.206658
2005-10-24,17.653015
2005-10-25,17.580235
2005-10-26,17.217131
2005-10-27,16.927284
2005-10-28,17.292301
2005-10-31,17.486542
2005-11-01,17.149552
2005-11-02,16.958062
2005-11-03,17.205435
2005-11-04,17.036056
2005-11-07,16.998639
2005-11-08,17.009545
2005-11-09,17.145387
2005-11-10,17.047955
2005-11-11,16.892801
2005-11-14,16.769797
2005-11-15,16.804278
2005-11-16,16.930991
2005-11-17,17.186443
2005-11-18,17.19147
2005-11-21,17.226729
2005-11-22,17.255813
2005-11-23,17.398561
2005-11-25,17.483936
2005-11-28,17.422121
2005-11-29,17.468053
2005-11-30,17.298686
2005-12-01,17.43487
2005-12-02,17.405008
2005-12-05,17.411896
2005-12-06,17.376151
2005-12-07,17.241595
2005-12-08,17.430243
2005-12-09,17.612974
2005-12-12,17.498619
2005-12-13,17.720176
2005-12-14,17.913087
2005-12-15,17.939279
2005-12-16,17.959752
2005-12-19,17.732254
2005-12-20,17.783271
2005-12-21,17.585123
2005-12-22,17.687572
2005-12-23,17.700663
2005-12-27,17.630131
2005-12-28,17.573098
2005-12-29,17.537139
2005-12-30,17.474779
2006-01-03,17.817053
2006-01-04,17.827917
2006-01-05,17.713794
2006-01-06,17.875429
2006-01-09,17.794699
2006-01-10,17.799581
2006-01-11,17.749164
2006-01-12,17.743244
2006-01-13,17.877794
2006-01-17,18.032878
2006-01-18,18.071688
2006-01-19,18.192413
2006-01-20,18.055841
2006-01-23,18.078096
2006-01-24,18.214648
2006-01-25,18.967284
2006-01-26,18.75361
2006-01-27,18.882574
2006-01-30,18.75816
2006-01-31,18.418646
2006-02-01,18.344883
2006-02-02,17.331583
2006-02-03,17.219571
2006-02-06,17.306966
2006-02-07,17.226333
2006-02-08,17.190421
2006-02-09,17.336379
2006-02-10,17.334852
2006-02-13,17.301759
2006-02-14,17.319878
2006-02-15,17.14406
2006-02-16,17.267685
2006-02-17,17.531417
2006-02-21,17.567411
2006-02-22,17.652987
2006-02-23,17.63423
2006-02-24,17.673245
2006-02-27,17.844839
2006-02-28,17.874774
2006-03-01,17.964958
2006-03-02,17.91794
2006-03-03,17.893821
2006-03-06,17.497275
2006-03-07,17.421048
2006-03-08,17.444071
2006-03-09,17.359278
2006-03-10,17.454155
2006-03-13,17.546361
2006-03-14,17.713112
2006-03-15,17.782673
2006-03-16,17.898248
2006-03-17,17.813694
2006-03-20,17.599939
2006-03-21,17.429315
2006-03-22,17.548893
2006-03-23,17.509378
2006-03-24,17.480979
2006-03-27,17.347263
2006-03-28,17.264127
2006-03-29,17.395797
2006-03-30,17.214138
2006-03-31,17.090589
2006-04-03,16.879232
2006-04-04,16.951951
2006-04-05,17.103295
2006-04-06,16.846565
2006-04-07,16.587969
2006-04-10,16.619084
2006-04-11,16.445494
2006-04-12,16.476993
2006-04-13,16.39545
2006-04-17,16.388759
2006-04-18,16.723448
2006-04-19,16.747616
2006-04-20,16.887437
2006-04-21,16.950135
2006-04-24,17.074655
2006-04-25,16.889035
2006-04-26,16.749707
2006-04-27,16.886723
2006-04-28,16.947993
2006-05-01,16.860756
2006-05-02,17.338524
2006-05-03,17.406679
2006-05-04,17.335496
2006-05-05,17.682612
2006-05-08,17.394524
2006-05-09,17.320622
2006-05-10,17.409857
2006-05-11,17.23209
2006-05-12,17.061752
2006-05-15,17.149318
2006-05-16,17.075111
2006-05-17,16.780614
2006-05-18,16.807444
2006-05-19,16.952705
2006-05-22,17.092576
2006-05-23,16.847254
2006-05-24,16.925002
2006-05-25,17.077255
2006-05-26,17.263983
2006-05-30,17.089407
2006-05-31,17.318092
2006-06-01,17.517053
2006-06-02,17.713445
2006-06-05,17.546184
2006-06-06,17.538084
2006-06-07,17.446338
2006-06-08,17.541459
2006-06-09,17.659346
2006-06-12,17.708461
2006-06-13,17.484338
2006-06-14,17.377705
2006-06-15,17.609209
2006-06-16,17.603288
2006-06-19,17.381022
2006-06-20,17.420459
2006-06-21,17.402089
2006-06-22,17.322963
2006-06-23,17.331948
2006-06-26,17.413337
2006-06-27,17.34
2006-06-28,17.417332
2006-06-29,17.637706
2006-06-30,17.686693
2006-07-03,17.859295
2006-07-05,17.773808
2006-07-06,17.694974
2006-07-07,17.823016
2006-07-10,17.912368
2006-07-11,18.028548
2006-07-12,17.901983
2006-07-13,17.868458
2006-07-14,17.874801
2006-07-17,17.929664
2006-07-18,17.97629
2006-07-19,18.214609
2006-07-20,18.295978
2006-07-21,18.328515
2006-07-24,18.480995
2006-07-25,18.561913
2006-07-26,18.630498
2006-07-27,18.463649
2006-07-28,18.570936
2006-07-31,18.392316
2006-08-01,18.472036
2006-08-02,18.452275
2006-08-03,18.345201
2006-08-04,18.38535
2006-08-07,17.707484
2006-08-08,17.868393
2006-08-09,17.865454
2006-08-10,17.854921
2006-08-11,17.809379
2006-08-14,17.886805
2006-08-15,18.023543
2006-08-16,17.847398
2006-08-17,17.795591
2006-08-18,18.005173
2006-08-21,18.028391
2006-08-22,18.147536
2006-08-23,17.961451
2006-08-24,18.016931
2006-08-25,18.005008
2006-08-28,18.151036
2006-08-29,18.169716
2006-08-30,18.023104
2006-08-31,18.249766
2006-09-01,18.22539
2006-09-05,18.050482
2006-09-06,17.956943
2006-09-07,17.950906
2006-09-08,17.98169
2006-09-11,17.930402
2006-09-12,17.810358
2006-09-13,17.86183
2006-09-14,17.761887
2006-09-15,17.803271
2006-09-18,17.71861
2006-09-19,17.78531
2006-09-20,17.750827
2006-09-21,17.70762
2006-09-22,17.688642
2006-09-25,17.940461
2006-09-26,17.940619
2006-09-27,18.159513
2006-09-28,18.098015
2006-09-29,17.915234
2006-10-02,18.036066
2006-10-03,18.124473
2006-10-04,18.201607
2006-10-05,18.141725
2006-10-06,18.018247
2006-10-09,18.023739
2006-10-10,18.14101
2006-10-11,18.179753
2006-10-12,18.226558
2006-10-13,18.208981
2006-10-16,18.277657
2006-10-17,18.407096
2006-10-18,18.593882
2006-10-19,18.677641
2006-10-20,18.790285
2006-10-23,18.848221
2006-10-24,18.826606
2006-10-25,18.894362
2006-10-26,18.749931
2006-10-27,19.098302
2006-10-30,18.952298
2006-10-31,18.930935
2006-11-01,18.326994
2006-11-02,17.812721
2006-11-03,18.098482
2006-11-06,18.546489
2006-11-07,18.505065
2006-11-08,18.552501
2006-11-09,18.222749
2006-11-10,18.343001
2006-11-13,18.340718
2006-11-14,18.384353
2006-11-15,18.299284
2006-11-16,18.355433
2006-11-17,18.378637
2006-11-20,18.332792
2006-11-21,18.346336
2006-11-22,18.396667
2006-11-24,18.423046
2006-11-27,18.258476
2006-11-28,18.364877
2006-11-29,18.59284
2006-11-30,18.642736
2006-12-01,18.690533
2006-12-04,18.869924
2006-12-05,18.912362
2006-12-06,18.797937
2006-12-07,18.71368
2006-12-08,18.678095
2006-12-11,18.75948
2006-12-12,18.847321
2006-12-13,18.920604
2006-12-14,18.994892
2006-12-15,18.955986
2006-12-18,18.823866
2006-12-19,18.926397
2006-12-20,18.85699
2006-12-21,18.815386
2006-12-22,18.774069
2006-12-26,18.873558
2006-12-27,18.923752
2006-12-28,18.853533
2006-12-29,18.824282
2007-01-03,18.175091
2007-01-04,18.118419
2007-01-05,17.794137
2007-01-08,17.752992
2007-01-09,17.777432
2007-01-10,17.818389
2007-01-11,17.796152
2007-01-12,17.663744
2007-01-16,17.724806
2007-01-17,17.739882
2007-01-18,17.71616
2007-01-19,17.747573
2007-01-22,17.71853
2007-01-23,17.79616
2007-01-24,16.955255
2007-01-25,16.826877
2007-01-26,16.825219
2007-01-29,16.819691
2007-01-30,16.78068
2007-01-31,16.848045
2007-02-01,16.99206
2007-02-02,17.067168
2007-02-05,17.25846
2007-02-06,17.523104
2007-02-07,17.52897
2007-02-08,17.573771
2007-02-09,17.558186
2007-02-12,17.527434
2007-02-13,17.624981
2007-02-14,17.659022
2007-02-15,17.543605
2007-02-16,17.549143
2007-02-20,17.586989
2007-02-21,17.494725
2007-02-22,17.637491
2007-02-23,17.806752
2007-02-26,18.243947
2007-02-27,17.854281
2007-02-28,17.865935
2007-03-01,17.919493
2007-03-02,17.651864
2007-03-05,17.416915
2007-03-06,17.656001
2007-03-07,17.637131
2007-03-08,17.666597
2007-03-09,17.678323
2007-03-12,17.876918
2007-03-13,17.626353
2007-03-14,17.726599
2007-03-15,17.931313
2007-03-16,17.826215
2007-03-19,18.024967
2007-03-20,18.270299
2007-03-21,18.480756
2007-03-22,18.454885
2007-03-23,18.539482
2007-03-26,18.635869
2007-03-27,18.610507
2007-03-28,18.596681
2007-03-29,18.65913
2007-03-30,18.541673
2007-04-02,18.898846
2007-04-03,18.924217
2007-04-04,18.852736
2007-04-05,18.913361
2007-04-09,19.033208
2007-04-10,19.091334
2007-04-11,19.001257
2007-04-12,18.934852
2007-04-13,18.902269
2007-04-16,19.025035
2007-04-17,19.175374
2007-04-18,19.227284
2007-04-19,19.138195
2007-04-20,19.309174
2007-04-23,19.451257
2007-04-24,19.573295
2007-04-25,19.445507
2007-04-26,19.25223
2007-04-27,19.127182
2007-04-30,19.048881
2007-05-01,19.243006
2007-05-02,19.35101
2007-05-03,19.295322
2007-05-04,19.264249
2007-05-07,19.31913
2007-05-08,19.211987
2007-05-09,19.833816
2007-05-10,19.50375
2007-05-11,19.651135
2007-05-14,19.715809
2007-05-15,19.756889
2007-05-16,19.87735
2007-05-17,19.783364
2007-05-18,19.875935
2007-05-21,19.897603
2007-05-22,19.82393
2007-05-23,19.686523
2007-05-24,19.15233
2007-05-25,19.118179
2007-05-29,19.23983
2007-05-30,19.433228
2007-05-31,19.504515
2007-06-01,19.39316
2007-06-04,19.322121
2007-06-05,19.034388
2007-06-06,18.769803
2007-06-07,18.159019
2007-06-08,18.344489
2007-06-11,18.536899
2007-06-12,18.257797
2007-06-13,18.623973
2007-06-14,18.697532
2007-06-15,18.992933
2007-06-18,18.799891
2007-06-19,18.839135
2007-06-20,18.354939
2007-06-21,18.641014
2007-06-22,18.302757
2007-06-25,18.401752
2007-06-26,18.339244
2007-06-27,18.60109
2007-06-28,18.557048
2007-06-29,18.626038
2007-07-02,19.017825
2007-07-03,18.991035
2007-07-05,18.920457
2007-07-06,18.813109
2007-07-09,18.861738
2007-07-10,18.608444
2007-07-11,18.711502
2007-07-12,19.01719
2007-07-13,19.241998
2007-07-16,18.968592
2007-07-17,18.956
2007-07-18,19.110903
2007-07-19,19.479989
2007-07-20,19.141899
2007-07-23,19.267029
2007-07-24,18.599328
2007-07-25,18.576981
2007-07-26,18.02491
2007-07-27,17.669205
2007-07-30,17.699044
2007-07-31,17.656697
2007-08-01,18.00836
2007-08-02,18.120295
2007-08-03,17.357226
2007-08-06,18.009742
2007-08-07,18.249425
2007-08-08,19.148988
2007-08-09,18.691728
2007-08-10,18.595428
2007-08-13,18.291346
2007-08-14,17.908744
2007-08-15,17.646661
2007-08-16,17.613836
2007-08-17,18.08684
2007-08-20,18.063341
2007-08-21,18.160779
2007-08-22,18.370711
2007-08-23,18.38397
2007-08-24,18.525446
2007-08-27,17.936955
2007-08-28,17.733284
2007-08-29,18.159183
2007-08-30,17.989076
2007-08-31,18.09542
2007-09-04,18.435789
2007-09-05,18.197938
2007-09-06,18.412483
2007-09-07,18.134067
2007-09-10,18.186172
2007-09-11,18.37921
2007-09-12,18.434484
2007-09-13,18.489984
2007-09-14,18.559435
2007-09-17,18.450162
2007-09-18,18.825915
2007-09-19,19.09305
2007-09-20,18.901304
2007-09-21,18.996228
2007-09-24,19.000746
2007-09-25,18.968108
2007-09-26,19.078407
2007-09-27,18.943705
2007-09-28,18.677852
2007-10-01,18.969654
2007-10-02,18.937851
2007-10-03,18.92494
2007-10-04,19.074327
2007-10-05,19.173775
2007-10-08,19.118321
2007-10-09,19.400927
2007-10-10,18.775982
2007-10-11,18.849046
2007-10-12,18.912457
2007-10-15,18.704164
2007-10-16,18.655369
2007-10-17,18.617828
2007-10-18,18.591826
2007-10-19,18.158041
2007-10-22,18.29803
2007-10-23,18.304506
2007-10-24,18.368164
2007-10-25,18.667978
2007-10-26,18.32102
2007-10-29,18.462305
2007-10-30,18.459477
2007-10-31,18.679482
2007-11-01,17.192786
2007-11-02,17.137733
2007-11-05,17.281866
2007-11-06,16.985051
2007-11-07,16.563574
2007-11-08,16.922176
2007-11-09,16.808605
2007-11-12,16.536225
2007-11-13,16.648867
2007-11-14,16.608472
2007-11-15,16.634715
2007-11-16,16.713958
2007-11-19,16.758315
2007-11-20,16.99842
2007-11-21,16.809149
2007-11-23,16.849781
2007-11-26,16.732141
2007-11-27,16.868012
2007-11-28,17.069653
2007-11-29,17.035556
2007-11-30,17.121278
2007-12-03,17.237183
2007-12-04,17.407402
2007-12-05,17.67993
2007-12-06,17.652871
2007-12-07,17.686551
2007-12-10,17.737421
2007-12-11,17.339053
2007-12-12,17.362748
2007-12-13,17.620467
2007-12-14,17.34577
2007-12-17,17.125502
2007-12-18,17.377649
2007-12-19,17.262705
2007-12-20,17.284174
2007-12-21,17.415012
2007-12-24,17.42152
2007-12-26,17.345271
2007-12-27,17.189463
2007-12-28,17.322231
2007-12-31,17.173664
2008-01-02,16.933315
2008-01-03,16.986952
2008-01-04,17.052776
2008-01-07,17.484751
2008-01-08,17.479782
2008-01-09,17.69278
2008-01-10,17.602243
2008-01-11,17.467314
2008-01-14,17.515817
2008-01-15,17.317237
2008-01-16,17.04735
2008-01-17,16.403659
2008-01-18,16.119079
2008-01-22,15.577125
2008-01-23,16.128932
2008-01-24,15.678751
2008-01-25,15.407041
2008-01-28,15.657664
2008-01-29,15.756804
2008-01-30,15.712775
2008-01-31,16.018027
2008-02-01,16.282364
2008-02-04,16.52524
2008-02-05,16.377573
2008-02-06,16.353481
2008-02-07,16.255586
2008-02-08,16.16683
2008-02-11,16.296523
2008-02-12,16.4761
2008-02-13,16.472788
2008-02-14,16.33813
2008-02-15,16.403706
2008-02-19,16.328539
2008-02-20,16.322722
2008-02-21,16.155232
2008-02-22,16.324318
2008-02-25,16.392189
2008-02-26,16.425061
2008-02-27,16.16249
2008-02-28,15.898356
2008-02-29,15.429853
2008-03-03,15.608959
2008-03-04,15.842389
2008-03-05,15.85712
2008-03-06,15.508301
2008-03-07,15.444791
2008-03-10,15.340647
2008-03-11,15.823477
2008-03-12,15.611289
2008-03-13,15.634604
2008-03-14,15.49678
2008-03-17,15.488099
2008-03-18,15.755025
2008-03-19,15.41752
2008-03-20,15.504933
2008-03-24,15.465922
2008-03-25,15.453678
2008-03-26,15.532537
2008-03-27,15.617723
2008-03-28,15.484369
2008-03-31,15.638054
2008-04-01,16.039124
2008-04-02,16.151493
2008-04-03,16.079015
2008-04-04,16.14911
2008-04-07,16.173697
2008-04-08,16.237765
2008-04-09,16.233493
2008-04-10,16.140853
2008-04-11,16.14529
2008-04-14,16.157707
2008-04-15,16.287209
2008-04-16,16.64987
2008-04-17,16.653998
2008-04-18,16.689921
2008-04-21,16.582802
2008-04-22,16.494242
2008-04-23,16.621613
2008-04-24,16.55397
2008-04-25,16.532681
2008-04-28,16.481903
2008-04-29,16.429436
2008-04-30,16.331682
2008-05-01,16.11994
2008-05-02,16.172567
2008-05-05,15.868894
2008-05-06,15.822125
2008-05-07,15.586653
2008-05-08,15.576554
2008-05-09,15.615434
2008-05-12,15.767043
2008-05-13,15.692602
2008-05-14,15.827856
2008-05-15,15.782278
2008-05-16,15.876722
2008-05-19,16.060421
2008-05-20,16.111774
2008-05-21,16.102214
2008-05-22,16.176658
2008-05-23,15.862524
2008-05-27,15.978512
2008-05-28,15.97252
2008-05-29,16.087214
2008-05-30,16.072913
2008-06-02,15.907574
2008-06-03,15.815234
2008-06-04,15.995401
2008-06-05,16.177028
2008-06-06,15.758339
2008-06-09,16.001607
2008-06-10,16.021253
2008-06-11,15.867413
2008-06-12,15.861147
2008-06-13,16.093514
2008-06-16,16.091712
2008-06-17,16.094674
2008-06-18,16.038536
2008-06-19,16.171486
2008-06-20,15.924474
2008-06-23,16.064744
2008-06-24,16.007501
2008-06-25,16.087747
2008-06-26,15.650481
2008-06-27,15.557304
2008-06-30,15.912725
2008-07-01,16.00975
2008-07-02,15.919575
2008-07-03,15.806155
2008-07-07,15.671738
2008-07-08,15.740356
2008-07-09,15.882218
2008-07-10,15.960214
2008-07-11,15.826598
2008-07-14,15.622453
2008-07-15,15.547682
2008-07-16,15.252666
2008-07-17,15.008591
2008-07-18,15.13501
2008-07-21,15.315018
2008-07-22,15.297772
2008-07-23,14.915561
2008-07-24,14.820124
2008-07-25,14.730849
2008-07-28,14.673311
2008-07-29,14.724526
2008-07-30,15.055219
2008-07-31,14.613541
2008-08-01,14.373772
2008-08-04,14.202283
2008-08-05,14.343005
2008-08-06,14.22193
2008-08-07,13.807953
2008-08-08,13.919971
2008-08-11,14.06698
2008-08-12,13.777898
2008-08-13,13.881154
2008-08-14,13.702722
2008-08-15,13.787025
2008-08-18,13.802606
2008-08-19,13.818154
2008-08-20,13.90387
2008-08-21,14.04874
2008-08-22,14.082819
2008-08-25,13.928406
2008-08-26,14.086048
2008-08-27,14.187811
2008-08-28,14.27256
2008-08-29,14.008342
2008-09-02,13.813997
2008-09-03,13.610903
2008-09-04,13.447392
2008-09-05,13.184344
2008-09-08,13.508035
2008-09-09,13.093265
2008-09-10,13.185449
2008-09-11,13.347508
2008-09-12,13.529828
2008-09-15,13.108716
2008-09-16,12.973223
2008-09-17,12.292499
2008-09-18,12.699695
2008-09-19,13.052724
2008-09-22,12.794699
2008-09-23,12.643942
2008-09-24,12.665353
2008-09-25,12.997889
2008-09-26,12.877037
2008-09-29,12.249842
2008-09-30,12.402817
2008-10-01,12.455565
2008-10-02,12.130733
2008-10-03,12.047452
2008-10-06,11.415044
2008-10-07,10.987108
2008-10-08,10.771072
2008-10-09,10.104287
2008-10-10,9.585692
2008-10-13,10.886998
2008-10-14,10.770202
2008-10-15,9.889837
2008-10-16,10.267047
2008-10-17,10.366335
2008-10-20,11.20013
2008-10-21,10.786178
2008-10-22,10.152797
2008-10-23,10.644737
2008-10-24,10.327547
2008-10-27,9.890173
2008-10-28,10.953322
2008-10-29,10.56821
2008-10-30,11.721065
2008-10-31,11.583369
2008-11-03,11.664808
2008-11-04,11.982832
2008-11-05,11.648317
2008-11-06,11.387833
2008-11-07,12.040114
2008-11-10,11.685658
2008-11-11,11.709473
2008-11-12,11.39387
2008-11-13,12.228357
2008-11-14,11.867932
2008-11-17,11.816856
2008-11-18,11.836766
2008-11-19,11.467434
2008-11-20,10.920002
2008-11-21,11.876603
2008-11-24,12.044737
2008-11-25,12.131905
2008-11-26,12.193816
2008-11-28,12.427324
2008-12-01,11.614863
2008-12-02,11.861682
2008-12-03,12.12062
2008-12-04,11.567795
2008-12-05,11.835034
2008-12-08,11.931282
2008-12-09,11.713676
2008-12-10,11.9296
2008-12-11,11.83078
2008-12-12,11.884008
2008-12-15,11.693143
2008-12-16,12.108334
2008-12-17,11.75141
2008-12-18,11.847823
2008-12-19,11.860284
2008-12-22,11.815738
2008-12-23,11.621258
2008-12-24,11.7026
2008-12-26,11.762928
2008-12-29,11.754481
2008-12-30,11.946077
2008-12-31,12.151842
2009-01-02,12.418701
2009-01-05,12.510028
2009-01-06,12.403395
2009-01-07,12.196156
2009-01-08,12.242621
2009-01-09,12.125997
2009-01-12,12.149266
2009-01-13,11.904708
2009-01-14,11.74965
2009-01-15,11.826172
2009-01-16,12.069701
2009-01-20,11.840636
2009-01-21,11.999557
2009-01-22,11.961863
2009-01-23,11.994608
2009-01-26,12.278476
2009-01-27,12.237611
2009-01-28,12.327687
2009-01-29,12.218118
2009-01-30,11.926164
2009-02-02,11.986854
2009-02-03,12.085823
2009-02-04,12.126706
2009-02-05,12.209861
2009-02-06,12.398967
2009-02-09,12.273981
2009-02-10,11.908228
2009-02-11,11.885752
2009-02-12,11.769716
2009-02-13,11.758808
2009-02-17,11.185733
2009-02-18,11.836381
2009-02-19,11.91311
2009-02-20,11.628967
2009-02-23,11.372745
2009-02-24,11.650923
2009-02-25,11.449427
2009-02-26,11.307297
2009-02-27,11.175635
2009-03-02,10.759816
2009-03-03,10.375158
2009-03-04,10.568019
2009-03-05,10.1833
2009-03-06,10.214664
2009-03-09,9.961502
2009-03-10,10.196917
2009-03-11,10.141889
2009-03-12,10.291056
2009-03-13,10.433184
2009-03-16,10.700234
2009-03-17,10.91457
2009-03-18,11.233293
2009-03-19,11.368158
2009-03-20,11.291819
2009-03-23,11.753036
2009-03-24,11.481262
2009-03-25,11.466227
2009-03-26,11.645167
2009-03-27,11.466736
2009-03-30,11.242263
2009-03-31,11.4277
2009-04-01,11.453817
2009-04-02,11.588925
2009-04-03,11.628163
2009-04-06,11.492153
2009-04-07,11.431691
2009-04-08,11.582809
2009-04-09,11.578353
2009-04-13,11.414218
2009-04-14,11.255115
2009-04-15,11.424004
2009-04-16,11.440765
2009-04-17,11.457829
2009-04-20,11.306916
2009-04-21,11.360033
2009-04-22,11.220187
2009-04-23,11.204754
2009-04-24,11.170922
2009-04-27,11.267797
2009-04-28,11.261475
2009-04-29,11.53851
2009-04-30,11.85844
2009-05-01,12.36814
2009-05-04,12.578947
2009-05-05,12.828176
2009-05-06,12.783136
2009-05-07,12.895408
2009-05-08,13.106736
2009-05-11,13.026069
2009-05-12,13.107297
2009-05-13,12.75449
2009-05-14,12.704586
2009-05-15,12.40378
2009-05-18,12.401063
2009-05-19,12.613761
2009-05-20,12.412219
2009-05-21,12.27004
2009-05-22,12.353017
2009-05-26,12.695537
2009-05-27,12.440872
2009-05-28,12.688307
2009-05-29,12.785833
2009-06-01,13.206779
2009-06-02,13.056089
2009-06-03,12.824806
2009-06-04,12.930376
2009-06-05,12.948705
2009-06-08,12.853883
2009-06-09,12.793191
2009-06-10,12.99438
2009-06-11,13.252955
2009-06-12,13.437473
2009-06-15,13.15356
2009-06-16,13.10789
2009-06-17,13.091267
2009-06-18,13.389176
2009-06-19,13.22944
2009-06-22,13.22465
2009-06-23,13.09529
2009-06-24,13.194844
2009-06-25,13.421648
2009-06-26,13.357135
2009-06-29,13.524229
2009-06-30,13.429757
2009-07-01,13.606393
2009-07-02,13.163653
2009-07-06,13.292372
2009-07-07,13.009472
2009-07-08,12.966127
2009-07-09,13.014202
2009-07-10,12.966051
2009-07-13,13.173993
2009-07-14,13.270235
2009-07-15,13.537191
2009-07-16,13.562507
2009-07-17,13.461524
2009-07-20,13.582581
2009-07-21,13.733587
2009-07-22,13.654252
2009-07-23,14.008286
2009-07-24,14.268153
2009-07-27,14.241702
2009-07-28,13.95885
2009-07-29,13.901011
2009-07-30,14.045206
2009-07-31,13.645195
2009-08-03,13.662233
2009-08-04,13.82138
2009-08-05,13.657614
2009-08-06,13.695498
2009-08-07,14.306486
2009-08-10,14.328173
2009-08-11,14.297779
2009-08-12,14.365492
2009-08-13,14.343464
2009-08-14,14.340902
2009-08-17,14.14956
2009-08-18,14.17111
2009-08-19,14.264711
2009-08-20,14.357477
2009-08-21,14.640763
2009-08-24,14.667612
2009-08-25,14.598564
2009-08-26,14.574635
2009-08-27,14.537318
2009-08-28,14.535335
2009-08-31,14.385476
2009-09-01,14.282802
2009-09-02,14.16154
2009-09-03,14.206646
2009-09-04,14.254137
2009-09-08,14.269426
2009-09-09,14.252896
2009-09-10,14.256405
2009-09-11,14.193453
2009-09-14,14.409586
2009-09-15,14.51792
2009-09-16,14.736989
2009-09-17,14.655171
2009-09-18,14.705392
2009-09-21,14.652166
2009-09-22,14.62148
2009-09-23,14.564524
2009-09-24,14.54632
2009-09-25,14.496638
2009-09-28,14.624178
2009-09-29,14.646331
2009-09-30,14.520393
2009-10-01,14.264489
2009-10-02,14.137812
2009-10-05,14.309407
2009-10-06,14.413259
2009-10-07,14.385717
2009-10-08,14.41351
2009-10-09,14.504424
2009-10-12,14.578695
2009-10-13,14.493948
2009-10-14,14.545163
2009-10-15,14.672299
2009-10-16,14.712388
2009-10-19,14.933315
2009-10-20,14.762683
2009-10-21,14.788025
2009-10-22,14.842091
2009-10-23,14.561667
2009-10-26,14.372726
2009-10-27,14.619329
2009-10-28,14.557565
2009-10-29,14.86883
2009-10-30,14.368516
2009-11-02,14.202014
2009-11-03,14.170868
2009-11-04,14.270132
2009-11-05,14.440551
2009-11-06,14.398893
2009-11-09,14.639815
2009-11-10,14.685938
2009-11-11,14.649382
2009-11-12,14.454058
2009-11-13,14.570689
2009-11-16,14.75802
2009-11-17,14.70484
2009-11-18,14.639167
2009-11-19,14.458921
2009-11-20,14.492941
2009-11-23,14.693989
2009-11-24,14.744812
2009-11-25,14.878357
2009-11-27,14.637889
2009-11-30,14.757745
2009-12-01,15.020858
2009-12-02,15.219587
2009-12-03,15.265995
2009-12-04,15.200477
2009-12-07,15.311208
2009-12-08,15.250445
2009-12-09,15.306792
2009-12-10,15.48658
2009-12-11,15.74381
2009-12-14,15.811394
2009-12-15,15.751506
2009-12-16,15.689501
2009-12-17,15.594934
2009-12-18,15.664273
2009-12-21,15.721336
2009-12-22,15.614714
2009-12-23,15.638681
2009-12-24,15.748142
2009-12-28,15.772093
2009-12-29,15.754028
2009-12-30,15.764752
2009-12-31,15.525375
2010-01-04,15.558786
2010-01-05,15.379553
2010-01-06,15.455616
2010-01-07,15.372001
2010-01-08,15.352806
2010-01-11,15.52108
2010-01-12,15.463724
2010-01-13,15.603411
2010-01-14,15.555109
2010-01-15,15.454936
2010-01-19,15.635119
2010-01-20,15.47069
2010-01-21,15.225425
2010-01-22,14.960997
2010-01-25,15.04565
2010-01-26,15.144633
2010-01-27,15.034508
2010-01-28,14.854916
2010-01-29,14.382901
2010-02-01,14.513437
2010-02-02,14.541686
2010-02-03,14.432071
2010-02-04,14.050921
2010-02-05,14.030928
2010-02-08,13.875212
2010-02-09,14.007724
2010-02-10,13.928917
2010-02-11,14.057743
2010-02-12,13.927203
2010-02-16,14.186252
2010-02-17,14.133954
2010-02-18,14.146641
2010-02-19,14.386849
2010-02-22,11.562792
2010-02-23,11.53826
2010-02-24,11.543209
2010-02-25,11.526475
2010-02-26,11.542214
2010-03-01,11.717698
2010-03-02,11.772107
2010-03-03,11.760476
2010-03-04,11.771105
2010-03-05,11.900621
2010-03-08,11.891842
2010-03-09,11.859081
2010-03-10,11.873029
2010-03-11,11.902091
2010-03-12,11.820546
2010-03-15,11.921047
2010-03-16,12.04647
2010-03-17,12.088398
2010-03-18,12.03584
2010-03-19,12.011141
2010-03-22,11.940611
2010-03-23,11.978281
2010-03-24,11.860657
2010-03-25,11.779839
2010-03-26,11.809874
2010-03-29,11.949449
2010-03-30,11.930426
2010-03-31,11.893412
2010-04-01,12.059318
2010-04-05,12.126486
2010-04-06,12.232581
2010-04-07,12.119275
2010-04-08,12.048952
2010-04-09,12.115623
2010-04-12,12.163376
2010-04-13,12.119836
2010-04-14,12.123609
2010-04-15,12.101935
2010-04-16,11.971417
2010-04-19,11.991986
2010-04-20,12.1284
2010-04-21,12.146889
2010-04-22,12.189698
2010-04-23,12.274285
2010-04-26,12.22678
2010-04-27,11.884793
2010-04-28,11.843135
2010-04-29,11.827082
2010-04-30,11.79799
2010-05-03,11.949116
2010-05-04,11.745209
2010-05-05,11.671698
2010-05-06,11.199076
2010-05-07,11.149701
2010-05-10,11.524624
2010-05-11,11.546664
2010-05-12,11.644932
2010-05-13,11.581186
2010-05-14,11.484874
2010-05-17,11.495452
2010-05-18,11.381658
2010-05-19,11.273008
2010-05-20,10.910824
2010-05-21,10.971583
2010-05-24,10.874336
2010-05-25,10.799257
2010-05-26,10.782115
2010-05-27,11.002514
2010-05-28,10.999521
2010-06-01,10.751794
2010-06-02,10.979635
2010-06-03,11.086347
2010-06-04,10.757812
2010-06-07,10.813925
2010-06-08,10.954393
2010-06-09,10.882848
2010-06-10,11.174077
2010-06-11,11.172356
2010-06-14,11.217949
2010-06-15,11.44508
2010-06-16,11.512299
2010-06-17,11.598188
2010-06-18,11.61294
2010-06-21,11.524681
2010-06-22,11.240054
2010-06-23,11.121077
2010-06-24,11.117569
2010-06-25,11.151612
2010-06-28,11.227816
2010-06-29,10.998478
2010-06-30,10.920557
2010-07-01,10.796715
2010-07-02,10.801976
2010-07-06,10.928128
2010-07-07,11.269484
2010-07-08,11.355662
2010-07-09,11.427025
2010-07-12,11.464634
2010-07-13,11.50379
2010-07-14,11.510707
2010-07-15,11.582449
2010-07-16,11.390363
2010-07-19,11.560584
2010-07-20,11.65758
2010-07-21,11.492637
2010-07-22,11.75956
2010-07-23,11.754658
2010-07-26,11.832448
2010-07-27,12.022764
2010-07-28,11.92064
2010-07-29,11.714886
2010-07-30,11.743934
2010-08-02,11.575022
2010-08-03,11.774758
2010-08-04,11.795077
2010-08-05,11.637533
2010-08-06,11.697533
2010-08-09,11.745807
2010-08-10,11.796093
2010-08-11,11.559044
2010-08-12,11.513869
2010-08-13,11.551184
2010-08-16,11.556617
2010-08-17,11.66069
2010-08-18,11.600043
2010-08-19,11.438347
2010-08-20,11.462221
2010-08-23,11.528905
2010-08-24,11.562014
2010-08-25,11.529533
2010-08-26,11.476541
2010-08-27,11.694186
2010-08-30,11.529559
2010-08-31,11.575633
2010-09-01,11.750663
2010-09-02,11.731682
2010-09-03,11.802779
2010-09-07,11.737352
2010-09-08,11.683733
2010-09-09,11.769855
2010-09-10,11.715113
2010-09-13,11.761048
2010-09-14,11.739635
2010-09-15,11.678421
2010-09-16,11.625165
2010-09-17,11.610467
2010-09-20,11.778583
2010-09-21,11.71843
2010-09-22,11.793821
2010-09-23,11.673677
2010-09-24,11.858165
2010-09-27,11.874712
2010-09-28,11.89827
2010-09-29,11.855729
2010-09-30,11.811816
2010-10-01,11.888931
2010-10-04,11.849189
2010-10-05,11.982045
2010-10-06,11.929001
2010-10-07,11.942509
2010-10-08,11.97389
2010-10-11,11.978096
2010-10-12,11.938287
2010-10-13,11.976234
2010-10-14,11.957758
2010-10-15,11.998487
2010-10-18,12.101904
2010-10-19,12.028844
2010-10-20,12.122907
2010-10-21,12.043827
2010-10-22,11.939766
2010-10-25,11.901601
2010-10-26,11.879919
2010-10-27,11.780726
2010-10-28,11.451064
2010-10-29,12.090868
2010-11-01,11.942589
2010-11-02,12.081232
2010-11-03,12.047183
2010-11-04,12.278978
2010-11-05,12.27909
2010-11-08,12.202757
2010-11-09,12.207188
2010-11-10,12.128667
2010-11-11,12.127762
2010-11-12,12.035004
2010-11-15,12.068468
2010-11-16,11.926075
2010-11-17,11.919157
2010-11-18,11.985412
2010-11-19,11.953233
2010-11-22,11.982037
2010-11-23,11.852046
2010-11-24,11.901439
2010-11-26,11.83395
2010-11-29,11.791412
2010-11-30,11.786223
2010-12-01,11.915476
2010-12-02,11.953055
2010-12-03,11.987083
2010-12-06,11.930041
2010-12-07,11.870281
2010-12-08,11.815396
2010-12-09,11.85587
2010-12-10,11.90271
2010-12-13,11.957794
2010-12-14,11.991996
2010-12-15,11.886577
2010-12-16,11.990386
2010-12-17,12.031688
2010-12-20,12.096539
2010-12-21,12.090188
2010-12-22,12.151742
2010-12-23,12.1613
2010-12-27,12.156057
2010-12-28,12.185181
2010-12-29,12.153934
2010-12-30,12.131283
2010-12-31,12.130627
2011-01-03,12.193051
2011-01-04,12.252163
2011-01-05,12.17699
2011-01-06,12.177561
2011-01-07,12.222834
2011-01-10,12.155274
2011-01-11,12.172247
2011-01-12,12.23425
2011-01-13,12.229017
2011-01-14,12.28217
2011-01-18,12.311484
2011-01-19,12.297467
2011-01-20,12.366424
2011-01-21,12.358397
2011-01-24,12.424401
2011-01-25,12.444751
2011-01-26,12.466922
2011-01-27,12.527673
2011-01-28,12.36132
2011-01-31,12.372928
2011-02-01,12.526974
2011-02-02,12.462505
2011-02-03,12.49035
2011-02-04,14.330339
2011-02-07,14.426888
2011-02-08,14.450239
2011-02-09,14.426013
2011-02-10,14.438826
2011-02-11,14.40516
2011-02-14,14.290501
2011-02-15,14.13952
2011-02-16,14.11875
2011-02-17,14.134784
2011-02-18,14.044435
2011-02-22,14.077738
2011-02-23,14.046548
2011-02-24,13.94478
2011-02-25,14.079563
2011-02-28,14.564588
2011-03-01,14.421055
2011-03-02,14.443101
2011-03-03,14.580923
2011-03-04,14.496775
2011-03-07,14.548892
2011-03-08,14.691831
2011-03-09,14.854415
2011-03-10,14.670045
2011-03-11,14.714454
2011-03-14,14.512352
2011-03-15,14.24298
2011-03-16,14.005447
2011-03-17,14.032357
2011-03-18,14.082834
2011-03-21,14.265934
2011-03-22,14.276446
2011-03-23,14.271327
2011-03-24,14.321925
2011-03-25,14.32259
2011-03-28,14.274251
2011-03-29,14.400855
2011-03-30,14.574794
2011-03-31,14.533415
2011-04-01,14.637256
2011-04-04,14.626038
2011-04-05,14.578364
2011-04-06,14.68834
2011-04-07,14.617467
2011-04-08,14.58295
2011-04-11,14.384573
2011-04-12,14.351658
2011-04-13,14.386201
2011-04-14,14.459991
2011-04-15,14.618183
2011-04-18,14.493114
2011-04-19,14.49402
2011-04-20,14.65618
2011-04-21,14.682466
2011-04-25,14.691869
2011-04-26,14.816985
2011-04-27,15.05897
2011-04-28,15.031287
2011-04-29,15.223301
2011-05-02,15.348982
2011-05-03,15.388829
2011-05-04,15.415934
2011-05-05,15.347224
2011-05-06,15.483147
2011-05-09,15.39419
2011-05-10,15.597981
2011-05-11,15.562337
2011-05-12,15.694874
2011-05-13,15.62629
2011-05-16,15.627015
2011-05-17,15.742044
2011-05-18,15.689132
2011-05-19,15.720984
2011-05-20,15.716983
2011-05-23,15.529252
2011-05-24,15.502352
2011-05-25,15.455896
2011-05-26,15.443138
2011-05-27,15.457327
2011-05-31,15.562813
2011-06-01,15.393952
2011-06-02,15.351561
2011-06-03,15.243134
2011-06-06,15.169862
2011-06-07,15.189592
2011-06-08,15.210726
2011-06-09,15.218209
2011-06-10,15.130933
2011-06-13,15.188701
2011-06-14,15.24982
2011-06-15,15.063159
2011-06-16,15.185812
2011-06-17,15.282204
2011-06-20,15.369744
2011-06-21,15.381318
2011-06-22,15.275722
2011-06-23,15.145539
2011-06-24,15.179102
2011-06-27,15.295862
2011-06-28,15.365628
2011-06-29,15.434376
2011-06-30,15.491341
2011-07-01,15.681666
2011-07-05,15.589025
2011-07-06,15.619579
2011-07-07,15.673573
2011-07-08,15.6201
2011-07-11,15.44599
2011-07-12,15.517451
2011-07-13,15.480299
2011-07-14,15.411267
2011-07-15,15.43529
2011-07-18,15.289237
2011-07-19,15.413985
2011-07-20,15.5032
2011-07-21,15.741771
2011-07-22,15.653765
2011-07-25,15.695433
2011-07-26,15.638329
2011-07-27,15.340553
2011-07-28,15.152173
2011-07-29,15.689836
2011-08-01,15.736993
2011-08-02,15.18207
2011-08-03,15.074682
2011-08-04,14.472046
2011-08-05,14.586594
2011-08-08,13.791139
2011-08-09,14.079912
2011-08-10,13.790539
2011-08-11,14.373042
2011-08-12,14.284805
2011-08-15,14.782012
2011-08-16,14.736705
2011-08-17,14.858331
2011-08-18,14.669423
2011-08-19,14.556999
2011-08-22,14.53977
2011-08-23,14.806724
2011-08-24,15.100092
2011-08-25,14.871315
2011-08-26,14.855711
2011-08-29,15.144196
2011-08-30,15.140085
2011-08-31,15.251074
2011-09-01,15.157682
2011-09-02,14.983909
2011-09-06,14.897174
2011-09-07,15.04569
2011-09-08,15.033127
2011-09-09,14.727317
2011-09-12,14.852249
2011-09-13,14.934612
2011-09-14,15.048431
2011-09-15,15.250179
2011-09-16,15.407505
2011-09-19,15.339342
2011-09-20,15.546604
2011-09-21,15.278661
2011-09-22,15.002788
2011-09-23,15.148903
2011-09-26,15.275264
2011-09-27,15.313639
2011-09-28,15.172961
2011-09-29,15.405352
2011-09-30,15.234412
2011-10-03,14.881958
2011-10-04,14.812605
2011-10-05,14.817205
2011-10-06,15.056395
2011-10-07,15.118965
2011-10-10,15.422894
2011-10-11,15.259617
2011-10-12,15.23829
2011-10-13,15.24233
2011-10-14,15.373171
2011-10-17,15.333423
2011-10-18,15.440708
2011-10-19,15.456846
2011-10-20,15.545438
2011-10-21,15.801072
2011-10-24,15.736138
2011-10-25,15.540133
2011-10-26,15.737686
2011-10-27,16.053933
2011-10-28,15.14307
2011-10-31,15.045733
2011-11-01,14.624538
2011-11-02,14.7661
2011-11-03,15.112569
2011-11-04,14.995789
2011-11-07,15.09291
2011-11-08,15.163485
2011-11-09,14.832123
2011-11-10,14.925249
2011-11-11,15.130477
2011-11-14,14.953574
2011-11-15,14.97961
2011-11-16,14.784935
2011-11-17,14.69757
2011-11-18,14.791106
2011-11-21,14.615571
2011-11-22,14.43048
2011-11-23,14.209519
2011-11-25,14.275079
2011-11-28,14.461188
2011-11-29,14.623163
2011-11-30,15.027081
2011-12-01,14.992696
2011-12-02,14.836471
2011-12-05,14.957296
2011-12-06,14.990653
2011-12-07,14.944975
2011-12-08,14.725077
2011-12-09,14.930847
2011-12-12,14.788179
2011-12-13,14.842774
2011-12-14,14.723044
2011-12-15,14.921106
2011-12-16,14.87484
2011-12-19,14.750815
2011-12-20,15.061711
2011-12-21,15.284658
2011-12-22,15.297771
2011-12-23,15.402586
2011-12-27,15.523352
2011-12-28,15.430456
2011-12-29,15.553015
2011-12-30,15.45172
2012-01-03,15.188312
2012-01-04,15.105807
2012-01-05,15.127601
2012-01-06,15.041799
2012-01-09,15.06915
2012-01-10,15.089929
2012-01-11,15.026978
2012-01-12,14.997922
2012-01-13,14.975848
2012-01-17,14.979535
2012-01-18,14.976533
2012-01-19,14.872165
2012-01-20,14.908707
2012-01-23,14.949004
2012-01-24,14.830495
2012-01-25,14.974867
2012-01-26,15.020532
2012-01-27,14.464102
2012-01-30,14.392932
2012-01-31,14.487633
2012-02-01,14.549216
2012-02-02,14.507371
2012-02-03,14.542283
2012-02-06,14.487708
2012-02-07,14.58731
2012-02-08,14.583233
2012-02-09,14.548483
2012-02-10,14.525147
2012-02-13,14.481188
2012-02-14,14.505874
2012-02-15,14.419834
2012-02-16,14.844023
2012-02-17,15.220439
2012-02-21,15.165195
2012-02-22,15.221947
2012-02-23,15.171669
2012-02-24,15.247553
2012-02-27,14.925291
2012-02-28,15.184521
2012-02-29,15.730771
2012-03-01,15.764924
2012-03-02,15.76674
2012-03-05,15.796446
2012-03-06,15.720884
2012-03-07,15.716834
2012-03-08,15.771105
2012-03-09,15.845941
2012-03-12,16.021146
2012-03-13,16.04879
2012-03-14,15.232716
2012-03-15,15.218609
2012-03-16,15.178915
2012-03-19,15.106865
2012-03-20,15.123679
2012-03-21,15.099844
2012-03-22,15.106595
2012-03-23,15.108413
2012-03-26,15.224232
2012-03-27,15.290253
2012-03-28,15.162096
2012-03-29,15.218607
2012-03-30,15.301825
2012-04-02,15.365861
2012-04-03,15.373587
2012-04-04,15.349674
2012-04-05,15.236188
2012-04-09,15.153602
2012-04-10,14.967079
2012-04-11,14.998385
2012-04-12,15.054427
2012-04-13,14.994856
2012-04-16,15.142233
2012-04-17,15.239677
2012-04-18,15.196574
2012-04-19,15.151407
2012-04-20,15.289795
2012-04-23,15.20151
2012-04-24,15.320325
2012-04-25,15.328075
2012-04-26,15.678931
2012-04-27,15.743872
2012-04-30,15.770933
2012-05-01,15.755178
2012-05-02,15.722299
2012-05-03,15.665197
2012-05-04,16.371418
2012-05-07,16.33212
2012-05-08,16.361626
2012-05-09,16.350074
2012-05-10,16.526507
2012-05-11,16.518759
2012-05-14,16.47145
2012-05-15,16.37898
2012-05-16,16.371626
2012-05-17,16.273242
2012-05-18,16.262299
2012-05-21,16.291754
2012-05-22,16.390494
2012-05-23,16.283944
2012-05-24,16.37256
2012-05-25,16.406893
2012-05-29,16.472607
2012-05-30,16.3376
2012-05-31,16.434238
2012-06-01,16.369574
2012-06-04,16.428185
2012-06-05,16.489413
2012-06-06,16.692765
2012-06-07,16.809829
2012-06-08,16.871253
2012-06-11,16.830559
2012-06-12,16.866439
2012-06-13,16.855384
2012-06-14,16.992364
2012-06-15,17.066266
2012-06-18,17.130451
2012-06-19,17.097758
2012-06-20,16.910429
2012-06-21,16.733976
2012-06-22,16.753863
2012-06-25,16.701051
2012-06-26,16.745272
2012-06-27,16.92426
2012-06-28,16.960927
2012-06-29,17.05535
2012-07-02,16.971231
2012-07-03,16.921966
2012-07-05,16.83659
2012-07-06,16.775626
2012-07-09,16.723514
2012-07-10,16.762054
2012-07-11,16.852871
2012-07-12,16.859647
2012-07-13,17.030263
2012-07-16,16.998488
2012-07-17,17.045531
2012-07-18,17.112268
2012-07-19,17.13607
2012-07-20,17.169401
2012-07-23,17.046902
2012-07-24,16.900246
2012-07-25,16.876317
2012-07-26,17.143651
2012-07-27,17.357192
2012-07-30,17.527962
2012-07-31,17.459751
2012-08-01,17.754744
2012-08-02,17.776909
2012-08-03,17.980598
2012-08-06,17.993483
2012-08-07,17.957816
2012-08-08,18.154313
2012-08-09,18.164273
2012-08-10,18.223432
2012-08-13,18.146486
2012-08-14,18.142967
2012-08-15,18.043009
2012-08-16,17.979007
2012-08-17,17.953035
2012-08-20,17.970162
2012-08-21,17.848457
2012-08-22,17.81235
2012-08-23,17.625366
2012-08-24,17.710502
2012-08-27,17.74194
2012-08-28,17.705941
2012-08-29,17.644604
2012-08-30,17.569211
2012-08-31,17.552311
2012-09-04,17.603604
2012-09-05,17.529137
2012-09-06,17.726925
2012-09-07,17.667137
2012-09-10,17.639728
2012-09-11,17.585454
2012-09-12,17.492593
2012-09-13,17.744767
2012-09-14,17.610488
2012-09-17,17.50911
2012-09-18,17.431257
2012-09-19,17.468987
2012-09-20,17.533082
2012-09-21,17.543836
2012-09-24,17.711993
2012-09-25,17.656922
2012-09-26,17.696237
2012-09-27,17.618042
2012-09-28,17.701218
2012-10-01,17.627477
2012-10-02,17.702508
2012-10-03,17.800824
2012-10-04,17.908549
2012-10-05,17.874057
2012-10-08,17.892824
2012-10-09,17.878176
2012-10-10,17.831246
2012-10-11,17.846859
2012-10-12,17.742711
2012-10-15,17.837337
2012-10-16,17.89055
2012-10-17,18.114591
2012-10-18,18.19133
2012-10-19,18.06806
2012-10-22,17.998767
2012-10-23,17.835549
2012-10-24,17.688232
2012-10-25,17.83558
2012-10-26,17.957373
2012-10-31,17.973203
2012-11-01,18.055553
2012-11-02,17.908879
2012-11-05,17.753403
2012-11-06,17.691862
2012-11-07,18.498477
2012-11-08,18.738122
2012-11-09,18.537348
2012-11-12,18.374001
2012-11-13,18.437483
2012-11-14,18.273349
2012-11-15,18.150296
2012-11-16,18.347316
2012-11-19,18.34458
2012-11-20,18.302534
2012-11-21,18.229781
2012-11-23,18.188035
2012-11-26,18.423066
2012-11-27,18.46657
2012-11-28,18.529025
2012-11-29,18.63472
2012-11-30,18.819785
2012-12-03,18.700913
2012-12-04,18.603522
2012-12-05,18.895599
2012-12-06,18.85952
2012-12-07,18.868653
2012-12-10,18.873836
2012-12-11,18.909509
2012-12-12,18.887765
2012-12-13,18.806151
2012-12-14,18.740022
2012-12-17,19.018266
2012-12-18,19.287856
2012-12-19,19.124222
2012-12-20,19.202064
2012-12-21,19.100189
2012-12-24,19.028015
2012-12-26,18.854781
2012-12-27,18.812091
2012-12-28,18.626321
2012-12-31,18.886064
2013-01-02,19.228478
2013-01-03,19.228086
2013-01-04,19.332882
2013-01-07,19.113133
2013-01-08,19.075836
2013-01-09,19.033265
2013-01-10,19.122496
2013-01-11,19.135488
2013-01-14,19.107752
2013-01-15,19.16625
2013-01-16,19.070978
2013-01-17,19.145425
2013-01-18,19.309596
2013-01-22,19.467876
2013-01-23,19.40847
2013-01-24,19.501636
2013-01-25,19.608946
2013-01-28,19.575031
2013-01-29,19.936648
2013-01-30,19.825345
2013-01-31,20.358036
2013-02-01,20.398602
2013-02-04,20.265288
2013-02-05,20.324805
2013-02-06,20.322383
2013-02-07,20.654638
2013-02-08,20.52227
2013-02-11,20.562055
2013-02-12,20.644184
2013-02-13,20.70228
2013-02-14,20.613487
2013-02-15,20.670244
2013-02-19,20.757961
2013-02-20,21.887545
2013-02-21,22.015522
2013-02-22,22.233288
2013-02-25,22.263183
2013-02-26,20.708199
2013-02-27,20.011165
2013-02-28,20.292898
2013-03-01,20.323723
2013-03-04,20.516538
2013-03-05,20.632506
2013-03-06,20.603142
2013-03-07,20.513359
2013-03-08,20.561475
2013-03-11,20.620832
2013-03-12,20.548607
2013-03-13,20.627713
2013-03-14,20.67452
2013-03-15,20.806625
2013-03-18,20.693281
2013-03-19,20.741444
2013-03-20,20.89416
2013-03-21,20.791766
2013-03-22,20.831765
2013-03-25,20.780143
2013-03-26,20.978089
2013-03-27,21.060691
2013-03-28,21.323832
2013-04-01,21.280982
2013-04-02,21.359006
2013-04-03,21.297381
2013-04-04,21.49126
2013-04-05,21.583918
2013-04-08,21.751981
2013-04-09,21.680466
2013-04-10,21.848162
2013-04-11,21.910935
2013-04-12,21.979256
2013-04-15,21.665857
2013-04-16,21.919656
2013-04-17,21.803758
2013-04-18,21.882899
2013-04-19,22.199795
2013-04-22,22.18549
2013-04-23,22.240114
2013-04-24,22.587318
2013-04-25,22.204541
2013-04-26,22.155837
2013-04-29,22.337036
2013-04-30,22.811987
2013-05-01,22.704641
2013-05-02,22.882982
2013-05-03,23.198791
2013-05-06,22.868526
2013-05-07,23.425827
2013-05-08,23.21813
2013-05-09,23.063662
2013-05-10,23.121323
2013-05-13,22.983442
2013-05-14,23.134685
2013-05-15,23.320264
2013-05-16,23.128227
2013-05-17,23.362078
2013-05-20,23.255376
2013-05-21,23.281159
2013-05-22,22.899217
2013-05-23,22.726517
2013-05-24,22.493949
2013-05-28,22.227117
2013-05-29,21.885761
2013-05-30,21.930893
2013-05-31,21.800507
2013-06-03,21.844561
2013-06-04,21.754157
2013-06-05,21.550539
2013-06-06,21.80393
2013-06-07,21.959993
2013-06-10,21.914958
2013-06-11,21.774194
2013-06-12,21.543488
2013-06-13,21.902611
2013-06-14,21.925866
2013-06-17,21.996587
2013-06-18,22.149841
2013-06-19,21.640167
2013-06-20,21.020194
2013-06-21,21.296811
2013-06-24,21.277151
2013-06-25,21.538456
2013-06-26,21.815671
2013-06-27,21.837414
2013-06-28,21.917122
2013-07-01,21.630159
2013-07-02,21.618499
2013-07-03,21.586728
2013-07-05,21.482675
2013-07-08,21.751098
2013-07-09,21.915429
2013-07-10,22.019773
2013-07-11,22.378187
2013-07-12,22.454042
2013-07-15,22.810252
2013-07-16,22.695938
2013-07-17,22.674429
2013-07-18,22.894773
2013-07-19,22.877044
2013-07-22,22.86478
2013-07-23,22.930138
2013-07-24,22.575135
2013-07-25,22.794003
2013-07-26,22.951824
2013-07-29,22.872975
2013-07-30,23.023095
2013-07-31,22.937714
2013-08-01,23.659152
2013-08-02,23.63433
2013-08-05,23.52868
2013-08-06,23.617713
2013-08-07,24.099451
2013-08-08,24.107487
2013-08-09,24.159992
2013-08-12,24.005516
2013-08-13,23.870612
2013-08-14,23.689865
2013-08-15,23.356727
2013-08-16,23.105084
2013-08-19,22.923331
2013-08-20,23.116225
2013-08-21,22.846973
2013-08-22,22.996648
2013-08-23,23.175817
2013-08-26,22.993841
2013-08-27,22.984231
2013-08-28,23.051855
2013-08-29,22.930349
2013-08-30,22.937619
2013-09-03,22.677914
2013-09-04,22.645016
2013-09-05,22.560077
2013-09-06,22.687281
2013-09-09,22.778999
2013-09-10,22.942211
2013-09-11,22.731744
2013-09-12,22.657218
2013-09-13,22.833398
2013-09-16,22.884045
2013-09-17,23.009298
2013-09-18,23.700572
2013-09-19,23.591169
2013-09-20,23.249618
2013-09-23,23.509816
2013-09-24,23.486353
2013-09-25,23.315004
2013-09-26,23.283569
2013-09-27,23.125853
2013-09-30,23.098134
2013-10-01,23.180173
2013-10-02,23.214795
2013-10-03,22.927121
2013-10-04,22.975053
2013-10-07,22.873281
2013-10-08,23.01974
2013-10-09,23.120805
2013-10-10,23.463561
2013-10-11,23.570072
2013-10-14,23.433966
2013-10-15,23.108762
2013-10-16,23.33735
2013-10-17,23.712064
2013-10-18,23.776653
2013-10-21,23.727849
2013-10-22,24.029441
2013-10-23,24.066054
2013-10-24,24.059074
2013-10-25,24.433655
2013-10-28,24.377625
2013-10-29,24.422128
2013-10-30,24.089932
2013-10-31,23.954566
2013-11-01,23.812855
2013-11-04,23.840268
2013-11-05,23.50272
2013-11-06,22.82414
2013-11-07,21.219215
2013-11-08,21.176771
2013-11-11,21.180864
2013-11-12,20.889038
2013-11-13,20.94789
2013-11-14,21.126287
2013-11-15,21.253769
2013-11-18,21.23384
2013-11-19,21.084212
2013-11-20,20.832004
2013-11-21,20.885319
2013-11-22,20.87762
2013-11-25,20.792322
2013-11-26,20.586743
2013-11-27,20.531071
2013-11-29,20.519594
2013-12-02,20.441781
2013-12-03,20.556235
2013-12-04,20.601315
2013-12-05,20.447887
2013-12-06,20.690967
2013-12-09,20.578019
2013-12-10,20.363983
2013-12-11,20.199599
2013-12-12,20.218429
2013-12-13,20.190841
2013-12-16,20.301995
2013-12-17,20.259505
2013-12-18,20.528433
2013-12-19,20.377178
2013-12-20,20.562908
2013-12-23,20.49617
2013-12-24,20.567086
2013-12-26,20.482887
2013-12-27,20.521258
2013-12-30,20.57963
2013-12-31,20.627048
2014-01-02,20.309006
2014-01-03,20.250163
2014-01-06,20.268926
2014-01-07,20.453416
2014-01-08,20.342128
2014-01-09,20.458202
2014-01-10,20.753055
2014-01-13,20.562878
2014-01-14,20.581202
2014-01-15,20.5375
2014-01-16,20.670337
2014-01-17,20.665177
2014-01-21,20.903157
2014-01-22,20.926884
2014-01-23,20.862207
2014-01-24,20.62936
2014-01-27,20.390849
2014-01-28,20.57238
2014-01-29,20.525461
2014-01-30,20.799344
2014-01-31,19.989137
2014-02-03,19.492188
2014-02-04,19.372604
2014-02-05,19.281797
2014-02-06,19.643893
2014-02-07,19.765152
2014-02-10,19.906536
2014-02-11,20.130048
2014-02-12,20.10404
2014-02-13,20.335725
2014-02-14,20.490389
2014-02-18,20.299631
2014-02-19,20.186526
2014-02-20,20.352244
2014-02-21,19.186136
2014-02-24,19.131033
2014-02-25,19.287314
2014-02-26,19.418018
2014-02-27,19.376194
2014-02-28,20.215092
2014-03-03,20.02436
2014-03-04,20.181868
2014-03-05,20.037806
2014-03-06,19.911643
2014-03-07,19.961415
2014-03-10,19.926869
2014-03-11,19.85992
2014-03-12,20.11479
2014-03-13,20.300119
2014-03-14,20.417138
2014-03-17,20.544243
2014-03-18,20.503964
2014-03-19,20.203434
2014-03-20,20.224225
2014-03-21,20.384565
2014-03-24,20.443186
2014-03-25,20.521674
2014-03-26,20.439837
2014-03-27,20.598625
2014-03-28,20.633182
2014-03-31,20.848787
2014-04-01,20.713816
2014-04-02,20.672387
2014-04-03,20.739699
2014-04-04,20.856525
2014-04-07,20.81539
2014-04-08,21.126014
2014-04-09,21.070328
2014-04-10,20.989166
2014-04-11,20.967205
2014-04-14,21.103138
2014-04-15,21.383665
2014-04-16,21.543496
2014-04-17,21.293751
2014-04-21,21.258986
2014-04-22,21.267427
2014-04-23,21.295971
2014-04-24,21.142592
2014-04-25,21.140048
2014-04-28,21.248389
2014-04-29,21.083521
2014-04-30,20.554639
2014-05-01,20.640997
2014-05-02,20.193022
2014-05-05,20.350043
2014-05-06,20.097275
2014-05-07,20.849718
2014-05-08,20.551296
2014-05-09,20.257406
2014-05-12,20.056655
2014-05-13,20.088875
2014-05-14,20.162993
2014-05-15,20.090173
2014-05-16,20.143654
2014-05-19,19.829288
2014-05-20,19.831414
2014-05-21,19.845015
2014-05-22,20.007061
2014-05-23,19.959928
2014-05-27,20.122494
2014-05-28,20.223237
2014-05-29,20.248156
2014-05-30,20.401402
2014-06-02,20.391142
2014-06-03,20.456211
2014-06-04,20.458772
2014-06-05,20.626786
2014-06-06,20.54964
2014-06-09,20.402088
2014-06-10,20.342867
2014-06-11,20.085764
2014-06-12,20.147504
2014-06-13,20.278206
2014-06-16,20.41709
2014-06-17,20.38055
2014-06-18,20.83417
2014-06-19,21.013944
2014-06-20,20.887404
2014-06-23,20.843473
2014-06-24,20.895163
2014-06-25,20.995897
2014-06-26,21.037833
2014-06-27,21.109354
2014-06-30,21.280783
2014-07-01,21.072307
2014-07-02,20.659745
2014-07-03,20.43514
2014-07-07,20.521375
2014-07-08,20.647754
2014-07-09,20.616353
2014-07-10,20.741373
2014-07-11,20.597756
2014-07-14,20.350278
2014-07-15,20.453197
2014-07-16,20.534084
2014-07-17,20.331484
2014-07-18,20.551141
2014-07-21,20.530956
2014-07-22,20.49749
2014-07-23,20.491114
2014-07-24,20.564684
2014-07-25,20.350078
2014-07-28,20.648531
2014-07-29,20.467643
2014-07-30,20.068668
2014-07-31,19.58518
2014-08-01,19.668288
2014-08-04,19.552808
2014-08-05,19.10054
2014-08-06,18.701382
2014-08-07,18.855912
2014-08-08,19.22997
2014-08-11,19.160928
2014-08-12,19.139246
2014-08-13,19.179763
2014-08-14,19.364012
2014-08-15,19.423997
2014-08-18,19.390699
2014-08-19,19.630247
2014-08-20,19.674486
2014-08-21,19.721187
2014-08-22,19.662656
2014-08-25,19.785996
2014-08-26,19.562543
2014-08-27,19.743166
2014-08-28,19.876363
2014-08-29,20.02433
2014-09-02,19.821
2014-09-03,19.930645
2014-09-04,19.93009
2014-09-05,20.177529
2014-09-08,20.031645
2014-09-09,19.793523
2014-09-10,19.715689
2014-09-11,19.882264
2014-09-12,19.520725
2014-09-15,19.580982
2014-09-16,19.821118
2014-09-17,19.774481
2014-09-18,19.638173
2014-09-19,19.806523
2014-09-22,19.668894
2014-09-23,19.595968
2014-09-24,19.532239
2014-09-25,19.422644
2014-09-26,19.454792
2014-09-29,19.559938
2014-09-30,19.598628
2014-10-01,19.703486
2014-10-02,19.6809
2014-10-03,19.802305
2014-10-06,19.800678
2014-10-07,19.780788
2014-10-08,20.221117
2014-10-09,19.887764
2014-10-10,19.988509
2014-10-13,19.969783
2014-10-14,20.162964
2014-10-15,19.895391
2014-10-16,19.901821
2014-10-17,20.01862
2014-10-20,20.298376
2014-10-21,20.373285
2014-10-22,20.501942
2014-10-23,20.523753
2014-10-24,20.756919
2014-10-27,20.71364
2014-10-28,20.34104
2014-10-29,20.141503
2014-10-30,20.524846
2014-10-31,20.621453
2014-11-03,20.764969
2014-11-04,20.453706
2014-11-05,20.190625
2014-11-06,19.640697
2014-11-07,19.85996
2014-11-10,19.961365
2014-11-11,19.890687
2014-11-12,19.487502
2014-11-13,19.327753
2014-11-14,19.255373
2014-11-17,19.514493
2014-11-18,19.566251
2014-11-19,19.553284
2014-11-20,19.507122
2014-11-21,19.582062
2014-11-24,19.408336
2014-11-25,19.387016
2014-11-26,19.485344
2014-11-28,19.693334
2014-12-01,19.725596
2014-12-02,19.861482
2014-12-03,19.805359
2014-12-04,19.789004
2014-12-05,19.624655
2014-12-08,19.764268
2014-12-09,19.861831
2014-12-10,19.620613
2014-12-11,19.817055
2014-12-12,19.627452
2014-12-15,19.452337
2014-12-16,19.416164
2014-12-17,19.791747
2014-12-18,20.178628
2014-12-19,20.181449
2014-12-22,20.247268
2014-12-23,20.304241
2014-12-24,20.671391
2014-12-26,20.920975
2014-12-29,21.153863
2014-12-30,20.71172
2014-12-31,20.330134
2015-01-02,20.446294
2015-01-05,20.178727
2015-01-06,20.203022
2015-01-07,20.400412
2015-01-08,20.544295
2015-01-09,20.410553
2015-01-12,20.35613
2015-01-13,20.420298
2015-01-14,20.61357
2015-01-15,20.760905
2015-01-16,20.944878
2015-01-20,20.992121
2015-01-21,21.199773
2015-01-22,21.106261
2015-01-23,21.177229
2015-01-26,21.168333
2015-01-27,20.845057
2015-01-28,20.759021
2015-01-29,21.008669
2015-01-30,20.538062
2015-02-02,20.626917
2015-02-03,20.714244
2015-02-04,20.531993
2015-02-05,20.302548
2015-02-06,19.589309
2015-02-09,19.428533
2015-02-10,19.811917
2015-02-11,19.275719
2015-02-12,19.17377
2015-02-13,19.067139
2015-02-17,19.343839
2015-02-18,20.265074
2015-02-19,20.153733
2015-02-20,19.979296
2015-02-23,20.118963
2015-02-24,20.160622
2015-02-25,19.899136
2015-02-26,19.463397
2015-02-27,19.211614
2015-03-02,18.851334
2015-03-03,18.985952
2015-03-04,18.867231
2015-03-05,19.011419
2015-03-06,18.42704
2015-03-09,18.447168
2015-03-10,18.417052
2015-03-11,18.295978
2015-03-12,18.642339
2015-03-13,18.454236
2015-03-16,18.767788
2015-03-17,18.734508
2015-03-18,19.243867
2015-03-19,19.053483
2015-03-20,19.231215
2015-03-23,19.260044
2015-03-24,19.03387
2015-03-25,18.800829
2015-03-26,18.650849
2015-03-27,18.748256
2015-03-30,18.992539
2015-03-31,18.982671
2015-04-01,19.003871
2015-04-02,19.053716
2015-04-06,19.296339
2015-04-07,19.087893
2015-04-08,19.033273
2015-04-09,18.942128
2015-04-10,19.091203
2015-04-13,18.892896
2015-04-14,18.998684
2015-04-15,19.035175
2015-04-16,18.919499
2015-04-17,18.854574
2015-04-20,19.135364
2015-04-21,18.950731
2015-04-22,18.999043
2015-04-23,19.074457
2015-04-24,19.298253
2015-04-27,19.059468
2015-04-28,19.28553
2015-04-29,18.732499
2015-04-30,18.433388
2015-05-01,18.353953
2015-05-04,18.394479
2015-05-05,17.885151
2015-05-06,17.780329
2015-05-07,17.663441
2015-05-08,17.836265
2015-05-11,17.642561
2015-05-12,17.588741
2015-05-13,17.404098
2015-05-14,17.57562
2015-05-15,17.796735
2015-05-18,17.859634
2015-05-19,17.899785
2015-05-20,17.929543
2015-05-21,17.920074
2015-05-22,17.888189
2015-05-26,17.766119
2015-05-27,17.821739
2015-05-28,17.867283
2015-05-29,17.836946
2015-06-01,17.863583
2015-06-02,17.562195
2015-06-03,17.316057
2015-06-04,17.273923
2015-06-05,17.051809
2015-06-08,16.945607
2015-06-09,16.920664
2015-06-10,16.995563
2015-06-11,17.118954
2015-06-12,16.967047
2015-06-15,16.93214
2015-06-16,17.005454
2015-06-17,17.16331
2015-06-18,17.395545
2015-06-19,17.216892
2015-06-22,17.188302
2015-06-23,16.952726
2015-06-24,16.8187
2015-06-25,16.705096
2015-06-26,16.796161
2015-06-29,16.700567
2015-06-30,16.662456
2015-07-01,16.728459
2015-07-02,16.671777
2015-07-06,16.713062
2015-07-07,17.128428
2015-07-08,17.04095
2015-07-09,16.858855
2015-07-10,16.949854
2015-07-13,16.954666
2015-07-14,16.935093
2015-07-15,17.016156
2015-07-16,17.278534
2015-07-17,17.094378
2015-07-20,17.016352
2015-07-21,16.852217
2015-07-22,16.932723
2015-07-23,16.674129
2015-07-24,16.687701
2015-07-27,16.90438
2015-07-28,16.998038
2015-07-29,16.960786
2015-07-30,16.964552
2015-07-31,17.086917
2015-08-03,17.209809
2015-08-04,16.895204
2015-08-05,16.805999
2015-08-06,16.93648
2015-08-07,17.146872
2015-08-10,17.127229
2015-08-11,17.202096
2015-08-12,17.473772
2015-08-13,17.46288
2015-08-14,17.596835
2015-08-17,17.677806
2015-08-18,17.628386
2015-08-19,17.703293
2015-08-20,17.599061
2015-08-21,17.386263
2015-08-24,16.739063
2015-08-25,16.209704
2015-08-26,16.482058
2015-08-27,16.679996
2015-08-28,16.630395
2015-08-31,16.36266
2015-09-01,15.924779
2015-09-02,15.926987
2015-09-03,16.009231
2015-09-04,15.769465
2015-09-08,16.09196
2015-09-09,15.888209
2015-09-10,15.857672
2015-09-11,15.984297
2015-09-14,16.025554
2015-09-15,16.105369
2015-09-16,16.267519
2015-09-17,16.481169
2015-09-18,16.378763
2015-09-21,16.442507
2015-09-22,16.238197
2015-09-23,16.276815
2015-09-24,16.409798
2015-09-25,16.575156
2015-09-28,16.477619
2015-09-29,16.492018
2015-09-30,16.779633
2015-10-01,16.579987
2015-10-02,16.798272
2015-10-05,17.024581
2015-10-06,16.901461
2015-10-07,16.8497
2015-10-08,17.052492
2015-10-09,16.983304
2015-10-12,17.136454
2015-10-13,17.092356
2015-10-14,17.091774
2015-10-15,17.335003
2015-10-16,17.373046
2015-10-19,17.372071
2015-10-20,17.42608
2015-10-21,17.398914
2015-10-22,17.590914
2015-10-23,17.219776
2015-10-26,17.141389
2015-10-27,17.155332
2015-10-28,17.015781
2015-10-29,16.827187
2015-10-30,17.116061
2015-11-02,17.642034
2015-11-03,17.714565
2015-11-04,17.843922
2015-11-05,18.168748
2015-11-06,17.477596
2015-11-09,17.535422
2015-11-10,17.653048
2015-11-11,17.810339
2015-11-12,17.606648
2015-11-13,17.542444
2015-11-16,17.817669
2015-11-17,17.488245
2015-11-18,17.618344
2015-11-19,17.792603
2015-11-20,17.872802
2015-11-23,17.693764
2015-11-24,17.643206
2015-11-25,17.543341
2015-11-27,17.584057
2015-11-30,17.615411
2015-12-01,17.750324
2015-12-02,17.361366
2015-12-03,17.211653
2015-12-04,17.476171
2015-12-07,17.534313
2015-12-08,17.492599
2015-12-09,17.498297
2015-12-10,17.209313
2015-12-11,17.157046
2015-12-14,17.235523
2015-12-15,17.388084
2015-12-16,17.833593
2015-12-17,17.852328
2015-12-18,17.627264
2015-12-21,17.632585
2015-12-22,17.767002
2015-12-23,18.040847
2015-12-24,18.025633
2015-12-28,18.060425
2015-12-29,18.151465
2015-12-30,18.124349
2015-12-31,17.933996
2016-01-01,20.468381160180183
2016-01-04,20.517194133990007
2016-01-05,20.49646426604125
2016-01-06,20.58891080273144
2016-01-07,20.46270361848864
2016-01-08,20.35115485299277
2016-01-11,20.32976066525875
2016-01-12,20.405611764507544
2016-01-13,20.216048227754605
2016-01-14,20.53716477964301
2016-01-15,20.32020942662484
2016-01-18,20.374089592124072
2016-01-19,20.715717205122136
2016-01-20,20.192590032028548
2016-01-21,20.163141089399165
2016-01-22,20.54106011630393
2016-01-25,20.33858092224296
2016-01-26,20.540475874238872
2016-01-27,20.466960394718487
2016-01-28,20.950536357572556
2016-01-29,21.46456419921256
2016-02-01,21.645886759830745
2016-02-02,21.723068544440583
2016-02-03,22.123127050536347
2016-02-04,22.062032932815185
2016-02-05,22.247837855803137
2016-02-08,22.1292207577088
2016-02-09,22.194602502885747
2016-02-10,21.97307881831793
2016-02-11,21.469611665317792
2016-02-12,21.41318719895059
2016-02-15,21.281783992062216
2016-02-16,21.454068199380345
2016-02-17,21.444077093508167
2016-02-18,21.82347932275653
2016-02-19,21.76838200611127
2016-02-22,22.087853495426486
2016-02-23,22.077681843485305
2016-02-24,22.194432121058068
2016-02-25,22.40626005094947
2016-02-26,21.84904474499901
2016-02-29,21.90467140926716
2016-03-01,21.85569939331465
2016-03-02,21.942738026992217
2016-03-03,22.183064806050933
2016-03-04,22.606822713080707
2016-03-07,22.87150296070104
2016-03-08,23.10284290646885
2016-03-09,23.360084823849807
2016-03-10,23.113450025527683
2016-03-11,23.159590799309328
2016-03-14,24.880399804084284
2016-03-15,23.3162944337569
2016-03-16,23.720242318003187
2016-03-17,23.94487657137387
2016-03-18,23.85935819577187
2016-03-21,23.815685832254456
2016-03-22,23.753808951947768
2016-03-23,23.803394539746527
2016-03-24,23.90901546814561
2016-03-25,23.76412701810905
2016-03-28,23.708506423266247
2016-03-29,24.065099566646506
2016-03-30,23.95470783538313
2016-03-31,25.25286008753665
2016-04-01,25.287756990318563
2016-04-04,25.1807272728281
2016-04-05,24.656930142841507
2016-04-06,25.0013106519802
2016-04-07,24.488925577331035
2016-04-08,24.6250776326356
2016-04-11,24.55218181125279
2016-04-12,24.771527893092767
2016-04-13,24.767123695847992
2016-04-14,24.738398044050072
2016-04-15,24.95315282027372
2016-04-18,26.7628714526688
2016-04-19,25.07010130205399
2016-04-20,24.46468818633352
2016-04-21,23.96330411939611
2016-04-22,24.254437967828768
2016-04-25,24.810531697834147
2016-04-26,24.40422161752645
2016-05-06,25.051957934979622
2016-05-11,25.52079200871941
2016-05-12,25.72457590753021
2016-05-13,25.531042854536224
2016-05-16,26.014623315368933
2016-05-17,25.030490632222254
2016-05-18,24.552670403979835
2016-05-19,24.846324569327223
2016-05-20,24.874151890082175
2016-05-23,24.6107967882704
2016-05-24,24.92610356760186
2016-05-25,24.931125021448477
2016-05-26,25.207514678760607
2016-05-27,25.275611175737364
2016-05-30,25.20268179307931
2016-05-31,25.376800690283503
2016-06-01,25.565038380496805
2016-06-02,25.5640357315566
2016-06-03,26.148182290664323
2016-06-06,26.167693035600365
2016-06-07,26.096252518794763
2016-06-08,26.4137962177522
2016-06-09,26.742702016910208
2016-06-10,26.579433213800748
2016-06-13,26.28382051249285
2016-06-14,26.40608377093117
2016-06-15,25.861813980538024
2016-06-16,26.051170012916888
2016-06-17,25.997520068766693
2016-06-20,25.83035332726338
2016-06-21,25.88270592647223
2016-06-22,25.796197940114315
2016-06-23,25.90098911040262
2016-06-24,25.96103616632028
2016-06-27,26.421518859178917
2016-06-28,26.523445306902204
2016-06-29,26.276098644918235
2016-06-30,29.5750040555666
2016-07-01,29.6729431251715
2016-07-04,29.567442660011206
2016-07-05,29.83211849084347
2016-07-06,29.13957470576733
2016-07-07,28.38417131657744
2016-07-08,28.67502273316422
2016-07-11,28.691986791285508
2016-07-12,28.22658624605924
2016-07-13,28.64501522693934
2016-07-14,28.668051050884745
2016-07-15,28.721051441356952
2016-07-18,28.65696805914793
2016-07-19,28.623026342360685
2016-07-20,28.50456986453233
2016-07-21,28.507026139225182
2016-07-22,28.910074786770227
2016-07-25,28.787700525733463
2016-07-26,28.52911429515556
2016-07-27,28.192548401038646
2016-07-28,28.279554388867854
2016-07-29,28.411887734069197
2016-08-01,28.458927212893503
2016-08-02,28.30999294803477
2016-08-03,27.93729617770873
2016-08-04,27.920114640618003
2016-08-05,27.64173212832011
2016-08-08,27.52396466114747
2016-08-09,27.533743184655087
2016-08-10,28.011528880803777
2016-08-11,27.383357217626944
2016-08-12,27.39424616660253
2016-08-15,26.991365364727045
2016-08-16,26.6638548033366
2016-08-17,27.022444597474475
2016-08-18,27.36394542030256
2016-08-19,27.01332787104084
2016-08-22,27.091805040315595
2016-08-23,26.95468873248416
2016-08-24,26.954146940481525
2016-08-25,26.932488310114163
2016-08-26,26.350204775446297
2016-08-29,26.550261883669343
2016-08-30,24.862104535495337
2016-08-31,24.89951530902797
2016-09-01,24.853740058593157
2016-09-02,25.11430342630521
2016-09-05,25.71833387921448
2016-09-06,26.022772065129484
2016-09-07,25.941219253851823
2016-09-08,26.10802362014442
2016-09-09,25.17498869757277
2016-09-12,25.545684765635865
2016-09-13,25.120290736506323
2016-09-14,25.07439428889259
2016-09-15,25.31548170243575
2016-09-16,25.498784840142804
2016-09-19,25.79747977342217
2016-09-20,25.725684978900137
2016-09-21,26.3575347516646
2016-09-22,26.520881686961214
2016-09-23,26.406852543868503
2016-09-26,26.31656979837042
2016-09-27,25.971802095101168
2016-09-28,25.85609413394708
2016-09-29,25.58654124279056
2016-09-30,25.872290804967538
2016-10-03,25.525480236006235
2016-10-04,25.029663328096
2016-10-05,24.995071584692624
2016-10-06,24.76218435452056
2016-10-07,24.974079336160997
2016-10-10,25.17806582541346
2016-10-11,24.85201094017774
2016-10-12,24.77781076931913
2016-10-13,25.443104050350687
2016-10-14,25.28477284817173
2016-10-17,24.55413618865295
2016-10-18,24.71055540378189
2016-10-19,24.632728344741874
2016-10-20,24.86116481680296
2016-10-21,24.589874191100364
2016-10-24,24.69142099664764
2016-10-25,24.8051285512402
2016-10-26,24.777207984623686
2016-10-27,24.574473727480104
2016-10-28,24.653605374675017
2016-10-31,25.136292488544928
2016-11-01,24.68140775859412
2016-11-02,24.36792023979721
2016-11-03,24.347711041623054
2016-11-04,24.259314922620927
2016-11-07,25.19527221211046
2016-11-08,25.438794538973504
2016-11-09,24.39976686230482
2016-11-10,24.05547700025423
2016-11-11,23.770179850660256
2016-11-14,23.73343713874129
2016-11-15,24.31908806628565
2016-11-16,23.978627469370014
2016-11-17,23.984486855726924
2016-11-18,23.947543114277448
2016-11-21,24.19823715514117
2016-11-22,24.342845632900183
2016-11-23,23.658071709817385
2016-11-25,24.389379888706635
2016-11-29,25.06089016129334
2016-11-30,24.132134345298443
2016-12-01,24.001393875655054
2016-12-02,24.229912945874386
2016-12-05,24.266211178303195
2016-12-06,24.284196310068
2016-12-07,24.679951319309435
2016-12-08,24.692005374271417
2016-12-09,25.09717846893432
2016-12-12,25.425741671295288
2016-12-13,25.590886339723006
2016-12-14,25.01622410665087
2016-12-15,25.23270119232322
2016-12-16,25.581177133029676
2016-12-19,25.575598097630305
2016-12-20,25.730085887962467
2016-12-21,25.509710678438108
2016-12-22,25.61714343083929
2016-12-23,25.53346075116135
2016-12-26,25.58804779431448
2016-12-27,25.58509164076475
2016-12-28,25.393819452804397
2016-12-29,25.74245257020342
2016-12-30,25.54947929795632
2017-01-02,23.4767206825394
2017-01-03,23.41619094547939
2017-01-04,23.45654401893348
2017-01-05,23.51436590635568
2017-01-06,23.58685604378564
2017-01-09,22.811762239895927
2017-01-10,22.72713250808484
2017-01-11,22.92876634223367
2017-01-12,22.974135378035022
2017-01-13,23.420373629248505
2017-01-16,22.94314681536048
2017-01-17,23.16502559653094
2017-01-18,23.1523197004608
2017-01-19,22.926976448206723
2017-01-20,22.97005022491355
2017-01-23,22.886129825851576
2017-01-24,22.894899367639454
2017-01-25,22.896835494191805
2017-01-26,22.91889123004052
2017-01-27,22.903258407754905
2017-01-30,22.93667715410573
2017-01-31,23.27864799166541
2017-02-01,22.88152664304273
2017-02-02,23.075117508790328
2017-02-03,23.09901601965576
2017-02-06,23.10655182748301
2017-02-07,23.17066885214656
2017-02-08,23.39656131237668
2017-02-09,23.16141488017724
2017-02-10,23.277782348108605
2017-02-13,23.39420178002976
2017-02-14,23.243669129819025
2017-02-15,23.10752642953393
2017-02-16,23.385595825667195
2017-02-17,23.382932476043024
2017-02-20,23.39969332339027
2017-02-21,23.654156589558777
2017-02-22,23.777193572173555
2017-02-23,24.009745849393443
2017-02-24,24.287302794103223
2017-02-27,24.174712808436784
2017-02-28,24.398142029315444
2017-03-01,24.145857727172224
2017-03-02,24.30455896979248
2017-03-03,24.210315304326123
2017-03-06,24.19330080602172
2017-03-07,24.21118059830768
2017-03-08,23.814539012221942
2017-03-09,23.731419331480524
2017-03-10,23.96942717271341
2017-03-13,24.047925764061983
2017-03-14,24.014187812055937
2017-03-15,24.360005978353787
2017-03-16,24.08046224058391
2017-03-17,24.25658396052217
2017-03-20,24.07443935022756
2017-03-21,24.428817409504184
2017-03-22,24.501911368775897
2017-03-23,24.430376773552304
2017-03-24,24.54169265763343
2017-03-27,24.42074579946163
2017-03-28,24.4496311586449
2017-03-29,24.296541940186675
2017-03-30,24.19608324578607
2017-03-31,29.42237925661039
2017-04-03,29.649160582778705
2017-04-04,29.582673711452248
2017-04-05,29.835670179301815
2017-04-06,29.68705339205736
2017-04-07,29.673952332892476
2017-04-10,29.54738700176991
2017-04-11,29.642991799334837
2017-04-12,29.869112073033577
2017-04-13,29.73100500639193
2017-04-14,29.706263092878025
2017-04-17,29.86936312990896
2017-04-18,29.934974325120457
2017-04-19,29.89767268390805
2017-04-20,29.70290375661518
2017-04-21,29.88062087601448
2017-04-24,29.924761508928448
2017-04-25,29.885091706773995
2017-04-26,29.7673081246178
2017-04-27,29.8566855681859
2017-04-28,29.882815574713742
2017-05-01,29.66297795980366
2017-05-02,29.612475663430835
2017-05-03,29.450746200720143
2017-05-04,29.549489745381464
2017-05-05,29.698014218233062
2017-05-08,29.731860747216537
2017-05-09,29.397665541889843
2017-05-10,29.47565265803525
2017-05-11,29.46258852503439
2017-05-12,29.58987005391457
2017-05-15,29.75970792315072
2017-05-16,29.448570008489675
2017-05-17,29.493903408437827
2017-05-18,29.47941298532992
2017-05-19,29.593632740901768
2017-05-22,29.92825223034901
2017-05-23,30.01351884922997
2017-05-24,30.26353561099292
2017-05-25,30.536564879308006
2017-05-26,30.537989238968105
2017-05-29,30.49535452540709
2017-05-30,30.670120286928697
2017-05-31,30.8274355521676
2017-06-01,31.049383106965827
2017-06-02,31.094659630494164
2017-06-05,30.94661522434281
2017-06-06,30.84673710720557
2017-06-07,30.984292865217466
2017-06-08,30.669089854381824
2017-06-09,30.709259399365017
2017-06-12,30.63247459501396
2017-06-13,30.680825522996784
2017-06-14,30.86520788312438
2017-06-15,31.037512396025733
2017-06-16,31.18184357820957
2017-06-19,31.08887994612144
2017-06-20,31.101567880499022
2017-06-21,30.903723313903587
2017-06-22,30.771160101086974
2017-06-23,30.627696007518917
2017-06-26,30.90011698662861
2017-06-27,30.513929185160503
2017-06-28,30.22482222201313
2017-06-29,29.918915893311844
2017-06-30,30.27823259112702
2017-07-03,30.153040492608092
2017-07-04,30.179533301192617
2017-07-05,29.99035760955162
2017-07-06,29.952447069825507
2017-07-07,30.0046385071331
2017-07-10,29.963759265075943
2017-07-11,29.954498343786028
2017-07-12,30.21058472637564
2017-07-13,30.106171377240635
2017-07-14,30.272784533238116
2017-07-17,30.387782808541484
2017-07-18,30.47177939053578
2017-07-19,30.617481163970364
2017-07-20,30.82056289455319
2017-07-21,31.05469891057001
2017-07-24,30.76923674430767
2017-07-25,30.61105776623951
2017-07-26,30.879310275841355
2017-07-27,30.945096859331912
2017-07-28,30.92990197019347
2017-07-31,31.02668929976691
2017-08-01,31.163350028053348
2017-08-02,31.310098252513807
2017-08-03,31.45493821663163
2017-08-04,31.37181114095316
2017-08-07,31.44042107635292
2017-08-08,31.54285456684688
2017-08-09,31.391275714253062
2017-08-10,31.46223985671529
2017-08-11,31.265809556865097
2017-08-14,31.44280966698612
2017-08-15,31.60071220280358
2017-08-16,31.704206522111896
2017-08-17,31.46443118958005
2017-08-18,31.66514056540237
2017-08-21,31.773154376223847
2017-08-22,31.838890407894688
2017-08-23,31.92327294199538
2017-08-24,31.896396174326306
2017-08-25,31.995388650548755
2017-08-28,32.065978519149574
2017-08-29,32.020783236336726
2017-08-30,31.880496934530765
2017-08-31,31.883906544822835
2017-09-01,31.788102972395716
2017-09-04,31.788048055686676
2017-09-05,31.88485954134884
2017-09-06,31.71416755084928
2017-09-07,31.94923111111396
2017-09-08,32.09496230961813
2017-09-11,32.39493053533719
2017-09-12,31.823507427091297
2017-09-13,31.650836438253112
2017-09-14,31.9278793039788
2017-09-15,31.959908604869536
2017-09-18,31.520887782258125
2017-09-19,31.45515284351142
2017-09-20,31.211290363979792
2017-09-21,31.186441419690485
2017-09-22,30.973577582838285
2017-09-25,31.23035241848291
2017-09-26,31.186490602035253
2017-09-27,30.79056837022077
2017-09-28,30.88655977927512
2017-09-29,30.868888206118875
2017-10-02,29.47169571814785
2017-10-03,29.358710867146225
2017-10-04,29.67531663802572
2017-10-05,29.642487619089696
2017-10-06,29.622500105719208
2017-10-09,29.64413771332251
2017-10-10,29.952034633908923
2017-10-11,30.091009035662683
2017-10-12,30.242803637378103
2017-10-13,30.007292377919224
2017-10-16,29.955745862728676
2017-10-17,30.13381392580935
2017-10-18,30.08968245545269
2017-10-19,30.400027415661494
2017-10-20,30.43659905030775
2017-10-23,30.45814522900678
2017-10-24,30.482347205740115
2017-10-25,30.35137340623773
2017-10-26,30.350202924277337
2017-10-27,30.546002918697795
2017-10-30,30.555274621789067
2017-10-31,30.5871913822304
2017-11-01,30.416236195129414
2017-11-02,30.54556537248984
2017-11-03,30.661453908980143
2017-11-06,30.516466518338664
2017-11-07,30.891094619914696
2017-11-08,30.89083445212445
2017-11-09,30.91380843698988
2017-11-10,30.78233935211322
2017-11-13,31.1380743201428
2017-11-14,31.51446606674874
2017-11-15,31.21293707636032
2017-11-16,31.084410906986427
2017-11-17,30.86148550275309
2017-11-20,30.767508807991465
2017-11-21,30.83794260271073
2017-11-22,30.83060547583112
2017-11-24,30.88706434776777
2017-11-27,31.026505163895383
2017-11-28,31.15576029937283
2017-11-29,31.173352701684596
2017-11-30,31.27117213082592
2017-12-01,31.15237205865448
2017-12-04,30.968716191615425
2017-12-05,30.58429788361808
2017-12-06,30.700404229166505
2017-12-07,30.726467498578888
2017-12-08,30.81772495345984
2017-12-11,31.029717594448343
2017-12-12,30.4792614625044
2017-12-13,30.562817060705225
2017-12-14,30.51590844699629
2017-12-15,30.620887500987408
2017-12-18,30.286263391651225
2017-12-19,29.7427794480663
2017-12-20,29.511466090136373
2017-12-21,29.180172778532047
2017-12-22,29.213582181467046
2017-12-25,27.50386673425513
2017-12-26,29.041114093099985
2017-12-27,29.157566509232257
2017-12-28,29.296830755421208
2017-12-29,29.295794228529576
2018-01-01,20.782430831348268
2018-01-02,20.603905557280683
2018-01-03,20.40537388694908
2018-01-04,20.23191214796333
2018-01-05,20.235306762326324
2018-01-08,20.42705417792608
2018-01-09,20.22404144411292
2018-01-10,19.996730687266435
2018-01-11,19.924724696458156
2018-01-12,19.815209917537544
2018-01-15,19.81516841085936
2018-01-16,19.771256477452717
2018-01-17,19.8993619271818
2018-01-18,19.775472741876683
2018-01-19,19.713312000909276
2018-01-22,19.73512129045406
2018-01-23,19.935150167415543
2018-01-24,19.8192783371133
2018-01-25,20.11814444127216
2018-01-26,20.124444125464716
2018-01-29,19.86607245435608
2018-01-30,19.91064671656273
2018-01-31,20.132636705088185
2018-02-01,19.81884492123197
2018-02-02,19.674627975887827
2018-02-05,19.344399092582627
2018-02-06,19.04928268956781
2018-02-07,18.95841842483112
2018-02-08,18.72537353473263
2018-02-09,19.13700249135766
2018-02-12,19.292993750038804
2018-02-13,19.36312025861841
2018-02-14,19.13075977534933
2018-02-15,19.537958714027173
2018-02-16,19.684055047762627
2018-02-19,19.68404221298177
2018-02-20,19.437767385042324
2018-02-21,19.181206105695026
2018-02-22,19.254086620208465
2018-02-23,19.775475508036216
2018-02-26,19.70404677805191
2018-02-27,19.370276016759792
2018-02-28,19.24720199783009
2018-03-01,19.234263955629743
2018-03-02,19.18776363679553
2018-03-05,19.55993815278919
2018-03-06,19.29162332232847
2018-03-07,19.146556694314675
2018-03-08,19.281665410354407
2018-03-09,19.34003872927747
2018-03-12,19.42262062306192
2018-03-13,19.464230629787483
2018-03-14,19.65221963613641
2018-03-15,19.6384396106247
2018-03-16,19.836459186207183
2018-03-19,19.68528953340829
2018-03-20,19.59564778135049
2018-03-21,19.52277423554187
2018-03-22,19.607525889783
2018-03-23,19.335396694053685
2018-03-26,19.540157593281645
2018-03-27,19.8268350519465
2018-03-28,19.8087796589106
2018-03-29,19.243836893043746
2018-03-30,19.911214166385392
2018-04-02,17.829658020030877
2018-04-03,17.890832650463075
2018-04-04,17.930258303827316
2018-04-05,18.070522036255067
2018-04-06,17.945537606488465
2018-04-09,17.968059702113433
2018-04-10,17.840645812585382
2018-04-11,17.813162825761744
2018-04-12,17.58573065311174
2018-04-13,17.707945705744386
2018-04-16,17.951523535993857
2018-04-17,18.142039013299563
2018-04-18,18.067090315024128
2018-04-19,18.056639562381488
2018-04-20,17.89521633575223
2018-04-23,17.910240858592292
2018-04-24,18.0296457809831
2018-04-25,18.03205154293576
2018-04-26,18.220030416510983
2018-04-27,18.3918940430049
2018-04-30,18.34229331479551
2018-05-01,18.28821518958461
2018-05-02,17.608573250775315
2018-05-03,17.542881771194306
2018-05-04,17.667971068577746
2018-05-07,18.22014635080395
2018-05-08,17.763636711601666
2018-05-09,17.63064192157296
2018-05-10,17.865825294603276
2018-05-11,17.904369845898174
2018-05-14,17.826782599836058
2018-05-15,17.66975674811122
2018-05-16,17.517376930913414
2018-05-17,17.36010943905313
2018-05-18,17.335169237844955
2018-05-21,17.43649044357316
2018-05-22,17.50262613621015
2018-05-23,17.662556070491256
2018-05-24,17.794578314035036
2018-05-25,17.867933100840997
2018-05-28,17.225639381035236
2018-05-29,17.876622953951614
2018-05-30,18.01352670329367
2018-05-31,18.03194680984325
2018-06-01,17.755499335915903
2018-06-04,17.605507077020068
2018-06-05,17.585775448440817
2018-06-06,17.213350998295656
2018-06-07,17.28974811502659
2018-06-08,17.286631762403406
2018-06-11,17.22567556288078
2018-06-12,17.447753663451905
2018-06-13,17.403474546323572
2018-06-14,17.606742691434334
2018-06-15,17.726936808000577
2018-06-18,17.807663060601847
2018-06-19,17.995612971031093
2018-06-20,17.99628385280058
2018-06-21,18.059833666210416
2018-06-22,18.19164037576176
2018-06-25,18.48893782264099
2018-06-26,18.48672529388156
2018-06-27,18.602335463506105
2018-06-28,18.59246194031468
2018-06-29,18.59836473529929
2018-07-02,19.007540590717763
2018-07-03,19.049445680365004
2018-07-05,19.170390972653944
2018-07-06,19.31245471628699
2018-07-09,18.70761098980961
2018-07-10,18.891233796975584
2018-07-11,19.057934819503576
2018-07-12,19.07691057063949
2018-07-13,19.0879992377088
2018-07-16,19.06239394792331
2018-07-17,19.046333811661608
2018-07-18,18.951159706058576
2018-07-19,19.124561563833964
2018-07-20,18.97911500006152
2018-07-23,18.85592743624178
2018-07-24,18.919383539973392
2018-07-25,18.971346747513213
2018-07-26,19.189770927259467
2018-07-30,18.99484270555985
2018-08-01,19.03772218717404
2018-08-02,19.134852524232628
2018-08-03,19.33076827007033
2018-08-06,19.25634315514431
2018-08-07,19.321611418224037
2018-08-08,19.22200662124376
2018-08-09,19.302349733956103
2018-08-10,19.224611044494456
2018-08-13,19.2458899233872
2018-08-14,19.27762679769474
2018-08-15,19.42604545979865
2018-08-16,19.64332303401228
2018-08-17,19.71537107866113
2018-08-20,19.645118830108142
2018-08-21,19.506031541989444
2018-08-22,19.355213438915616
2018-08-23,19.35299987705351
2018-08-24,19.431019903563712
2018-08-27,19.304557334139265
2018-08-28,19.265645466925893
2018-08-29,19.37952534658175
2018-08-30,19.406110432105788
2018-08-31,19.31978993879834
2018-09-04,19.429987209104542
2018-09-05,19.67758479559294
2018-09-06,19.758360185166108
2018-09-07,19.51963518120277
2018-09-10,19.637727170937005
2018-09-11,19.569402599047635
2018-09-12,19.551897040040657
2018-09-13,19.70433539915856
2018-09-14,19.597554239248183
2018-09-17,19.6561192387324
2018-09-18,19.614248997411035
2018-09-19,19.198140422606865
2018-09-20,19.221678355055264
2018-09-21,19.297773042606707
2018-09-24,19.255303655039828
2018-09-25,19.016435434002844
2018-09-26,18.811518273245262
2018-09-27,18.922964579713312
2018-09-28,19.2044536784674
2018-10-01,18.64262014276273
2018-10-02,18.881554995068434
2018-10-03,18.64757438406452
2018-10-04,18.74856762629968
2018-10-05,19.04469946781004
2018-10-08,19.2075860543889
2018-10-09,19.269603174087237
2018-10-10,19.16634627873526
2018-10-11,18.78584189577273
2018-10-12,18.80001405577746
2018-10-15,18.86883636287965
2018-10-16,19.08603957700005
2018-10-17,19.055333162116096
2018-10-18,19.07069398179608
2018-10-19,19.37122281835383
2018-10-22,19.2551152077614
2018-10-23,19.15102748514125
2018-10-24,19.59480987584393
2018-10-25,19.29934508068549
2018-10-26,18.971593008676912
2018-10-29,19.22752324165091
2018-10-30,19.26919464767345
2018-10-31,19.04903203991886
2018-11-01,18.94779692469085
2018-11-02,18.84980022082033
2018-11-05,19.115871642736685
2018-11-06,19.262189378806145
2018-11-07,19.46978535844811
2018-11-08,19.420291428250543
2018-11-09,19.437932541694103
2018-11-12,19.42979364649472
2018-11-13,19.495225110688573
2018-11-14,19.272604771940596
2018-11-15,19.11941856125544
2018-11-16,19.36846963705817
2018-11-19,19.46641412337484
2018-11-20,19.36419885392027
2018-11-21,19.05707055229645
2018-11-23,19.10129978854983
2018-11-26,19.194902016509054
2018-11-27,19.362730133016324
2018-11-28,19.344632091347727
2018-11-29,19.313717484430043
2018-11-30,19.61108556736368
2018-12-03,19.783495231158483
2018-12-04,19.803726928620083
2018-12-06,19.79240219877777
2018-12-07,19.87451839414996
2018-12-10,19.93397247515201
2018-12-11,19.99373957248213
2018-12-12,19.872699371034034
2018-12-13,20.049764972925907
2018-12-14,19.985471350113357
2018-12-17,19.33418851672297
2018-12-18,19.20963898119601
2018-12-19,19.16568461998305
2018-12-20,19.21695425547712
2018-12-21,19.07907062490052
2018-12-24,18.1951454091573
2018-12-26,18.47978874836084
2018-12-27,18.640164744275456
2018-12-28,18.638294511591145
2018-12-31,25.1179858340331
2019-01-02,24.6675523293253
2019-01-03,24.72245279692021
2019-01-04,25.19385951968985
2019-01-07,23.80423097792022
2019-01-08,23.809842753830797
2019-01-09,23.710983403341995
2019-01-10,24.02944911000726
2019-01-11,23.88861119151264
2019-01-14,21.60969392771591
2019-01-15,21.62547634912712
2019-01-16,21.70527948385397
2019-01-17,21.680874177868063
2019-01-18,20.561018638499178
2019-01-22,20.59076775928828
2019-01-23,20.813159795540088
2019-01-24,20.91353726054453
2019-01-25,20.63620659567328
2019-01-28,20.5410908196066
2019-01-29,20.601438188802888
2019-01-30,20.735458939412663
2019-01-31,21.16597009977524
2019-02-01,21.10236793826659
2019-02-04,21.14651866366845
2019-02-05,21.172009297507294
2019-02-06,21.150688118571612
2019-02-07,21.419490367681693
2019-02-08,21.52462045621829
2019-02-11,21.506830831649975
2019-02-12,21.54408926100324
2019-02-13,21.47820065819714
2019-02-14,21.410848666824258
2019-02-15,21.50814039224692
2019-02-19,21.624133850542087
2019-02-20,21.720397263653712
2019-02-21,21.88323987093131
2019-02-22,22.015546941628607
2019-02-25,21.873885029177607
2019-02-26,21.84061987264675
2019-02-27,21.86574313009146
2019-02-28,21.95457451952019
2019-03-01,21.9961433615171
2019-03-04,22.042213877006823
2019-03-05,22.005252890623375
2019-03-06,22.012589814419712
2019-03-07,22.070178380349304
2019-03-08,22.150196809112963
2019-03-11,22.3118346666785
2019-03-12,22.449351992850765
2019-03-13,22.481959923854035
2019-03-14,22.4518259407631
2019-03-15,22.55690308555901
2019-03-18,22.47888633913453
2019-03-19,22.21387329782288
2019-03-20,22.276819373677775
2019-03-21,22.51321470323531
2019-03-22,22.668715466692632
2019-03-25,22.695106961230536
2019-03-26,22.85396676900534
2019-03-27,22.700861197525363
2019-03-28,22.418049344006484
2019-03-29,22.55329696181427
2019-04-01,24.41165693354581
2019-04-02,24.43780296419183
2019-04-03,24.40058740891337
2019-04-04,24.30487350558672
2019-04-05,24.548942472137167
2019-04-08,24.37059308217761
2019-04-09,24.434593793558463
2019-04-10,24.34236254650934
2019-04-11,24.476704051244614
2019-04-12,24.598428033037305
2019-04-15,24.59923220479676
2019-04-16,24.25788088710401
2019-04-17,24.206815627524357
2019-04-18,24.212404044089634
2019-04-22,24.18274575574805
2019-04-23,24.27313337493656
2019-04-24,24.405566382321897
2019-04-25,24.51126041875792
2019-04-26,24.550656755745397
2019-04-29,24.394313942293092
2019-04-30,24.803268797351528
2019-05-01,24.5388391858326
2019-05-02,24.469947087596477
2019-05-03,24.62831330883922
2019-05-06,24.4701853981528
2019-05-07,24.39358316786448
2019-05-08,24.057516853471945
2019-05-09,24.03566501195259
2019-05-10,24.45196695542629
2019-05-13,24.7231326965546
2019-05-14,24.508641042798217
2019-05-15,24.475646107491293
2019-05-16,24.61803623822022
2019-05-17,24.73705586905116
2019-05-20,24.77902843848601
2019-05-21,24.793940656271925
2019-05-22,24.99598362201262
2019-05-23,25.200945226450397
2019-05-24,25.148949230203435
2019-05-28,24.74315463850794
2019-05-29,24.412161210011213
2019-05-30,24.365583956431184
2019-05-31,24.4865336643255
2019-06-03,24.73986491858479
2019-06-04,24.750257189626083
2019-06-05,25.27979450549716
2019-06-06,25.390710240896787
2019-06-07,25.194913133337
2019-06-10,25.043778311694616
2019-06-11,24.870687484825115
2019-06-12,25.232894332884907
2019-06-13,25.217481094330537
2019-06-14,25.49167634820409
2019-06-17,25.40608448534469
2019-06-18,25.32650173771921
2019-06-19,25.531452151484316
2019-06-20,25.66990714427925
2019-06-21,25.789937727329285
2019-06-24,25.7793389236356
2019-06-25,25.61871696379153
2019-06-26,25.067838186603527
2019-06-27,25.09879302510955
2019-06-28,25.229707289479936
2019-07-01,23.97101286000007
2019-07-02,24.268030312307047
2019-07-03,24.4702593734949
2019-07-05,24.432150774488125
2019-07-08,24.459862671750415
2019-07-09,24.47461765394516
2019-07-10,24.55241900625212
2019-07-11,24.560881903123303
2019-07-12,24.40442481416456
2019-07-15,24.49475544044038
2019-07-16,24.35500898690595
2019-07-17,24.46072887096437
2019-07-18,24.654443220426696
2019-07-19,24.296870744185583
2019-07-22,24.252520028609176
2019-07-23,24.104175987839017
2019-07-24,24.121327502233523
2019-07-25,24.049644634032106
2019-07-26,24.148553911484388
2019-07-29,24.275330681444213
2019-07-30,24.08209544282345
2019-07-31,23.95548066840423
2019-08-01,24.283440275394387
2019-08-02,24.296262473626868
2019-08-05,23.92486333373776
2019-08-06,24.269086072251252
2019-08-07,24.292352453371564
2019-08-08,24.54104360948382
2019-08-09,24.55004706981536
2019-08-12,24.506281235636617
2019-08-13,24.51651441943129
2019-08-14,24.286495058860304
2019-08-15,24.592856244344254
2019-08-16,24.680187361993635
2019-08-19,24.850451173693557
2019-08-20,24.805916600692942
2019-08-21,24.973404092771325
2019-08-22,24.98950660916436
2019-08-23,24.72691786136788
2019-08-26,25.01999274311089
2019-08-27,25.054057795674456
2019-08-28,24.98908683166644
2019-08-29,25.150169678912334
2019-08-30,25.16131580346068
2019-09-03,25.60267403278744
2019-09-04,25.640408129189293
2019-09-05,25.33549631554453
2019-09-06,25.250665057701205
2019-09-09,25.094357690910243
2019-09-10,25.11843636012788
2019-09-11,25.36400170156638
2019-09-12,25.39784995249952
2019-09-13,25.252900264695626
2019-09-16,25.273649336446653
2019-09-17,25.49915973575804
2019-09-18,25.61964159631117
2019-09-19,25.711901417907992
2019-09-20,25.81061258129257
2019-09-23,25.876436772666068
2019-09-24,26.150239412127117
2019-09-25,26.14268229334484
2019-09-26,26.268509816969427
2019-09-27,26.17896078794351
2019-09-30,25.162583030292957
2019-10-01,25.0855705525233
2019-10-02,24.760989651624318
2019-10-03,24.828015249201417
2019-10-04,25.205839181126883
2019-10-07,25.09356832964716
2019-10-08,24.839501018377767
2019-10-09,24.96587333820092
2019-10-10,24.936123153249653
2019-10-11,24.85021557131662
2019-10-14,24.70654618408477
2019-10-15,24.60973607388233
2019-10-16,24.66743573087266
2019-10-17,24.723794231135244
2019-10-18,24.8137517723903
2019-10-21,24.90519565874261
2019-10-22,25.016020219620376
2019-10-23,25.10799385863948
2019-10-24,25.2068163553316
2019-10-25,24.93273610828968
2019-10-28,24.60610446172741
2019-10-29,24.632795831155587
2019-10-30,24.846277904109115
2019-10-31,24.924018373152677
2019-11-01,24.86779459305334
2019-11-04,24.588956116519668
2019-11-05,24.336868935654635
2019-11-06,24.40039307388007
2019-11-07,24.0720102932032
2019-11-08,23.980750385747232
2019-11-11,23.79078185248873
2019-11-12,23.87677123506389
2019-11-13,24.22707315632229
2019-11-14,24.282077539629377
2019-11-15,24.347229035784967
2019-11-18,24.38909744624892
2019-11-19,24.326795134571665
2019-11-20,24.479321615630788
2019-11-21,24.38885867598437
2019-11-22,24.394905584047518
2019-11-25,24.30513763056576
2019-11-26,24.398217612904745
2019-11-27,24.43603952030165
2019-11-29,24.38639140654306
2019-12-02,24.198161393357047
2019-12-03,24.31943597887692
2019-12-04,24.494857400872046
2019-12-05,24.499391954315858
2019-12-06,24.44484742093008
2019-12-09,24.32540110178266
2019-12-10,24.31527470695726
2019-12-11,24.395827239065717
2019-12-12,24.27653293868997
2019-12-13,24.479769192952343
2019-12-16,24.796282227396087
2019-12-17,24.85493866929029
2019-12-18,24.963268371633166
2019-12-19,24.94936825167678
2019-12-20,25.128421696557822
2019-12-23,24.91032444145546
2019-12-24,24.92076377188142
2019-12-26,24.975996339573957
2019-12-27,25.03928064943264
2019-12-30,25.03120068921237
2019-12-31,22.054650448124317
2020-01-02,21.73569764697293
2020-01-03,21.760563186025017
2020-01-06,21.81367560856981
2020-01-07,21.770471688376336
2020-01-08,21.769556140174355
2020-01-09,21.88459050161452
2020-01-10,21.93720893328502
2020-01-13,22.08145366493398
2020-01-14,22.142814088429777
2020-01-15,22.453587749494854
2020-01-16,22.589532971688257
2020-01-17,22.760927507240943
2020-01-21,22.95210686884669
2020-01-22,23.01986856147508
2020-01-23,23.23143175708187
2020-01-24,23.3079656109673
2020-01-27,23.237684426177005
2020-01-28,23.32292985734676
2020-01-29,23.394170906685847
2020-01-30,23.602612364170174
2020-01-31,23.498011578113523
2020-02-03,23.574351183394956
2020-02-04,23.332497278767903
2020-02-05,23.43116544308612
2020-02-06,23.423793659683515
2020-02-07,23.351652859913987
2020-02-10,23.430530730681856
2020-02-11,23.520066250908968
2020-02-12,23.52410900080581
2020-02-13,23.76514893900483
2020-02-14,23.91846147029314
2020-02-18,24.106670469528357
2020-02-19,23.842891979871887
2020-02-20,23.918270019468093
2020-02-21,23.87518327548354
2020-02-24,23.598977911914112
2020-02-25,23.08888340118113
2020-02-26,22.866306674932726
2020-02-27,21.793107109444566
2020-02-28,21.06714250837099
2020-03-02,22.312811508657635
2020-03-03,22.052611141305064
2020-03-04,23.307969037211997
2020-03-05,22.92990497411149
2020-03-06,22.752929934827016
2020-03-09,21.472469547686323
2020-03-10,21.68962100043612
2020-03-11,20.58473050082654
2020-03-12,18.492780800458853
2020-03-13,19.520872030252917
2020-03-16,17.27028381891362
2020-03-17,19.535315911011644
2020-03-18,18.62371309947881
2020-03-19,17.60357820181656
2020-03-20,16.15971797019324
2020-03-23,15.299228852452387
2020-03-24,16.972103849552543
2020-03-25,17.450578636817387
2020-03-26,18.913276317808013
2020-03-27,19.014155678332976
2020-03-30,19.720024896120485
2020-03-31,20.195803463128943
2020-04-01,18.95995716844541
2020-04-02,19.55612500234725
2020-04-03,18.848248742438567
2020-04-06,20.327078292356678
2020-04-07,20.081046695400676
2020-04-08,21.16717402539915
2020-04-09,22.151324031831724
2020-04-13,21.44387673370603
2020-04-14,22.08178443773953
2020-04-15,21.34028750561977
2020-04-16,21.35590630427845
2020-04-17,22.063576513878548
2020-04-20,21.20613482386165
2020-04-21,20.865808772016425
2020-04-22,21.48031402237352
2020-04-23,21.10247604818589
2020-04-24,21.234513575296795
2020-04-27,21.46593501790013
2020-04-28,21.542051323377294
2020-04-29,21.34420213000725
2020-04-30,20.83623997261577
2020-05-01,20.326815520314977
2020-05-04,20.47989040375249
2020-05-05,20.6700712317266
2020-05-06,19.943848637070563
2020-05-07,20.03159163598033
2020-05-08,20.43413980234544
2020-05-11,20.33652038301909
2020-05-12,20.15320242350637
2020-05-13,19.972354660027857
2020-05-14,20.161790813628397
2020-05-15,19.878490821639485
2020-05-18,20.701407605949004
2020-05-19,20.34998392961321
2020-05-20,20.451159495321672
2020-05-21,20.245543543518924
2020-05-22,20.475467540559347
2020-05-26,20.62471715423986
2020-05-27,20.84489162012353
2020-05-28,21.47817413922972
2020-05-29,21.64939799160446
2020-06-01,21.88089822848928
2020-06-02,22.01187498669908
2020-06-03,22.297386181354188
2020-06-04,21.863081955359483
2020-06-05,22.15992453865698
2020-06-08,22.744760571084598
2020-06-09,22.262239613613456
2020-06-10,22.142431805603948
2020-06-11,21.261662326589995
2020-06-12,21.215854784917312
2020-06-15,21.34800809480352
2020-06-16,21.446694452637985
2020-06-17,21.38022409732145
2020-06-18,21.37130735623618
2020-06-19,20.708112656469044
2020-06-22,21.11505987336252
2020-06-23,20.8915626006532
2020-06-24,20.69515891178758
2020-06-25,20.442758914887456
2020-06-26,20.23212442581829
2020-06-29,20.609166720916377
2020-06-30,20.83933998142984
2020-07-01,21.316680540520306
2020-07-02,21.33647395983603
2020-07-06,21.09213359980809
2020-07-07,21.019032921964484
2020-07-08,21.206081834183145
2020-07-09,20.92871477510099
2020-07-10,21.325729946362227
2020-07-13,21.33470728450992
2020-07-14,21.54274785856642
2020-07-15,21.44767510829602
2020-07-16,21.731720530826323
2020-07-17,22.227931717240715
2020-07-20,21.925831740384528
2020-07-21,22.02753045732377
2020-07-22,22.36541333391461
2020-07-23,22.39058680388
2020-07-24,22.249105633400102
2020-07-27,21.96915655191932
2020-07-28,22.310575936297163
2020-07-29,22.40825734331705
2020-07-30,22.403455933597225
2020-07-31,22.44901082354884
2020-08-03,22.193275917123557
2020-08-04,22.431127391254627
2020-08-05,22.153470904317352
2020-08-06,22.268284304732013
2020-08-07,22.668914486281512
2020-08-10,22.64707470527302
2020-08-11,22.16422174089915
2020-08-12,22.486384776362776
2020-08-13,22.40042568213987
2020-08-14,22.196735302529294
2020-08-17,22.16446328147049
2020-08-18,22.056312355408583
2020-08-19,21.98703502069363
2020-08-20,21.791975113479577
2020-08-21,21.820603730543453
2020-08-24,22.023487733096903
2020-08-25,21.82123900496809
2020-08-26,21.558108869130564
2020-08-27,21.622038896683573
2020-08-28,21.679354344704496
2020-08-31,21.749057358807523
2020-09-01,21.502461424064524
2020-09-02,22.17388044261946
2020-09-03,21.89548957439794
2020-09-04,21.77353304380436
2020-09-08,21.641635775680896
2020-09-09,21.91397419593553
2020-09-10,21.52576598914227
2020-09-11,21.59788707377111
2020-09-14,21.87958716301382
2020-09-15,22.04009401594126
2020-09-16,21.99237434902532
2020-09-17,21.811562618544897
2020-09-18,21.420731357849892
2020-09-21,21.28879707979376
2020-09-22,21.42581232241766
2020-09-23,21.081257196263405
2020-09-24,21.327872837562023
2020-09-25,21.671044959756752
2020-09-28,21.727520578173944
2020-09-29,21.71017169800656
2020-09-30,22.606471097400764
2020-10-01,22.83743587474935
2020-10-02,23.10082754088
2020-10-05,23.39328522682973
2020-10-06,23.59339458707807
2020-10-07,23.74203189856297
2020-10-08,24.1704587580257
2020-10-09,24.15998520608296
2020-10-12,24.329442489093083
2020-10-13,24.153134839629452
2020-10-14,24.11625318013642
2020-10-15,24.10290404182231
2020-10-16,24.36437807429355
2020-10-19,24.156004321180298
2020-10-20,24.29262450371761
2020-10-21,24.214900398362463
2020-10-22,24.59451593279784
2020-10-23,24.65135580427673
2020-10-26,24.639234116055235
2020-10-27,24.621199838427817
2020-10-28,23.897387353022808
2020-10-29,23.96335621157978
2020-10-30,23.73862839305121
2020-11-02,24.26764712902221
2020-11-03,24.62186166053558
2020-11-04,24.228749367714546
2020-11-05,24.45738289735564
2020-11-06,24.401431340898004
2020-11-09,24.845371798532696
2020-11-10,25.216926889162497
2020-11-12,24.849578877718194
2020-11-13,25.078983078215952
2020-11-16,25.324011352944478
2020-11-17,24.814351985219812
2020-11-18,24.334289093033963
2020-11-19,24.083543049792244
2020-11-20,24.067627050451275
2020-11-23,24.096140214504093
2020-11-24,24.36438862350139
2020-11-25,24.431871348555585
2020-11-27,24.15841103592845
2020-11-30,23.80394107402333
2020-12-01,23.980821251959032
2020-12-02,24.14159542857972
2020-12-03,23.87568538647924
2020-12-04,23.62663194673219
2020-12-07,23.75754035385439
2020-12-08,23.68852139990637
2020-12-09,23.627985035880503
2020-12-10,23.506751948742632
2020-12-11,23.542575886853
2020-12-14,23.416966223691546
2020-12-15,23.87053818109548
2020-12-16,23.59667111073936
2020-12-17,23.76698944372584
2020-12-18,23.55981283662348
2020-12-21,23.23271090862108
2020-12-22,23.181889833789644
2020-12-23,23.136050130762214
2020-12-24,23.26552698999207
2020-12-28,23.406658153581503
2020-12-29,23.394213671011546
2020-12-30,23.505253115289435
2020-12-31,28.148886177630427
2021-01-04,27.41511897039012
2021-01-05,27.42381958721216
2021-01-06,28.09884974827726
2021-01-07,27.72424933017166
2021-01-08,27.96511349209417
2021-01-11,27.704923035640903
2021-01-12,27.561104615900323
2021-01-13,28.096197192400123
2021-01-14,27.99040512832727
2021-01-15,28.260606506439952
2021-01-19,28.154683478939635
2021-01-20,28.32839547443857
2021-01-21,28.15505751629594
2021-01-22,28.201750404304462
2021-01-25,28.751139576730623
2021-01-26,28.465286530168743
2021-01-27,27.69860313303222
2021-01-28,28.032861415469817
2021-01-29,27.87848963535525
2021-02-01,28.0121096596756
2021-02-02,28.236952113726225
2021-02-03,28.152590367365583
2021-02-04,28.35505986474074
2021-02-05,28.507765697806946
2021-02-08,28.28557528760013
2021-02-09,28.31414905085139
2021-02-10,28.42503800503405
2021-02-11,28.21995412622667
2021-02-12,27.99771605513968
2021-02-16,27.67808725444129
2021-02-17,27.71037477965049
2021-02-18,27.86185180568189
2021-02-19,27.441141256508217
2021-02-22,26.90811890806587
2021-02-23,27.12274166807365
2021-02-24,26.81112245658185
2021-02-25,26.549043311610838
2021-02-26,26.055167865803504
2021-03-01,26.61932100089444
2021-03-02,26.54600675894747
2021-03-03,26.23328475530441
2021-03-04,26.18961213781965
2021-03-05,26.60534371635011
2021-03-08,26.974807775126116
2021-03-09,27.31731372181161
2021-03-10,27.501627660973583
2021-03-11,27.42926927132003
2021-03-12,27.77949486613027
2021-03-15,28.15695245754436
2021-03-16,28.184718769353854
2021-03-17,27.726030275874724
2021-03-18,27.62831209115432
2021-03-19,27.68871568929269
2021-03-22,27.670853740346
2021-03-23,28.09299575300036
2021-03-24,28.09426720686077
2021-03-25,28.37312528112245
2021-03-26,28.48371796190937
2021-03-29,28.788449121002927
2021-03-30,28.52253019817912
2021-03-31,23.886543286660725
2021-04-01,23.871034529136587
2021-04-05,24.14376196096477
2021-04-06,24.270714244124022
2021-04-07,24.24065269559654
2021-04-08,24.215422574979016
2021-04-09,24.19798141533638
2021-04-12,24.214933078827546
2021-04-13,24.510967734526574
2021-04-14,24.609184079365075
2021-04-15,24.881685815413096
2021-04-16,25.083789039862587
2021-04-19,24.961002986753265
2021-04-20,25.289383616362137
2021-04-21,25.062308299959778
2021-04-22,24.86769676818889
2021-04-23,24.84594218181881
2021-04-26,24.71012294851301
2021-04-27,24.524326438176058
2021-04-28,24.487564211308104
2021-04-29,24.70692198965943
2021-04-30,24.89585385455162
2021-05-03,24.886273036325623
2021-05-04,24.799680989346395
2021-05-05,24.375429735562253
2021-05-06,24.58996323034221
2021-05-07,24.616658940404964
2021-05-10,24.866186121668957
2021-05-11,24.569640989715005
2021-05-12,23.99210567867637
2021-05-13,24.42067696071905
2021-05-14,24.51568818906231
2021-05-17,24.3040766278638
2021-05-18,24.303328617078822
2021-05-19,24.261076332389568
2021-05-20,24.460241227340884
2021-05-21,24.59162685961737
2021-05-24,24.542268194254667
2021-05-25,24.25296901515692
2021-05-26,24.253311637534274
2021-05-27,24.093442235819506
2021-05-28,24.19177739823509
2021-06-01,24.04129163477952
2021-06-02,24.16169539487018
2021-06-03,24.288275197494176
2021-06-04,24.2514967376067
2021-06-07,24.29709772029436
2021-06-08,24.07772538962315
2021-06-09,24.283146376976195
2021-06-10,24.44745535947205
2021-06-11,24.515933371147543
2021-06-14,24.54421775772257
2021-06-15,24.630056075463163
2021-06-16,24.26210628271348
2021-06-17,24.38051288868653
2021-06-18,23.739221581984012
2021-06-21,24.022956218689213
2021-06-22,23.860366949099237
2021-06-23,23.609635018611375
2021-06-24,23.585897375097023
2021-06-25,23.85360171854028
2021-06-28,23.99917182517457
2021-06-29,23.602145299983437
2021-06-30,24.457268642082244
2021-07-01,24.520856364197684
2021-07-02,24.639568282982875
2021-07-06,24.748738585559
2021-07-07,24.89288330526053
2021-07-08,24.83487173533564
2021-07-09,24.87408775734441
2021-07-12,24.944330392156186
2021-07-13,24.754009633456405
2021-07-14,24.96095590256439
2021-07-15,25.259076446812973
2021-07-16,25.509908052871616
2021-07-19,25.10437617199666
2021-07-20,25.20234544851183
2021-07-21,24.926100200095597
2021-07-22,24.968564479219296
2021-07-23,25.287445561508004
2021-07-26,25.285428367229105
2021-07-27,25.720894331435
2021-07-28,25.544156945676384
2021-07-29,25.59438396747406
2021-07-30,25.37203329115468
2021-08-02,25.56097962115535
2021-08-03,25.71717300250628
2021-08-04,25.682502853131684
2021-08-05,25.97182966024525
2021-08-06,25.95001086417248
2021-08-09,25.92005170272125
2021-08-10,25.94495410284905
2021-08-11,26.183564954014383
2021-08-12,26.183277269991844
2021-08-13,26.33081531789874
2021-08-16,26.501861130129605
2021-08-17,26.505110909539088
2021-08-18,26.38111626775885
2021-08-19,26.482072577805624
2021-08-20,26.80564998198271
2021-08-23,26.453033082469275
2021-08-24,26.2865578881821
2021-08-25,26.339715672400743
2021-08-26,26.2475203985018
2021-08-27,26.23962029594428
2021-08-30,26.285685450824847
2021-08-31,26.260979903494835
2021-09-01,26.60273731095252
2021-09-02,26.818799241268703
2021-09-03,26.603516710131487
2021-09-07,26.23881044973088
2021-09-08,26.708420027303237
2021-09-09,26.551950865245168
2021-09-10,26.18460377117893
2021-09-13,26.13626577008052
2021-09-14,26.0304503705405
2021-09-15,25.99219178170047
2021-09-16,25.77971864763596
2021-09-17,25.371466790090167
2021-09-20,25.29296930652813
2021-09-21,25.23189320909565
2021-09-22,25.20496421014461
2021-09-23,25.07829810675185
2021-09-24,25.04012374998581
2021-09-27,24.73812865298596
2021-09-28,24.43597266696233
2021-09-29,24.75319792729973
2021-09-30,26.749976578473703
2021-10-01,26.73963655046007
2021-10-04,27.10962844432763
2021-10-05,27.05889776967428
2021-10-06,27.47321929254328
2021-10-07,27.326963474492764
2021-10-08,27.1260710407937
2021-10-11,26.819942745713163
2021-10-12,26.93903922363664
2021-10-13,27.245686915406942
2021-10-14,27.57337087529842
2021-10-15,27.51054569089881
2021-10-18,27.244840354466003
2021-10-19,27.588352946036213
2021-10-20,28.019087198759824
2021-10-21,28.024571347898103
2021-10-22,28.155528308461164
2021-10-25,28.03401173561596
2021-10-26,28.192214850671967
2021-10-27,28.00424917100335
2021-10-28,28.18498654445324
2021-10-29,28.00760869898015
2021-11-01,28.11786444325102
2021-11-02,28.1320998851149
2021-11-03,28.040855231867077
2021-11-04,27.880577052129382
2021-11-05,28.12750677186093
2021-11-08,27.719325765846783
2021-11-09,27.84035610040489
2021-11-10,28.036465834922
2021-11-11,27.84902934299276
2021-11-12,27.819173384543305
2021-11-15,28.183025376399605
2021-11-16,28.025617197722177
2021-11-17,28.063599282765374
2021-11-18,27.91323266309243
2021-11-19,28.07526180938459
2021-11-22,28.242022245259196
2021-11-23,28.27486113425154
2021-11-24,28.257453932733757
2021-11-26,27.80312438258547
2021-11-29,28.2382554870798
2021-11-30,27.41310448547493
2021-12-01,27.457869626192053
2021-12-02,27.791891404657257
2021-12-03,28.073829758883384
2021-12-06,28.503952119659
2021-12-07,28.694423449144864
2021-12-08,28.685743958013457
2021-12-09,28.628090727097696
2021-12-10,28.79073695947497
2021-12-13,29.139835491427792
2021-12-14,28.95562233833249
2021-12-15,29.44269130472349
2021-12-16,29.58664496610467
2021-12-17,29.13742006745275
2021-12-20,29.11685912575843
2021-12-21,29.068300723783373
2021-12-22,29.184348983634795
2021-12-23,29.17468052070081
2021-12-27,29.319153319165537
2021-12-28,29.592130291551225
2021-12-29,29.74437228245577
2021-12-30,29.846048821668557
2021-12-31,28.631710612708705
2022-01-03,28.36293277330989
2022-01-04,28.270566469016384
2022-01-05,28.257557602830136
2022-01-06,27.95993080993009
2022-01-07,28.17099796538112
2022-01-10,27.99051924039593
2022-01-11,27.733262491687768
2022-01-12,27.831554741738326
2022-01-13,27.95698044243465
2022-01-14,27.775674017685727
2022-01-18,27.44161022105982
2022-01-19,27.567655096044767
2022-01-20,27.60711246172909
2022-01-21,27.5568692645686
2022-01-24,27.273887187852814
2022-01-25,26.84633181576925
2022-01-26,26.65593818453375
2022-01-27,26.86409235396612
2022-01-28,27.1816629281709
2022-01-31,27.6847932654464
2022-02-01,27.331564586676404
2022-02-02,27.23926885133669
2022-02-03,27.11199372305985
2022-02-04,26.923268606615224
2022-02-07,26.90730139738563
2022-02-08,26.941737592142577
2022-02-09,27.044465882234302
2022-02-10,26.330850355937397
2022-02-11,26.323640307321806
2022-02-14,26.109850445751
2022-02-15,25.965240112382705
2022-02-16,26.01916695180733
2022-02-17,26.052901459609263
2022-02-18,25.968104579211083
2022-02-22,25.965331411134848
2022-02-23,25.517448632954267
2022-02-24,25.6955424693403
2022-02-25,26.518770569387414
2022-02-28,26.6151798737762
2022-03-01,26.37292652833677
2022-03-02,26.681613845198736
2022-03-03,27.147786934228264
2022-03-04,27.739071188563035
2022-03-07,28.10243102230585
2022-03-08,27.63760864635257
2022-03-09,27.46079360409705
2022-03-10,27.630773637013476
2022-03-11,27.54525559965203
2022-03-14,27.50029335268036
2022-03-15,27.846456844047708
2022-03-16,27.793485294344887
2022-03-17,27.92997119228273
2022-03-18,27.693207968837125
2022-03-21,27.864240231156163
2022-03-22,27.87296954159873
2022-03-23,27.92177715323899
2022-03-24,28.1904548577868
2022-03-25,28.60260820788824
2022-03-28,28.75463790856744
2022-03-29,29.029871468168
2022-03-30,29.26644175674062
2022-03-31,29.84656633219838
2022-04-01,30.28050426612997
2022-04-04,30.04003422530926
2022-04-05,30.239766029014252
2022-04-06,30.84410808003284
2022-04-07,30.76676788862016
2022-04-08,30.858510938433835
2022-04-11,30.43126350525555
2022-04-12,30.554873499221845
2022-04-13,30.50396891045668
2022-04-14,30.506318990076437
2022-04-18,30.356519529974715
2022-04-19,30.5421602070965
2022-04-20,30.785466579123742
2022-04-21,30.295665450766677
2022-04-22,29.785178752200828
2022-04-25,29.570535782377465
2022-04-26,29.26279702066428
2022-04-27,29.12766172602298
2022-04-28,29.44988837401432
2022-04-29,28.56408848550093
2022-05-02,28.265942320484523
2022-05-03,28.370605698326926
2022-05-04,29.00028556051295
2022-05-05,28.689187901479187
2022-05-06,28.918373256982324
2022-05-09,28.69557162767444
2022-05-10,28.338156162578123
2022-05-11,28.55672890698549
2022-05-12,28.226567797304742
2022-05-13,28.53487304786724
2022-05-16,28.628563872734457
2022-05-17,28.9217681458804
2022-05-18,28.624414843031115
2022-05-19,28.56112428767269
2022-05-20,28.63834129904762
2022-05-23,28.98579151460969
2022-05-24,29.56879956940996
2022-05-25,29.550615083129344
2022-05-26,29.63110915579787
2022-05-27,30.07134461761869
2022-05-31,29.656402436282523
2022-06-01,29.56193520013642
2022-06-02,29.78723654173421
2022-06-03,29.65679936704388
2022-06-06,29.790071616695
2022-06-07,29.96190413050449
2022-06-08,29.36789280294917
2022-06-09,28.65167986326758
2022-06-10,28.431255096434665
2022-06-13,27.115763470734134
2022-06-14,26.414561151652457
2022-06-15,26.59422273613826
2022-06-16,26.07150535105458
2022-06-17,25.82452342586294
2022-06-21,26.338051893687084
2022-06-22,26.610400292383893
2022-06-23,27.235211942813443
2022-06-24,27.71399305749762
2022-06-27,27.937852570036927
2022-06-28,27.8373622649804
2022-06-29,27.850159541163823
2022-06-30,26.702427407420437
2022-07-01,27.364217447640065
2022-07-05,26.425246893889163
2022-07-06,26.691380871689027
2022-07-07,26.66600323228703
2022-07-08,26.57964785746785
2022-07-11,26.749056899164792
2022-07-12,26.61250074375129
2022-07-13,26.495291081009057
2022-07-14,26.499405061594583
2022-07-15,26.55275069636678
2022-07-18,26.18180175228738
2022-07-19,26.35890551495331
2022-07-20,26.00003472049081
2022-07-21,26.07577540684257
2022-07-22,26.432092946102475
2022-07-25,26.76477324275325
2022-07-26,26.927565720233677
2022-07-27,26.957085541905997
2022-07-28,27.907906192666683
2022-07-29,28.140705068065284
2022-08-01,28.169080617942917
2022-08-02,28.107096060851298
2022-08-03,28.297840748741507
2022-08-04,28.331369575679037
2022-08-05,28.24736059087101
2022-08-08,28.28633237700397
2022-08-09,28.58669984420752
2022-08-10,28.71585578909339
2022-08-11,28.675767474971256
2022-08-12,29.1166317371352
2022-08-15,29.353985452967663
2022-08-16,29.433012340460632
2022-08-17,29.389054488290967
2022-08-18,29.488872091901296
2022-08-19,29.474199324724427
2022-08-22,29.06910430825905
2022-08-23,28.88574839230178
2022-08-24,28.98671814775321
2022-08-25,29.15943250368848
2022-08-26,28.70896906968363
2022-08-29,28.77934773580504
2022-08-30,28.359313759120184
2022-08-31,28.161459143376625
2022-09-01,28.560472446438155
2022-09-02,28.25452760913777
2022-09-06,28.317867911806164
2022-09-07,29.20686429932721
2022-09-08,29.177726211224595
2022-09-09,29.299190000187025
2022-09-12,29.58083963905348
2022-09-13,28.784992052305643
2022-09-14,29.017217966776496
2022-09-15,28.284535542673662
2022-09-16,28.180707075997528
2022-09-19,28.59544302407633
2022-09-20,28.18387377522013
2022-09-21,27.79574342534025
2022-09-22,27.68917453231987
2022-09-23,27.36337850256933
2022-09-26,26.69930381652594
2022-09-27,26.24443714460858
2022-09-28,26.53265978624997
2022-09-29,25.452374615351967
2022-09-30,22.986839018723284
2022-10-03,23.40746032151313
2022-10-04,23.91114720620228
2022-10-05,23.37268021369821
2022-10-06,22.60018624068817
2022-10-07,22.12814132990559
2022-10-10,22.16586354337807
2022-10-11,22.105249041274064
2022-10-12,21.350132917453696
2022-10-13,21.894268088595105
2022-10-14,21.557195260098272
2022-10-17,22.024848287795827
2022-10-18,22.41917087917446
2022-10-19,22.13583647543631
2022-10-20,21.58050063924647
2022-10-21,21.97775107946829
2022-10-24,22.15793149718281
2022-10-25,22.606593602214744
2022-10-26,22.597162348451523
2022-10-27,22.751831271793595
2022-10-28,23.401425677125676
2022-10-31,23.181061217410974
2022-11-01,23.274847023668524
2022-11-02,23.03752167538318
2022-11-03,23.140123759205608
2022-11-04,23.27233761391693
2022-11-07,22.820708686650097
2022-11-08,22.97843501086925
2022-11-09,22.784737094027182
2022-11-10,23.868404765405675
2022-11-11,23.595499443554573
2022-11-14,23.295625826286507
2022-11-15,23.545363119197656
2022-11-16,23.75029275489456
2022-11-17,23.3245431400678
2022-11-18,23.79099791201844
2022-11-21,23.908842004072756
2022-11-22,24.110790722906085
2022-11-23,24.35192677036721
2022-11-25,24.512876835782148
2022-11-28,24.25046466368795
2022-11-29,24.07364493018712
2022-11-30,24.68975941829292
2022-12-01,24.64390087088275
2022-12-02,24.5285483015514
2022-12-05,24.38205219422293
2022-12-06,24.54380380493687
2022-12-07,24.428646332479808
2022-12-08,24.566141671415856
2022-12-09,24.448842073036293
2022-12-12,25.003715628961054
2022-12-13,25.08281895483808
2022-12-14,25.042143259076774
2022-12-15,24.725021885530797
2022-12-16,24.314130959093955
2022-12-19,24.24630788525775
2022-12-20,24.261534465548717
2022-12-21,24.591070306592425
2022-12-22,24.435037339532396
2022-12-23,24.69233461435777
2022-12-27,24.844730116948263
2022-12-28,24.604190465826093
2022-12-29,24.77118089214252
2022-12-30,24.53331650645094
2023-01-03,26.306408725641653
2023-01-04,26.552922545884638
2023-01-05,25.963063612976505
2023-01-06,26.489799968156557
2023-01-09,26.65869990273719
2023-01-10,26.65813252052129
2023-01-11,26.89913904581772
2023-01-12,26.72697658344348
2023-01-13,26.6093273483879
2023-01-17,26.57647153769743
2023-01-18,25.936891605957737
2023-01-19,25.677929500306803
2023-01-20,25.828896429892453
2023-01-23,25.839918949252933
2023-01-24,25.965316985152587
2023-01-25,25.61134630904359
2023-01-26,25.71049872788864
2023-01-27,25.70236970335779
2023-01-30,25.586237252741025
2023-01-31,25.74361940051613
2023-02-01,25.81534313889469
2023-02-02,25.85549700736745
2023-02-03,25.319911914069884
2023-02-06,25.538958003633265
2023-02-07,25.51852393635745
2023-02-08,25.08186813012588
2023-02-09,24.72806888714648
2023-02-10,25.223821332136183
2023-02-13,25.37080077868659
2023-02-14,25.249173825756102
2023-02-15,25.41024916376833
2023-02-16,25.19995039782345
2023-02-17,25.45188846419059
2023-02-21,24.97144788056643
2023-02-22,24.867079750829845
2023-02-23,24.74649642874825
2023-02-24,24.741437529079413
2023-02-27,24.55204355888469
2023-02-28,24.1286144937012
2023-03-01,23.71333560632258
2023-03-02,24.14686391197539
2023-03-03,24.57886281683372
2023-03-06,24.68467690403589
2023-03-07,24.275574566123463
2023-03-08,24.46419841208083
2023-03-09,24.25877226579265
2023-03-10,23.871659044433702
2023-03-13,24.239562650399687
2023-03-14,24.551421602825894
2023-03-15,24.87885197205946
2023-03-16,25.04593219894477
2023-03-17,24.801410046148234
2023-03-20,24.998385664820148
2023-03-21,24.48471848557872
2023-03-22,24.000473542252912
2023-03-23,23.758960921320547
2023-03-24,24.49925311439152
2023-03-27,24.530021753091823
2023-03-28,24.6019315181028
2023-03-29,24.956237417094496
2023-03-30,25.04435629086605
2023-03-31,23.977054341778206
2023-04-03,23.803308669201677
2023-04-04,23.927431256117824
2023-04-05,24.543001553803457
2023-04-06,24.7233368177715
2023-04-10,24.67397964876109
2023-04-11,24.690318948518534
2023-04-12,24.661552495062303
2023-04-13,24.66731699956256
2023-04-14,24.392379416905666
2023-04-17,24.53159411969101
2023-04-18,24.40646231512025
2023-04-19,24.59737217313677
2023-04-20,24.58400657985982
2023-04-21,24.65807985090732
2023-04-24,24.78043194084952
2023-04-25,24.75687801484437
2023-04-26,24.17020469365943
2023-04-27,24.45979487842817
2023-04-28,24.41242819121401
2023-05-01,24.462697113335
2023-05-02,24.16263020786904
2023-05-03,24.08444050426785
2023-05-04,24.261264111465085
2023-05-05,24.421754809648995
2023-05-08,24.342670457932652
2023-05-09,24.29332200646015
2023-05-10,24.52224077132567
2023-05-11,24.242266555166967
2023-05-12,24.349276878579506
2023-05-15,24.04702843654857
2023-05-16,23.49517083090137
2023-05-17,23.41151985268825
2023-05-18,23.32713507592908
2023-05-19,23.28784740195081
2023-05-22,23.294543095775275
2023-05-23,23.21342321422916
2023-05-24,23.067751619269817
2023-05-25,22.750023387070215
2023-05-26,22.72801460862792
2023-05-30,22.639299383917145
2023-05-31,22.85612372491536
2023-06-01,22.67650006695549
2023-06-02,22.90701223888412
2023-06-05,23.009473586331115
2023-06-06,22.99405631693412
2023-06-07,23.383775403713503
2023-06-08,23.47918408020729
2023-06-09,23.343642900905973
2023-06-12,23.304447260485457
2023-06-13,23.289840750648462
2023-06-14,23.27367312577677
2023-06-15,23.519480196546382
2023-06-16,23.643943779136432
2023-06-20,23.35957885778948
2023-06-21,23.555922489504606
2023-06-22,23.37742491380256
2023-06-23,23.02378064194313
2023-06-26,23.24909961558682
2023-06-27,23.259102865826428
2023-06-28,22.915184028541656
2023-06-29,22.904922216112617
2023-06-30,21.45078953541782
2023-07-03,21.590665586383736
2023-07-05,21.830801857687558
2023-07-06,21.567217570748003
2023-07-07,21.407896871846123
2023-07-10,21.318456083654493
2023-07-11,21.583082209139015
2023-07-12,21.899705547681293
2023-07-13,21.98298936153376
2023-07-14,21.892436731327585
2023-07-17,21.634951298853636
2023-07-18,21.46676951041563
2023-07-19,21.68587528182139
2023-07-20,22.086214613422317
2023-07-21,22.417415701371787
2023-07-24,22.353910455192395
2023-07-25,22.40236187652541
2023-07-26,22.39220563078029
2023-07-27,22.00538590908443
2023-07-28,21.94734258800662
2023-07-31,21.954444693302708
2023-08-01,21.67832216504065
2023-08-02,21.677233151487183
2023-08-03,21.18065844344315
2023-08-04,20.924914718908344
2023-08-07,20.920254613242964
2023-08-08,21.023840541198417
2023-08-09,21.059944628556718
2023-08-10,20.993319056896368
2023-08-11,21.101213820623556
2023-08-14,20.925461401358227
2023-08-15,20.57187530221117
2023-08-16,20.665913336357992
2023-08-17,20.596891538916577
2023-08-18,20.67673118683576
2023-08-21,20.55343504775984
2023-08-22,20.60792676901581
2023-08-23,20.70106422690384
2023-08-24,20.570581348218145
2023-08-25,20.731680838547987
2023-08-28,20.723442742225977
2023-08-29,20.781224303639668
2023-08-30,20.692753175452307
2023-08-31,20.4793555727943
2023-09-01,20.37363053772945
2023-09-05,20.05912437117236
2023-09-06,20.09973021700949
2023-09-07,20.35396395535755
2023-09-08,20.54946190667127
2023-09-11,20.618450299116585
2023-09-12,20.64535309617499
2023-09-13,20.893935309019557
2023-09-14,21.202268915568247
2023-09-15,21.09749741379499
2023-09-18,21.045219405715653
2023-09-19,20.93055164795523
2023-09-20,20.95221597665697
2023-09-21,20.72573150163572
2023-09-22,20.692458983267937
2023-09-25,20.652074056924835
2023-09-26,20.02258225520356
2023-09-27,19.636128028222792
2023-09-28,19.206899206854697
2023-09-29,19.246827331817887
2023-10-02,17.702514827378202
2023-10-03,17.909334138768465
2023-10-04,17.89378058517156
2023-10-05,17.795470100029046
2023-10-06,18.039156136368863
2023-10-09,18.22088128992235
2023-10-10,18.46843904919805
2023-10-11,18.76903363032137
2023-10-12,18.488423579755963
2023-10-13,18.690324588117264
2023-10-16,18.88620496047719
2023-10-17,18.84066629151185
2023-10-18,18.66378259326746
2023-10-19,18.48911821119052
2023-10-20,18.29426788023476
2023-10-23,18.14383816165272
2023-10-24,18.61075489871013
2023-10-25,18.701327730330338
2023-10-26,18.862709581028632
2023-10-27,18.52105446136153
2023-10-30,18.646420667967693
2023-10-31,18.806773507961736
2023-11-01,19.851441070090512
2023-11-02,20.128573852268183
2023-11-03,19.868813383313736
2023-11-06,19.812855205276986
2023-11-07,19.27901027123677
2023-11-08,19.1516923996096
2023-11-09,18.87076761164003
2023-11-10,18.98118780751659
2023-11-13,18.721397020318907
2023-11-14,19.47617556825705
2023-11-15,19.419988865855746
2023-11-16,19.499956653255435
2023-11-17,19.545156738229608
2023-11-20,19.4944005591223
2023-11-21,19.527608747005125
2023-11-22,19.59321497290907
2023-11-24,19.652926965073423
2023-11-27,19.653645337931398
2023-11-28,19.73310474760339
2023-11-29,19.565914677993707
2023-11-30,19.621246372006933
2023-12-01,19.902046772449854
2023-12-04,19.82492309438099
2023-12-05,19.645165880286463
2023-12-06,19.93097768153462
2023-12-07,19.875789201090065
2023-12-08,19.8403596312882
2023-12-11,19.983066717324693
2023-12-12,19.86671815868678
2023-12-13,20.630523950959258
2023-12-14,20.341831732990002
2023-12-15,20.01430276243812
2023-12-18,19.940865236106216
2023-12-19,20.035261136873967
2023-12-20,19.656256366475834
2023-12-21,19.638589228072977
2023-12-22,19.7396952665095
2023-12-26,19.86698609033401
2023-12-27,19.843538511507706
2023-12-28,19.98213474518637
2023-12-29,19.965051665477354
2024-01-02,20.274545986812782
2024-01-03,20.32229526015245
2024-01-04,20.263559276307642
2024-01-05,20.332146644450148
2024-01-08,20.473719862511704
2024-01-09,20.315406799197138
2024-01-10,20.32950299561086
2024-01-11,19.82407804869634
2024-01-12,19.95146205966875
2024-01-16,19.739346159837837
2024-01-17,19.416022708008253
2024-01-18,19.226952022787675
2024-01-19,19.21267195034585
2024-01-22,19.09329227419319
2024-01-23,19.164829308201274
2024-01-24,18.893548203459126
2024-01-25,19.202508395096025
2024-01-26,19.446632061570273
2024-01-29,19.575009260991674
2024-01-30,19.58218634488687
2024-01-31,19.506085860215556
2024-02-01,19.862792247939222
2024-02-02,19.471693712578695
2024-02-05,19.080762394457583
2024-02-06,19.145093755475926
2024-02-07,19.134465289455672
2024-02-08,19.14772544133563
2024-02-09,18.799340190563075
2024-02-14,19.21301646490533
2024-02-15,19.53887152012019
2024-02-16,19.04939379456606
2024-02-20,19.050528017211107
2024-02-21,19.273119856988842
2024-02-22,19.02746227202333
2024-02-23,18.851937917708465
2024-02-26,18.413140860375442
2024-02-27,18.551243038999097
2024-02-28,18.555880544561056
2024-02-29,18.024447334089864
2024-03-01,17.87748433855445
2024-03-04,18.157149880508808
2024-03-05,18.115990910718043
2024-03-06,18.299046069079257
2024-03-07,18.420849045043283
2024-03-08,18.449566636795257
2024-03-11,18.543867691257834
2024-03-12,18.359653814519998
2024-03-13,18.479880851391496
2024-03-14,18.330230958144785
2024-03-15,18.35116897439843
2024-03-18,18.4362636511322
2024-03-19,18.605813772789336
2024-03-20,18.629637039753387
2024-03-21,18.60521331101542
2024-03-22,18.617785029978567
2024-03-25,18.703195353647757
2024-03-26,18.490457093299074
2024-03-27,18.999284032626797
2024-03-28,19.131643982731358
2024-04-01,19.01972496884236
2024-04-02,19.051712165734887
2024-04-03,18.972522077190707
2024-04-04,18.934846461828712
2024-04-05,19.000926878868597
2024-04-08,19.122755609803562
2024-04-09,19.25371774128882
2024-04-10,18.895447240208263
2024-04-11,18.829786734222598
2024-04-12,18.71771567898876
2024-04-15,18.547096522591126
2024-04-16,18.295918871471677
2024-04-17,18.67691428677667
2024-04-18,18.79163583234464
2024-04-19,19.06802649676204
2024-04-22,19.250560336071327
2024-04-23,19.344595451387473
2024-04-24,19.419033558127264
2024-04-25,19.46853905498593
2024-04-26,19.28685731521126
2024-04-29,19.555214378625507
2024-04-30,19.442372568863114
2024-05-01,19.77201530562606
2024-05-02,19.99916527807621
2024-05-03,20.171925874436386
2024-05-06,20.26316786640392
2024-05-07,19.779544760718792
2024-05-08,20.26381282938425
2024-05-09,20.258090992404167
2024-05-10,20.24919117454752
2024-05-13,20.24654566040081
2024-05-14,20.288385650345937
2024-05-15,20.573342988679492
2024-05-16,20.498215853562485
2024-05-17,20.500676961233207
2024-05-20,20.457230576816933
2024-05-21,20.656135512555064
2024-05-22,20.41168466555561
2024-05-23,20.063652033721148
2024-05-24,20.262768297286048
2024-05-28,20.206879146186697
2024-05-29,19.97202121571508
2024-05-30,20.239212866833178
2024-05-31,20.591976566092292
2024-06-03,20.35433271718596
2024-06-04,20.327141327383814
2024-06-05,20.20860124565535
2024-06-06,20.000039566946164
2024-06-07,19.78225953193209
2024-06-10,19.99451107212768
2024-06-11,19.89310631204162
2024-06-12,19.760043025959593
2024-06-13,19.819814730466437
2024-06-14,19.768996879249507
2024-06-17,19.569191811928754
2024-06-18,19.54785092346257
2024-06-20,19.72212305292882
2024-06-21,19.61594614515717
2024-06-24,19.869831531807183
2024-06-25,19.650304721448382
2024-06-26,19.622004960300906
2024-06-27,19.623726482726223
2024-06-28,19.409441098615254
2024-07-01,19.2534278198179
2024-07-02,19.359167256891734
2024-07-03,19.482283895619194
2024-07-05,19.518634578148543
2024-07-08,19.532488242067434
2024-07-09,19.597287053175318
2024-07-10,19.768146534995786
2024-07-11,20.1503664822189
2024-07-12,20.280324692090794
2024-07-15,19.795564649328753
2024-07-16,19.94860959127782
2024-07-17,19.955942069852306
2024-07-18,19.942854399745077
2024-07-19,19.965016499617594
2024-07-22,20.13846507856475
2024-07-23,20.00669891278702
2024-07-24,20.702243404095963
2024-07-25,20.401686675855814
2024-07-26,20.60324091037577
2024-07-29,20.69486911501132
2024-07-30,20.973202969543536
2024-07-31,21.1346556475045
2024-08-01,21.350862085854494
2024-08-02,21.350030803264143
2024-08-05,20.775824693989936
2024-08-06,20.839542330746504
2024-08-07,20.96422333170783
2024-08-08,20.824792778783298
2024-08-09,20.877594278535994
2024-08-12,20.90837088080225
2024-08-13,21.020664925782054
2024-08-14,21.00015739322571
2024-08-15,21.003549675273177
2024-08-16,21.079273489574803
2024-08-19,21.18955965593587
2024-08-20,21.155659682694335
2024-08-21,21.29335202729677
2024-08-22,21.27193098137811
2024-08-23,21.334249804900594
2024-08-26,21.46381488239716
2024-08-27,21.304872159376206
2024-08-28,21.30023290092077
2024-08-29,21.430260149102224
2024-08-30,21.550695983226028
2024-09-03,21.554924115538252
2024-09-04,21.698903928366864
2024-09-05,21.648092701292523
2024-09-06,21.442915459402087
2024-09-09,21.653392506966153
2024-09-10,21.73598701768763
2024-09-11,21.81194444192976
2024-09-12,21.860055748130506
2024-09-13,22.166804812049957
2024-09-16,22.318162745000706
2024-09-17,22.30146939709638
2024-09-18,22.142105890327137
2024-09-19,22.006091665493205
2024-09-20,22.48726476963895
2024-09-23,22.807324396570824
2024-09-24,22.67194153611756
2024-09-25,22.760228825703425
2024-09-26,22.67912374649246
2024-09-27,22.85003692444759
2024-09-30,22.96310487293017
2024-10-01,23.148128767690434
2024-10-02,23.152767664561264
2024-10-03,23.09417464658593
2024-10-04,23.073732410450095
2024-10-07,22.628618479552436
2024-10-08,22.60121896167342
2024-10-09,22.421692419585998
2024-10-10,22.311907580674426
2024-10-11,22.52165186012384
2024-10-14,22.776082942413943
2024-10-15,22.953262672701282
2024-10-16,23.331577608613014
2024-10-17,23.19888463933078
2024-10-18,23.292113447374906
2024-10-21,23.193944658508162
2024-10-22,23.15243314895977
2024-10-23,23.35962156536326
2024-10-24,22.887657320180967
2024-10-25,22.522760111826095
2024-10-28,22.70710936249558
2024-10-29,22.260112947680458
2024-10-30,22.071502910390567
2024-10-31,22.130066080409716
2024-11-01,21.51615862820339
2024-11-04,21.182372812296457
2024-11-05,21.42414151558698
2024-11-06,21.232935019834557
2024-11-07,21.233117703029585
2024-11-08,21.453052968821567
2024-11-11,21.54073766109884
2024-11-12,21.29549496719818
2024-11-13,21.230575530368608
2024-11-14,21.15102198755973
2024-11-15,21.462331787908845
2024-11-18,21.59780062573738
2024-11-19,21.72302782939459
2024-11-20,21.731384212776998
2024-11-21,22.103640282509087
2024-11-22,22.01149961560047
2024-11-25,22.06761098857226
2024-11-26,22.36152613691588
2024-11-27,22.422606406445396
2024-11-29,22.39914198489993
2024-12-02,21.898850227356117
2024-12-03,21.74877930787294
2024-12-04,21.701404879449928
2024-12-05,21.78261385309364
2024-12-06,21.52765609896271
2024-12-09,21.273446011632338
2024-12-10,21.074257544274413
2024-12-11,20.936131488576727
2024-12-13,20.937917091596752
2024-12-16,20.761139189467
2024-12-17,20.69665643917119
2024-12-18,20.224366196439707
2024-12-19,20.21463677318166
2024-12-20,20.595634832833856
2024-12-23,20.677503049101322
2024-12-24,20.789517945526374
2024-12-26,20.73949520077018
2024-12-27,20.696407284028346
2024-12-30,20.613537412098367
2024-12-31,20.588431473566555
2025-01-02,20.700492742524375
2025-01-03,20.881959176514673
2025-01-06,20.60672594514038
2025-01-07,20.57089681064539
2025-01-08,20.669158918093032
2025-01-10,20.342514311012085
2025-01-13,20.11119258444555
2025-01-14,20.561128212307455
2025-01-15,20.867124202805385
2025-01-16,21.375344038053658
2025-01-17,21.40927638324745
2025-01-21,21.73121479377433
2025-01-22,21.18562265525355
2025-01-23,21.260980257641886
2025-01-24,21.630843006718827
2025-01-27,21.277201294867705
2025-01-28,20.76625911528834
2025-01-29,20.82460866554133
2025-01-30,21.22791779718293
2025-01-31,21.196685547525437
2025-02-03,21.228382415374277
2025-02-04,20.982036400757337
2025-02-05,21.199385415791483
2025-02-06,21.197539964339107
2025-02-07,21.119854358668103
2025-02-10,21.33680833599474
2025-02-11,20.9553882622845
2025-02-12,21.082281373135068
2025-02-13,21.052141412909094
2025-02-14,20.91827493129089
2025-02-18,20.791087457027672
2025-02-19,21.16603938588772
2025-02-20,21.292222724043878
2025-02-21,21.293931639000522
2025-02-24,21.16388058535875
2025-02-25,21.11117788196398
2025-02-26,21.17215020917005
2025-02-27,20.423438395898152
2025-02-28,20.53574091389962
2025-03-03,20.521532342012744
2025-03-04,20.220124624009287
2025-03-05,20.09362779765126
2025-03-06,19.6371894510628
2025-03-07,19.977989141751042
2025-03-10,20.137464778031063
2025-03-11,20.021143876662812
2025-03-12,19.98099883060974
2025-03-13,20.03033470555318
2025-03-14,20.421989714958563
2025-03-17,20.536914561498588
2025-03-18,20.394773642228277
2025-03-19,20.470754847444656
2025-03-20,20.558923846920845
2025-03-21,20.42339009030813
2025-03-24,20.429234221307475
2025-03-25,20.102493059506834
2025-03-26,20.223803252214232
2025-03-27,20.188908946897225
2025-03-28,20.31547509722342
2025-03-31,20.513267957198472
2025-04-01,20.59364935703473
2025-04-02,20.711161631197054
2025-04-03,20.452317257884843
2025-04-04,19.22896799746571
2025-04-07,19.00507486792538
2025-04-08,18.910409174198428
2025-04-09,19.777653516840967
2025-04-10,19.573970456508036
2025-04-11,19.80317099108002
2025-04-14,20.140622466971873
2025-04-15,20.155110650642925
2025-04-16,19.951785084325238
2025-04-17,20.15864571204722
2025-04-21,19.627421702354262
2025-04-22,20.326831331101815
2025-04-23,20.935431002803558
2025-04-24,21.000462296735808
2025-04-25,20.91431799295073
2025-04-28,21.062413599285083
2025-04-29,20.589572136402605
2025-04-30,20.399067664342844
2025-05-01,20.304517113913263
2025-05-02,20.42858788725353
2025-05-05,20.37416576546423
2025-05-06,20.794312985978866
2025-05-07,20.91001149943773
2025-05-08,20.66623012410351
2025-05-09,20.711682365582533
2025-05-12,20.473718803284648
2025-05-13,20.436390329701737
2025-05-14,20.380045942781877
2025-05-15,20.81355320205605
2025-05-16,21.102486642090607
2025-05-19,21.15681581169273
2025-05-20,21.216904818297973
2025-05-21,20.81285825302096
2025-05-22,20.52517259504342
2025-05-23,20.767804245277926
2025-05-27,20.907965899624475
2025-05-28,20.605699361913114
2025-05-29,20.800785531710485
2025-05-30,20.978452027409784
2025-06-02,21.013820344438102
2025-06-03,21.044906645869705
2025-06-04,20.73617551797458
2025-06-05,20.700111204757324
2025-06-06,20.76470603564209
2025-06-09,20.568022493674693
2025-06-10,20.737111264497482
2025-06-11,20.672875314681672
2025-06-12,20.933003221516806
2025-06-13,20.76952410549705
2025-06-16,20.69504657888383
2025-06-17,20.553310626613968
2025-06-18,20.624555777442318
2025-06-20,20.657810289936517
2025-06-23,20.896617162644365
2025-06-24,21.009733554956572
2025-06-25,20.700033624149146
2025-06-26,20.865707527226302
2025-06-27,20.924935521060018
2025-06-30,21.023672602272967
2025-07-01,21.125419040690637
2025-07-02,20.89898030886843
2025-07-03,21.040096680963337
2025-07-07,21.01556840193194
2025-07-08,20.891964664581103
2025-07-09,21.08917769318489
2025-07-10,21.227748519199785
2025-07-11,21.195934571854803
2025-07-14,21.271387786872506
2025-07-15,21.10639415378903
2025-07-16,21.143714120032143
2025-07-17,21.191244607478172
2025-07-18,21.502967286169394
2025-07-21,21.584404775114816
2025-07-22,21.89758849776609
2025-07-23,21.555649465328543
2025-07-24,21.532132555736958
2025-07-25,21.619765138594776
2025-07-28,21.348561674581514
2025-07-29,21.6462223489515
2025-07-30,21.214247913102863
2025-07-31,21.66757160340806
2025-08-01,21.591318190963758
2025-08-04,21.773868216440437
2025-08-05,21.64588110331723
2025-08-06,21.78300600876982
2025-08-07,21.959046449707984
2025-08-08,21.890881560493895
2025-08-11,21.8381503853964
2025-08-12,21.89041090152079
2025-08-13,21.988655738746402
2025-08-14,21.798380899327015
2025-08-15,21.710299879175917
2025-08-18,21.596391137000808
2025-08-19,21.867824155538788
2025-08-20,21.84823066136974
2025-08-21,21.66195003943436
2025-08-22,21.855134628321306
2025-08-25,21.54286315127759
2025-08-26,21.588279084657835
2025-08-27,21.627940413128876
2025-08-28,21.4123121750992
2025-08-29,21.409995294713156
2025-09-02,21.3249433273016
2025-09-03,21.222709005963857
2025-09-04,21.173953553067214
2025-09-05,21.136226301872803
2025-09-08,20.88279630619316
2025-09-09,21.04968386276604
2025-09-10,21.331847193788242
2025-09-11,21.54719740088366
2025-09-12,21.58721147432527
2025-09-15,21.635129340974313
2025-09-16,21.27322812390989
2025-09-17,21.345371040303867
2025-09-18,21.333649599346177
2025-09-19,21.46433654108501
2025-09-22,21.59232997480592
2025-09-23,21.836656887981476
2025-09-24,21.91875977702316
2025-09-25,21.709648156182908
2025-09-26,22.04758145226585
2025-09-29,22.13941718956089
2025-09-30,22.205687293454332
2025-10-01,22.34010050164287
2025-10-02,22.267266939644806
2025-10-03,22.59336502321548
2025-10-06,22.797401005650222
2025-10-07,22.89196208747981
2025-10-08,23.012389233854723
2025-10-09,22.952348388158583
2025-10-10,22.94871356543256
2025-10-13,23.02642409776821
2025-10-14,23.325437609208056
2025-10-15,23.547444627290016
2025-10-16,23.35459457820871
2025-10-17,23.29249982571345
2025-10-20,23.37376817635584
2025-10-21,23.057700982704215
2025-10-22,22.98118195817757
2025-10-23,22.749809939067706
2025-10-24,22.996718599601778
2025-10-27,23.032840594898598
2025-10-28,22.430036417070713
2025-10-29,22.331790780022185
2025-10-30,22.385813477011038
2025-10-31,22.052200309558984
2025-11-03,22.066883902602452
2025-11-04,22.049326162599282
2025-11-05,21.853230507194706
2025-11-06,21.85899983871255
2025-11-07,22.120656627480834
2025-11-10,22.130301432048885
2025-11-11,22.1965853735764
2025-11-12,22.20477236475715
2025-11-13,21.942176105163686
2025-11-14,21.855072202444532
2025-11-17,22.046195951959756
2025-11-18,21.96577023837887
2025-11-19,21.68137116254005
2025-11-20,21.720436694020265
2025-11-21,21.71457353248837
2025-11-24,21.863961804439697
2025-11-25,21.843933656465484
2025-11-26,22.1096741792682
2025-11-28,22.24928876007351
2025-12-01,21.77183018416942
2025-12-02,21.568150429100722
2025-12-03,21.53163194753448
2025-12-04,21.4661078342788
2025-12-05,21.327688440097496
2025-12-08,20.993706861349192
2025-12-09,21.024505325746574
2025-12-10,20.960232125361802
2025-12-11,21.064469895175783
2025-12-12,21.136415783347047
2025-12-15,21.24149435363521
2025-12-16,21.09097345056273
2025-12-17,21.116681366317188
2025-12-18,21.146138644055846
2025-12-19,20.935568087526356
2025-12-22,21.014552314760078
2025-12-23,21.060325951153413
2025-12-24,21.168379022175557
2025-12-29,21.215690874421686
2025-12-30,21.197702520358327
2025-12-31,21.113605980417347
2026-01-01,21.113594128143244
2026-01-02,21.33511006464321
2026-01-05,21.131511092378336
2026-01-06,21.20281872856964
2026-01-07,20.743532874396436
2026-01-08,20.820172888300384
2026-01-09,20.927257226559934
2026-01-12,21.020825051783458
2026-01-13,21.201877208500413
2026-01-14,21.372728976994573
2026-01-15,21.514052733020684
2026-01-16,21.561390802822903
2026-01-20,21.258693961941162
2026-01-21,21.278478907583683
2026-01-22,21.12297251959848
2026-01-23,21.02410657655236
2026-01-26,21.23068168910819
2026-01-27,21.341296271628526
2026-01-28,21.296354365792595
2026-01-29,21.332105780770732
2026-01-30,21.31294361538156
2026-02-02,20.96070686330186
2026-02-03,21.28763423319593
2026-02-04,21.24465060458207
2026-02-05,21.222944277399886
2026-02-06,21.28186063157146
2026-02-09,21.35158307104416
2026-02-10,21.729378379980652
2026-02-11,21.905854483857162
2026-02-12,22.309574100636986
2026-02-13,22.741276364275198
2026-02-17,22.556505707680408
2026-02-18,21.840444870277302
2026-02-19,22.19808074697666
2026-02-20,22.243488854558322
2026-02-23,22.285972438921867
2026-02-24,22.78405842159275
2026-02-25,22.892205667231014
2026-02-26,22.961971060255173
2026-02-27,23.21330944524248
2026-03-02,23.142198106987614
2026-03-03,23.016757865798123
2026-03-04,23.084194357175456
2026-03-05,22.826688481558424
2026-03-06,22.931921434937454
2026-03-09,22.827325834375333
2026-03-10,22.758686367346456
2026-03-11,22.620825333021877
2026-03-12,22.69993286869425
2026-03-13,22.937379693095835
2026-03-16,23.075034781170352
2026-03-17,22.984298487843745
2026-03-18,22.768116178548873
2026-03-19,22.673545384615156
2026-03-20,21.902194259934223
2026-03-23,21.972248508670965
2026-03-24,22.14074211791795
2026-03-25,22.214341150208696
2026-03-26,22.29552722366241
2026-03-27,22.362975952730608
2026-03-30,22.635525985875315
2026-03-31,22.579303279890265
2026-04-01,22.635697002133345
2026-04-02,22.784142028135992
2026-04-06,22.689795041027036
2026-04-07,22.709876087130898
2026-04-08,22.964264685269377
2026-04-09,23.203888293628307
2026-04-10,23.03334100295416
2026-04-13,22.69384142288244
2026-04-14,22.802635442707782
2026-04-15,22.597811679240724
2026-04-16,22.7442643640314
2026-04-17,22.668480864030855
2026-04-20,22.50715081263627
2026-04-21,22.094650640083717
2026-04-22,22.008523516154327
2026-04-23,22.062314980999503
2026-04-24,22.024756535805487
2026-04-27,22.100663846366675
2026-04-28,22.47745874122663
2026-04-29,22.221821098457433
2026-04-30,22.675829343827772
2026-05-01,22.59351579350532
2026-05-04,22.49863291842982
2026-05-05,22.281057914171946
2026-05-06,22.118530958605117
2026-05-07,22.067876347933108
2026-05-08,21.211595406503115
2026-05-11,20.905268616106937
2026-05-12,20.957353169025815
2026-05-13,20.673408459634068
2026-05-14,20.65658790230468
2026-05-15,20.285353758248934
2026-05-18,20.297833041534933
2026-05-19,20.515244964921116
2026-05-20,20.510774685344145
2026-05-21,20.76505362967121
2026-05-22,20.93712099134225
2026-05-26,20.908121836273175
2026-05-27,20.86264266688137
2026-05-28,20.592549765044193
2026-05-29,20.510280415109957
2026-06-01,19.91890381777158
2026-06-02,20.25544886776042
2026-06-03,20.166276268589165
2026-06-04,20.286805016377084
2026-06-05,20.475697483671496
2026-06-08,20.03541535011032
2026-06-09,20.26669689127482
2026-06-10,20.306757492749018
2026-06-11,20.285283570121397
2026-06-12,20.512373562573938
2026-06-15,20.578726373656615
2026-06-16,20.70713035949337
2026-06-17,20.48012298126041
2026-06-18,20.60957152588595
2026-06-22,20.60957152588595
2026-06-23,20.9164388211281
2026-06-24,21.11976264554272
2026-06-25,21.23193888381505
2026-06-26,21.439858821081934
2026-06-29,21.329343544700205
2026-06-30,21.015052065983824
2026-07-01,20.754195280873407
2026-07-02,21.232374978778807
2026-07-06,20.986534316027438
2026-07-07,21.18932401260348
2026-07-08,21.174600049298594
