date,above_50d,above_200d
2007-01-01,46.0000,
2007-01-02,46.0000,68.0000
2007-01-03,52.0000,69.0000
2007-01-04,64.0000,74.0000
2007-01-05,57.0000,71.0000
2007-01-08,61.0000,71.0000
2007-01-09,61.0000,71.0000
2007-01-10,67.0000,73.0000
2007-01-11,72.0000,78.0000
2007-01-12,75.0000,78.0000
2007-01-15,75.0000,78.0000
2007-01-16,73.0000,76.0000
2007-01-17,69.0000,76.0000
2007-01-18,58.0000,74.0000
2007-01-19,59.0000,75.0000
2007-01-22,48.0000,74.0000
2007-01-23,49.0000,73.0000
2007-01-24,56.0000,78.0000
2007-01-25,50.0000,74.0000
2007-01-26,48.0000,74.0000
2007-01-29,50.0000,74.0000
2007-01-30,48.0000,75.0000
2007-01-31,56.0000,77.0000
2007-02-01,61.0000,77.0000
2007-02-02,62.0000,78.0000
2007-02-05,58.0000,78.0000
2007-02-06,58.0000,78.0000
2007-02-07,67.0000,81.0000
2007-02-08,69.0000,81.0000
2007-02-09,65.0000,78.0000
2007-02-12,56.0000,78.0000
2007-02-13,57.0000,80.0000
2007-02-14,69.0000,84.0000
2007-02-15,69.0000,84.0000
2007-02-16,71.0000,84.0000
2007-02-19,71.0000,84.0000
2007-02-20,75.0000,86.0000
2007-02-21,74.0000,86.0000
2007-02-22,76.0000,88.0000
2007-02-23,76.0000,89.0000
2007-02-26,73.0000,86.0000
2007-02-27,49.0000,81.0000
2007-02-28,53.0000,80.0000
2007-03-01,48.0000,78.0000
2007-03-02,35.0000,74.0000
2007-03-05,30.0000,72.0000
2007-03-06,38.0000,75.0000
2007-03-07,37.0000,73.0000
2007-03-08,38.0000,78.0000
2007-03-09,43.0000,77.0000
2007-03-12,48.0000,80.0000
2007-03-13,29.0000,69.0000
2007-03-14,33.0000,73.0000
2007-03-15,35.0000,72.0000
2007-03-16,36.0000,71.0000
2007-03-19,40.0000,75.0000
2007-03-20,43.0000,75.0000
2007-03-21,63.0000,79.0000
2007-03-22,55.0000,80.0000
2007-03-23,61.0000,80.0000
2007-03-26,60.0000,80.0000
2007-03-27,58.0000,83.0000
2007-03-28,52.0000,77.0000
2007-03-29,48.0000,75.0000
2007-03-30,49.0000,72.0000
2007-04-02,47.0000,72.0000
2007-04-03,54.0000,73.0000
2007-04-04,52.0000,74.0000
2007-04-05,57.0000,75.0000
2007-04-06,57.0000,75.0000
2007-04-09,61.0000,76.0000
2007-04-10,59.0000,77.0000
2007-04-11,57.0000,76.0000
2007-04-12,63.0000,78.0000
2007-04-13,64.0000,78.0000
2007-04-16,70.0000,80.0000
2007-04-17,73.0000,81.0000
2007-04-18,74.0000,81.0000
2007-04-19,75.0000,79.0000
2007-04-20,77.0000,80.0000
2007-04-23,78.0000,81.0000
2007-04-24,79.0000,81.0000
2007-04-25,82.0000,81.0000
2007-04-26,84.0000,82.0000
2007-04-27,82.0000,81.0000
2007-04-30,74.0000,79.0000
2007-05-01,71.0000,78.0000
2007-05-02,77.0000,79.0000
2007-05-03,76.0000,81.0000
2007-05-04,78.0000,82.0000
2007-05-07,80.0000,81.0000
2007-05-08,81.0000,82.0000
2007-05-09,83.0000,83.0000
2007-05-10,68.0000,76.0000
2007-05-11,77.0000,83.0000
2007-05-14,69.0000,78.0000
2007-05-15,63.0000,76.0000
2007-05-16,70.0000,79.0000
2007-05-17,67.0000,77.0000
2007-05-18,69.0000,78.0000
2007-05-21,73.0000,81.0000
2007-05-22,74.0000,81.0000
2007-05-23,71.0000,80.0000
2007-05-24,60.0000,74.0000
2007-05-25,62.0000,76.0000
2007-05-28,62.0000,76.0000
2007-05-29,65.0000,77.0000
2007-05-30,65.0000,77.0000
2007-05-31,68.0000,78.0000
2007-06-01,70.0000,79.0000
2007-06-04,69.0000,77.0000
2007-06-05,63.0000,76.0000
2007-06-06,59.0000,73.0000
2007-06-07,47.0000,71.0000
2007-06-08,53.0000,73.0000
2007-06-11,54.0000,74.0000
2007-06-12,46.0000,70.0000
2007-06-13,57.0000,75.0000
2007-06-14,64.0000,76.0000
2007-06-15,68.0000,77.0000
2007-06-18,66.0000,78.0000
2007-06-19,65.0000,73.0000
2007-06-20,59.0000,73.0000
2007-06-21,66.0000,73.0000
2007-06-22,59.0000,72.0000
2007-06-25,54.0000,71.0000
2007-06-26,54.0000,69.0000
2007-06-27,58.0000,71.0000
2007-06-28,59.0000,71.0000
2007-06-29,56.0000,69.0000
2007-07-02,61.0000,71.0000
2007-07-03,61.0000,71.0000
2007-07-04,61.0000,71.0000
2007-07-05,62.0000,71.0000
2007-07-06,67.0000,74.0000
2007-07-09,66.0000,74.0000
2007-07-10,63.0000,70.0000
2007-07-11,68.0000,75.0000
2007-07-12,74.0000,79.0000
2007-07-13,75.0000,80.0000
2007-07-16,72.0000,77.0000
2007-07-17,75.0000,78.0000
2007-07-18,75.0000,77.0000
2007-07-19,81.0000,80.0000
2007-07-20,73.0000,79.0000
2007-07-23,74.0000,80.0000
2007-07-24,68.0000,77.0000
2007-07-25,68.0000,75.0000
2007-07-26,53.0000,66.0000
2007-07-27,41.0000,62.0000
2007-07-30,45.0000,66.0000
2007-07-31,40.0000,61.0000
2007-08-01,43.0000,60.0000
2007-08-02,51.0000,66.0000
2007-08-03,43.0000,59.0000
2007-08-06,49.0000,63.0000
2007-08-07,53.0000,66.0000
2007-08-08,61.0000,67.0000
2007-08-09,49.0000,63.0000
2007-08-10,46.0000,64.0000
2007-08-13,44.0000,64.0000
2007-08-14,41.0000,60.0000
2007-08-15,30.0000,56.0000
2007-08-16,25.0000,51.0000
2007-08-17,31.0000,56.0000
2007-08-20,35.0000,57.0000
2007-08-21,35.0000,58.0000
2007-08-22,46.0000,61.0000
2007-08-23,43.0000,60.0000
2007-08-24,49.0000,63.0000
2007-08-27,48.0000,61.0000
2007-08-28,31.0000,55.0000
2007-08-29,50.0000,62.0000
2007-08-30,47.0000,61.0000
2007-08-31,56.0000,62.0000
2007-09-03,56.0000,62.0000
2007-09-04,63.0000,67.0000
2007-09-05,59.0000,63.0000
2007-09-06,61.0000,66.0000
2007-09-07,45.0000,60.0000
2007-09-10,45.0000,60.0000
2007-09-11,54.0000,65.0000
2007-09-12,52.0000,63.0000
2007-09-13,52.0000,63.0000
2007-09-14,53.0000,64.0000
2007-09-17,51.0000,63.0000
2007-09-18,66.0000,69.0000
2007-09-19,70.0000,71.0000
2007-09-20,68.0000,71.0000
2007-09-21,70.0000,72.0000
2007-09-24,66.0000,70.0000
2007-09-25,69.0000,71.0000
2007-09-26,75.0000,72.0000
2007-09-27,77.0000,71.0000
2007-09-28,76.0000,70.0000
2007-10-01,84.0000,74.0000
2007-10-02,84.0000,75.0000
2007-10-03,83.0000,75.0000
2007-10-04,81.0000,74.0000
2007-10-05,84.0000,81.0000
2007-10-08,87.0000,80.0000
2007-10-09,84.0000,80.0000
2007-10-10,85.0000,78.0000
2007-10-11,79.0000,76.0000
2007-10-12,81.0000,76.0000
2007-10-15,78.0000,75.0000
2007-10-16,77.0000,73.0000
2007-10-17,78.0000,74.0000
2007-10-18,78.0000,73.0000
2007-10-19,68.0000,66.0000
2007-10-22,72.0000,67.0000
2007-10-23,72.0000,67.0000
2007-10-24,68.0000,65.0000
2007-10-25,61.0000,61.0000
2007-10-26,64.0000,62.0000
2007-10-29,66.0000,67.0000
2007-10-30,64.0000,63.0000
2007-10-31,68.0000,68.0000
2007-11-01,58.0000,62.0000
2007-11-02,59.0000,65.0000
2007-11-05,56.0000,64.0000
2007-11-06,58.0000,64.0000
2007-11-07,52.0000,59.0000
2007-11-08,43.0000,57.0000
2007-11-09,37.0000,52.0000
2007-11-12,28.0000,53.0000
2007-11-13,39.0000,54.0000
2007-11-14,34.0000,52.0000
2007-11-15,30.0000,52.0000
2007-11-16,34.0000,54.0000
2007-11-19,26.0000,50.0000
2007-11-20,25.0000,50.0000
2007-11-21,23.0000,47.0000
2007-11-22,23.0000,47.0000
2007-11-23,22.0000,48.0000
2007-11-26,21.0000,44.0000
2007-11-27,25.0000,49.0000
2007-11-28,39.0000,52.0000
2007-11-29,42.0000,51.0000
2007-11-30,42.0000,51.0000
2007-12-03,40.0000,51.0000
2007-12-04,37.0000,52.0000
2007-12-05,43.0000,52.0000
2007-12-06,50.0000,57.0000
2007-12-07,49.0000,58.0000
2007-12-10,52.0000,58.0000
2007-12-11,42.0000,54.0000
2007-12-12,45.0000,56.0000
2007-12-13,42.0000,57.0000
2007-12-14,42.0000,53.0000
2007-12-17,31.0000,46.0000
2007-12-18,32.0000,48.0000
2007-12-19,34.0000,49.0000
2007-12-20,40.0000,50.0000
2007-12-21,50.0000,52.0000
2007-12-24,47.0000,54.0000
2007-12-25,47.0000,
2007-12-26,53.0000,55.0000
2007-12-27,43.0000,46.0000
2007-12-28,46.0000,50.0000
2007-12-31,43.0000,47.0000
2008-01-01,43.0000,
2008-01-02,33.0000,45.0000
2008-01-03,30.0000,45.0000
2008-01-04,16.0000,41.0000
2008-01-07,19.0000,42.0000
2008-01-08,16.0000,37.0000
2008-01-09,19.0000,36.0000
2008-01-10,22.0000,37.0000
2008-01-11,14.0000,35.0000
2008-01-14,20.0000,36.0000
2008-01-15,16.0000,34.0000
2008-01-16,15.0000,33.0000
2008-01-17,13.0000,33.0000
2008-01-18,14.0000,33.0000
2008-01-21,14.0000,33.0000
2008-01-22,8.0000,30.0000
2008-01-23,15.0000,28.0000
2008-01-24,13.0000,30.0000
2008-01-25,9.0000,28.0000
2008-01-28,19.0000,29.0000
2008-01-29,17.0000,33.0000
2008-01-30,19.0000,31.0000
2008-01-31,28.0000,38.0000
2008-02-01,44.0000,42.0000
2008-02-04,41.0000,37.0000
2008-02-05,25.0000,29.0000
2008-02-06,15.0000,24.0000
2008-02-07,21.0000,29.0000
2008-02-08,22.0000,32.0000
2008-02-11,30.0000,32.0000
2008-02-12,28.0000,32.0000
2008-02-13,39.0000,39.0000
2008-02-14,33.0000,32.0000
2008-02-15,29.0000,33.0000
2008-02-18,29.0000,33.0000
2008-02-19,25.0000,30.0000
2008-02-20,32.0000,33.0000
2008-02-21,31.0000,28.0000
2008-02-22,33.0000,30.0000
2008-02-25,39.0000,32.0000
2008-02-26,43.0000,35.0000
2008-02-27,46.0000,34.0000
2008-02-28,38.0000,31.0000
2008-02-29,27.0000,25.0000
2008-03-03,28.0000,26.0000
2008-03-04,30.0000,27.0000
2008-03-05,38.0000,27.0000
2008-03-06,24.0000,24.0000
2008-03-07,21.0000,21.0000
2008-03-10,17.0000,18.0000
2008-03-11,30.0000,22.0000
2008-03-12,29.0000,22.0000
2008-03-13,35.0000,22.0000
2008-03-14,29.0000,20.0000
2008-03-17,20.0000,16.0000
2008-03-18,41.0000,22.0000
2008-03-19,34.0000,21.0000
2008-03-20,42.0000,25.0000
2008-03-21,42.0000,25.0000
2008-03-24,56.0000,32.0000
2008-03-25,60.0000,34.0000
2008-03-26,56.0000,32.0000
2008-03-27,47.0000,28.0000
2008-03-28,44.0000,24.0000
2008-03-31,48.0000,28.0000
2008-04-01,71.0000,36.0000
2008-04-02,71.0000,35.0000
2008-04-03,70.0000,37.0000
2008-04-04,71.0000,39.0000
2008-04-07,69.0000,36.0000
2008-04-08,61.0000,34.0000
2008-04-09,60.0000,33.0000
2008-04-10,64.0000,36.0000
2008-04-11,54.0000,30.0000
2008-04-14,51.0000,29.0000
2008-04-15,50.0000,27.0000
2008-04-16,66.0000,34.0000
2008-04-17,63.0000,35.0000
2008-04-18,77.0000,43.0000
2008-04-21,73.0000,42.0000
2008-04-22,68.0000,40.0000
2008-04-23,73.0000,44.0000
2008-04-24,74.0000,42.0000
2008-04-25,76.0000,41.0000
2008-04-28,77.0000,42.0000
2008-04-29,76.0000,41.0000
2008-04-30,70.0000,40.0000
2008-05-01,83.0000,49.0000
2008-05-02,85.0000,50.0000
2008-05-05,84.0000,47.0000
2008-05-06,81.0000,46.0000
2008-05-07,75.0000,43.0000
2008-05-08,78.0000,47.0000
2008-05-09,75.0000,45.0000
2008-05-12,83.0000,50.0000
2008-05-13,80.0000,50.0000
2008-05-14,84.0000,52.0000
2008-05-15,85.0000,56.0000
2008-05-16,84.0000,59.0000
2008-05-19,82.0000,58.0000
2008-05-20,77.0000,53.0000
2008-05-21,68.0000,45.0000
2008-05-22,69.0000,49.0000
2008-05-23,65.0000,43.0000
2008-05-26,65.0000,43.0000
2008-05-27,70.0000,51.0000
2008-05-28,74.0000,49.0000
2008-05-29,76.0000,53.0000
2008-05-30,75.0000,57.0000
2008-06-02,67.0000,54.0000
2008-06-03,68.0000,51.0000
2008-06-04,73.0000,57.0000
2008-06-05,79.0000,66.0000
2008-06-06,62.0000,49.0000
2008-06-09,57.0000,49.0000
2008-06-10,55.0000,46.0000
2008-06-11,45.0000,42.0000
2008-06-12,42.0000,41.0000
2008-06-13,51.0000,44.0000
2008-06-16,53.0000,47.0000
2008-06-17,49.0000,45.0000
2008-06-18,43.0000,41.0000
2008-06-19,48.0000,47.0000
2008-06-20,37.0000,40.0000
2008-06-23,35.0000,41.0000
2008-06-24,31.0000,39.0000
2008-06-25,37.0000,42.0000
2008-06-26,16.0000,36.0000
2008-06-27,15.0000,36.0000
2008-06-30,13.0000,33.0000
2008-07-01,16.0000,37.0000
2008-07-02,15.0000,30.0000
2008-07-03,14.0000,27.0000
2008-07-04,14.0000,27.0000
2008-07-07,14.0000,28.0000
2008-07-08,17.0000,31.0000
2008-07-09,16.0000,30.0000
2008-07-10,16.0000,31.0000
2008-07-11,14.0000,26.0000
2008-07-14,15.0000,25.0000
2008-07-15,18.0000,25.0000
2008-07-16,23.0000,32.0000
2008-07-17,31.0000,32.0000
2008-07-18,30.0000,37.0000
2008-07-21,30.0000,37.0000
2008-07-22,31.0000,38.0000
2008-07-23,38.0000,41.0000
2008-07-24,36.0000,33.0000
2008-07-25,33.0000,37.0000
2008-07-28,25.0000,35.0000
2008-07-29,37.0000,38.0000
2008-07-30,39.0000,40.0000
2008-07-31,43.0000,41.0000
2008-08-01,36.0000,40.0000
2008-08-04,35.0000,38.0000
2008-08-05,45.0000,48.0000
2008-08-06,53.0000,45.0000
2008-08-07,50.0000,46.0000
2008-08-08,58.0000,52.0000
2008-08-11,60.0000,55.0000
2008-08-12,61.0000,57.0000
2008-08-13,61.0000,54.0000
2008-08-14,67.0000,61.0000
2008-08-15,67.0000,61.0000
2008-08-18,66.0000,54.0000
2008-08-19,64.0000,52.0000
2008-08-20,66.0000,52.0000
2008-08-21,64.0000,52.0000
2008-08-22,69.0000,56.0000
2008-08-25,60.0000,53.0000
2008-08-26,60.0000,52.0000
2008-08-27,62.0000,53.0000
2008-08-28,65.0000,57.0000
2008-08-29,56.0000,48.0000
2008-09-01,56.0000,48.0000
2008-09-02,56.0000,47.0000
2008-09-03,44.0000,42.0000
2008-09-04,27.0000,31.0000
2008-09-05,29.0000,33.0000
2008-09-08,35.0000,35.0000
2008-09-09,24.0000,31.0000
2008-09-10,25.0000,34.0000
2008-09-11,35.0000,36.0000
2008-09-12,36.0000,35.0000
2008-09-15,21.0000,28.0000
2008-09-16,25.0000,31.0000
2008-09-17,16.0000,22.0000
2008-09-18,24.0000,31.0000
2008-09-19,33.0000,33.0000
2008-09-22,14.0000,26.0000
2008-09-23,13.0000,23.0000
2008-09-24,15.0000,26.0000
2008-09-25,17.0000,29.0000
2008-09-26,20.0000,29.0000
2008-09-29,7.0000,14.0000
2008-09-30,11.0000,24.0000
2008-10-01,11.0000,18.0000
2008-10-02,6.0000,11.0000
2008-10-03,1.0000,8.0000
2008-10-06,1.0000,4.0000
2008-10-07,1.0000,4.0000
2008-10-08,1.0000,4.0000
2008-10-09,,4.0000
2008-10-10,,1.0000
2008-10-13,2.0000,4.0000
2008-10-14,,4.0000
2008-10-15,,1.0000
2008-10-16,,4.0000
2008-10-17,,3.0000
2008-10-20,3.0000,5.0000
2008-10-21,1.0000,4.0000
2008-10-22,,3.0000
2008-10-23,,3.0000
2008-10-24,,3.0000
2008-10-27,,2.0000
2008-10-28,1.0000,4.0000
2008-10-29,3.0000,4.0000
2008-10-30,7.0000,6.0000
2008-10-31,10.0000,8.0000
2008-11-03,11.0000,7.0000
2008-11-04,15.0000,9.0000
2008-11-05,7.0000,7.0000
2008-11-06,5.0000,5.0000
2008-11-07,8.0000,6.0000
2008-11-10,8.0000,6.0000
2008-11-11,8.0000,6.0000
2008-11-12,3.0000,5.0000
2008-11-13,10.0000,6.0000
2008-11-14,7.0000,6.0000
2008-11-17,6.0000,6.0000
2008-11-18,5.0000,5.0000
2008-11-19,3.0000,5.0000
2008-11-20,1.0000,2.0000
2008-11-21,2.0000,3.0000
2008-11-24,10.0000,4.0000
2008-11-25,11.0000,4.0000
2008-11-26,18.0000,4.0000
2008-11-27,18.0000,4.0000
2008-11-28,20.0000,5.0000
2008-12-01,6.0000,4.0000
2008-12-02,10.0000,4.0000
2008-12-03,17.0000,5.0000
2008-12-04,12.0000,5.0000
2008-12-05,24.0000,5.0000
2008-12-08,38.0000,5.0000
2008-12-09,33.0000,5.0000
2008-12-10,40.0000,5.0000
2008-12-11,28.0000,5.0000
2008-12-12,39.0000,5.0000
2008-12-15,33.0000,4.0000
2008-12-16,59.0000,5.0000
2008-12-17,56.0000,5.0000
2008-12-18,48.0000,6.0000
2008-12-19,51.0000,6.0000
2008-12-22,39.0000,7.0000
2008-12-23,40.0000,7.0000
2008-12-24,39.0000,7.0000
2008-12-25,39.0000,
2008-12-26,42.0000,7.0000
2008-12-29,37.0000,6.0000
2008-12-30,53.0000,7.0000
2008-12-31,61.0000,9.0000
2009-01-01,61.0000,
2009-01-02,76.0000,9.0000
2009-01-05,81.0000,8.0000
2009-01-06,81.0000,7.0000
2009-01-07,74.0000,7.0000
2009-01-08,76.0000,7.0000
2009-01-09,68.0000,6.0000
2009-01-12,58.0000,6.0000
2009-01-13,57.0000,6.0000
2009-01-14,41.0000,6.0000
2009-01-15,54.0000,6.0000
2009-01-16,61.0000,7.0000
2009-01-19,61.0000,7.0000
2009-01-20,37.0000,7.0000
2009-01-21,47.0000,7.0000
2009-01-22,45.0000,7.0000
2009-01-23,47.0000,6.0000
2009-01-26,53.0000,8.0000
2009-01-27,60.0000,8.0000
2009-01-28,75.0000,10.0000
2009-01-29,60.0000,10.0000
2009-01-30,51.0000,10.0000
2009-02-02,53.0000,10.0000
2009-02-03,59.0000,10.0000
2009-02-04,53.0000,11.0000
2009-02-05,70.0000,10.0000
2009-02-06,81.0000,11.0000
2009-02-09,78.0000,12.0000
2009-02-10,56.0000,8.0000
2009-02-11,58.0000,9.0000
2009-02-12,61.0000,12.0000
2009-02-13,62.0000,13.0000
2009-02-16,62.0000,13.0000
2009-02-17,34.0000,11.0000
2009-02-18,38.0000,10.0000
2009-02-19,28.0000,9.0000
2009-02-20,32.0000,9.0000
2009-02-23,20.0000,8.0000
2009-02-24,37.0000,11.0000
2009-02-25,34.0000,9.0000
2009-02-26,27.0000,7.0000
2009-02-27,22.0000,8.0000
2009-03-02,19.0000,6.0000
2009-03-03,20.0000,6.0000
2009-03-04,27.0000,7.0000
2009-03-05,23.0000,7.0000
2009-03-06,22.0000,6.0000
2009-03-09,22.0000,6.0000
2009-03-10,33.0000,7.0000
2009-03-11,37.0000,8.0000
2009-03-12,44.0000,11.0000
2009-03-13,46.0000,10.0000
2009-03-16,42.0000,9.0000
2009-03-17,56.0000,11.0000
2009-03-18,65.0000,14.0000
2009-03-19,65.0000,14.0000
2009-03-20,58.0000,12.0000
2009-03-23,80.0000,20.0000
2009-03-24,76.0000,17.0000
2009-03-25,73.0000,15.0000
2009-03-26,85.0000,28.0000
2009-03-27,81.0000,23.0000
2009-03-30,72.0000,18.0000
2009-03-31,77.0000,19.0000
2009-04-01,79.0000,21.0000
2009-04-02,89.0000,27.0000
2009-04-03,90.0000,29.0000
2009-04-06,87.0000,26.0000
2009-04-07,84.0000,22.0000
2009-04-08,87.0000,28.0000
2009-04-09,91.0000,35.0000
2009-04-10,91.0000,35.0000
2009-04-13,93.0000,34.0000
2009-04-14,89.0000,35.0000
2009-04-15,85.0000,35.0000
2009-04-16,92.0000,43.0000
2009-04-17,88.0000,46.0000
2009-04-20,82.0000,35.0000
2009-04-21,86.0000,38.0000
2009-04-22,84.0000,42.0000
2009-04-23,81.0000,41.0000
2009-04-24,83.0000,44.0000
2009-04-27,88.0000,46.0000
2009-04-28,90.0000,45.0000
2009-04-29,90.0000,48.0000
2009-04-30,86.0000,53.0000
2009-05-01,87.0000,54.0000
2009-05-04,87.0000,64.0000
2009-05-05,90.0000,61.0000
2009-05-06,89.0000,64.0000
2009-05-07,85.0000,53.0000
2009-05-08,84.0000,57.0000
2009-05-11,87.0000,56.0000
2009-05-12,82.0000,54.0000
2009-05-13,71.0000,46.0000
2009-05-14,74.0000,51.0000
2009-05-15,68.0000,50.0000
2009-05-18,82.0000,56.0000
2009-05-19,83.0000,58.0000
2009-05-20,78.0000,59.0000
2009-05-21,67.0000,56.0000
2009-05-22,69.0000,53.0000
2009-05-25,69.0000,53.0000
2009-05-26,83.0000,63.0000
2009-05-27,75.0000,62.0000
2009-05-28,79.0000,65.0000
2009-05-29,81.0000,72.0000
2009-06-01,92.0000,80.0000
2009-06-02,92.0000,81.0000
2009-06-03,88.0000,78.0000
2009-06-04,91.0000,79.0000
2009-06-05,87.0000,79.0000
2009-06-08,87.0000,76.0000
2009-06-09,91.0000,81.0000
2009-06-10,89.0000,81.0000
2009-06-11,87.0000,83.0000
2009-06-12,85.0000,80.0000
2009-06-15,73.0000,76.0000
2009-06-16,67.0000,76.0000
2009-06-17,70.0000,80.0000
2009-06-18,65.0000,81.0000
2009-06-19,66.0000,82.0000
2009-06-22,53.0000,76.0000
2009-06-23,50.0000,78.0000
2009-06-24,58.0000,79.0000
2009-06-25,77.0000,83.0000
2009-06-26,72.0000,81.0000
2009-06-29,75.0000,81.0000
2009-06-30,70.0000,83.0000
2009-07-01,73.0000,85.0000
2009-07-02,57.0000,80.0000
2009-07-03,57.0000,80.0000
2009-07-06,54.0000,81.0000
2009-07-07,36.0000,74.0000
2009-07-08,35.0000,75.0000
2009-07-09,42.0000,79.0000
2009-07-10,41.0000,80.0000
2009-07-13,56.0000,81.0000
2009-07-14,63.0000,81.0000
2009-07-15,79.0000,85.0000
2009-07-16,82.0000,87.0000
2009-07-17,79.0000,85.0000
2009-07-20,84.0000,90.0000
2009-07-21,86.0000,90.0000
2009-07-22,85.0000,91.0000
2009-07-23,93.0000,96.0000
2009-07-24,93.0000,97.0000
2009-07-27,92.0000,97.0000
2009-07-28,92.0000,98.0000
2009-07-29,92.0000,97.0000
2009-07-30,92.0000,96.0000
2009-07-31,92.0000,96.0000
2009-08-03,93.0000,98.0000
2009-08-04,93.0000,98.0000
2009-08-05,90.0000,98.0000
2009-08-06,87.0000,94.0000
2009-08-07,91.0000,95.0000
2009-08-10,88.0000,94.0000
2009-08-11,84.0000,94.0000
2009-08-12,91.0000,95.0000
2009-08-13,90.0000,95.0000
2009-08-14,89.0000,95.0000
2009-08-17,77.0000,92.0000
2009-08-18,83.0000,93.0000
2009-08-19,84.0000,93.0000
2009-08-20,88.0000,93.0000
2009-08-21,88.0000,96.0000
2009-08-24,87.0000,96.0000
2009-08-25,86.0000,95.0000
2009-08-26,85.0000,94.0000
2009-08-27,86.0000,94.0000
2009-08-28,85.0000,94.0000
2009-08-31,84.0000,93.0000
2009-09-01,76.0000,93.0000
2009-09-02,73.0000,93.0000
2009-09-03,75.0000,93.0000
2009-09-04,83.0000,93.0000
2009-09-07,83.0000,93.0000
2009-09-08,86.0000,94.0000
2009-09-09,86.0000,95.0000
2009-09-10,88.0000,95.0000
2009-09-11,89.0000,95.0000
2009-09-14,89.0000,96.0000
2009-09-15,86.0000,95.0000
2009-09-16,91.0000,96.0000
2009-09-17,90.0000,96.0000
2009-09-18,90.0000,96.0000
2009-09-21,92.0000,98.0000
2009-09-22,89.0000,97.0000
2009-09-23,89.0000,98.0000
2009-09-24,86.0000,98.0000
2009-09-25,83.0000,98.0000
2009-09-28,89.0000,99.0000
2009-09-29,84.0000,98.0000
2009-09-30,86.0000,97.0000
2009-10-01,70.0000,96.0000
2009-10-02,66.0000,95.0000
2009-10-05,70.0000,95.0000
2009-10-06,77.0000,97.0000
2009-10-07,76.0000,96.0000
2009-10-08,77.0000,96.0000
2009-10-09,81.0000,96.0000
2009-10-12,83.0000,96.0000
2009-10-13,82.0000,95.0000
2009-10-14,91.0000,99.0000
2009-10-15,89.0000,100.0000
2009-10-16,86.0000,97.0000
2009-10-19,89.0000,100.0000
2009-10-20,85.0000,97.0000
2009-10-21,77.0000,96.0000
2009-10-22,82.0000,96.0000
2009-10-23,72.0000,96.0000
2009-10-26,70.0000,94.0000
2009-10-27,64.0000,93.0000
2009-10-28,38.0000,91.0000
2009-10-29,48.0000,91.0000
2009-10-30,34.0000,88.0000
2009-11-02,38.0000,89.0000
2009-11-03,37.0000,90.0000
2009-11-04,43.0000,88.0000
2009-11-05,55.0000,89.0000
2009-11-06,55.0000,91.0000
2009-11-09,67.0000,95.0000
2009-11-10,68.0000,93.0000
2009-11-11,72.0000,94.0000
2009-11-12,61.0000,94.0000
2009-11-13,63.0000,94.0000
2009-11-16,76.0000,94.0000
2009-11-17,75.0000,94.0000
2009-11-18,72.0000,94.0000
2009-11-19,55.0000,94.0000
2009-11-20,50.0000,92.0000
2009-11-23,58.0000,94.0000
2009-11-24,58.0000,93.0000
2009-11-25,66.0000,94.0000
2009-11-26,66.0000,94.0000
2009-11-27,52.0000,92.0000
2009-11-30,54.0000,91.0000
2009-12-01,69.0000,92.0000
2009-12-02,74.0000,93.0000
2009-12-03,71.0000,92.0000
2009-12-04,73.0000,92.0000
2009-12-07,70.0000,93.0000
2009-12-08,65.0000,92.0000
2009-12-09,70.0000,92.0000
2009-12-10,70.0000,92.0000
2009-12-11,71.0000,94.0000
2009-12-14,76.0000,94.0000
2009-12-15,71.0000,93.0000
2009-12-16,71.0000,93.0000
2009-12-17,64.0000,91.0000
2009-12-18,69.0000,94.0000
2009-12-21,77.0000,94.0000
2009-12-22,81.0000,93.0000
2009-12-23,85.0000,93.0000
2009-12-24,88.0000,93.0000
2009-12-25,88.0000,
2009-12-28,89.0000,93.0000
2009-12-29,87.0000,93.0000
2009-12-30,88.0000,93.0000
2009-12-31,82.0000,93.0000
2010-01-04,92.0000,91.0000
2010-01-05,89.0000,91.0000
2010-01-06,89.0000,91.0000
2010-01-07,87.0000,92.0000
2010-01-08,89.0000,92.0000
2010-01-11,87.0000,92.0000
2010-01-12,81.0000,92.0000
2010-01-13,88.0000,93.0000
2010-01-14,84.0000,93.0000
2010-01-15,71.0000,92.0000
2010-01-19,78.0000,95.0000
2010-01-20,71.0000,94.0000
2010-01-21,58.0000,94.0000
2010-01-22,37.0000,90.0000
2010-01-25,39.0000,93.0000
2010-01-26,38.0000,88.0000
2010-01-27,43.0000,91.0000
2010-01-28,25.0000,86.0000
2010-01-29,21.0000,83.0000
2010-02-01,27.0000,86.0000
2010-02-02,33.0000,87.0000
2010-02-03,32.0000,87.0000
2010-02-04,22.0000,79.0000
2010-02-05,23.0000,80.0000
2010-02-08,19.0000,77.0000
2010-02-09,24.0000,79.0000
2010-02-10,23.0000,80.0000
2010-02-11,36.0000,83.0000
2010-02-12,34.0000,80.0000
2010-02-16,49.0000,87.0000
2010-02-17,51.0000,87.0000
2010-02-18,50.0000,88.0000
2010-02-19,54.0000,86.0000
2010-02-22,55.0000,85.0000
2010-02-23,46.0000,83.0000
2010-02-24,57.0000,85.0000
2010-02-25,52.0000,82.0000
2010-02-26,53.0000,83.0000
2010-03-01,67.0000,86.0000
2010-03-02,69.0000,84.0000
2010-03-03,71.0000,86.0000
2010-03-04,71.0000,85.0000
2010-03-05,82.0000,87.0000
2010-03-08,81.0000,88.0000
2010-03-09,84.0000,89.0000
2010-03-10,86.0000,89.0000
2010-03-11,87.0000,90.0000
2010-03-12,86.0000,90.0000
2010-03-15,84.0000,88.0000
2010-03-16,90.0000,94.0000
2010-03-17,90.0000,93.0000
2010-03-18,90.0000,94.0000
2010-03-19,87.0000,93.0000
2010-03-22,91.0000,94.0000
2010-03-23,91.0000,94.0000
2010-03-24,92.0000,93.0000
2010-03-25,90.0000,91.0000
2010-03-26,90.0000,92.0000
2010-03-29,91.0000,92.0000
2010-03-30,91.0000,92.0000
2010-03-31,89.0000,92.0000
2010-04-01,92.0000,92.0000
2010-04-05,93.0000,93.0000
2010-04-06,92.0000,94.0000
2010-04-07,90.0000,92.0000
2010-04-08,89.0000,92.0000
2010-04-09,92.0000,94.0000
2010-04-12,90.0000,94.0000
2010-04-13,90.0000,95.0000
2010-04-14,92.0000,97.0000
2010-04-15,91.0000,97.0000
2010-04-16,88.0000,96.0000
2010-04-19,86.0000,96.0000
2010-04-20,89.0000,98.0000
2010-04-21,89.0000,97.0000
2010-04-22,85.0000,95.0000
2010-04-23,86.0000,98.0000
2010-04-26,83.0000,95.0000
2010-04-27,74.0000,92.0000
2010-04-28,73.0000,91.0000
2010-04-29,79.0000,94.0000
2010-04-30,66.0000,90.0000
2010-05-03,75.0000,91.0000
2010-05-04,51.0000,80.0000
2010-05-05,45.0000,81.0000
2010-05-06,21.0000,68.0000
2010-05-07,12.0000,64.0000
2010-05-10,35.0000,76.0000
2010-05-11,33.0000,75.0000
2010-05-12,44.0000,81.0000
2010-05-13,31.0000,74.0000
2010-05-14,17.0000,68.0000
2010-05-17,18.0000,71.0000
2010-05-18,16.0000,64.0000
2010-05-19,16.0000,61.0000
2010-05-20,6.0000,44.0000
2010-05-21,7.0000,48.0000
2010-05-24,7.0000,45.0000
2010-05-25,6.0000,45.0000
2010-05-26,7.0000,42.0000
2010-05-27,16.0000,55.0000
2010-05-28,13.0000,52.0000
2010-06-01,11.0000,44.0000
2010-06-02,17.0000,53.0000
2010-06-03,20.0000,54.0000
2010-06-04,13.0000,42.0000
2010-06-07,10.0000,33.0000
2010-06-08,10.0000,35.0000
2010-06-09,9.0000,35.0000
2010-06-10,14.0000,44.0000
2010-06-11,21.0000,47.0000
2010-06-14,22.0000,46.0000
2010-06-15,41.0000,55.0000
2010-06-16,38.0000,53.0000
2010-06-17,37.0000,54.0000
2010-06-18,41.0000,55.0000
2010-06-21,37.0000,54.0000
2010-06-22,28.0000,47.0000
2010-06-23,28.0000,49.0000
2010-06-24,28.0000,40.0000
2010-06-25,27.0000,40.0000
2010-06-28,24.0000,41.0000
2010-06-29,9.0000,32.0000
2010-06-30,7.0000,30.0000
2010-07-01,8.0000,29.0000
2010-07-02,9.0000,27.0000
2010-07-06,11.0000,29.0000
2010-07-07,23.0000,33.0000
2010-07-08,23.0000,36.0000
2010-07-09,27.0000,40.0000
2010-07-12,31.0000,40.0000
2010-07-13,46.0000,46.0000
2010-07-14,53.0000,48.0000
2010-07-15,53.0000,49.0000
2010-07-16,36.0000,40.0000
2010-07-19,44.0000,44.0000
2010-07-20,47.0000,44.0000
2010-07-21,35.0000,42.0000
2010-07-22,55.0000,44.0000
2010-07-23,60.0000,48.0000
2010-07-26,64.0000,52.0000
2010-07-27,64.0000,51.0000
2010-07-28,59.0000,48.0000
2010-07-29,52.0000,47.0000
2010-07-30,60.0000,45.0000
2010-08-02,68.0000,56.0000
2010-08-03,64.0000,54.0000
2010-08-04,66.0000,58.0000
2010-08-05,64.0000,57.0000
2010-08-06,65.0000,57.0000
2010-08-09,69.0000,58.0000
2010-08-10,65.0000,56.0000
2010-08-11,46.0000,49.0000
2010-08-12,44.0000,47.0000
2010-08-13,40.0000,45.0000
2010-08-16,38.0000,46.0000
2010-08-17,42.0000,49.0000
2010-08-18,45.0000,51.0000
2010-08-19,37.0000,47.0000
2010-08-20,35.0000,50.0000
2010-08-23,33.0000,46.0000
2010-08-24,26.0000,38.0000
2010-08-25,29.0000,41.0000
2010-08-26,27.0000,37.0000
2010-08-27,35.0000,43.0000
2010-08-30,30.0000,36.0000
2010-08-31,30.0000,37.0000
2010-09-01,45.0000,40.0000
2010-09-02,57.0000,48.0000
2010-09-03,70.0000,50.0000
2010-09-07,60.0000,49.0000
2010-09-08,67.0000,51.0000
2010-09-09,68.0000,51.0000
2010-09-10,74.0000,51.0000
2010-09-13,81.0000,54.0000
2010-09-14,82.0000,59.0000
2010-09-15,84.0000,59.0000
2010-09-16,84.0000,59.0000
2010-09-17,81.0000,59.0000
2010-09-20,86.0000,62.0000
2010-09-21,84.0000,61.0000
2010-09-22,79.0000,58.0000
2010-09-23,78.0000,57.0000
2010-09-24,89.0000,65.0000
2010-09-27,84.0000,62.0000
2010-09-28,89.0000,67.0000
2010-09-29,84.0000,65.0000
2010-09-30,84.0000,63.0000
2010-10-01,85.0000,64.0000
2010-10-04,83.0000,62.0000
2010-10-05,90.0000,69.0000
2010-10-06,87.0000,65.0000
2010-10-07,87.0000,66.0000
2010-10-08,92.0000,68.0000
2010-10-11,93.0000,68.0000
2010-10-12,93.0000,68.0000
2010-10-13,94.0000,68.0000
2010-10-14,90.0000,67.0000
2010-10-15,91.0000,71.0000
2010-10-18,92.0000,70.0000
2010-10-19,86.0000,69.0000
2010-10-20,90.0000,70.0000
2010-10-21,90.0000,68.0000
2010-10-22,89.0000,71.0000
2010-10-25,89.0000,73.0000
2010-10-26,90.0000,74.0000
2010-10-27,91.0000,77.0000
2010-10-28,92.0000,77.0000
2010-10-29,90.0000,77.0000
2010-11-01,89.0000,80.0000
2010-11-02,91.0000,81.0000
2010-11-03,92.0000,81.0000
2010-11-04,92.0000,83.0000
2010-11-05,90.0000,81.0000
2010-11-08,90.0000,82.0000
2010-11-09,88.0000,81.0000
2010-11-10,87.0000,82.0000
2010-11-11,83.0000,81.0000
2010-11-12,79.0000,77.0000
2010-11-15,77.0000,78.0000
2010-11-16,68.0000,74.0000
2010-11-17,68.0000,75.0000
2010-11-18,77.0000,76.0000
2010-11-19,77.0000,80.0000
2010-11-22,78.0000,81.0000
2010-11-23,69.0000,79.0000
2010-11-24,78.0000,82.0000
2010-11-26,72.0000,81.0000
2010-11-29,71.0000,80.0000
2010-11-30,65.0000,77.0000
2010-12-01,76.0000,80.0000
2010-12-02,78.0000,85.0000
2010-12-03,81.0000,84.0000
2010-12-06,80.0000,83.0000
2010-12-07,81.0000,83.0000
2010-12-08,79.0000,83.0000
2010-12-09,80.0000,83.0000
2010-12-10,83.0000,85.0000
2010-12-13,82.0000,83.0000
2010-12-14,81.0000,85.0000
2010-12-15,77.0000,85.0000
2010-12-16,80.0000,86.0000
2010-12-17,84.0000,86.0000
2010-12-20,82.0000,86.0000
2010-12-21,84.0000,88.0000
2010-12-22,84.0000,89.0000
2010-12-23,83.0000,88.0000
2010-12-27,83.0000,88.0000
2010-12-28,82.0000,87.0000
2010-12-29,84.0000,88.0000
2010-12-30,83.0000,88.0000
2010-12-31,81.0000,86.0000
2011-01-03,87.0000,88.0000
2011-01-04,83.0000,87.0000
2011-01-05,86.0000,91.0000
2011-01-06,89.0000,91.0000
2011-01-07,85.0000,91.0000
2011-01-10,84.0000,89.0000
2011-01-11,85.0000,91.0000
2011-01-12,87.0000,91.0000
2011-01-13,85.0000,91.0000
2011-01-14,82.0000,91.0000
2011-01-18,83.0000,92.0000
2011-01-19,79.0000,91.0000
2011-01-20,78.0000,89.0000
2011-01-21,70.0000,88.0000
2011-01-24,76.0000,90.0000
2011-01-25,75.0000,92.0000
2011-01-26,77.0000,92.0000
2011-01-27,77.0000,90.0000
2011-01-28,60.0000,88.0000
2011-01-31,62.0000,87.0000
2011-02-01,70.0000,89.0000
2011-02-02,69.0000,92.0000
2011-02-03,70.0000,92.0000
2011-02-04,74.0000,94.0000
2011-02-07,74.0000,93.0000
2011-02-08,75.0000,93.0000
2011-02-09,73.0000,91.0000
2011-02-10,73.0000,90.0000
2011-02-11,76.0000,90.0000
2011-02-14,76.0000,89.0000
2011-02-15,74.0000,89.0000
2011-02-16,76.0000,89.0000
2011-02-17,75.0000,89.0000
2011-02-18,75.0000,89.0000
2011-02-22,69.0000,89.0000
2011-02-23,55.0000,87.0000
2011-02-24,61.0000,87.0000
2011-02-25,67.0000,89.0000
2011-02-28,66.0000,89.0000
2011-03-01,57.0000,86.0000
2011-03-02,56.0000,87.0000
2011-03-03,67.0000,88.0000
2011-03-04,62.0000,86.0000
2011-03-07,56.0000,85.0000
2011-03-08,59.0000,86.0000
2011-03-09,54.0000,86.0000
2011-03-10,45.0000,81.0000
2011-03-11,46.0000,83.0000
2011-03-14,43.0000,81.0000
2011-03-15,33.0000,79.0000
2011-03-16,24.0000,75.0000
2011-03-17,25.0000,77.0000
2011-03-18,28.0000,77.0000
2011-03-21,39.0000,80.0000
2011-03-22,35.0000,79.0000
2011-03-23,35.0000,80.0000
2011-03-24,53.0000,85.0000
2011-03-25,53.0000,85.0000
2011-03-28,48.0000,82.0000
2011-03-29,59.0000,84.0000
2011-03-30,68.0000,86.0000
2011-03-31,67.0000,85.0000
2011-04-01,70.0000,83.0000
2011-04-04,71.0000,84.0000
2011-04-05,71.0000,84.0000
2011-04-06,74.0000,86.0000
2011-04-07,70.0000,88.0000
2011-04-08,67.0000,85.0000
2011-04-11,66.0000,84.0000
2011-04-12,56.0000,83.0000
2011-04-13,60.0000,83.0000
2011-04-14,60.0000,84.0000
2011-04-15,63.0000,82.0000
2011-04-18,52.0000,81.0000
2011-04-19,55.0000,81.0000
2011-04-20,74.0000,84.0000
2011-04-21,79.0000,85.0000
2011-04-25,75.0000,86.0000
2011-04-26,80.0000,88.0000
2011-04-27,83.0000,87.0000
2011-04-28,82.0000,88.0000
2011-04-29,80.0000,88.0000
2011-05-02,80.0000,87.0000
2011-05-03,74.0000,85.0000
2011-05-04,72.0000,86.0000
2011-05-05,72.0000,84.0000
2011-05-06,75.7500,86.8600
2011-05-09,77.7700,84.8400
2011-05-10,81.8100,85.8500
2011-05-11,78.7800,85.8500
2011-05-12,81.8100,86.8600
2011-05-13,74.7400,85.8500
2011-05-16,66.6600,82.8200
2011-05-17,66.6600,81.8100
2011-05-18,68.6800,81.8100
2011-05-19,70.7000,82.8200
2011-05-20,68.6800,81.8100
2011-05-23,53.5300,79.7900
2011-05-24,51.5100,79.7900
2011-05-25,53.5300,80.8000
2011-05-26,56.5600,78.7800
2011-05-27,59.5900,80.8000
2011-05-31,68.6800,84.8400
2011-06-01,51.0000,81.0000
2011-06-02,51.0000,80.0000
2011-06-03,38.0000,77.0000
2011-06-06,29.0000,71.0000
2011-06-07,31.0000,73.0000
2011-06-08,27.0000,69.0000
2011-06-09,26.0000,69.0000
2011-06-10,18.0000,67.0000
2011-06-13,18.0000,66.0000
2011-06-14,24.0000,69.0000
2011-06-15,16.0000,64.0000
2011-06-16,12.0000,57.0000
2011-06-17,16.0000,58.0000
2011-06-20,20.0000,61.0000
2011-06-21,30.0000,64.0000
2011-06-22,29.0000,63.0000
2011-06-23,29.0000,65.0000
2011-06-24,23.0000,60.0000
2011-06-27,30.0000,63.0000
2011-06-28,40.0000,67.0000
2011-06-29,41.0000,68.0000
2011-06-30,55.0000,71.0000
2011-07-01,68.0000,76.0000
2011-07-05,65.0000,73.0000
2011-07-06,69.0000,75.0000
2011-07-07,78.0000,79.0000
2011-07-08,74.0000,76.0000
2011-07-11,67.0000,69.0000
2011-07-12,56.0000,65.0000
2011-07-13,59.0000,67.0000
2011-07-14,47.0000,62.0000
2011-07-15,47.0000,62.0000
2011-07-18,39.0000,56.0000
2011-07-19,55.0000,63.0000
2011-07-20,48.0000,60.0000
2011-07-21,56.0000,64.0000
2011-07-22,63.0000,66.0000
2011-07-25,58.0000,63.0000
2011-07-26,56.0000,65.0000
2011-07-27,37.0000,55.0000
2011-07-28,38.0000,55.0000
2011-07-29,36.0000,52.0000
2011-08-01,34.0000,49.0000
2011-08-02,22.0000,40.0000
2011-08-03,23.0000,41.0000
2011-08-04,9.0000,29.0000
2011-08-05,7.0000,27.0000
2011-08-08,1.9800,13.8600
2011-08-09,7.9200,22.7700
2011-08-10,3.9600,14.8500
2011-08-11,5.9400,21.7800
2011-08-12,8.9100,25.7400
2011-08-15,14.8500,26.7300
2011-08-16,12.8700,28.7100
2011-08-17,12.8700,27.7200
2011-08-18,2.9700,16.8300
2011-08-19,0.9900,14.8500
2011-08-22,1.9800,15.8400
2011-08-23,8.9100,25.7400
2011-08-24,9.9000,28.7100
2011-08-25,6.9300,22.7700
2011-08-26,9.9000,25.7400
2011-08-29,25.7400,28.7100
2011-08-30,32.6700,33.6600
2011-08-31,31.6800,33.6600
2011-09-01,25.7400,31.6800
2011-09-02,17.8200,24.7500
2011-09-06,18.8100,27.7200
2011-09-07,31.6800,30.6900
2011-09-08,31.6800,30.6900
2011-09-09,19.8000,25.7400
2011-09-12,32.6700,26.7300
2011-09-13,36.6300,27.7200
2011-09-14,47.0000,31.0000
2011-09-15,54.0000,37.0000
2011-09-16,57.0000,37.0000
2011-09-19,53.0000,36.0000
2011-09-20,49.0000,35.0000
2011-09-21,43.0000,31.0000
2011-09-22,26.0000,26.0000
2011-09-23,34.0000,26.0000
2011-09-26,41.0000,28.0000
2011-09-27,49.0000,31.0000
2011-09-28,37.0000,26.0000
2011-09-29,31.0000,23.0000
2011-09-30,21.0000,21.0000
2011-10-03,13.0000,17.0000
2011-10-04,23.0000,21.0000
2011-10-05,44.0000,25.0000
2011-10-06,58.0000,28.0000
2011-10-07,56.0000,27.0000
2011-10-10,70.0000,36.0000
2011-10-11,72.0000,35.0000
2011-10-12,76.0000,39.0000
2011-10-13,77.0000,41.0000
2011-10-14,81.0000,47.0000
2011-10-17,77.0000,41.0000
2011-10-18,78.0000,48.0000
2011-10-19,77.0000,44.0000
2011-10-20,76.0000,41.0000
2011-10-21,81.0000,48.0000
2011-10-24,85.0000,50.0000
2011-10-25,84.0000,48.0000
2011-10-26,82.0000,49.0000
2011-10-27,87.0000,61.0000
2011-10-28,85.0000,57.0000
2011-10-31,81.0000,53.0000
2011-11-01,70.0000,42.0000
2011-11-02,70.0000,42.0000
2011-11-03,79.0000,54.0000
2011-11-04,77.0000,51.0000
2011-11-07,81.0000,53.0000
2011-11-08,86.0000,56.0000
2011-11-09,66.0000,43.0000
2011-11-10,69.0000,45.0000
2011-11-11,78.0000,50.0000
2011-11-14,73.0000,47.0000
2011-11-15,76.0000,50.0000
2011-11-16,66.0000,48.0000
2011-11-17,47.0000,37.0000
2011-11-18,41.0000,32.0000
2011-11-21,30.0000,29.0000
2011-11-22,29.0000,28.0000
2011-11-23,19.0000,23.0000
2011-11-25,18.0000,21.0000
2011-11-28,33.0000,29.0000
2011-11-29,35.0000,28.0000
2011-11-30,64.0000,43.0000
2011-12-01,64.0000,43.0000
2011-12-02,63.0000,41.0000
2011-12-05,68.0000,43.0000
2011-12-06,66.6600,44.4400
2011-12-07,62.6200,41.4100
2011-12-08,49.4900,35.3500
2011-12-09,62.6200,44.4400
2011-12-12,49.4900,34.3400
2011-12-13,37.3700,35.3500
2011-12-14,27.2700,30.3000
2011-12-15,27.2700,31.3100
2011-12-16,27.2700,33.3300
2011-12-19,19.1900,29.2900
2011-12-20,45.9100,38.7700
2011-12-21,40.8100,37.7500
2011-12-22,47.9500,40.8100
2011-12-23,51.0200,43.8700
2011-12-27,53.0600,43.8700
2011-12-28,40.8100,40.8100
2011-12-29,50.0000,43.8700
2011-12-30,45.9100,42.8500
2012-01-03,55.1000,44.8900
2012-01-04,54.0800,43.8700
2012-01-05,57.1400,47.9500
2012-01-06,61.2200,46.9300
2012-01-09,64.2800,51.0200
2012-01-10,73.4600,54.0800
2012-01-11,76.5300,55.1000
2012-01-12,78.5700,55.1000
2012-01-13,67.3400,50.0000
2012-01-17,72.4400,54.0800
2012-01-18,82.6500,61.2200
2012-01-19,87.7500,68.3600
2012-01-20,86.7300,69.3800
2012-01-23,84.6900,68.3600
2012-01-24,86.7300,69.3800
2012-01-25,90.8100,72.4400
2012-01-26,86.7300,72.4400
2012-01-27,90.8100,72.4400
2012-01-30,89.7900,69.3800
2012-01-31,88.7700,68.3600
2012-02-01,91.8300,69.3800
2012-02-02,91.8300,71.4200
2012-02-03,95.9100,76.5300
2012-02-06,93.8700,74.4800
2012-02-07,94.8900,75.5100
2012-02-08,95.9100,75.5100
2012-02-09,93.8700,76.5300
2012-02-10,91.8300,76.5300
2012-02-13,92.8500,76.5300
2012-02-14,87.7500,77.5500
2012-02-15,85.7100,76.5300
2012-02-16,89.7900,79.5900
2012-02-17,89.7900,79.5900
2012-02-21,86.7300,77.5500
2012-02-22,83.6700,77.5500
2012-02-23,85.7100,78.5700
2012-02-24,85.7100,79.5900
2012-02-27,84.6900,78.5700
2012-02-28,85.7100,80.6100
2012-02-29,82.6500,77.5500
2012-03-01,86.7300,78.5700
2012-03-02,84.6900,78.5700
2012-03-05,76.5300,78.5700
2012-03-06,68.3600,72.4400
2012-03-07,72.4400,75.5100
2012-03-08,79.5900,80.6100
2012-03-09,80.6100,79.5900
2012-03-12,79.5900,77.5500
2012-03-13,80.6100,81.6300
2012-03-14,80.6100,79.5900
2012-03-15,85.7100,81.6300
2012-03-16,80.6100,81.6300
2012-03-19,83.6700,81.6300
2012-03-20,79.5900,82.6500
2012-03-21,81.6300,82.6500
2012-03-22,78.5700,81.6300
2012-03-23,76.5300,82.6500
2012-03-26,83.6700,87.7500
2012-03-27,84.6900,86.7300
2012-03-28,76.5300,85.7100
2012-03-29,77.5500,85.7100
2012-03-30,85.7100,87.7500
2012-04-02,86.7300,85.7100
2012-04-03,78.0000,87.0000
2012-04-04,66.0000,84.0000
2012-04-05,65.0000,85.0000
2012-04-09,51.0000,82.0000
2012-04-10,35.0000,78.0000
2012-04-11,42.0000,79.0000
2012-04-12,53.0000,83.0000
2012-04-13,42.0000,77.0000
2012-04-16,36.0000,78.0000
2012-04-17,51.0000,81.0000
2012-04-18,51.0000,80.0000
2012-04-19,43.0000,80.0000
2012-04-20,44.0000,76.0000
2012-04-23,36.0000,72.0000
2012-04-24,35.0000,70.0000
2012-04-25,41.0000,74.0000
2012-04-26,46.0000,78.0000
2012-04-27,52.0000,79.0000
2012-04-30,53.0000,80.0000
2012-05-01,50.0000,81.6300
2012-05-02,50.0000,82.0000
2012-05-03,43.0000,76.0000
2012-05-04,28.0000,69.0000
2012-05-07,27.0000,66.0000
2012-05-08,25.0000,67.0000
2012-05-09,24.0000,65.0000
2012-05-10,24.0000,65.0000
2012-05-11,25.0000,65.0000
2012-05-14,23.0000,63.0000
2012-05-15,22.0000,61.0000
2012-05-16,22.0000,58.0000
2012-05-17,15.0000,50.0000
2012-05-18,13.0000,46.0000
2012-05-21,15.0000,53.0000
2012-05-22,17.0000,53.0000
2012-05-23,20.0000,55.0000
2012-05-24,19.0000,52.0000
2012-05-25,19.0000,51.0000
2012-05-29,23.0000,55.0000
2012-05-30,18.0000,48.0000
2012-05-31,18.0000,46.0000
2012-06-01,12.0000,43.0000
2012-06-04,14.0000,42.0000
2012-06-05,15.0000,44.0000
2012-06-06,25.0000,48.0000
2012-06-07,24.0000,48.0000
2012-06-08,24.0000,48.0000
2012-06-11,20.0000,47.0000
2012-06-12,28.0000,52.0000
2012-06-13,25.0000,49.0000
2012-06-14,31.0000,47.0000
2012-06-15,39.0000,49.0000
2012-06-18,43.0000,50.0000
2012-06-19,54.0000,54.0000
2012-06-20,57.0000,56.0000
2012-06-21,36.0000,48.0000
2012-06-22,47.0000,50.0000
2012-06-25,32.0000,46.0000
2012-06-26,36.0000,46.0000
2012-06-27,41.0000,50.0000
2012-06-28,35.0000,46.0000
2012-06-29,59.0000,56.0000
2012-07-02,62.0000,55.0000
2012-07-03,66.0000,59.0000
2012-07-05,66.0000,59.0000
2012-07-06,51.0000,54.0000
2012-07-09,51.0000,50.0000
2012-07-10,42.0000,46.0000
2012-07-11,34.0000,47.0000
2012-07-12,30.0000,45.0000
2012-07-13,45.0000,48.0000
2012-07-16,36.0000,47.0000
2012-07-17,42.0000,49.0000
2012-07-18,52.0000,54.0000
2012-07-19,62.0000,55.0000
2012-07-20,50.0000,51.0000
2012-07-23,41.0000,47.0000
2012-07-24,39.0000,43.0000
2012-07-25,39.0000,45.0000
2012-07-26,54.0000,49.0000
2012-07-27,65.0000,55.0000
2012-07-30,61.0000,50.0000
2012-07-31,59.0000,50.0000
2012-08-01,55.0000,47.0000
2012-08-02,56.0000,44.0000
2012-08-03,65.0000,55.0000
2012-08-06,70.0000,56.0000
2012-08-07,76.0000,67.0000
2012-08-08,77.0000,64.0000
2012-08-09,74.0000,65.0000
2012-08-10,74.0000,63.0000
2012-08-13,75.0000,61.0000
2012-08-14,72.0000,61.0000
2012-08-15,76.0000,62.0000
2012-08-16,82.0000,68.0000
2012-08-17,83.0000,66.0000
2012-08-20,81.0000,65.0000
2012-08-21,80.0000,63.0000
2012-08-22,79.0000,65.0000
2012-08-23,70.0000,58.0000
2012-08-24,73.0000,63.0000
2012-08-27,69.0000,58.0000
2012-08-28,70.0000,60.0000
2012-08-29,73.0000,61.0000
2012-08-30,67.0000,58.0000
2012-08-31,70.0000,60.0000
2012-09-04,68.0000,59.0000
2012-09-05,65.0000,59.0000
2012-09-06,78.0000,66.0000
2012-09-07,77.0000,68.0000
2012-09-10,72.0000,64.0000
2012-09-11,72.0000,65.0000
2012-09-12,71.0000,64.0000
2012-09-13,76.0000,66.0000
2012-09-14,80.0000,67.0000
2012-09-17,80.0000,67.0000
2012-09-18,79.0000,66.0000
2012-09-19,78.0000,64.0000
2012-09-20,76.0000,64.0000
2012-09-21,74.0000,68.0000
2012-09-24,73.0000,64.0000
2012-09-25,60.0000,58.0000
2012-09-26,51.0000,53.0000
2012-09-27,62.0000,62.0000
2012-09-28,57.0000,58.0000
2012-10-01,59.0000,59.0000
2012-10-02,60.6000,56.5600
2012-10-03,60.6000,56.5600
2012-10-04,66.6600,59.5900
2012-10-05,64.6400,57.5700
2012-10-08,59.5900,55.5500
2012-10-09,44.4400,49.4900
2012-10-10,34.3400,46.4600
2012-10-11,35.3500,46.4600
2012-10-12,32.3200,45.4500
2012-10-15,36.3600,48.4800
2012-10-16,46.4600,51.5100
2012-10-17,45.4500,54.5400
2012-10-18,40.4000,51.5100
2012-10-19,30.3000,47.4700
2012-10-22,31.3100,46.4600
2012-10-23,26.2600,47.4700
2012-10-24,24.2400,43.4300
2012-10-25,31.3100,45.4500
2012-10-26,32.3200,44.4400
2012-10-31,31.3100,41.4100
2012-11-01,41.4100,49.4900
2012-11-02,40.4000,44.4400
2012-11-05,40.0000,45.0000
2012-11-06,49.0000,51.0000
2012-11-07,34.0000,46.0000
2012-11-08,25.0000,37.0000
2012-11-09,31.0000,40.0000
2012-11-12,27.0000,40.0000
2012-11-13,27.0000,38.0000
2012-11-14,18.0000,29.0000
2012-11-15,17.0000,37.0000
2012-11-16,18.0000,37.0000
2012-11-19,25.0000,38.0000
2012-11-20,32.0000,39.0000
2012-11-21,37.0000,41.0000
2012-11-23,42.0000,48.0000
2012-11-26,47.0000,45.0000
2012-11-27,46.0000,43.0000
2012-11-28,51.0000,52.0000
2012-11-29,53.0000,54.0000
2012-11-30,55.0000,54.0000
2012-12-03,54.0000,50.0000
2012-12-04,57.0000,51.0000
2012-12-05,56.0000,50.0000
2012-12-06,63.0000,56.0000
2012-12-07,64.0000,52.0000
2012-12-10,66.0000,53.0000
2012-12-11,74.0000,58.0000
2012-12-12,72.0000,54.0000
2012-12-13,71.0000,53.0000
2012-12-14,66.0000,51.0000
2012-12-17,76.0000,55.0000
2012-12-18,80.0000,62.0000
2012-12-19,77.0000,61.0000
2012-12-20,75.0000,61.0000
2012-12-21,69.0000,56.0000
2012-12-24,71.0000,57.0000
2012-12-26,64.0000,53.0000
2012-12-27,60.0000,53.0000
2012-12-28,51.0000,50.0000
2012-12-31,71.0000,57.0000
2013-01-02,85.0000,66.0000
2013-01-03,87.0000,72.0000
2013-01-04,86.0000,72.0000
2013-01-07,88.0000,68.0000
2013-01-08,85.0000,67.0000
2013-01-09,85.0000,70.0000
2013-01-10,85.0000,70.0000
2013-01-11,86.0000,71.0000
2013-01-14,85.8500,73.7300
2013-01-15,86.8600,69.6900
2013-01-16,83.8300,70.7000
2013-01-17,83.8300,72.7200
2013-01-18,85.8500,73.7300
2013-01-22,89.0000,75.0000
2013-01-23,87.0000,77.0000
2013-01-24,89.0000,76.0000
2013-01-25,90.0000,78.0000
2013-01-28,91.0000,78.0000
2013-01-29,91.0000,78.0000
2013-01-30,88.0000,76.0000
2013-01-31,87.0000,78.0000
2013-02-01,93.0000,81.0000
2013-02-04,87.0000,77.0000
2013-02-05,90.0000,81.0000
2013-02-06,88.0000,80.0000
2013-02-07,84.0000,78.0000
2013-02-08,85.0000,79.0000
2013-02-11,83.0000,77.0000
2013-02-12,83.0000,80.0000
2013-02-13,85.0000,79.0000
2013-02-14,80.0000,78.0000
2013-02-15,82.0000,78.0000
2013-02-19,82.0000,80.0000
2013-02-20,76.0000,77.0000
2013-02-21,66.0000,75.0000
2013-02-22,75.0000,76.0000
2013-02-25,56.0000,74.0000
2013-02-26,59.0000,73.0000
2013-02-27,69.0000,73.0000
2013-02-28,74.0000,75.0000
2013-03-01,73.0000,76.0000
2013-03-04,76.0000,76.0000
2013-03-05,81.0000,79.0000
2013-03-06,79.0000,78.0000
2013-03-07,79.0000,78.0000
2013-03-08,79.0000,81.0000
2013-03-11,80.0000,80.0000
2013-03-12,81.0000,79.0000
2013-03-13,80.0000,78.0000
2013-03-14,79.0000,80.0000
2013-03-15,75.0000,81.0000
2013-03-18,68.0000,81.0000
2013-03-19,67.0000,80.0000
2013-03-20,74.0000,82.0000
2013-03-21,64.0000,81.0000
2013-03-22,72.0000,80.0000
2013-03-25,65.0000,77.0000
2013-03-26,68.0000,77.0000
2013-03-27,68.0000,78.0000
2013-03-28,74.0000,80.0000
2013-04-01,65.0000,79.0000
2013-04-02,65.0000,81.0000
2013-04-03,56.0000,75.0000
2013-04-04,55.0000,76.0000
2013-04-05,51.0000,74.0000
2013-04-08,54.0000,76.0000
2013-04-09,61.0000,79.0000
2013-04-10,77.0000,83.0000
2013-04-11,74.0000,83.0000
2013-04-12,72.0000,83.0000
2013-04-15,55.0000,77.0000
2013-04-16,61.0000,81.0000
2013-04-17,50.0000,77.0000
2013-04-18,42.0000,76.0000
2013-04-19,43.0000,77.0000
2013-04-22,48.0000,77.0000
2013-04-23,61.0000,79.0000
2013-04-24,64.0000,81.0000
2013-04-25,74.0000,82.0000
2013-04-26,65.0000,82.0000
2013-04-29,68.0000,79.0000
2013-04-30,74.0000,81.0000
2013-05-01,67.0000,79.0000
2013-05-02,71.0000,81.0000
2013-05-03,79.0000,83.0000
2013-05-06,81.0000,82.0000
2013-05-07,79.0000,85.0000
2013-05-08,79.0000,84.0000
2013-05-09,80.0000,84.0000
2013-05-10,85.0000,85.0000
2013-05-13,81.0000,86.0000
2013-05-14,85.0000,87.0000
2013-05-15,85.0000,87.0000
2013-05-16,85.0000,86.0000
2013-05-17,85.0000,88.0000
2013-05-20,84.0000,86.0000
2013-05-21,87.0000,88.0000
2013-05-22,82.0000,86.0000
2013-05-23,78.0000,85.0000
2013-05-24,80.0000,83.0000
2013-05-28,81.0000,84.0000
2013-05-29,74.0000,82.0000
2013-05-30,78.0000,82.0000
2013-05-31,69.0000,79.0000
2013-06-03,69.0000,79.0000
2013-06-04,68.0000,80.0000
2013-06-05,59.0000,77.0000
2013-06-06,56.0000,78.0000
2013-06-07,66.0000,79.0000
2013-06-10,64.0000,80.0000
2013-06-11,56.5600,77.7700
2013-06-12,46.4600,75.7500
2013-06-13,55.5500,79.7900
2013-06-14,51.5100,77.7700
2013-06-17,60.6000,78.7800
2013-06-18,65.6500,79.7900
2013-06-19,57.5700,78.7800
2013-06-20,35.3500,72.7200
2013-06-21,36.3600,71.7100
2013-06-24,28.2800,70.7000
2013-06-25,40.4000,71.7100
2013-06-26,48.4800,72.7200
2013-06-27,52.5200,72.7200
2013-06-28,52.5200,72.7200
2013-07-01,54.0000,77.0000
2013-07-02,55.0000,76.0000
2013-07-03,53.0000,76.0000
2013-07-05,71.0000,78.0000
2013-07-08,68.0000,77.0000
2013-07-09,72.0000,79.0000
2013-07-10,76.0000,82.0000
2013-07-11,83.0000,83.0000
2013-07-12,86.0000,84.0000
2013-07-15,86.0000,86.0000
2013-07-16,84.0000,86.0000
2013-07-17,86.0000,85.0000
2013-07-18,86.0000,85.0000
2013-07-19,82.0000,84.0000
2013-07-22,83.0000,85.0000
2013-07-23,83.0000,85.0000
2013-07-24,83.0000,85.0000
2013-07-25,82.0000,87.0000
2013-07-26,75.0000,86.0000
2013-07-29,75.0000,84.0000
2013-07-30,80.0000,88.0000
2013-07-31,80.0000,87.0000
2013-08-01,85.0000,88.0000
2013-08-02,85.0000,87.0000
2013-08-05,84.0000,87.0000
2013-08-06,83.0000,88.0000
2013-08-07,78.0000,88.0000
2013-08-08,82.0000,87.0000
2013-08-09,81.0000,87.0000
2013-08-12,78.0000,88.0000
2013-08-13,80.0000,90.0000
2013-08-14,74.0000,90.0000
2013-08-15,63.0000,85.0000
2013-08-16,60.0000,85.0000
2013-08-19,56.0000,84.0000
2013-08-20,60.0000,85.0000
2013-08-21,56.0000,84.0000
2013-08-22,63.0000,86.0000
2013-08-23,62.0000,87.0000
2013-08-26,64.0000,86.0000
2013-08-27,42.0000,85.0000
2013-08-28,49.0000,86.0000
2013-08-29,54.0000,85.0000
2013-08-30,47.0000,85.0000
2013-09-03,56.0000,83.0000
2013-09-04,66.0000,85.0000
2013-09-05,66.0000,88.0000
2013-09-06,65.0000,87.0000
2013-09-09,71.0000,90.0000
2013-09-10,81.0000,91.0000
2013-09-11,81.0000,92.0000
2013-09-12,77.7700,90.9000
2013-09-13,78.7800,90.9000
2013-09-16,80.8000,90.9000
2013-09-17,84.8400,90.9000
2013-09-18,86.8600,91.9100
2013-09-19,87.8700,91.9100
2013-09-20,84.8400,91.9100
2013-09-23,79.7900,92.9200
2013-09-24,77.7700,91.9100
2013-09-25,75.7500,90.9000
2013-09-26,83.8300,90.9000
2013-09-27,73.7300,88.8800
2013-09-30,69.6900,87.8700
2013-10-01,75.7500,91.9100
2013-10-02,75.0000,90.0000
2013-10-03,62.0000,89.0000
2013-10-04,69.0000,91.0000
2013-10-07,60.0000,89.0000
2013-10-08,47.0000,84.0000
2013-10-09,44.0000,82.0000
2013-10-10,68.0000,86.0000
2013-10-11,77.0000,87.0000
2013-10-14,78.0000,90.0000
2013-10-15,71.0000,87.0000
2013-10-16,80.0000,87.0000
2013-10-17,83.0000,86.0000
2013-10-18,81.0000,89.0000
2013-10-21,85.0000,89.0000
2013-10-22,87.0000,88.0000
2013-10-23,76.0000,87.0000
2013-10-24,80.0000,85.0000
2013-10-25,78.0000,86.0000
2013-10-28,79.0000,86.0000
2013-10-29,80.0000,85.0000
2013-10-30,76.0000,85.0000
2013-10-31,74.7400,85.8500
2013-11-01,75.7500,84.8400
2013-11-04,76.7600,84.8400
2013-11-05,73.7300,85.8500
2013-11-06,69.6900,84.8400
2013-11-07,55.5500,85.8500
2013-11-08,64.6400,83.8300
2013-11-11,62.6200,83.8300
2013-11-12,63.6300,83.8300
2013-11-13,68.6800,83.8300
2013-11-14,70.7000,82.8200
2013-11-15,73.7300,82.8200
2013-11-18,68.6800,82.8200
2013-11-19,61.6100,82.8200
2013-11-20,59.5900,81.8100
2013-11-21,62.6200,82.8200
2013-11-22,64.6400,83.8300
2013-11-25,64.6400,82.8200
2013-11-26,65.6500,82.8200
2013-11-27,66.6600,83.8300
2013-11-29,69.6900,82.8200
2013-12-02,67.6700,82.8200
2013-12-03,60.6000,81.8100
2013-12-04,55.5500,81.8100
2013-12-05,60.6000,81.8100
2013-12-06,65.6500,83.8300
2013-12-09,65.6500,83.8300
2013-12-10,65.6500,83.8300
2013-12-11,57.5700,82.8200
2013-12-12,49.4900,79.7900
2013-12-13,50.5000,80.8000
2013-12-16,53.5300,81.8100
2013-12-17,56.5600,81.8100
2013-12-18,64.6400,82.8200
2013-12-19,65.6500,82.8200
2013-12-20,71.7100,83.8300
2013-12-23,76.0000,88.0000
2013-12-24,77.0000,88.0000
2013-12-26,79.0000,88.0000
2013-12-27,84.0000,87.0000
2013-12-30,83.0000,88.0000
2013-12-31,83.0000,88.0000
2014-01-02,78.0000,87.0000
2014-01-03,78.0000,87.0000
2014-01-06,71.0000,87.0000
2014-01-07,79.0000,88.0000
2014-01-08,78.0000,85.0000
2014-01-09,71.0000,84.0000
2014-01-10,74.0000,84.0000
2014-01-13,64.0000,80.0000
2014-01-14,77.0000,85.0000
2014-01-15,78.0000,86.0000
2014-01-16,80.0000,86.0000
2014-01-17,78.0000,85.0000
2014-01-21,75.0000,83.0000
2014-01-22,79.0000,84.0000
2014-01-23,79.0000,81.0000
2014-01-24,50.0000,80.0000
2014-01-27,46.0000,77.0000
2014-01-28,49.0000,78.0000
2014-01-29,43.0000,75.0000
2014-01-30,54.0000,77.0000
2014-01-31,53.0000,78.0000
2014-02-03,35.0000,68.0000
2014-02-04,42.0000,72.0000
2014-02-05,40.0000,72.0000
2014-02-06,43.0000,77.0000
2014-02-07,53.0000,80.0000
2014-02-10,56.0000,80.0000
2014-02-11,61.0000,83.0000
2014-02-12,63.0000,85.0000
2014-02-13,67.0000,84.0000
2014-02-14,66.0000,84.0000
2014-02-18,70.0000,84.0000
2014-02-19,66.0000,82.0000
2014-02-20,71.0000,83.0000
2014-02-21,70.0000,80.0000
2014-02-24,72.0000,81.0000
2014-02-25,68.0000,78.0000
2014-02-26,69.0000,81.0000
2014-02-27,70.0000,82.0000
2014-02-28,73.0000,82.0000
2014-03-03,69.0000,80.0000
2014-03-04,76.0000,82.0000
2014-03-05,76.0000,81.0000
2014-03-06,76.0000,80.0000
2014-03-07,74.0000,80.0000
2014-03-10,72.0000,81.0000
2014-03-11,74.0000,83.0000
2014-03-12,72.0000,82.0000
2014-03-13,65.0000,80.0000
2014-03-14,65.0000,80.0000
2014-03-17,70.0000,80.0000
2014-03-18,75.0000,81.0000
2014-03-19,71.0000,81.0000
2014-03-20,69.0000,80.0000
2014-03-21,64.0000,77.0000
2014-03-24,50.0000,76.0000
2014-03-25,51.0000,77.0000
2014-03-26,42.0000,75.0000
2014-03-27,39.0000,74.0000
2014-03-28,44.0000,74.0000
2014-03-31,48.0000,75.0000
2014-04-01,61.0000,78.0000
2014-04-02,61.0000,78.0000
2014-04-03,54.0000,78.0000
2014-04-04,40.0000,73.0000
2014-04-07,31.0000,63.0000
2014-04-08,33.0000,72.0000
2014-04-09,43.0000,73.0000
2014-04-10,26.0000,61.0000
2014-04-11,20.0000,59.0000
2014-04-14,21.0000,61.0000
2014-04-15,23.0000,64.0000
2014-04-16,24.0000,66.0000
2014-04-17,27.0000,69.0000
2014-04-21,35.0000,70.0000
2014-04-22,34.0000,72.0000
2014-04-23,30.0000,69.0000
2014-04-24,36.0000,69.0000
2014-04-25,29.0000,63.0000
2014-04-28,27.0000,60.0000
2014-04-29,33.0000,65.0000
2014-04-30,36.0000,65.0000
2014-05-01,33.0000,67.0000
2014-05-02,36.0000,65.0000
2014-05-05,37.0000,67.0000
2014-05-06,31.0000,63.0000
2014-05-07,32.0000,63.0000
2014-05-08,37.0000,63.0000
2014-05-09,39.0000,65.0000
2014-05-12,48.0000,68.0000
2014-05-13,43.0000,67.0000
2014-05-14,38.0000,66.0000
2014-05-15,33.0000,63.0000
2014-05-16,38.0000,66.0000
2014-05-19,47.0000,68.0000
2014-05-20,41.0000,67.0000
2014-05-21,45.0000,68.0000
2014-05-22,55.0000,68.0000
2014-05-23,61.0000,68.0000
2014-05-27,70.0000,70.0000
2014-05-28,69.0000,70.0000
2014-05-29,69.0000,71.0000
2014-05-30,74.0000,71.0000
2014-06-02,73.0000,71.0000
2014-06-03,75.0000,71.0000
2014-06-04,79.0000,73.0000
2014-06-05,85.0000,73.0000
2014-06-06,86.0000,77.0000
2014-06-09,87.0000,77.0000
2014-06-10,84.0000,75.0000
2014-06-11,83.0000,74.0000
2014-06-12,80.0000,71.0000
2014-06-13,83.0000,74.0000
2014-06-16,80.0000,74.0000
2014-06-17,83.0000,75.0000
2014-06-18,85.0000,75.0000
2014-06-19,85.0000,75.0000
2014-06-20,85.0000,74.0000
2014-06-23,82.0000,74.0000
2014-06-24,79.0000,76.0000
2014-06-25,81.0000,76.0000
2014-06-26,81.0000,76.0000
2014-06-27,81.0000,76.0000
2014-06-30,82.0000,76.0000
2014-07-01,89.0000,79.0000
2014-07-02,88.0000,80.0000
2014-07-03,93.0000,81.0000
2014-07-07,80.0000,60.0000
2014-07-08,84.0000,79.0000
2014-07-09,87.0000,79.0000
2014-07-10,83.0000,79.0000
2014-07-11,83.0000,78.0000
2014-07-14,83.0000,80.0000
2014-07-15,81.0000,80.0000
2014-07-16,80.0000,81.0000
2014-07-17,73.0000,74.0000
2014-07-18,80.0000,81.0000
2014-07-21,74.0000,78.0000
2014-07-22,80.0000,79.0000
2014-07-23,76.0000,79.0000
2014-07-24,74.0000,82.0000
2014-07-25,70.0000,77.0000
2014-07-28,66.0000,76.0000
2014-07-29,66.0000,74.0000
2014-07-30,70.0000,79.0000
2014-07-31,53.0000,70.0000
2014-08-01,46.0000,68.0000
2014-08-04,55.0000,72.0000
2014-08-05,42.0000,69.0000
2014-08-06,41.0000,68.0000
2014-08-07,35.0000,64.0000
2014-08-08,48.0000,70.0000
2014-08-11,51.0000,71.0000
2014-08-12,50.0000,70.0000
2014-08-13,55.0000,72.0000
2014-08-14,62.0000,74.0000
2014-08-15,62.0000,75.0000
2014-08-18,70.0000,78.0000
2014-08-19,71.0000,79.0000
2014-08-20,73.0000,80.0000
2014-08-21,70.0000,80.0000
2014-08-22,73.0000,81.0000
2014-08-25,76.0000,81.0000
2014-08-26,76.0000,81.0000
2014-08-27,78.0000,80.0000
2014-08-28,75.0000,80.0000
2014-08-29,73.0000,79.0000
2014-09-02,76.0000,80.0000
2014-09-03,73.0000,80.0000
2014-09-04,75.0000,78.0000
2014-09-05,78.0000,78.0000
2014-09-08,77.0000,76.0000
2014-09-09,71.0000,72.0000
2014-09-10,71.0000,74.0000
2014-09-11,71.0000,75.0000
2014-09-12,63.0000,76.0000
2014-09-15,54.0000,74.0000
2014-09-16,66.0000,74.0000
2014-09-17,68.0000,75.0000
2014-09-18,74.0000,78.0000
2014-09-19,66.0000,76.0000
2014-09-22,57.0000,72.0000
2014-09-23,48.0000,69.0000
2014-09-24,59.0000,73.0000
2014-09-25,39.0000,67.0000
2014-09-26,46.0000,69.0000
2014-09-29,46.0000,69.0000
2014-09-30,43.0000,68.0000
2014-10-01,28.0000,61.0000
2014-10-02,31.0000,62.0000
2014-10-03,39.0000,68.0000
2014-10-06,41.0000,67.0000
2014-10-07,26.2600,58.5800
2014-10-08,36.3600,68.6800
2014-10-09,25.2500,59.5900
2014-10-10,16.1600,43.4300
2014-10-13,11.1100,38.3800
2014-10-14,9.0900,38.3800
2014-10-15,9.0900,37.3700
2014-10-16,7.0700,39.3900
2014-10-17,14.1400,45.4500
2014-10-20,20.2000,50.5000
2014-10-21,35.3500,57.5700
2014-10-22,29.2900,54.5400
2014-10-23,39.3900,59.5900
2014-10-24,50.5000,66.6600
2014-10-27,53.5300,67.6700
2014-10-28,63.6300,71.7100
2014-10-29,59.5900,67.6700
2014-10-30,62.6200,72.7200
2014-10-31,74.7400,77.7700
2014-11-03,82.8200,77.7700
2014-11-04,77.7700,78.7800
2014-11-05,75.7500,79.7900
2014-11-06,78.7800,80.8000
2014-11-07,78.7800,80.8000
2014-11-10,79.7900,81.8100
2014-11-11,80.8000,81.8100
2014-11-12,79.7900,81.8100
2014-11-13,80.8000,80.8000
2014-11-14,82.8200,80.8000
2014-11-17,84.8400,80.8000
2014-11-18,83.8300,81.8100
2014-11-19,82.8200,80.8000
2014-11-20,85.8500,83.8300
2014-11-21,83.8300,83.8300
2014-11-24,85.8500,83.8300
2014-11-25,85.8500,83.8300
2014-11-26,84.8400,83.8300
2014-11-28,85.8500,83.8300
2014-12-01,82.8200,80.8000
2014-12-02,83.8300,82.8200
2014-12-03,83.8300,83.8300
2014-12-04,83.8300,83.8300
2014-12-05,85.8500,84.8400
2014-12-08,82.8200,80.8000
2014-12-09,83.8300,82.8200
2014-12-10,80.8000,79.7900
2014-12-11,79.7900,80.8000
2014-12-12,72.7200,77.7700
2014-12-15,69.6900,76.7600
2014-12-16,63.6300,73.7300
2014-12-17,68.6800,77.7700
2014-12-18,83.8300,79.7900
2014-12-19,81.8100,80.8000
2014-12-22,85.8500,82.8200
2014-12-23,80.8000,82.8200
2014-12-24,82.8200,82.8200
2014-12-26,83.8300,83.8300
2014-12-29,83.8300,82.8200
2014-12-30,74.7400,81.8100
2014-12-31,71.7100,79.7900
2015-01-02,68.6800,80.8000
2015-01-05,52.5200,77.7700
2015-01-06,28.0300,75.7000
2015-01-07,35.5100,77.5700
2015-01-08,56.0700,80.3700
2015-01-09,51.4000,78.5000
2015-01-12,44.8500,78.5000
2015-01-13,41.1200,77.5700
2015-01-14,30.8400,74.7600
2015-01-15,24.2900,71.0200
2015-01-16,35.5100,75.7000
2015-01-20,38.3100,74.7600
2015-01-21,44.8500,75.7000
2015-01-22,61.6800,77.5700
2015-01-23,60.7400,76.6300
2015-01-26,63.5500,75.7000
2015-01-27,47.6600,71.0200
2015-01-28,33.6400,66.3500
2015-01-29,39.2500,68.2200
2015-01-30,31.7700,64.4800
2015-02-02,33.6400,67.2800
2015-02-03,47.6600,71.9600
2015-02-04,48.5900,72.8900
2015-02-05,56.0700,72.8900
2015-02-06,51.4000,72.8900
2015-02-09,48.5900,71.9600
2015-02-10,57.9400,74.7600
2015-02-11,59.8100,75.7000
2015-02-12,65.4200,76.6300
2015-02-13,66.3500,78.5000
2015-02-17,70.0900,79.4300
2015-02-18,69.1500,76.6300
2015-02-19,72.8900,78.5000
2015-02-20,77.5700,81.3000
2015-02-23,77.5700,79.4300
2015-02-24,74.7600,79.4300
2015-02-25,73.8300,78.5000
2015-02-26,75.7000,79.4300
2015-02-27,71.0200,80.3700
2015-03-02,76.6300,82.2400
2015-03-03,73.8300,82.2400
2015-03-04,69.1500,78.5000
2015-03-05,71.0200,79.4300
2015-03-06,65.4200,73.8300
2015-03-09,66.3500,73.8300
2015-03-10,56.0700,71.0200
2015-03-11,55.1400,67.2800
2015-03-12,60.7400,71.0200
2015-03-13,57.0000,68.2200
2015-03-16,68.2200,70.0900
2015-03-17,66.3500,67.2800
2015-03-18,69.1500,72.8900
2015-03-19,70.0900,72.8900
2015-03-20,73.8300,77.5700
2015-03-23,71.9600,77.5700
2015-03-24,69.1500,73.8300
2015-03-25,49.5300,66.3500
2015-03-26,46.7200,66.3500
2015-03-27,53.2700,65.4200
2015-03-30,60.7400,68.2200
2015-03-31,53.2700,64.4800
2015-04-01,45.7900,63.5500
2015-04-02,52.3300,65.4200
2015-04-06,58.8700,67.2800
2015-04-07,53.2700,67.2800
2015-04-08,57.9400,68.2200
2015-04-09,59.8100,71.0200
2015-04-10,67.2800,71.0200
2015-04-13,58.8700,70.0900
2015-04-14,58.8700,71.0200
2015-04-15,59.8100,71.9600
2015-04-16,61.6800,71.9600
2015-04-17,39.2500,70.0900
2015-04-20,54.2000,71.0200
2015-04-21,61.6800,72.8900
2015-04-22,64.4800,71.9600
2015-04-23,68.2200,74.7600
2015-04-24,69.1500,78.5000
2015-04-27,57.0000,78.5000
2015-04-28,57.9400,77.5700
2015-04-29,51.4000,74.7600
2015-04-30,35.5100,69.1500
2015-05-01,50.4600,71.0200
2015-05-04,57.9400,72.8900
2015-05-05,35.5100,70.0900
2015-05-06,36.4400,69.1500
2015-05-07,42.0500,66.3500
2015-05-08,48.5900,70.0900
2015-05-11,43.9200,68.2200
2015-05-12,43.9200,67.2800
2015-05-13,44.8500,71.0200
2015-05-14,55.1400,71.9600
2015-05-15,58.8700,71.9600
2015-05-18,61.6800,73.8300
2015-05-19,60.7400,72.8900
2015-05-20,58.8700,70.0900
2015-05-21,58.8700,70.0900
2015-05-22,58.8700,71.9600
2015-05-26,47.6600,66.3500
2015-05-27,59.8100,69.1500
2015-05-28,62.6100,71.0200
2015-05-29,50.4600,67.2800
2015-06-01,52.3300,69.1500
2015-06-02,50.4600,68.2200
2015-06-03,57.0000,69.1500
2015-06-04,55.1400,67.2800
2015-06-05,50.4600,66.3500
2015-06-08,37.3800,63.5500
2015-06-09,33.6400,60.7400
2015-06-10,48.5900,67.2800
2015-06-11,49.5300,66.3500
2015-06-12,40.1800,63.5500
2015-06-15,37.3800,63.5500
2015-06-16,41.1200,63.5500
2015-06-17,44.8500,65.4200
2015-06-18,61.6800,71.0200
2015-06-19,58.8700,71.0200
2015-06-22,63.5500,71.0200
2015-06-23,58.8700,71.0200
2015-06-24,48.5900,68.2200
2015-06-25,47.6600,67.2800
2015-06-26,49.5300,63.5500
2015-06-29,30.8400,51.4000
2015-06-30,32.7100,55.1400
2015-07-01,34.5700,57.0000
2015-07-02,34.5700,56.0700
2015-07-06,35.8400,53.7700
2015-07-07,38.6700,55.6600
2015-07-08,29.2400,46.2200
2015-07-09,30.1800,47.1600
2015-07-10,37.7300,54.7100
2015-07-13,47.1600,62.2600
2015-07-14,51.8800,64.1500
2015-07-15,54.0000,67.0000
2015-07-16,58.0000,68.0000
2015-07-17,56.0000,64.0000
2015-07-20,57.0000,63.0000
2015-07-21,55.0000,65.0000
2015-07-22,50.0000,63.0000
2015-07-23,51.0000,64.0000
2015-07-24,45.0000,63.0000
2015-07-27,36.3600,56.5600
2015-07-28,43.8700,59.1800
2015-07-29,48.9700,64.2800
2015-07-30,55.1000,62.2400
2015-07-31,56.1200,65.3000
2015-08-03,55.1000,62.2400
2015-08-04,55.1000,63.2600
2015-08-05,54.0800,63.2600
2015-08-06,45.9100,61.2200
2015-08-07,47.9500,61.2200
2015-08-10,53.2100,60.5500
2015-08-11,44.9500,59.6300
2015-08-12,45.8700,56.8800
2015-08-13,48.6200,56.8800
2015-08-14,47.7000,58.7100
2015-08-17,51.3700,60.5500
2015-08-18,52.2900,57.7900
2015-08-19,45.8700,55.0400
2015-08-20,31.1900,46.7800
2015-08-21,12.8400,33.9400
2015-08-24,1.8300,22.0100
2015-08-25,2.7500,22.0100
2015-08-26,11.9200,31.1900
2015-08-27,22.0100,41.2800
2015-08-28,22.9300,39.4400
2015-08-31,17.4300,34.8600
2015-09-01,7.3300,28.4400
2015-09-02,15.5900,34.8600
2015-09-03,19.2600,33.9400
2015-09-04,11.0000,31.1900
2015-09-08,27.5200,37.6100
2015-09-09,19.2600,34.8600
2015-09-10,22.9300,38.5300
2015-09-11,22.9300,38.5300
2015-09-14,22.9300,37.6100
2015-09-15,27.5200,41.2800
2015-09-16,33.9400,41.2800
2015-09-17,33.0200,42.2000
2015-09-18,21.1000,35.7700
2015-09-21,26.6000,35.7700
2015-09-22,13.7600,29.3500
2015-09-23,15.5900,30.2700
2015-09-24,15.5900,28.4400
2015-09-25,16.5100,31.1900
2015-09-28,5.5000,21.1000
2015-09-29,4.5800,21.1000
2015-09-30,13.7600,25.6800
2015-10-01,15.5900,26.6000
2015-10-02,29.3500,33.0200
2015-10-05,45.0000,39.0000
2015-10-06,44.0300,34.8600
2015-10-07,46.7800,37.6100
2015-10-08,55.0400,38.5300
2015-10-09,58.7100,39.4400
2015-10-12,59.6300,40.3600
2015-10-13,52.2900,36.6900
2015-10-14,51.3700,38.5300
2015-10-15,62.3800,42.2000
2015-10-16,65.1300,44.0300
2015-10-19,67.8800,44.9500
2015-10-20,67.8800,44.9500
2015-10-21,62.3800,43.1100
2015-10-22,74.3100,54.1200
2015-10-23,76.1400,53.2100
2015-10-26,77.9800,52.2900
2015-10-27,75.2200,54.1200
2015-10-28,77.9800,54.1200
2015-10-29,75.2200,52.2900
2015-10-30,78.8900,53.2100
2015-11-02,82.5600,61.4600
2015-11-03,84.4000,60.5500
2015-11-04,81.6500,56.8800
2015-11-05,75.2200,52.2900
2015-11-06,75.2200,52.2900
2015-11-09,72.4700,48.6200
2015-11-10,71.5500,46.7800
2015-11-11,69.7200,45.8700
2015-11-12,60.5500,43.1100
2015-11-13,53.2100,39.4400
2015-11-16,57.7900,41.2800
2015-11-17,55.9600,42.2000
2015-11-18,66.9700,48.6200
2015-11-19,66.9700,46.7800
2015-11-20,67.8800,51.3700
2015-11-23,66.0500,49.5400
2015-11-24,66.0500,52.2900
2015-11-25,69.7200,55.9600
2015-11-27,70.6400,55.0400
2015-11-30,69.7200,57.7900
2015-12-01,75.2200,61.4600
2015-12-02,68.8000,55.0400
2015-12-03,54.1200,44.9500
2015-12-04,62.3800,55.0400
2015-12-07,61.4600,55.0400
2015-12-08,60.5500,54.1200
2015-12-09,51.3700,47.7000
2015-12-10,53.2100,50.4500
2015-12-11,35.7700,43.1100
2015-12-14,37.6100,44.0300
2015-12-15,47.2200,48.1400
2015-12-16,56.4800,50.9200
2015-12-17,45.3700,48.1400
2015-12-18,34.2500,43.5100
2015-12-21,41.6600,46.2900
2015-12-22,44.4400,48.1400
2015-12-23,52.7700,50.0000
2015-12-24,52.7700,50.9200
2015-12-28,49.0700,50.9200
2015-12-29,61.1100,56.4800
2015-12-30,50.0000,52.7700
2015-12-31,45.3700,53.7000
2016-01-04,32.4000,38.8800
2016-01-05,28.7000,37.9600
2016-01-06,21.2900,36.1100
2016-01-07,8.3300,24.0700
2016-01-08,7.4000,22.2200
2016-01-11,7.4000,23.1400
2016-01-12,10.1800,25.0000
2016-01-13,5.5500,21.2900
2016-01-14,6.4800,23.1400
2016-01-15,3.7000,22.2200
2016-01-19,3.7000,22.2200
2016-01-20,3.0000,22.0000
2016-01-21,3.7700,19.8100
2016-01-22,8.4900,22.6400
2016-01-25,7.5400,20.7500
2016-01-26,12.2600,22.6400
2016-01-27,9.4300,21.6900
2016-01-28,11.3200,23.5800
2016-01-29,24.5200,28.3000
2016-02-01,28.3000,26.4100
2016-02-02,14.1500,22.6400
2016-02-03,16.0300,20.7500
2016-02-04,17.9200,22.6400
2016-02-05,10.3700,16.0300
2016-02-08,4.7100,14.1500
2016-02-09,5.6600,14.1500
2016-02-10,4.7100,15.0900
2016-02-11,5.6600,15.0900
2016-02-12,8.4900,16.9800
2016-02-16,18.8600,19.8100
2016-02-17,31.1300,26.4100
2016-02-18,29.2400,24.5200
2016-02-19,30.1800,26.4100
2016-02-22,38.6700,30.1800
2016-02-23,33.9600,26.4100
2016-02-24,36.7900,29.2400
2016-02-25,46.2200,32.0700
2016-02-26,44.3300,32.0700
2016-02-29,45.2800,31.1300
2016-03-01,65.0900,39.6200
2016-03-02,66.0300,37.7300
2016-03-03,66.0300,41.5000
2016-03-04,67.9200,39.6200
2016-03-07,64.1500,39.6200
2016-03-08,55.6600,34.9000
2016-03-09,60.3700,38.6700
2016-03-10,58.4900,39.6200
2016-03-11,73.5800,45.2800
2016-03-14,79.2400,48.1100
2016-03-15,77.3500,47.1600
2016-03-16,83.0100,49.0500
2016-03-17,77.3500,51.8800
2016-03-18,83.0100,52.8300
2016-03-21,83.0100,51.8800
2016-03-22,86.7900,51.8800
2016-03-23,83.9600,48.1100
2016-03-24,82.0700,48.1100
2016-03-28,80.1800,50.0000
2016-03-29,84.9000,50.0000
2016-03-30,86.7900,50.0000
2016-03-31,85.8400,51.8800
2016-04-01,89.6200,54.7100
2016-04-04,88.6700,53.7700
2016-04-05,85.8400,50.0000
2016-04-06,89.5200,53.3300
2016-04-07,86.6600,49.5200
2016-04-08,82.8500,49.5200
2016-04-11,80.0000,46.6600
2016-04-12,80.0000,50.4700
2016-04-13,88.5700,57.1400
2016-04-14,85.7100,56.1900
2016-04-15,83.8000,56.1900
2016-04-18,84.7600,55.2300
2016-04-19,82.4000,54.6200
2016-04-20,82.4000,56.4800
2016-04-21,79.6200,57.4000
2016-04-22,69.4400,55.5500
2016-04-25,68.5100,54.6200
2016-04-26,69.4400,55.5500
2016-04-27,72.2200,55.5500
2016-04-28,62.9600,49.0700
2016-04-29,47.2200,48.1400
2016-05-02,55.5500,53.7000
2016-05-03,43.5100,47.2200
2016-05-04,34.2500,41.6600
2016-05-05,34.2500,43.5100
2016-05-06,42.5900,46.2900
2016-05-09,45.3700,46.2900
2016-05-10,52.7700,50.9200
2016-05-11,43.5100,47.2200
2016-05-12,35.1800,49.0700
2016-05-13,33.3300,49.0700
2016-05-16,44.4400,49.0700
2016-05-17,28.7000,43.5100
2016-05-18,32.4000,44.4400
2016-05-19,26.8500,43.5100
2016-05-20,39.8100,47.2200
2016-05-23,38.8800,47.2200
2016-05-24,55.5500,53.7000
2016-05-25,60.1800,57.4000
2016-05-26,58.3300,59.2500
2016-05-27,65.7400,60.1800
2016-05-31,65.7400,61.1100
2016-06-01,66.6600,61.1100
2016-06-02,75.9200,61.1100
2016-06-03,67.5900,62.0300
2016-06-06,69.4400,62.9600
2016-06-07,67.5900,62.0300
2016-06-08,69.4400,62.9600
2016-06-09,61.1100,58.3300
2016-06-10,47.2200,54.6200
2016-06-13,46.2900,53.7000
2016-06-14,48.1400,53.7000
2016-06-15,45.3700,51.8500
2016-06-16,48.1400,52.7700
2016-06-17,41.6600,50.9200
2016-06-20,52.7700,52.7700
2016-06-21,51.8500,52.7700
2016-06-22,51.8500,52.7700
2016-06-23,62.9600,59.2500
2016-06-24,29.6200,38.8800
2016-06-27,15.7400,36.1100
2016-06-28,30.5500,37.9600
2016-06-29,43.5100,42.5900
2016-06-30,50.0000,48.1400
2016-07-01,52.7700,46.2900
2016-07-05,47.6100,45.7100
2016-07-06,56.1900,45.7100
2016-07-07,59.0400,47.6100
2016-07-08,77.1400,57.1400
2016-07-11,79.0400,60.0000
2016-07-12,81.9000,60.0000
2016-07-13,80.0000,60.9500
2016-07-14,80.9500,66.6600
2016-07-15,82.8500,66.6600
2016-07-18,85.7100,67.6100
2016-07-19,82.8500,64.7600
2016-07-20,84.7600,66.6600
2016-07-21,81.9000,70.4700
2016-07-22,81.9000,69.5200
2016-07-25,83.8000,69.5200
2016-07-26,83.8000,68.5700
2016-07-27,80.0000,69.5200
2016-07-28,78.0900,70.4700
2016-07-29,73.3300,67.6100
2016-08-01,74.2800,69.5200
2016-08-02,71.4200,66.6600
2016-08-03,68.5700,67.6100
2016-08-04,64.7600,67.6100
2016-08-05,76.1900,67.6100
2016-08-08,74.2900,67.6200
2016-08-09,71.4200,68.5700
2016-08-10,71.4200,68.5700
2016-08-11,74.2800,70.4700
2016-08-12,74.2800,70.4700
2016-08-15,78.0900,70.4700
2016-08-16,76.1900,69.5200
2016-08-17,78.0900,68.5700
2016-08-18,77.1400,70.4700
2016-08-19,77.1400,72.3800
2016-08-22,77.1400,70.4700
2016-08-23,77.1400,70.4700
2016-08-24,73.3300,68.5700
2016-08-25,71.4200,67.6100
2016-08-26,67.6100,68.5700
2016-08-29,67.6100,66.6600
2016-08-30,65.7100,64.7600
2016-08-31,62.8500,63.8000
2016-09-01,65.7100,65.7100
2016-09-02,69.5200,65.7100
2016-09-06,66.6600,69.5200
2016-09-07,65.7100,69.5200
2016-09-08,63.8000,69.5200
2016-09-09,38.0900,59.0400
2016-09-12,48.5700,68.5700
2016-09-13,40.9500,60.9500
2016-09-14,41.9000,60.0000
2016-09-15,50.4700,64.7600
2016-09-16,47.6100,64.7600
2016-09-19,47.6100,61.9000
2016-09-20,45.7100,63.8000
2016-09-21,52.3800,65.7100
2016-09-22,60.0000,68.5700
2016-09-23,55.2300,66.6600
2016-09-26,46.6600,61.9000
2016-09-27,56.1900,68.5700
2016-09-28,56.1900,65.7100
2016-09-29,51.4200,64.7600
2016-09-30,55.2300,66.6600
2016-10-03,55.2300,67.6100
2016-10-04,53.3300,66.6600
2016-10-05,56.1900,67.6100
2016-10-06,56.1900,67.6100
2016-10-07,52.3800,65.7100
2016-10-10,53.3300,67.6100
2016-10-11,40.9500,62.8500
2016-10-12,39.0400,62.8500
2016-10-13,34.2800,61.9000
2016-10-14,34.2800,61.9000
2016-10-17,36.1900,60.9500
2016-10-18,41.9000,62.8500
2016-10-19,40.9500,62.8500
2016-10-20,40.9500,63.8000
2016-10-21,44.7600,65.7100
2016-10-24,53.3300,65.7100
2016-10-25,48.5700,63.8000
2016-10-26,45.7100,62.8500
2016-10-27,40.0000,60.9500
2016-10-28,37.1400,59.0400
2016-10-31,44.7600,60.9500
2016-11-01,33.3300,57.1400
2016-11-02,28.5700,56.1900
2016-11-03,27.6100,57.1400
2016-11-04,26.6600,53.3300
2016-11-07,44.7600,60.9500
2016-11-08,50.4700,60.0000
2016-11-09,60.9500,65.7100
2016-11-10,52.3800,63.8000
2016-11-11,53.3300,63.8000
2016-11-14,53.3300,62.8500
2016-11-15,60.0000,67.6100
2016-11-16,60.0000,66.6600
2016-11-17,64.7600,70.4700
2016-11-18,60.9500,66.6600
2016-11-21,63.8000,67.6100
2016-11-22,66.6600,70.4700
2016-11-23,60.9500,69.5200
2016-11-25,67.6100,73.3300
2016-11-28,60.9500,70.4700
2016-11-29,62.8500,67.6100
2016-11-30,57.1400,65.7100
2016-12-01,48.5700,65.7100
2016-12-02,47.6100,60.9500
2016-12-05,50.4700,65.7100
2016-12-06,53.3300,63.8000
2016-12-07,57.1400,66.6600
2016-12-08,57.1400,67.6100
2016-12-09,62.8500,67.6100
2016-12-12,60.9500,65.7100
2016-12-13,72.3800,69.5200
2016-12-14,68.5700,68.5700
2016-12-15,69.5200,69.5200
2016-12-16,61.9000,67.6100
2016-12-19,62.8500,67.6100
2016-12-20,64.7600,69.5200
2016-12-21,62.6100,67.2800
2016-12-22,58.8700,65.4200
2016-12-23,63.5500,65.4200
2016-12-27,69.1500,67.2800
2016-12-28,59.8100,66.3500
2016-12-29,58.8700,65.4200
2016-12-30,48.5900,60.7400
2017-01-03,62.6100,65.4200
2017-01-04,70.0900,68.2200
2017-01-05,77.5700,73.8300
2017-01-06,77.5700,73.8300
2017-01-09,78.5000,75.7000
2017-01-10,84.1100,76.6300
2017-01-11,82.2400,75.7000
2017-01-12,83.1700,76.6300
2017-01-13,84.1100,75.7000
2017-01-17,83.1700,76.6300
2017-01-18,83.1700,78.5000
2017-01-19,77.5700,74.7600
2017-01-20,78.5000,75.7000
2017-01-23,78.5000,72.8900
2017-01-24,80.3700,72.8900
2017-01-25,79.4300,74.7600
2017-01-26,77.5700,71.0200
2017-01-27,78.5000,71.9600
2017-01-30,74.7600,71.0200
2017-01-31,76.6300,72.8900
2017-02-01,74.7600,73.8300
2017-02-02,71.0200,72.8900
2017-02-03,73.8300,73.8300
2017-02-06,73.8300,74.7600
2017-02-07,75.7000,73.8300
2017-02-08,74.7600,74.7600
2017-02-09,79.4300,80.3700
2017-02-10,79.4300,81.3000
2017-02-13,84.1100,81.3000
2017-02-14,84.1100,82.2400
2017-02-15,84.1100,85.0400
2017-02-16,81.3000,83.1700
2017-02-17,84.1100,83.1700
2017-02-21,88.7800,83.1700
2017-02-22,87.8500,83.1700
2017-02-23,87.8500,84.1100
2017-02-24,88.7800,83.1700
2017-02-27,86.9100,84.1100
2017-02-28,84.1100,84.1100
2017-03-01,86.9100,85.9800
2017-03-02,85.0400,85.0400
2017-03-03,84.1100,84.1100
2017-03-06,81.3000,85.0400
2017-03-07,76.6300,82.2400
2017-03-08,75.7000,80.3700
2017-03-09,74.7600,81.3000
2017-03-10,78.5000,82.2400
2017-03-13,78.5000,82.2400
2017-03-14,78.5000,82.2400
2017-03-15,82.2400,81.3000
2017-03-16,83.1700,81.3000
2017-03-17,81.3000,80.3700
2017-03-20,82.2400,81.3000
2017-03-21,63.5500,79.4300
2017-03-22,68.2200,79.4300
2017-03-23,66.3500,78.5000
2017-03-24,69.1500,79.4300
2017-03-27,67.2800,80.3700
2017-03-28,68.2200,81.3000
2017-03-29,72.8900,80.3700
2017-03-30,74.7600,78.5000
2017-03-31,71.9600,79.4300
2017-04-03,69.1500,79.4300
2017-04-04,69.1500,77.5700
2017-04-05,64.4800,76.6300
2017-04-06,67.2800,76.6300
2017-04-07,62.6100,75.7000
2017-04-10,62.6100,77.5700
2017-04-11,59.8100,78.5000
2017-04-12,56.0700,76.6300
2017-04-13,44.8500,74.7600
2017-04-17,52.3300,78.5000
2017-04-18,53.2700,75.7000
2017-04-19,53.2700,76.6300
2017-04-20,61.6800,78.5000
2017-04-21,56.0700,78.5000
2017-04-24,64.4800,83.1700
2017-04-25,71.9600,85.0400
2017-04-26,69.1500,85.0400
2017-04-27,72.8900,85.0400
2017-04-28,69.1500,84.1100
2017-05-01,65.4200,82.2400
2017-05-02,70.0900,85.0400
2017-05-03,64.4800,80.3700
2017-05-04,66.3500,78.5000
2017-05-05,66.3500,80.3700
2017-05-08,62.6100,76.6300
2017-05-09,64.4800,77.5700
2017-05-10,65.4200,74.7600
2017-05-11,61.6800,74.7600
2017-05-12,59.8100,73.8300
2017-05-15,64.4800,73.8300
2017-05-16,65.4200,72.8900
2017-05-17,54.2000,71.0200
2017-05-18,57.9400,70.0900
2017-05-19,59.8100,69.1500
2017-05-22,60.7400,71.9600
2017-05-23,61.6800,71.9600
2017-05-24,63.5500,71.0200
2017-05-25,69.1500,71.9600
2017-05-26,65.4200,71.9600
2017-05-30,66.3500,70.0900
2017-05-31,67.2800,70.0900
2017-06-01,70.0900,75.7000
2017-06-02,72.8900,75.7000
2017-06-05,68.2200,73.8300
2017-06-06,69.1500,71.9600
2017-06-07,69.1500,74.7600
2017-06-08,67.2800,73.8300
2017-06-09,62.6100,72.8900
2017-06-12,61.6800,73.8300
2017-06-13,65.4200,74.7600
2017-06-14,63.5500,73.8300
2017-06-15,59.8100,73.8300
2017-06-16,57.0000,71.9600
2017-06-19,67.2800,74.7600
2017-06-20,57.9400,72.8900
2017-06-21,63.5500,75.7000
2017-06-22,63.5500,76.6300
2017-06-23,63.5500,76.6300
2017-06-26,61.6800,77.5700
2017-06-27,50.4600,68.2200
2017-06-28,63.5500,75.7000
2017-06-29,48.5900,72.8900
2017-06-30,48.5900,71.9600
2017-07-03,41.1200,72.8900
2017-07-05,50.4600,72.8900
2017-07-06,38.3100,71.9600
2017-07-07,46.7200,72.8900
2017-07-10,52.3300,73.8300
2017-07-11,55.1400,73.8300
2017-07-12,69.1500,75.7000
2017-07-13,65.4200,75.7000
2017-07-14,72.8900,75.7000
2017-07-17,71.0200,74.7600
2017-07-18,67.2800,73.8300
2017-07-19,74.7600,75.7000
2017-07-20,74.7600,76.6300
2017-07-21,69.1500,76.6300
2017-07-24,71.0200,75.7000
2017-07-25,67.2800,77.5700
2017-07-26,68.2200,77.5700
2017-07-27,60.7400,77.5700
2017-07-28,59.8100,75.7000
2017-07-31,57.0000,75.7000
2017-08-01,57.9400,75.7000
2017-08-02,49.5300,72.8900
2017-08-03,49.5300,71.0200
2017-08-04,51.4000,71.9600
2017-08-07,54.2000,73.8300
2017-08-08,50.4600,70.0900
2017-08-09,47.6600,70.0900
2017-08-10,33.6400,64.4800
2017-08-11,38.3100,68.2200
2017-08-14,46.7200,70.0900
2017-08-15,44.8500,70.0900
2017-08-16,46.7200,70.0900
2017-08-17,37.3800,64.4800
2017-08-18,39.2500,63.5500
2017-08-21,36.4400,62.6100
2017-08-22,42.9900,67.2800
2017-08-23,41.1200,66.3500
2017-08-24,42.0500,66.3500
2017-08-25,42.0500,65.4200
2017-08-28,42.0500,66.3500
2017-08-29,43.9200,66.3500
2017-08-30,53.2700,69.1500
2017-08-31,61.6800,71.9600
2017-09-01,62.6100,71.0200
2017-09-05,60.7400,68.2200
2017-09-06,61.6800,69.1500
2017-09-07,61.6800,68.2200
2017-09-08,54.2000,68.2200
2017-09-11,62.6100,68.2200
2017-09-12,65.4200,69.1500
2017-09-13,66.3500,68.2200
2017-09-14,60.7400,65.4200
2017-09-15,61.6800,65.4200
2017-09-18,57.0000,67.2800
2017-09-19,58.8700,69.1500
2017-09-20,54.2000,70.0900
2017-09-21,52.3300,68.2200
2017-09-22,56.0700,71.0200
2017-09-25,49.5300,71.9600
2017-09-26,51.4000,71.0200
2017-09-27,57.0000,71.9600
2017-09-28,51.4000,68.2200
2017-09-29,57.9400,71.9600
2017-10-02,57.9400,72.8900
2017-10-03,61.6800,68.2200
2017-10-04,64.4800,71.0200
2017-10-05,68.2200,71.9600
2017-10-06,70.0900,71.0200
2017-10-09,67.2800,71.0200
2017-10-10,67.2800,71.0200
2017-10-11,68.2200,71.0200
2017-10-12,68.2200,69.1500
2017-10-13,70.0900,71.9600
2017-10-16,67.2800,70.0900
2017-10-17,69.1500,69.1500
2017-10-18,68.2200,69.1500
2017-10-19,64.4800,67.2800
2017-10-20,66.3500,67.2800
2017-10-23,57.9400,67.2800
2017-10-24,58.8700,65.4200
2017-10-25,55.1400,66.3500
2017-10-26,55.1400,62.6100
2017-10-27,57.9400,65.4200
2017-10-30,53.2700,63.5500
2017-10-31,59.8100,59.8100
2017-11-01,57.0000,60.7400
2017-11-02,53.2700,58.8700
2017-11-03,52.3300,61.6800
2017-11-06,54.2000,60.7400
2017-11-07,53.2700,60.7400
2017-11-08,57.9400,60.7400
2017-11-09,56.0700,65.4200
2017-11-10,54.2000,63.5500
2017-11-13,57.0000,61.6800
2017-11-14,55.1400,59.8100
2017-11-15,53.2700,62.6100
2017-11-16,57.9400,64.4800
2017-11-17,59.8100,63.5500
2017-11-20,57.9400,63.5500
2017-11-21,59.8100,65.4200
2017-11-22,63.5500,65.4200
2017-11-24,60.7400,64.4800
2017-11-27,55.1400,61.6800
2017-11-28,61.6800,66.3500
2017-11-29,57.9400,64.4800
2017-11-30,61.6800,66.3500
2017-12-01,60.7400,65.4200
2017-12-04,57.0000,69.1500
2017-12-05,58.8700,69.1500
2017-12-06,56.0700,69.1500
2017-12-07,59.8100,69.1500
2017-12-08,61.6800,69.1500
2017-12-11,65.4200,71.9600
2017-12-12,63.5500,71.0200
2017-12-13,67.2800,70.0900
2017-12-14,60.7400,69.1500
2017-12-15,66.3500,72.8900
2017-12-18,68.2200,74.7600
2017-12-19,67.2800,71.9600
2017-12-20,66.3500,72.8900
2017-12-21,64.4800,72.8900
2017-12-22,63.2000,74.5200
2017-12-26,58.4900,75.4700
2017-12-27,56.6000,74.5200
2017-12-28,61.3200,74.5200
2017-12-29,53.7700,71.6900
2018-01-02,73.5800,76.4100
2018-01-03,82.0700,79.2400
2018-01-04,78.3000,76.4100
2018-01-05,86.5300,80.7600
2018-01-08,91.3400,80.7600
2018-01-09,88.4600,81.7300
2018-01-10,84.6100,81.7300
2018-01-11,82.6900,82.6900
2018-01-12,82.6900,82.6900
2018-01-16,81.7300,80.7600
2018-01-17,85.5700,83.6500
2018-01-18,87.5000,82.6900
2018-01-19,87.5000,82.6900
2018-01-22,88.4600,83.6500
2018-01-23,89.4200,84.6100
2018-01-24,88.4600,85.5700
2018-01-25,86.5300,85.5700
2018-01-26,87.5000,86.5300
2018-01-29,85.5700,83.6500
2018-01-30,84.6100,81.7300
2018-01-31,79.8000,81.7300
2018-02-01,77.8800,81.7300
2018-02-02,62.5000,79.8000
2018-02-05,32.6900,66.3400
2018-02-06,47.1100,76.9200
2018-02-07,41.3400,68.2600
2018-02-08,20.1900,53.8400
2018-02-09,25.0000,55.7600
2018-02-12,29.8000,64.4200
2018-02-13,33.6500,64.4200
2018-02-14,41.3400,68.2600
2018-02-15,55.7600,72.1100
2018-02-16,55.7600,72.1100
2018-02-20,51.9200,71.1500
2018-02-21,52.8800,71.1500
2018-02-22,50.9600,70.1900
2018-02-23,60.5700,74.0300
2018-02-26,67.3000,74.0300
2018-02-27,58.2500,71.8400
2018-02-28,52.4200,69.9000
2018-03-01,41.7400,66.9900
2018-03-02,47.1100,68.2600
2018-03-05,52.8800,69.2300
2018-03-06,56.7300,69.2300
2018-03-07,55.7600,70.1900
2018-03-08,61.5300,72.1100
2018-03-09,67.3000,75.9600
2018-03-12,69.9000,77.6600
2018-03-13,64.0700,73.7800
2018-03-14,61.7600,73.5200
2018-03-15,60.7800,75.4900
2018-03-16,62.7400,75.4900
2018-03-19,50.0000,69.6000
2018-03-20,50.0000,68.6200
2018-03-21,47.0500,68.6200
2018-03-22,34.3100,63.7200
2018-03-23,18.6200,54.9000
2018-03-26,38.2300,63.7200
2018-03-27,23.5200,54.9000
2018-03-28,15.6800,53.9200
2018-03-29,25.4900,58.8200
2018-04-02,10.7800,51.9600
2018-04-03,14.5600,56.3100
2018-04-04,25.2400,59.2200
2018-04-05,26.2100,59.2200
2018-04-06,9.7000,52.4200
2018-04-09,13.5900,54.3600
2018-04-10,32.0300,58.2500
2018-04-11,28.1500,56.3100
2018-04-12,37.8600,61.1600
2018-04-13,36.8900,56.3100
2018-04-16,43.6800,60.1900
2018-04-17,58.2500,63.1000
2018-04-18,57.2800,62.1300
2018-04-19,46.6000,57.2800
2018-04-20,37.8600,56.3100
2018-04-23,38.8300,54.3600
2018-04-24,33.0000,51.4500
2018-04-25,28.1500,50.4800
2018-04-26,40.7700,59.2200
2018-04-27,39.8000,53.3900
2018-04-30,34.9500,48.5400
2018-05-01,38.8300,55.3300
2018-05-02,32.0300,51.4500
2018-05-03,33.0000,50.4800
2018-05-04,41.7400,56.3100
2018-05-07,44.6600,58.2500
2018-05-08,43.6800,57.2800
2018-05-09,50.4800,57.2800
2018-05-10,60.1900,60.1900
2018-05-11,55.3300,61.1600
2018-05-14,61.1600,60.1900
2018-05-15,57.2800,59.2200
2018-05-16,63.1000,61.1600
2018-05-17,61.1600,61.1600
2018-05-18,58.2500,60.1900
2018-05-21,62.1300,59.2200
2018-05-22,61.1600,60.1900
2018-05-23,62.1300,61.1600
2018-05-24,63.1000,61.1600
2018-05-25,64.0700,61.1600
2018-05-29,58.2500,56.3100
2018-05-30,62.1300,58.2500
2018-05-31,58.2500,56.3100
2018-06-01,66.0100,61.1600
2018-06-04,66.0100,61.1600
2018-06-05,68.9300,62.1300
2018-06-06,71.8400,65.0400
2018-06-07,67.9600,64.0700
2018-06-08,69.9000,61.1600
2018-06-11,74.7500,64.0700
2018-06-12,75.7200,65.0400
2018-06-13,73.7800,64.0700
2018-06-14,82.5200,66.0100
2018-06-15,79.6100,65.0400
2018-06-18,76.6900,63.1000
2018-06-19,76.6900,65.0400
2018-06-20,77.6600,65.0400
2018-06-21,73.7800,62.1300
2018-06-22,72.8100,62.1300
2018-06-25,57.2800,58.2500
2018-06-26,58.2500,56.3100
2018-06-27,46.6000,51.4500
2018-06-28,51.4500,53.3900
2018-06-29,56.3100,55.3300
2018-07-02,61.1600,56.3100
2018-07-03,56.3100,56.3100
2018-07-05,60.1900,59.2200
2018-07-06,67.9600,62.1300
2018-07-09,72.8100,64.0700
2018-07-10,74.7500,66.0100
2018-07-11,66.0100,65.0400
2018-07-12,71.8400,66.9900
2018-07-13,75.7200,66.9900
2018-07-16,69.9000,66.9900
2018-07-17,73.7800,68.9300
2018-07-18,75.7200,69.9000
2018-07-19,69.9000,69.9000
2018-07-20,65.0400,66.9900
2018-07-23,65.0400,65.0400
2018-07-24,59.2200,64.0700
2018-07-25,66.0100,65.0400
2018-07-26,70.8700,66.9900
2018-07-27,63.1000,66.9900
2018-07-30,52.4200,66.9900
2018-07-31,56.3100,66.9900
2018-08-01,55.3300,66.0100
2018-08-02,57.2800,68.9300
2018-08-03,63.1000,70.8700
2018-08-06,66.0100,71.8400
2018-08-07,71.8400,71.8400
2018-08-08,67.9600,70.8700
2018-08-09,66.9900,68.9300
2018-08-10,61.1600,64.0700
2018-08-13,59.2200,63.1000
2018-08-14,61.1600,66.9900
2018-08-15,56.3100,62.1300
2018-08-16,56.3100,64.0700
2018-08-17,52.4200,61.1600
2018-08-20,52.4200,62.1300
2018-08-21,60.1900,63.1000
2018-08-22,62.1300,66.0100
2018-08-23,59.2200,64.0700
2018-08-24,62.1300,66.0100
2018-08-27,66.0100,67.9600
2018-08-28,62.1300,68.9300
2018-08-29,66.9900,68.9300
2018-08-30,61.1600,66.0100
2018-08-31,62.1300,68.9300
2018-09-04,58.2500,65.0400
2018-09-05,57.2800,63.1000
2018-09-06,53.3900,59.2200
2018-09-07,50.4800,60.1900
2018-09-10,54.3600,59.2200
2018-09-11,54.3600,58.2500
2018-09-12,56.3100,56.3100
2018-09-13,58.2500,57.2800
2018-09-14,57.2800,58.2500
2018-09-17,52.4200,58.2500
2018-09-18,58.2500,60.1900
2018-09-19,56.3100,60.1900
2018-09-20,58.2500,63.1000
2018-09-21,55.3300,65.0400
2018-09-24,57.2800,62.1300
2018-09-25,55.3300,58.2500
2018-09-26,57.2800,60.1900
2018-09-27,61.1600,60.1900
2018-09-28,59.2200,60.1900
2018-10-01,57.2800,59.2200
2018-10-02,57.2800,59.2200
2018-10-03,57.2800,59.2200
2018-10-04,41.7400,60.1900
2018-10-05,36.8900,57.2800
2018-10-08,34.9500,58.2500
2018-10-09,33.9800,56.3100
2018-10-10,10.6700,45.6300
2018-10-11,5.8200,36.8900
2018-10-12,17.4700,43.6800
2018-10-15,14.5600,41.7400
2018-10-16,30.0900,49.5100
2018-10-17,29.1200,48.5400
2018-10-18,20.3800,44.6600
2018-10-19,19.4100,45.6300
2018-10-22,17.4700,42.7100
2018-10-23,19.4100,44.6600
2018-10-24,4.8500,30.0900
2018-10-25,11.6500,35.9200
2018-10-26,8.7300,33.9800
2018-10-29,12.6200,32.0300
2018-10-30,15.5300,36.8900
2018-10-31,18.4400,37.8600
2018-11-01,27.1800,45.6300
2018-11-02,24.2700,44.6600
2018-11-05,26.2100,46.6000
2018-11-06,30.0900,47.5700
2018-11-07,44.1100,50.9800
2018-11-08,44.1100,50.0000
2018-11-09,37.2500,49.0100
2018-11-12,27.4500,41.1700
2018-11-13,29.4100,41.1700
2018-11-14,26.4700,38.2300
2018-11-15,36.2700,43.1300
2018-11-16,38.2300,43.1300
2018-11-19,26.4700,36.2700
2018-11-20,21.5600,27.4500
2018-11-21,22.5400,33.3300
2018-11-23,24.5000,34.3100
2018-11-26,32.0300,38.8300
2018-11-27,35.9200,39.8000
2018-11-28,55.3300,47.5700
2018-11-29,52.4200,46.6000
2018-11-30,59.2200,47.5700
2018-12-03,70.8700,50.4800
2018-12-04,43.6800,43.6800
2018-12-05,43.6800,43.6800
2018-12-06,47.5700,44.6600
2018-12-07,22.3300,34.9500
2018-12-10,28.1500,41.7400
2018-12-11,32.0300,40.7700
2018-12-12,37.8600,46.6000
2018-12-13,35.9200,41.7400
2018-12-14,26.2100,33.0000
2018-12-17,17.4700,24.2700
2018-12-18,17.4700,23.3000
2018-12-19,11.6500,20.3800
2018-12-20,6.7900,13.5900
2018-12-21,3.8800,11.6500
2018-12-24,2.9400,8.8200
2018-12-26,8.8200,12.7400
2018-12-27,9.8000,17.6400
2018-12-28,8.8200,15.6800
2018-12-31,12.7400,19.6000
2019-01-02,10.6700,16.5000
2019-01-03,5.8200,12.6200
2019-01-04,24.2700,25.2400
2019-01-07,35.9200,30.0900
2019-01-08,35.9200,32.0300
2019-01-09,44.6600,34.9500
2019-01-10,54.3600,37.8600
2019-01-11,55.3300,38.8300
2019-01-14,41.7400,32.0300
2019-01-15,52.4300,39.8100
2019-01-16,45.6300,38.8300
2019-01-17,56.3100,39.8000
2019-01-18,70.8700,46.6000
2019-01-22,63.1000,39.8000
2019-01-23,66.0100,39.8000
2019-01-24,70.8700,39.8000
2019-01-25,73.7800,43.6800
2019-01-28,72.8100,42.7100
2019-01-29,68.9300,37.8600
2019-01-30,82.5200,49.5100
2019-01-31,86.4000,50.4800
2019-02-01,87.3700,53.3900
2019-02-04,91.2600,57.2800
2019-02-05,93.2000,62.1300
2019-02-06,89.3200,64.0700
2019-02-07,85.4300,55.3300
2019-02-08,85.4300,53.3900
2019-02-11,85.4300,52.4200
2019-02-12,89.3200,58.2500
2019-02-13,88.3400,59.2200
2019-02-14,89.3200,58.2500
2019-02-15,92.2300,58.2500
2019-02-19,91.2600,59.2200
2019-02-20,91.2600,59.2200
2019-02-21,89.3200,56.3100
2019-02-22,87.3700,57.2800
2019-02-25,88.3400,60.1900
2019-02-26,88.3400,60.1900
2019-02-27,87.3700,60.1900
2019-02-28,87.3700,61.1600
2019-03-01,88.3400,63.1000
2019-03-04,86.4000,65.0400
2019-03-05,86.4000,63.1000
2019-03-06,83.4900,62.1300
2019-03-07,78.6400,58.2500
2019-03-08,70.8700,57.2800
2019-03-11,79.6100,59.2200
2019-03-12,77.6600,59.2200
2019-03-13,80.5800,59.2200
2019-03-14,78.6400,58.2500
2019-03-15,81.5500,64.0700
2019-03-18,79.6100,64.0700
2019-03-19,80.5800,65.0400
2019-03-20,76.6900,65.0400
2019-03-21,82.5200,70.8700
2019-03-22,72.8100,63.1000
2019-03-25,71.8400,61.1600
2019-03-26,74.7500,63.1000
2019-03-27,69.9000,60.1900
2019-03-28,67.9600,61.1600
2019-03-29,72.8100,63.1000
2019-04-01,79.6100,68.9300
2019-04-02,82.5200,69.9000
2019-04-03,82.5200,72.8100
2019-04-04,80.5800,72.8100
2019-04-05,85.4300,75.7200
2019-04-08,83.4900,75.7200
2019-04-09,83.4900,73.7800
2019-04-10,85.4300,76.6900
2019-04-11,84.4600,76.6900
2019-04-12,85.4300,75.7200
2019-04-15,82.5200,74.7500
2019-04-16,79.6100,77.6600
2019-04-17,76.6900,73.7800
2019-04-18,76.6900,74.7500
2019-04-22,74.7500,75.7200
2019-04-23,80.5800,78.6400
2019-04-24,80.5800,77.6600
2019-04-25,80.5800,79.6100
2019-04-26,77.6600,76.6900
2019-04-29,75.7200,75.7200
2019-04-30,78.6400,76.6900
2019-05-01,71.8400,74.7500
2019-05-02,71.8400,74.7500
2019-05-03,78.6400,75.7200
2019-05-06,75.7200,75.7200
2019-05-07,60.1900,72.8100
2019-05-08,60.1900,71.8400
2019-05-09,54.3600,70.8700
2019-05-10,56.3100,69.9000
2019-05-13,33.0000,62.1300
2019-05-14,43.6800,62.1300
2019-05-15,46.6000,65.0400
2019-05-16,54.3600,66.0100
2019-05-17,48.5400,63.1000
2019-05-20,38.8300,61.1600
2019-05-21,41.7400,66.0100
2019-05-22,36.8900,65.0400
2019-05-23,32.0300,62.1300
2019-05-24,33.0000,56.3100
2019-05-28,31.0600,56.3100
2019-05-29,24.2700,54.3600
2019-05-30,26.2100,56.3100
2019-05-31,20.3800,53.3900
2019-06-03,18.4400,52.4200
2019-06-04,23.3000,61.1600
2019-06-05,30.0900,62.1300
2019-06-06,35.9200,64.0700
2019-06-07,43.6800,65.0400
2019-06-10,47.5700,65.0400
2019-06-11,51.4500,66.9900
2019-06-12,45.6300,66.0100
2019-06-13,52.4200,66.9900
2019-06-14,44.6600,66.9900
2019-06-17,50.4800,66.9900
2019-06-18,61.1600,70.8700
2019-06-19,63.1000,72.8100
2019-06-20,68.9300,73.7800
2019-06-21,67.9600,74.7500
2019-06-24,63.1000,74.7500
2019-06-25,60.1900,70.8700
2019-06-26,61.1600,69.9000
2019-06-27,66.0100,72.8100
2019-06-28,73.7800,76.6900
2019-07-01,82.5200,78.6400
2019-07-02,83.4900,78.6400
2019-07-03,86.4000,80.5800
2019-07-05,85.4300,80.5800
2019-07-08,78.6400,76.6900
2019-07-09,78.6400,80.5800
2019-07-10,84.4600,80.5800
2019-07-11,80.5800,78.6400
2019-07-12,84.4600,79.6100
2019-07-15,86.4000,79.6100
2019-07-16,84.4600,78.6400
2019-07-17,80.5800,77.6600
2019-07-18,83.4900,78.6400
2019-07-19,78.6400,76.6900
2019-07-22,75.7200,77.6600
2019-07-23,79.6100,79.6100
2019-07-24,82.5200,78.6400
2019-07-25,75.7200,76.6900
2019-07-26,79.6100,76.6900
2019-07-29,74.7500,77.6600
2019-07-30,76.6900,77.6600
2019-07-31,67.9600,76.6900
2019-08-01,59.2200,75.7200
2019-08-02,49.5100,72.8100
2019-08-05,26.2100,58.2500
2019-08-06,34.9500,60.1900
2019-08-07,36.8900,62.1300
2019-08-08,55.3300,69.9000
2019-08-09,42.7100,66.0100
2019-08-12,35.9200,63.1000
2019-08-13,48.5400,67.9600
2019-08-14,24.2700,62.1300
2019-08-15,26.2100,62.1300
2019-08-16,36.8900,63.1000
2019-08-19,44.6600,66.9900
2019-08-20,40.7700,66.9900
2019-08-21,45.6300,68.9300
2019-08-22,45.6300,67.9600
2019-08-23,25.2400,63.1000
2019-08-26,32.0300,66.9900
2019-08-27,31.0600,66.0100
2019-08-28,37.8600,66.9900
2019-08-29,46.6000,66.9900
2019-08-30,46.6000,66.0100
2019-09-03,41.7400,64.0700
2019-09-04,44.6600,64.0700
2019-09-05,55.3300,71.8400
2019-09-06,57.2800,71.8400
2019-09-09,55.3300,71.8400
2019-09-10,58.2500,70.8700
2019-09-11,61.1600,73.7800
2019-09-12,64.0700,73.7800
2019-09-13,65.0400,75.7200
2019-09-16,62.1300,73.7800
2019-09-17,64.0700,71.8400
2019-09-18,64.0700,70.8700
2019-09-19,62.1300,72.8100
2019-09-20,58.2500,73.7800
2019-09-23,59.2200,68.9300
2019-09-24,50.4800,66.9900
2019-09-25,55.3300,66.0100
2019-09-26,56.3100,66.0100
2019-09-27,46.6000,63.1000
2019-09-30,51.4500,64.0700
2019-10-01,41.7400,63.1000
2019-10-02,27.1800,55.3300
2019-10-03,34.9500,59.2200
2019-10-04,51.4500,64.0700
2019-10-07,48.5400,61.1600
2019-10-08,26.2100,54.3600
2019-10-09,42.7100,60.1900
2019-10-10,50.4800,60.1900
2019-10-11,63.1000,62.1300
2019-10-14,61.1600,64.0700
2019-10-15,67.9600,67.9600
2019-10-16,63.1000,67.9600
2019-10-17,65.0400,66.9900
2019-10-18,57.2800,66.9900
2019-10-21,64.0700,66.9900
2019-10-22,58.2500,66.9900
2019-10-23,56.3100,65.0400
2019-10-24,60.1900,66.9900
2019-10-25,59.2200,66.9900
2019-10-28,66.9900,69.9000
2019-10-29,64.0700,66.0100
2019-10-30,71.8400,69.9000
2019-10-31,65.0400,66.9900
2019-11-01,71.8400,69.9000
2019-11-04,73.7800,71.8400
2019-11-05,70.2900,70.2900
2019-11-06,73.2600,71.2800
2019-11-07,67.3200,69.3000
2019-11-08,70.2900,71.2800
2019-11-11,66.3300,70.2900
2019-11-12,65.3400,72.2700
2019-11-13,66.3300,71.2800
2019-11-14,67.3200,70.2900
2019-11-15,73.2600,72.2700
2019-11-18,71.2800,70.2900
2019-11-19,71.2800,71.2800
2019-11-20,70.2900,70.2900
2019-11-21,67.3200,69.3000
2019-11-22,67.0000,73.0000
2019-11-25,72.0000,74.0000
2019-11-26,74.0000,73.0000
2019-11-27,78.0000,77.0000
2019-11-29,77.0000,74.0000
2019-12-02,68.9300,71.8400
2019-12-03,61.1600,66.9900
2019-12-04,67.9600,70.8700
2019-12-05,68.9300,69.9000
2019-12-06,72.8100,72.8100
2019-12-09,69.9000,70.8700
2019-12-10,68.9300,67.9600
2019-12-11,74.7500,69.9000
2019-12-12,75.7200,72.8100
2019-12-13,79.6100,76.6900
2019-12-16,80.5800,77.6600
2019-12-17,81.5500,75.7200
2019-12-18,86.4000,77.6600
2019-12-19,84.4600,79.6100
2019-12-20,89.3200,81.5500
2019-12-23,90.2900,82.5200
2019-12-24,90.2900,82.5200
2019-12-26,89.3200,83.4900
2019-12-27,88.3400,83.4900
2019-12-30,85.4300,78.6400
2019-12-31,84.4600,79.6100
2020-01-02,86.4000,85.4300
2020-01-03,81.5500,83.4900
2020-01-06,83.4900,83.4900
2020-01-07,79.6100,83.4900
2020-01-08,80.5800,84.4600
2020-01-09,82.5200,84.4600
2020-01-10,80.5800,82.5200
2020-01-13,83.4900,82.5200
2020-01-14,84.4600,83.4900
2020-01-15,85.4300,84.4600
2020-01-16,88.3400,84.4600
2020-01-17,85.4300,85.4300
2020-01-21,80.5800,84.4600
2020-01-22,81.5500,83.4900
2020-01-23,82.5200,83.4900
2020-01-24,74.7500,83.4900
2020-01-27,66.0100,80.5800
2020-01-28,71.8400,82.5200
2020-01-29,66.0100,79.6100
2020-01-30,66.0100,79.6100
2020-01-31,55.3300,75.7200
2020-02-03,59.2200,77.6600
2020-02-04,74.7500,82.5200
2020-02-05,78.6400,83.4900
2020-02-06,78.6400,83.4900
2020-02-07,74.7500,80.5800
2020-02-10,75.7200,81.5500
2020-02-11,78.6400,84.4600
2020-02-12,82.5200,85.4300
2020-02-13,81.5500,83.4900
2020-02-14,81.5500,84.4600
2020-02-18,76.6900,83.4900
2020-02-19,83.4900,84.4600
2020-02-20,77.6600,83.4900
2020-02-21,65.0400,81.5500
2020-02-24,42.7100,69.9000
2020-02-25,25.2400,63.1000
2020-02-26,24.2700,61.1600
2020-02-27,9.7000,48.5400
2020-02-28,9.7000,43.6800
2020-03-02,17.4700,59.2200
2020-03-03,10.6700,52.4200
2020-03-04,31.0600,61.1600
2020-03-05,22.3300,54.3600
2020-03-06,17.4700,51.4500
2020-03-09,3.8800,24.2700
2020-03-10,9.7000,36.8900
2020-03-11,3.8800,25.2400
2020-03-12,1.9400,13.5900
2020-03-13,1.9400,28.1500
2020-03-16,1.9400,8.7300
2020-03-17,3.8800,18.4400
2020-03-18,4.8500,10.6700
2020-03-19,2.9100,15.5300
2020-03-20,2.9100,10.6700
2020-03-23,3.8800,14.5600
2020-03-24,4.8500,17.4700
2020-03-25,3.8800,14.5600
2020-03-26,8.7300,24.2700
2020-03-27,3.8800,15.5300
2020-03-30,10.6700,23.3000
2020-03-31,11.6500,20.3800
2020-04-01,6.7900,16.5000
2020-04-02,11.6500,17.4700
2020-04-03,8.7300,17.4700
2020-04-06,26.2100,27.1800
2020-04-07,23.3000,27.1800
2020-04-08,29.1200,30.0900
2020-04-09,30.0900,30.0900
2020-04-13,31.0600,32.0300
2020-04-14,51.4500,41.7400
2020-04-15,41.7400,39.8000
2020-04-16,48.5400,45.6300
2020-04-17,63.1000,49.5100
2020-04-20,52.4200,45.6300
2020-04-21,35.9200,34.9500
2020-04-22,54.3600,42.7100
2020-04-23,54.3600,41.7400
2020-04-24,64.0700,45.6300
2020-04-27,68.9300,46.6000
2020-04-28,71.8400,43.6800
2020-04-29,92.2300,55.3300
2020-04-30,84.4600,47.5700
2020-05-01,70.8700,45.6300
2020-05-04,76.6900,48.5400
2020-05-05,80.5800,48.5400
2020-05-06,82.5200,51.4500
2020-05-07,85.4300,50.4800
2020-05-08,94.1700,54.3600
2020-05-11,90.2900,54.3600
2020-05-12,83.4900,50.4800
2020-05-13,74.7500,50.4800
2020-05-14,81.5500,53.3900
2020-05-15,83.4900,52.4200
2020-05-18,95.1400,56.3100
2020-05-19,93.2000,55.3300
2020-05-20,92.2300,61.1600
2020-05-21,91.2600,55.3300
2020-05-22,91.2600,57.2800
2020-05-26,95.1400,63.1000
2020-05-27,96.1100,67.9600
2020-05-28,96.1100,67.9600
2020-05-29,99.0200,71.8400
2020-06-01,98.0500,70.8700
2020-06-02,97.0800,74.7500
2020-06-03,96.1100,77.6600
2020-06-04,96.1100,76.6900
2020-06-05,95.1400,83.4900
2020-06-08,95.1400,88.3400
2020-06-09,96.1100,78.6400
2020-06-10,95.1400,77.6600
2020-06-11,81.5500,65.0400
2020-06-12,85.4300,66.9900
2020-06-15,84.4600,69.9000
2020-06-16,92.2300,73.7800
2020-06-17,91.2600,73.7800
2020-06-18,91.2600,73.7800
2020-06-19,90.2900,71.8400
2020-06-22,87.3700,71.8400
2020-06-23,86.4000,73.7800
2020-06-24,75.7200,68.9300
2020-06-25,75.7200,70.8700
2020-06-26,68.9300,64.0700
2020-06-29,77.6600,71.8400
2020-06-30,83.4900,72.8100
2020-07-01,82.5200,73.7800
2020-07-02,84.4600,75.7200
2020-07-06,88.3400,75.7200
2020-07-07,86.4000,74.7500
2020-07-08,84.4600,75.7200
2020-07-09,80.5800,72.8100
2020-07-10,83.4900,76.6900
2020-07-13,82.5200,75.7200
2020-07-14,82.5200,77.6600
2020-07-15,90.2900,80.5800
2020-07-16,87.3700,81.5500
2020-07-17,88.3400,81.5500
2020-07-20,90.2900,80.5800
2020-07-21,88.3400,81.5500
2020-07-22,90.2900,81.5500
2020-07-23,86.4000,81.5500
2020-07-24,74.7500,79.6100
2020-07-27,82.5200,80.5800
2020-07-28,72.8100,80.5800
2020-07-29,81.5500,80.5800
2020-07-30,76.6900,80.5800
2020-07-31,75.7200,77.6600
2020-08-03,75.7200,79.6100
2020-08-04,75.7200,78.6400
2020-08-05,75.7200,77.6600
2020-08-06,70.8700,77.6600
2020-08-07,70.8700,79.6100
2020-08-10,74.7500,79.6100
2020-08-11,67.9600,78.6400
2020-08-12,74.7500,80.5800
2020-08-13,70.8700,77.6600
2020-08-14,68.9300,76.6900
2020-08-17,74.7500,77.6600
2020-08-18,73.7800,77.6600
2020-08-19,72.8100,76.6900
2020-08-20,70.8700,77.6600
2020-08-21,67.9600,77.6600
2020-08-24,74.7500,77.6600
2020-08-25,77.6600,78.6400
2020-08-26,79.6100,78.6400
2020-08-27,79.6100,81.5500
2020-08-28,80.5800,82.5200
2020-08-31,77.6600,82.5200
2020-09-01,76.6900,83.4900
2020-09-02,85.4300,83.4900
2020-09-03,66.9900,83.4900
2020-09-04,60.1900,83.4900
2020-09-08,38.8300,77.6600
2020-09-09,49.5100,79.6100
2020-09-10,40.7700,76.6900
2020-09-11,37.8600,75.7200
2020-09-14,45.6300,81.5500
2020-09-15,50.4800,82.5200
2020-09-16,49.5100,83.4900
2020-09-17,40.7700,81.5500
2020-09-18,33.0000,78.6400
2020-09-21,30.0900,72.8100
2020-09-22,39.8000,74.7500
2020-09-23,22.3300,69.9000
2020-09-24,22.3300,72.8100
2020-09-25,33.9800,75.7200
2020-09-28,55.3300,81.5500
2020-09-29,49.5100,80.5800
2020-09-30,52.4200,80.5800
2020-10-01,66.9900,81.5500
2020-10-02,45.6300,79.6100
2020-10-05,62.1300,83.4900
2020-10-06,52.4200,78.6400
2020-10-07,65.0400,83.4900
2020-10-08,66.9900,87.3700
2020-10-09,83.4900,90.2900
2020-10-12,89.3200,91.2600
2020-10-13,89.3200,89.3200
2020-10-14,83.4900,88.3400
2020-10-15,77.6600,85.4300
2020-10-16,76.6900,85.4300
2020-10-19,63.1000,79.6100
2020-10-20,65.0400,81.5500
2020-10-21,64.0700,82.5200
2020-10-22,66.9900,84.4600
2020-10-23,68.9300,83.4900
2020-10-26,53.3900,78.6400
2020-10-27,52.4200,78.6400
2020-10-28,26.2100,72.8100
2020-10-29,38.8300,73.7800
2020-10-30,29.1200,71.8400
2020-11-02,33.9800,75.7200
2020-11-03,42.7100,76.6900
2020-11-04,64.0700,83.4900
2020-11-05,76.6900,84.4600
2020-11-06,78.6400,84.4600
2020-11-09,63.1000,83.4900
2020-11-10,59.2200,84.4600
2020-11-11,70.8700,83.4900
2020-11-12,66.0100,83.4900
2020-11-13,70.8700,86.4000
2020-11-16,70.8700,87.3700
2020-11-17,72.8100,86.4000
2020-11-18,68.9300,84.4600
2020-11-19,73.7800,85.4300
2020-11-20,70.8700,85.4300
2020-11-23,70.8700,85.4300
2020-11-24,72.8100,86.4000
2020-11-25,74.7500,86.4000
2020-11-27,78.6400,87.3700
2020-11-30,80.5800,87.3700
2020-12-01,81.5500,88.3400
2020-12-02,83.4900,88.3400
2020-12-03,79.6100,88.3400
2020-12-04,81.5500,88.3400
2020-12-07,81.5500,89.3200
2020-12-08,83.4900,88.3400
2020-12-09,73.7800,88.3400
2020-12-10,72.8100,88.3400
2020-12-11,74.7500,88.3400
2020-12-14,80.5800,88.3400
2020-12-15,84.4600,88.3400
2020-12-16,87.3700,87.3700
2020-12-17,87.3700,89.3200
2020-12-18,87.3700,88.3400
2020-12-21,81.5500,88.3400
2020-12-22,82.5200,87.3700
2020-12-23,84.4600,88.3400
2020-12-24,83.4900,88.3400
2020-12-28,85.4300,87.3700
2020-12-29,86.4000,87.3700
2020-12-30,88.3400,87.3700
2020-12-31,84.3100,89.2100
2021-01-04,79.4100,89.2100
2021-01-05,83.3300,89.2100
2021-01-06,75.4900,89.2100
2021-01-07,84.3100,89.2100
2021-01-08,86.2700,91.1700
2021-01-11,77.4500,90.1900
2021-01-12,74.5000,90.1900
2021-01-13,74.5000,90.1900
2021-01-14,69.6000,89.2100
2021-01-15,67.6400,88.2300
2021-01-19,69.6000,91.1700
2021-01-20,76.4700,91.1700
2021-01-21,76.4700,91.1700
2021-01-22,70.5800,91.1700
2021-01-25,71.5600,92.1500
2021-01-26,71.5600,91.1700
2021-01-27,50.0000,87.2500
2021-01-28,62.7400,88.2300
2021-01-29,50.0000,87.2500
2021-02-01,60.7800,89.2100
2021-02-02,70.5800,91.1700
2021-02-03,59.8000,88.2300
2021-02-04,67.6400,89.2100
2021-02-05,73.5200,90.1900
2021-02-08,72.5400,92.1500
2021-02-09,72.5400,89.2100
2021-02-10,75.4900,89.2100
2021-02-11,71.5600,88.2300
2021-02-12,73.5200,87.2500
2021-02-16,70.5800,85.2900
2021-02-17,65.6800,86.2700
2021-02-18,69.6000,87.2500
2021-02-19,64.7000,86.2700
2021-02-22,58.8200,84.3100
2021-02-23,54.9000,84.3100
2021-02-24,55.8800,83.3300
2021-02-25,47.0500,77.4500
2021-02-26,45.0900,77.4500
2021-03-01,54.9000,82.3500
2021-03-02,48.0300,80.3900
2021-03-03,32.3500,72.5400
2021-03-04,18.6200,67.6400
2021-03-05,30.3900,71.5600
2021-03-08,28.4300,61.7600
2021-03-09,35.2900,73.5200
2021-03-10,32.3500,74.5000
2021-03-11,40.1900,78.4300
2021-03-12,41.1700,75.4900
2021-03-15,47.0500,77.4500
2021-03-16,50.9800,78.4300
2021-03-17,50.9800,77.4500
2021-03-18,36.2700,73.5200
2021-03-19,40.1900,75.4900
2021-03-22,50.9800,80.3900
2021-03-23,42.1500,78.4300
2021-03-24,36.2700,74.5000
2021-03-25,40.1900,72.5400
2021-03-26,52.9400,81.3700
2021-03-29,52.9400,81.3700
2021-03-30,46.0700,80.3900
2021-03-31,51.9600,82.3500
2021-04-01,64.7000,84.3100
2021-04-05,70.5800,86.2700
2021-04-06,67.6400,87.2500
2021-04-07,68.6200,85.2900
2021-04-08,73.5200,86.2700
2021-04-09,71.5600,86.2700
2021-04-12,74.5000,86.2700
2021-04-13,82.3500,87.2500
2021-04-14,79.4100,88.2300
2021-04-15,87.2500,90.1900
2021-04-16,83.3300,90.1900
2021-04-19,74.5000,88.2300
2021-04-20,70.5800,87.2500
2021-04-21,76.4700,86.2700
2021-04-22,71.5600,88.2300
2021-04-23,80.3900,88.2300
2021-04-26,84.3100,89.2100
2021-04-27,82.3500,89.2100
2021-04-28,77.4500,88.2300
2021-04-29,75.4900,87.2500
2021-04-30,68.6200,86.2700
2021-05-03,67.6400,85.2900
2021-05-04,56.8600,84.3100
2021-05-05,54.9000,83.3300
2021-05-06,57.8400,81.3700
2021-05-07,62.7400,84.3100
2021-05-10,46.0700,74.5000
2021-05-11,50.9800,78.4300
2021-05-12,33.3300,68.6200
2021-05-13,41.1700,68.6200
2021-05-14,49.0100,74.5000
2021-05-17,42.1500,72.5400
2021-05-18,38.2300,72.5400
2021-05-19,40.1900,74.5000
2021-05-20,53.9200,77.4500
2021-05-21,49.0100,74.5000
2021-05-24,60.7800,80.3900
2021-05-25,60.7800,79.4100
2021-05-26,63.7200,77.4500
2021-05-27,57.8400,74.5000
2021-05-28,65.6800,75.4900
2021-06-01,59.8000,76.4700
2021-06-02,59.8000,77.4500
2021-06-03,57.8400,72.5400
2021-06-04,66.6600,77.4500
2021-06-07,61.7600,74.5000
2021-06-08,56.8600,74.5000
2021-06-09,55.8800,77.4500
2021-06-10,62.7400,79.4100
2021-06-11,60.7800,80.3900
2021-06-14,63.7200,81.3700
2021-06-15,62.7400,78.4300
2021-06-16,57.8400,77.4500
2021-06-17,59.8000,80.3900
2021-06-18,50.0000,77.4500
2021-06-21,55.8800,78.4300
2021-06-22,61.7600,79.4100
2021-06-23,59.8000,79.4100
2021-06-24,65.6800,84.3100
2021-06-25,72.5400,87.2500
2021-06-28,75.4900,88.2300
2021-06-29,75.4900,86.2700
2021-06-30,73.5200,85.2900
2021-07-01,73.5200,83.3300
2021-07-02,76.4700,85.2900
2021-07-06,69.6000,85.2900
2021-07-07,68.6200,86.2700
2021-07-08,65.6800,81.3700
2021-07-09,70.5800,85.2900
2021-07-12,73.5200,85.2900
2021-07-13,71.5600,85.2900
2021-07-14,74.5000,81.3700
2021-07-15,71.5600,79.4100
2021-07-16,67.6400,77.4500
2021-07-19,61.7600,72.5400
2021-07-20,67.6400,80.3900
2021-07-21,71.5600,83.3300
2021-07-22,71.5600,81.3700
2021-07-23,71.5600,81.3700
2021-07-26,73.5200,80.3900
2021-07-27,68.6200,79.4100
2021-07-28,71.5600,81.3700
2021-07-29,72.5400,80.3900
2021-07-30,73.5200,80.3900
2021-08-02,71.5600,80.3900
2021-08-03,71.5600,77.4500
2021-08-04,67.6400,80.3900
2021-08-05,70.5800,80.3900
2021-08-06,71.5600,77.4500
2021-08-09,71.5600,76.4700
2021-08-10,65.6800,75.4900
2021-08-11,66.6600,76.4700
2021-08-12,64.7000,74.5000
2021-08-13,66.6600,75.4900
2021-08-16,67.6400,76.4700
2021-08-17,63.7200,76.4700
2021-08-18,56.8600,73.5200
2021-08-19,57.8400,72.5400
2021-08-20,60.7800,73.5200
2021-08-23,66.6600,76.4700
2021-08-24,69.6000,81.3700
2021-08-25,69.6000,81.3700
2021-08-26,65.6800,78.4300
2021-08-27,70.5800,79.4100
2021-08-30,74.2500,79.2000
2021-08-31,72.2700,80.1900
2021-09-01,68.6200,80.3900
2021-09-02,68.6200,78.4300
2021-09-03,68.6200,78.4300
2021-09-07,58.8200,77.4500
2021-09-08,60.7800,76.4700
2021-09-09,60.7800,74.5000
2021-09-10,61.7600,74.5000
2021-09-13,60.7800,73.5200
2021-09-14,53.9200,70.5800
2021-09-15,62.7400,72.5400
2021-09-16,61.7600,72.5400
2021-09-17,55.8800,68.6200
2021-09-20,43.1300,68.6200
2021-09-21,43.1300,64.7000
2021-09-22,49.0100,67.6400
2021-09-23,54.9000,69.6000
2021-09-24,54.9000,69.6000
2021-09-27,48.0300,64.7000
2021-09-28,24.5000,57.8400
2021-09-29,23.5200,58.8200
2021-09-30,18.6200,57.8400
2021-10-01,20.5800,57.8400
2021-10-04,14.7000,52.9400
2021-10-05,20.5800,53.9200
2021-10-06,25.4900,56.8600
2021-10-07,35.2900,57.8400
2021-10-08,35.2900,55.8800
2021-10-11,29.4100,55.8800
2021-10-12,29.4100,54.9000
2021-10-13,35.2900,57.8400
2021-10-14,46.0700,63.7200
2021-10-15,50.0000,63.7200
2021-10-18,51.9600,62.7400
2021-10-19,54.9000,64.7000
2021-10-20,59.8000,65.6800
2021-10-21,60.7800,66.6600
2021-10-22,57.8400,65.6800
2021-10-25,58.8200,65.6800
2021-10-26,56.8600,64.7000
2021-10-27,53.9200,61.7600
2021-10-28,56.8600,63.7200
2021-10-29,58.8200,64.7000
2021-11-01,62.7400,68.6200
2021-11-02,66.6600,66.6600
2021-11-03,73.5200,70.5800
2021-11-04,75.4900,69.6000
2021-11-05,72.5400,69.6000
2021-11-08,70.5800,68.6200
2021-11-09,72.5400,68.6200
2021-11-10,71.5600,68.6200
2021-11-11,72.5400,69.6000
2021-11-12,74.5000,68.6200
2021-11-15,71.5600,69.6000
2021-11-16,70.5800,67.6400
2021-11-17,66.6600,65.6800
2021-11-18,63.7200,65.6800
2021-11-19,59.8000,63.7200
2021-11-22,56.8600,64.7000
2021-11-23,57.8400,65.6800
2021-11-24,59.8000,63.7200
2021-11-26,47.0500,58.8200
2021-11-29,55.8800,59.8000
2021-11-30,41.1700,55.8800
2021-12-01,39.2100,53.9200
2021-12-02,48.0300,57.8400
2021-12-03,39.2100,51.9600
2021-12-06,52.9400,56.8600
2021-12-07,59.8000,57.8400
2021-12-08,60.7800,59.8000
2021-12-09,56.8600,57.8400
2021-12-10,61.7600,59.8000
2021-12-13,55.8800,63.7200
2021-12-14,50.0000,60.7800
2021-12-15,55.8800,60.7800
2021-12-16,49.0100,57.8400
2021-12-17,45.0900,56.8600
2021-12-20,36.2700,52.9400
2021-12-21,50.0000,58.8200
2021-12-22,52.9400,59.8000
2021-12-23,55.8800,60.7800
2021-12-27,59.8000,62.7400
2021-12-28,60.7800,63.7200
2021-12-29,64.7000,65.6800
2021-12-30,61.7600,62.7400
2021-12-31,58.8200,61.7600
2022-01-03,55.4400,69.3000
2022-01-04,48.5100,62.3700
2022-01-05,39.6000,57.4200
2022-01-06,37.6200,55.4400
2022-01-07,33.6600,54.4500
2022-01-10,31.6800,54.4500
2022-01-11,40.5900,61.3800
2022-01-12,42.5700,62.3700
2022-01-13,34.6500,54.4500
2022-01-14,32.6700,54.4500
2022-01-18,25.7400,49.5000
2022-01-19,19.8000,47.5200
2022-01-20,20.7900,43.5600
2022-01-21,17.8200,37.6200
2022-01-24,16.8300,36.6300
2022-01-25,13.8600,32.6700
2022-01-26,13.8600,27.7200
2022-01-27,12.8700,23.7600
2022-01-28,17.8200,30.6900
2022-01-31,20.7900,40.5900
2022-02-01,20.7900,43.5600
2022-02-02,27.7200,46.5300
2022-02-03,20.7900,34.6500
2022-02-04,21.7800,36.6300
2022-02-07,19.8000,35.6400
2022-02-08,22.7700,41.5800
2022-02-09,30.6900,47.5200
2022-02-10,26.7300,43.5600
2022-02-11,19.8000,31.6800
2022-02-14,18.8100,31.6800
2022-02-15,25.7400,36.6300
2022-02-16,25.0000,37.0000
2022-02-17,18.0000,31.0000
2022-02-18,15.0000,31.0000
2022-02-22,14.0000,28.0000
2022-02-23,10.0000,21.0000
2022-02-24,11.0000,27.0000
2022-02-25,21.0000,31.0000
2022-02-28,17.0000,33.0000
2022-03-01,16.0000,27.0000
2022-03-02,24.5000,35.2900
2022-03-03,20.5800,30.3900
2022-03-04,20.5800,28.4300
2022-03-07,15.6800,21.5600
2022-03-08,15.6800,20.5800
2022-03-09,18.6200,24.5000
2022-03-10,18.6200,21.5600
2022-03-11,18.6200,20.5800
2022-03-14,17.6400,19.6000
2022-03-15,21.5600,22.5400
2022-03-16,31.3700,28.4300
2022-03-17,38.2300,32.3500
2022-03-18,52.9400,38.2300
2022-03-21,49.0100,33.3300
2022-03-22,55.8800,41.1700
2022-03-23,48.0300,37.2500
2022-03-24,58.8200,44.1100
2022-03-25,61.7600,44.1100
2022-03-28,63.7200,46.0700
2022-03-29,78.4300,53.9200
2022-03-30,69.6000,46.0700
2022-03-31,63.7200,43.1300
2022-04-01,66.6600,43.1300
2022-04-04,77.4500,47.0500
2022-04-05,60.7800,41.1700
2022-04-06,49.0100,36.2700
2022-04-07,49.0100,34.3100
2022-04-08,46.0700,32.3500
2022-04-11,37.2500,30.3900
2022-04-12,36.2700,30.3900
2022-04-13,46.0700,34.3100
2022-04-14,39.2100,33.3300
2022-04-18,36.2700,30.3900
2022-04-19,50.9800,33.3300
2022-04-20,47.0500,34.3100
2022-04-21,38.2300,31.3700
2022-04-22,30.3900,28.4300
2022-04-25,32.3500,29.4100
2022-04-26,24.5000,22.5400
2022-04-27,29.4100,23.5200
2022-04-28,32.3500,28.4300
2022-04-29,18.6200,17.6400
2022-05-02,19.6000,20.5800
2022-05-03,21.5600,24.5000
2022-05-04,37.2500,27.4500
2022-05-05,18.6200,21.5600
2022-05-06,13.7200,17.6400
2022-05-09,10.7800,14.7000
2022-05-10,10.7800,14.7000
2022-05-11,7.8400,14.7000
2022-05-12,7.8400,14.7000
2022-05-13,13.7200,17.6400
2022-05-16,13.7200,17.6400
2022-05-17,24.5000,16.6600
2022-05-18,10.7800,12.7400
2022-05-19,9.8000,12.7400
2022-05-20,13.7200,11.7600
2022-05-23,17.6400,14.7000
2022-05-24,13.7200,14.7000
2022-05-25,14.7000,15.6800
2022-05-26,26.4700,17.6400
2022-05-27,39.2100,24.5000
2022-05-31,33.3300,24.5000
2022-06-01,27.4500,19.6000
2022-06-02,37.2500,24.5000
2022-06-03,33.3300,19.6000
2022-06-06,32.3500,21.5600
2022-06-07,36.2700,27.4500
2022-06-08,32.3500,22.5400
2022-06-09,22.5400,14.7000
2022-06-10,11.7600,11.7600
2022-06-13,5.8800,7.8400
2022-06-14,6.8600,7.8400
2022-06-15,9.8000,8.8200
2022-06-16,6.8600,5.8800
2022-06-17,6.8600,7.8400
2022-06-21,10.7800,9.8000
2022-06-22,10.7800,9.8000
2022-06-23,14.7000,12.7400
2022-06-24,33.3300,16.6600
2022-06-27,29.4100,16.6600
2022-06-28,14.7000,14.7000
2022-06-29,18.6200,15.6800
2022-06-30,15.6800,15.6800
2022-07-01,27.4500,16.6600
2022-07-05,33.3300,15.6800
2022-07-06,42.1500,16.6600
2022-07-07,46.0700,19.6000
2022-07-08,48.0300,20.5800
2022-07-11,43.1300,14.7000
2022-07-12,34.3100,13.7200
2022-07-13,33.3300,15.6800
2022-07-14,31.3700,15.6800
2022-07-15,42.1500,17.6400
2022-07-18,38.2300,15.6800
2022-07-19,64.7000,18.6200
2022-07-20,76.4700,17.6400
2022-07-21,81.3700,21.5600
2022-07-22,72.5400,19.6000
2022-07-25,69.6000,19.6000
2022-07-26,53.9200,20.5800
2022-07-27,78.4300,26.4700
2022-07-28,80.3900,27.4500
2022-07-29,81.3700,30.3900
2022-08-01,80.3900,31.3700
2022-08-02,81.3700,28.4300
2022-08-03,86.2700,34.3100
2022-08-04,83.3300,33.3300
2022-08-05,82.3500,32.3500
2022-08-08,82.3500,32.3500
2022-08-09,80.3900,30.3900
2022-08-10,88.2300,40.1900
2022-08-11,88.2300,36.2700
2022-08-12,90.1900,42.1500
2022-08-15,91.1700,46.0700
2022-08-16,91.1700,45.0900
2022-08-17,89.2100,43.1300
2022-08-18,85.2900,42.1500
2022-08-19,83.3300,34.3100
2022-08-22,73.5200,28.4300
2022-08-23,71.5600,27.4500
2022-08-24,72.5400,28.4300
2022-08-25,80.3900,36.2700
2022-08-26,55.8800,28.4300
2022-08-29,50.9800,28.4300
2022-08-30,40.1900,23.5200
2022-08-31,34.3100,20.5800
2022-09-01,33.3300,22.5400
2022-09-02,22.5400,19.6000
2022-09-06,21.5600,17.6400
2022-09-07,36.2700,23.5200
2022-09-08,38.2300,25.4900
2022-09-09,50.9800,30.3900
2022-09-12,59.8000,33.3300
2022-09-13,21.5600,19.6000
2022-09-14,23.5200,22.5400
2022-09-15,19.6000,18.6200
2022-09-16,18.6200,16.6600
2022-09-19,19.6000,16.6600
2022-09-20,15.6800,16.6600
2022-09-21,11.7600,11.7600
2022-09-22,6.8600,11.7600
2022-09-23,2.9400,9.8000
2022-09-26,2.9400,8.8200
2022-09-27,2.9400,7.8400
2022-09-28,9.8000,10.7800
2022-09-29,8.8200,8.8200
2022-09-30,5.8800,8.8200
2022-10-03,7.8400,10.7800
2022-10-04,16.6600,14.7000
2022-10-05,19.6000,16.6600
2022-10-06,17.6400,14.7000
2022-10-07,8.8200,12.7400
2022-10-10,8.8200,13.7200
2022-10-11,8.8200,13.7200
2022-10-12,6.8600,14.7000
2022-10-13,11.7600,15.6800
2022-10-14,6.8600,13.7200
2022-10-17,15.6800,15.6800
2022-10-18,17.6400,16.6600
2022-10-19,17.6400,16.6600
2022-10-20,12.7400,11.7600
2022-10-21,19.6000,16.6600
2022-10-24,26.4700,17.6400
2022-10-25,38.2300,24.5000
2022-10-26,40.1900,24.5000
2022-10-27,36.2700,25.4900
2022-10-28,56.8600,28.4300
2022-10-31,50.9800,28.4300
2022-11-01,51.9600,29.4100
2022-11-02,35.2900,24.5000
2022-11-03,33.3300,20.5800
2022-11-04,45.0900,25.4900
2022-11-07,51.9600,28.4300
2022-11-08,54.9000,30.3900
2022-11-09,48.0300,24.5000
2022-11-10,73.5200,43.1300
2022-11-11,79.4100,45.0900
2022-11-14,74.5000,41.1700
2022-11-15,81.3700,45.0900
2022-11-16,76.4700,42.1500
2022-11-17,72.5400,40.1900
2022-11-18,75.4900,46.0700
2022-11-21,75.4900,46.0700
2022-11-22,77.4500,49.0100
2022-11-23,79.4100,49.0100
2022-11-25,78.4300,49.0100
2022-11-28,75.4900,42.1500
2022-11-29,74.5000,45.0900
2022-11-30,85.2900,53.9200
2022-12-01,88.2300,53.9200
2022-12-02,85.2900,50.9800
2022-12-05,78.4300,46.0700
2022-12-06,74.5000,46.0700
2022-12-07,72.5400,43.1300
2022-12-08,72.5400,46.0700
2022-12-09,70.5800,47.0500
2022-12-12,72.5400,52.9400
2022-12-13,74.5000,54.9000
2022-12-14,73.5200,52.9400
2022-12-15,58.8200,42.1500
2022-12-16,56.8600,41.1700
2022-12-19,48.5100,40.5900
2022-12-20,48.5100,42.5700
2022-12-21,56.4300,44.5500
2022-12-22,43.5600,39.6000
2022-12-23,41.5800,41.5800
2022-12-27,35.6400,42.5700
2022-12-28,31.6800,36.6300
2022-12-29,40.5900,42.5700
2022-12-30,37.6200,42.5700
2023-01-03,38.6100,41.5800
2023-01-04,37.6200,43.5600
2023-01-05,28.7100,38.6100
2023-01-06,49.5000,48.5100
2023-01-09,49.5000,49.5000
2023-01-10,51.4800,51.4800
2023-01-11,62.3700,58.4100
2023-01-12,64.3500,56.4300
2023-01-13,66.3300,57.4200
2023-01-17,60.3900,58.4100
2023-01-18,50.4900,53.4600
2023-01-19,42.5700,49.5000
2023-01-20,55.4400,53.4600
2023-01-23,67.3200,58.4100
2023-01-24,65.3400,58.4100
2023-01-25,65.3400,56.4300
2023-01-26,72.2700,58.4100
2023-01-27,72.2700,62.3700
2023-01-30,69.3000,58.4100
2023-01-31,72.2700,63.3600
2023-02-01,76.2300,65.3400
2023-02-02,73.2600,75.2400
2023-02-03,67.3200,66.3300
2023-02-06,66.3300,64.3500
2023-02-07,69.3000,71.2800
2023-02-08,64.3500,66.3300
2023-02-09,64.3500,66.3300
2023-02-10,67.3200,67.3200
2023-02-13,76.2300,70.2900
2023-02-14,71.2800,71.2800
2023-02-15,76.2300,71.2800
2023-02-16,71.2800,71.2800
2023-02-17,71.2800,67.3200
2023-02-21,60.3900,62.3700
2023-02-22,60.3900,62.3700
2023-02-23,56.4300,64.3500
2023-02-24,48.5100,55.4400
2023-02-27,51.4800,57.4200
2023-02-28,50.4900,52.4700
2023-03-01,42.5700,50.4900
2023-03-02,49.5000,56.4300
2023-03-03,55.4400,63.3600
2023-03-06,52.4700,62.3700
2023-03-07,46.5300,56.4300
2023-03-08,49.5000,57.4200
2023-03-09,37.6200,49.5000
2023-03-10,31.6800,48.5100
2023-03-13,30.6900,53.4600
2023-03-14,40.5900,55.4400
2023-03-15,38.6100,55.4400
2023-03-16,47.5200,55.4400
2023-03-17,43.5600,57.4200
2023-03-20,49.5000,57.4200
2023-03-21,51.4800,61.3800
2023-03-22,41.5800,59.4000
2023-03-23,47.5200,60.3900
2023-03-24,49.5000,59.4000
2023-03-27,49.5000,61.3800
2023-03-28,46.5300,60.3900
2023-03-29,53.4600,63.3600
2023-03-30,64.3500,65.3400
2023-03-31,74.2500,68.3100
2023-04-03,72.2700,68.3100
2023-04-04,67.3200,68.3100
2023-04-05,57.4200,69.3000
2023-04-06,60.3900,69.3000
2023-04-10,62.3700,70.2900
2023-04-11,65.3400,69.3000
2023-04-12,59.4000,69.3000
2023-04-13,65.3400,70.2900
2023-04-14,66.3300,68.3100
2023-04-17,67.3200,68.3100
2023-04-18,67.3200,69.3000
2023-04-19,65.3400,67.3200
2023-04-20,67.3200,71.2800
2023-04-21,66.3300,72.2700
2023-04-24,65.3400,71.2800
2023-04-25,53.4600,66.3300
2023-04-26,41.5800,58.4100
2023-04-27,53.4600,65.3400
2023-04-28,63.3600,68.3100
2023-05-01,60.3900,67.3200
2023-05-02,48.5100,62.3700
2023-05-03,42.5700,59.4000
2023-05-04,42.5700,61.3800
2023-05-05,56.4300,63.3600
2023-05-08,60.3900,62.3700
2023-05-09,53.4600,62.3700
2023-05-10,55.4400,65.3400
2023-05-11,54.4500,62.3700
2023-05-12,53.4600,63.3600
2023-05-15,54.4500,65.3400
2023-05-16,49.5000,59.4000
2023-05-17,55.4400,62.3700
2023-05-18,59.4000,71.2800
2023-05-19,60.3900,65.3400
2023-05-22,66.3300,67.3200
2023-05-23,55.4400,65.3400
2023-05-24,47.5200,62.3700
2023-05-25,46.5300,57.4200
2023-05-26,55.4400,64.3500
2023-05-30,49.5000,63.3600
2023-05-31,52.4700,66.3300
2023-06-01,54.4500,67.3200
2023-06-02,62.3700,73.2600
2023-06-05,62.3700,71.2800
2023-06-06,63.3600,69.3000
2023-06-07,61.0000,70.0000
2023-06-08,65.0000,73.0000
2023-06-09,63.0000,72.0000
2023-06-12,71.0000,76.0000
2023-06-13,74.0000,77.0000
2023-06-14,73.0000,77.0000
2023-06-15,80.0000,78.0000
2023-06-16,78.0000,77.0000
2023-06-20,75.0000,75.0000
2023-06-21,72.0000,72.0000
2023-06-22,76.0000,73.0000
2023-06-23,64.0000,69.0000
2023-06-26,67.0000,68.0000
2023-06-27,73.0000,73.0000
2023-06-28,73.0000,73.0000
2023-06-29,71.0000,72.0000
2023-06-30,74.2500,75.2400
2023-07-03,79.2000,77.2200
2023-07-05,77.2200,75.2400
2023-07-06,73.2600,74.2500
2023-07-07,74.2500,72.2700
2023-07-10,78.2100,75.2400
2023-07-11,79.2000,76.2300
2023-07-12,82.1700,79.2000
2023-07-13,87.1200,81.1800
2023-07-14,84.1500,79.2000
2023-07-17,82.1700,81.1800
2023-07-18,84.1500,80.1900
2023-07-19,85.1400,81.1800
2023-07-20,82.1700,82.1700
2023-07-21,85.1400,83.1600
2023-07-24,85.1400,82.1700
2023-07-25,87.1200,82.1700
2023-07-26,84.1500,80.1900
2023-07-27,75.2400,79.2000
2023-07-28,84.1500,82.1700
2023-07-31,80.1900,84.1500
2023-08-01,79.2000,83.1600
2023-08-02,65.3400,78.2100
2023-08-03,66.3300,76.2300
2023-08-04,55.4400,74.2500
2023-08-07,62.3700,76.2300
2023-08-08,53.4600,71.2800
2023-08-09,51.4800,74.2500
2023-08-10,49.5000,73.2600
2023-08-11,45.5400,72.2700
2023-08-14,53.4600,72.2700
2023-08-15,44.5500,71.2800
2023-08-16,35.6400,70.2900
2023-08-17,28.7100,63.3600
2023-08-18,30.6900,66.3300
2023-08-21,35.6400,66.3300
2023-08-22,33.6600,66.3300
2023-08-23,40.5900,67.3200
2023-08-24,29.7000,65.3400
2023-08-25,37.6200,66.3300
2023-08-28,38.6100,68.3100
2023-08-29,47.5200,70.2900
2023-08-30,52.4700,70.2900
2023-08-31,50.4900,71.2800
2023-09-01,50.4900,70.2900
2023-09-05,52.4700,69.3000
2023-09-06,48.5100,70.2900
2023-09-07,46.5300,66.3300
2023-09-08,47.5200,66.3300
2023-09-11,49.5000,67.3200
2023-09-12,46.5300,67.3200
2023-09-13,47.5200,67.3200
2023-09-14,51.4800,69.3000
2023-09-15,42.5700,68.3100
2023-09-18,45.5400,67.3200
2023-09-19,40.5900,66.3300
2023-09-20,32.6700,66.3300
2023-09-21,19.8000,61.3800
2023-09-22,17.8200,60.3900
2023-09-25,22.7700,60.3900
2023-09-26,12.8700,58.4100
2023-09-27,14.8500,58.4100
2023-09-28,25.7400,61.3800
2023-09-29,20.7900,62.3700
2023-10-02,22.7700,60.3900
2023-10-03,11.8800,56.4300
2023-10-04,22.7700,59.4000
2023-10-05,21.7800,59.4000
2023-10-06,34.6500,60.3900
2023-10-09,40.5900,61.3800
2023-10-10,42.5700,66.3300
2023-10-11,51.4800,64.3500
2023-10-12,48.5100,62.3700
2023-10-13,39.6000,61.3800
2023-10-16,49.5000,62.3700
2023-10-17,48.5100,63.3600
2023-10-18,37.6200,58.4100
2023-10-19,30.6900,57.4200
2023-10-20,23.7600,53.4600
2023-10-23,24.7500,51.4800
2023-10-24,27.7200,53.4600
2023-10-25,18.8100,46.5300
2023-10-26,14.8500,44.5500
2023-10-27,12.8700,40.5900
2023-10-30,16.8300,43.5600
2023-10-31,22.7700,48.5100
2023-11-01,32.6700,53.4600
2023-11-02,45.5400,52.4700
2023-11-03,50.4900,58.4100
2023-11-06,50.4900,56.4300
2023-11-07,53.4600,60.3900
2023-11-08,51.4800,58.4100
2023-11-09,47.5200,54.4500
2023-11-10,57.4200,60.3900
2023-11-13,55.4400,60.3900
2023-11-14,72.2700,66.3300
2023-11-15,72.2700,66.3300
2023-11-16,65.3400,67.3200
2023-11-17,67.3200,67.3200
2023-11-20,73.2600,67.3200
2023-11-21,73.2600,67.3200
2023-11-22,72.2700,68.3100
2023-11-24,73.2600,70.2900
2023-11-27,73.2600,68.3100
2023-11-28,75.2400,70.2900
2023-11-29,72.2700,68.3100
2023-11-30,71.2800,70.2900
2023-12-01,77.2200,72.2700
2023-12-04,75.2400,71.2800
2023-12-05,72.2700,67.3200
2023-12-06,69.3000,68.3100
2023-12-07,76.2300,69.3000
2023-12-08,77.2200,70.2900
2023-12-11,85.1400,73.2600
2023-12-12,84.1500,72.2700
2023-12-13,90.0900,77.2200
2023-12-14,88.1100,77.2200
2023-12-15,90.0900,74.2500
2023-12-18,92.0000,75.0000
2023-12-19,93.0000,78.0000
2023-12-20,89.0000,72.0000
2023-12-21,91.0000,77.0000
2023-12-22,92.0000,80.0000
2023-12-26,93.0000,81.0000
2023-12-27,92.0000,80.0000
2023-12-28,92.0000,81.0000
2023-12-29,92.0000,80.0000
2024-01-02,87.1200,86.1300
2024-01-03,85.1400,85.1400
2024-01-04,81.1800,82.1700
2024-01-05,79.2000,81.1800
2024-01-08,84.1500,83.1600
2024-01-09,80.1900,81.1800
2024-01-10,78.2100,82.1700
2024-01-11,79.2000,79.2000
2024-01-12,81.1800,79.2000
2024-01-16,78.2100,78.2100
2024-01-17,72.2700,76.2300
2024-01-18,77.2200,77.2200
2024-01-19,82.1700,79.2000
2024-01-22,83.1600,80.1900
2024-01-23,84.1500,80.1900
2024-01-24,79.2000,78.2100
2024-01-25,83.1600,79.2000
2024-01-26,76.2300,77.2200
2024-01-29,84.1500,81.1800
2024-01-30,78.2100,79.2000
2024-01-31,70.2900,75.2400
2024-02-01,75.2400,77.2200
2024-02-02,69.3000,77.2200
2024-02-05,68.3100,75.2400
2024-02-06,73.2600,78.2100
2024-02-07,73.2600,77.2200
2024-02-08,71.2800,76.2300
2024-02-09,67.3200,75.2400
2024-02-12,67.3200,76.2300
2024-02-13,59.4000,74.2500
2024-02-14,63.3600,72.2700
2024-02-15,63.3600,77.2200
2024-02-16,59.4000,74.2500
2024-02-20,61.3800,75.2400
2024-02-21,62.3700,77.2200
2024-02-22,65.3400,79.2000
2024-02-23,64.3500,77.2200
2024-02-26,59.4000,77.2200
2024-02-27,61.3800,79.2000
2024-02-28,59.4000,74.2500
2024-02-29,62.3700,76.2300
2024-03-01,64.3500,77.2200
2024-03-04,63.3600,75.2400
2024-03-05,50.4900,72.2700
2024-03-06,54.4500,74.2500
2024-03-07,61.3800,75.2400
2024-03-08,58.4100,76.2300
2024-03-11,63.3600,78.2100
2024-03-12,61.3800,77.2200
2024-03-13,61.3800,78.2100
2024-03-14,58.4100,74.2500
2024-03-15,52.4700,72.2700
2024-03-18,53.4600,72.2700
2024-03-19,55.0000,76.0000
2024-03-20,61.0000,76.0000
2024-03-21,63.0000,76.0000
2024-03-22,60.0000,75.0000
2024-03-25,56.0000,71.0000
2024-03-26,55.0000,71.0000
2024-03-27,61.3800,75.2400
2024-03-28,67.3200,76.2300
2024-04-01,58.4100,77.2200
2024-04-02,53.4600,76.2300
2024-04-03,51.4800,73.2600
2024-04-04,46.5300,70.2900
2024-04-05,51.4800,71.2800
2024-04-08,50.4900,68.3100
2024-04-09,52.4700,73.2600
2024-04-10,46.5300,69.3000
2024-04-11,50.4900,69.3000
2024-04-12,34.6500,67.3200
2024-04-15,27.7200,63.3600
2024-04-16,29.7000,63.3600
2024-04-17,22.7700,62.3700
2024-04-18,21.7800,62.3700
2024-04-19,17.8200,59.4000
2024-04-22,18.8100,65.3400
2024-04-23,24.7500,66.3300
2024-04-24,30.6900,66.3300
2024-04-25,27.7200,64.3500
2024-04-26,37.6200,62.3700
2024-04-29,41.5800,65.3400
2024-04-30,30.6900,63.3600
2024-05-01,30.6900,61.3800
2024-05-02,34.6500,60.3900
2024-05-03,38.6100,65.3400
2024-05-06,43.5600,66.3300
2024-05-07,45.5400,66.3300
2024-05-08,42.5700,65.3400
2024-05-09,45.5400,68.3100
2024-05-10,45.5400,69.3000
2024-05-13,48.5100,69.3000
2024-05-14,51.4800,68.3100
2024-05-15,55.4400,70.2900
2024-05-16,55.4400,71.2800
2024-05-17,54.4500,72.2700
2024-05-20,58.4100,70.2900
2024-05-21,56.4300,72.2700
2024-05-22,55.4400,73.2600
2024-05-23,51.4800,68.3100
2024-05-24,53.4600,70.2900
2024-05-28,47.5200,65.3400
2024-05-29,44.5500,61.3800
2024-05-30,45.5400,61.3800
2024-05-31,47.5200,63.3600
2024-06-03,44.5500,58.4100
2024-06-04,45.5400,61.3800
2024-06-05,51.4800,62.3700
2024-06-06,55.4400,60.3900
2024-06-07,55.4400,60.3900
2024-06-10,54.4500,60.3900
2024-06-11,55.4400,62.3700
2024-06-12,56.4300,63.3600
2024-06-13,56.4300,63.3600
2024-06-14,54.4500,61.3800
2024-06-17,59.4000,65.3400
2024-06-18,58.4100,65.3400
2024-06-20,61.3800,65.3400
2024-06-21,65.3400,66.3300
2024-06-24,64.3500,64.3500
2024-06-25,63.3600,63.3600
2024-06-26,57.4200,61.3800
2024-06-27,60.3900,62.3700
2024-06-28,60.3900,62.3700
2024-07-01,57.8400,64.7000
2024-07-02,63.7200,63.7200
2024-07-03,66.6600,64.7000
2024-07-05,64.7000,63.7200
2024-07-08,64.7000,63.7200
2024-07-09,62.7400,63.7200
2024-07-10,65.6800,64.7000
2024-07-11,66.6600,64.7000
2024-07-12,72.5400,68.6200
2024-07-15,70.5800,72.5400
2024-07-16,74.5000,76.4700
2024-07-17,62.7400,72.5400
2024-07-18,54.9000,70.5800
2024-07-19,53.9200,67.6400
2024-07-22,62.7400,69.6000
2024-07-23,57.8400,63.7200
2024-07-24,36.2700,57.8400
2024-07-25,39.2100,58.8200
2024-07-26,43.1300,63.7200
2024-07-29,44.1100,63.7200
2024-07-30,44.1100,62.7400
2024-07-31,50.4900,70.2900
2024-08-01,42.5700,63.3600
2024-08-02,37.6200,52.4700
2024-08-05,29.7000,40.5900
2024-08-06,31.6800,46.5300
2024-08-07,28.7100,43.5600
2024-08-08,35.6400,53.4600
2024-08-09,40.5900,52.4700
2024-08-12,39.6000,50.4900
2024-08-13,45.5400,56.4300
2024-08-14,44.5500,56.4300
2024-08-15,57.4200,65.3400
2024-08-16,56.4300,66.3300
2024-08-19,60.3900,68.3100
2024-08-20,60.3900,68.3100
2024-08-21,64.3500,74.2500
2024-08-22,56.4300,69.3000
2024-08-23,63.3600,71.2800
2024-08-26,56.4300,68.3100
2024-08-27,57.4200,68.3100
2024-08-28,58.4100,62.3700
2024-08-29,59.4000,63.3600
2024-08-30,64.3500,69.3000
2024-09-03,53.4600,60.3900
2024-09-04,48.5100,59.4000
2024-09-05,47.5200,59.4000
2024-09-06,38.6100,51.4800
2024-09-09,46.5300,55.4400
2024-09-10,46.5300,55.4400
2024-09-11,52.4700,56.4300
2024-09-12,55.4400,57.4200
2024-09-13,60.3900,57.4200
2024-09-16,59.4000,58.4100
2024-09-17,59.4000,57.4200
2024-09-18,55.4400,57.4200
2024-09-19,72.2700,63.3600
2024-09-20,64.3500,59.4000
2024-09-23,66.3300,59.4000
2024-09-24,69.3000,61.3800
2024-09-25,66.3300,58.4100
2024-09-26,73.2600,62.3700
2024-09-27,78.2100,62.3700
2024-09-30,76.2300,62.3700
2024-10-01,65.3400,60.3900
2024-10-02,65.3400,60.3900
2024-10-03,63.3600,61.3800
2024-10-04,66.3300,62.3700
2024-10-07,53.4600,58.4100
2024-10-08,65.3400,59.4000
2024-10-09,69.3000,64.3500
2024-10-10,70.2900,64.3500
2024-10-11,75.2400,71.2800
2024-10-14,81.1800,73.2600
2024-10-15,69.3000,68.3100
2024-10-16,68.3100,65.3400
2024-10-17,64.3500,65.3400
2024-10-18,71.2800,66.3300
2024-10-21,64.3500,63.3600
2024-10-22,62.3700,64.3500
2024-10-23,55.4400,59.4000
2024-10-24,58.4100,58.4100
2024-10-25,62.3700,61.3800
2024-10-28,60.3900,59.4000
2024-10-29,62.3700,64.3500
2024-10-30,61.3800,58.4100
2024-10-31,51.4800,53.4600
2024-11-01,55.4400,53.4600
2024-11-04,52.4700,55.4400
2024-11-05,55.4400,56.4300
2024-11-06,67.3200,67.3200
2024-11-07,73.2600,69.3000
2024-11-08,71.2800,68.3100
2024-11-11,62.3700,66.3300
2024-11-12,64.3500,67.3200
2024-11-13,64.3500,66.3300
2024-11-14,65.3400,65.3400
2024-11-15,54.4500,59.4000
2024-11-18,58.4100,60.3900
2024-11-19,54.4500,58.4100
2024-11-20,57.4200,59.4000
2024-11-21,63.3600,62.3700
2024-11-22,61.3800,64.3500
2024-11-25,67.3200,69.3000
2024-11-26,68.3100,68.3100
2024-11-27,66.3300,66.3300
2024-11-29,66.3300,67.3200
2024-12-02,68.3100,70.2900
2024-12-03,65.3400,69.3000
2024-12-04,65.3400,70.2900
2024-12-05,61.3800,66.3300
2024-12-06,61.3800,66.3300
2024-12-09,61.3800,65.3400
2024-12-10,57.4200,62.3700
2024-12-11,60.3900,61.3800
2024-12-12,54.4500,62.3700
2024-12-13,52.4700,59.4000
2024-12-16,51.4800,58.4100
2024-12-17,49.5000,58.4100
2024-12-18,35.6400,54.4500
2024-12-19,33.6600,51.4800
2024-12-20,33.6600,51.4800
2024-12-23,36.6300,51.4800
2024-12-24,40.5900,53.4600
2024-12-26,40.5900,53.4600
2024-12-27,36.6300,52.4700
2024-12-30,30.6900,50.4900
2024-12-31,24.7500,50.4900
2025-01-02,27.7200,49.5000
2025-01-03,34.6500,54.4500
2025-01-06,36.6300,57.4200
2025-01-07,33.6600,53.4600
2025-01-08,35.6400,58.4100
2025-01-10,24.7500,53.4600
2025-01-13,19.8000,53.4600
2025-01-14,22.7700,56.4300
2025-01-15,34.6500,60.3900
2025-01-16,34.6500,59.4000
2025-01-17,41.5800,60.3900
2025-01-21,47.5200,61.3800
2025-01-22,51.4800,63.3600
2025-01-23,53.4600,63.3600
2025-01-24,51.4800,61.3800
2025-01-27,50.4900,59.4000
2025-01-28,54.4500,61.3800
2025-01-29,57.4200,59.4000
2025-01-30,60.3900,60.3900
2025-01-31,57.4200,60.3900
2025-02-03,56.4300,62.3700
2025-02-04,53.4600,62.3700
2025-02-05,56.4300,68.3100
2025-02-06,60.3900,63.3600
2025-02-07,57.4200,63.3600
2025-02-10,58.4100,62.3700
2025-02-11,60.3900,61.3800
2025-02-12,60.3900,61.3800
2025-02-13,66.3300,62.3700
2025-02-14,65.3400,63.3600
2025-02-18,70.2900,66.3300
2025-02-19,68.3100,70.2900
2025-02-20,69.3000,69.3000
2025-02-21,62.3700,66.3300
2025-02-24,60.3900,63.3600
2025-02-25,53.4600,62.3700
2025-02-26,56.4300,60.3900
2025-02-27,46.5300,56.4300
2025-02-28,54.4500,57.4200
2025-03-03,46.5300,54.4500
2025-03-04,43.5600,50.4900
2025-03-05,51.4800,51.4800
2025-03-06,40.5900,49.5000
2025-03-07,46.5300,52.4700
2025-03-10,33.6600,45.5400
2025-03-11,27.7200,40.5900
2025-03-12,26.7300,39.6000
2025-03-13,22.7700,34.6500
2025-03-14,25.7400,41.5800
2025-03-17,32.6700,44.5500
2025-03-18,27.7200,43.5600
2025-03-19,32.6700,43.5600
2025-03-20,29.7000,43.5600
2025-03-21,28.7100,43.5600
2025-03-24,34.6500,47.5200
2025-03-25,33.6600,48.5100
2025-03-26,35.6400,47.5200
2025-03-27,36.6300,46.5300
2025-03-28,29.7000,40.5900
2025-03-31,31.6800,39.6000
2025-04-01,31.6800,41.5800
2025-04-02,33.6600,40.5900
2025-04-03,27.7200,38.6100
2025-04-04,8.9100,19.8000
2025-04-07,4.9500,17.8200
2025-04-08,3.9600,15.8400
2025-04-09,14.8500,36.6300
2025-04-10,10.8900,29.7000
2025-04-11,15.8400,32.6700
2025-04-14,22.7700,33.6600
2025-04-15,26.7300,33.6600
2025-04-16,18.8100,32.6700
2025-04-17,22.7700,32.6700
2025-04-21,14.8500,26.7300
2025-04-22,22.7700,32.6700
2025-04-23,27.7200,30.6900
2025-04-24,29.7000,35.6400
2025-04-25,34.6500,38.6100
2025-04-28,35.6400,37.6200
2025-04-29,40.5900,40.5900
2025-04-30,44.5500,39.6000
2025-05-01,42.5700,43.5600
2025-05-02,63.3600,49.5000
2025-05-05,61.3800,48.5100
2025-05-06,57.4200,43.5600
2025-05-07,58.4100,45.5400
2025-05-08,59.4000,48.5100
2025-05-09,64.3500,48.5100
2025-05-12,78.2100,59.4000
2025-05-13,77.2200,59.4000
2025-05-14,76.2300,61.3800
2025-05-15,82.1700,59.4000
2025-05-16,82.1700,62.3700
2025-05-19,81.1800,61.3800
2025-05-20,81.1800,62.3700
2025-05-21,79.2000,57.4200
2025-05-22,76.2300,57.4200
2025-05-23,70.2900,52.4700
2025-05-27,79.2000,61.3800
2025-05-28,78.2100,58.4100
2025-05-29,76.2300,55.4400
2025-05-30,78.2100,55.4400
2025-06-02,75.2400,57.4200
2025-06-03,82.1700,59.4000
2025-06-04,81.1800,62.3700
2025-06-05,79.2000,59.4000
2025-06-06,85.1400,63.3600
2025-06-09,85.1400,66.3300
2025-06-10,85.1400,70.2900
2025-06-11,83.1600,67.3200
2025-06-12,83.1600,67.3200
2025-06-13,77.2200,60.3900
2025-06-16,81.1800,64.3500
2025-06-17,74.2500,62.3700
2025-06-18,70.2900,61.3800
2025-06-20,68.3100,58.4100
2025-06-23,74.2500,61.3800
2025-06-24,80.1900,64.3500
2025-06-25,73.2600,60.3900
2025-06-26,75.2400,66.3300
2025-06-27,73.2600,66.3300
2025-06-30,77.2200,69.3000
2025-07-01,80.1900,71.2800
2025-07-02,77.2200,73.2600
2025-07-03,83.1600,75.2400
2025-07-07,79.2000,68.3100
2025-07-08,78.2100,71.2800
2025-07-09,80.1900,71.2800
2025-07-10,73.2600,70.2900
2025-07-11,69.3000,69.3000
2025-07-14,72.2700,70.2900
2025-07-15,64.3500,66.3300
2025-07-16,65.3400,67.3200
2025-07-17,67.3200,68.3100
2025-07-18,69.3000,68.3100
2025-07-21,70.0000,67.0000
2025-07-22,72.0000,72.0000
2025-07-23,74.0000,72.0000
2025-07-24,73.0000,73.0000
2025-07-25,71.0000,72.0000
2025-07-28,71.0000,71.0000
2025-07-29,66.0000,73.0000
2025-07-30,63.0000,67.0000
2025-07-31,52.0000,59.0000
2025-08-01,49.5000,55.4400
2025-08-04,50.4900,58.4100
2025-08-05,48.5100,56.4300
2025-08-06,47.5200,53.4600
2025-08-07,47.5200,56.4300
2025-08-08,50.4900,60.3900
2025-08-11,48.5100,58.4100
2025-08-12,51.4800,62.3700
2025-08-13,56.4300,66.3300
2025-08-14,52.4700,63.3600
2025-08-15,48.5100,62.3700
2025-08-18,49.5000,63.3600
2025-08-19,49.5000,62.3700
2025-08-20,48.5100,61.3800
2025-08-21,43.5600,60.3900
2025-08-22,55.4400,66.3300
2025-08-25,47.5200,60.3900
2025-08-26,47.5200,59.4000
2025-08-27,51.4800,61.3800
2025-08-28,55.4400,61.3800
2025-08-29,48.5100,61.3800
2025-09-02,40.5900,56.4300
2025-09-03,38.6100,59.4000
2025-09-04,43.5600,60.3900
2025-09-05,46.5300,60.3900
2025-09-08,43.5600,60.3900
2025-09-09,43.5600,58.4100
2025-09-10,41.5800,54.4500
2025-09-11,45.5400,60.3900
2025-09-12,43.5600,56.4300
2025-09-15,44.5500,58.4100
2025-09-16,40.5900,59.4000
2025-09-17,43.5600,57.4200
2025-09-18,48.5100,59.4000
2025-09-19,51.4800,59.4000
2025-09-22,48.5100,59.4000
2025-09-23,49.5000,57.4200
2025-09-24,44.5500,59.4000
2025-09-25,40.5900,58.4100
2025-09-26,47.5200,61.3800
2025-09-29,49.5000,61.3800
2025-09-30,48.5100,58.4100
2025-10-01,51.4800,59.4000
2025-10-02,55.4400,62.3700
2025-10-03,53.4600,60.3900
2025-10-06,57.4200,62.3700
2025-10-07,52.4700,60.3900
2025-10-08,55.4400,58.4100
2025-10-09,54.4500,59.4000
2025-10-10,41.5800,53.4600
2025-10-13,46.5300,57.4200
2025-10-14,49.5000,58.4100
2025-10-15,51.4800,56.4300
2025-10-16,45.5400,54.4500
2025-10-17,52.4700,54.4500
2025-10-20,59.4000,56.4300
2025-10-21,64.3500,61.3800
2025-10-22,58.4100,62.3700
2025-10-23,60.3900,63.3600
2025-10-24,63.3600,61.3800
2025-10-27,70.2900,62.3700
2025-10-28,64.3500,62.3700
2025-10-29,57.4200,56.4300
2025-10-30,53.4600,56.4300
2025-10-31,55.8800,55.8800
2025-11-03,54.9000,55.8800
2025-11-04,51.9600,52.9400
2025-11-05,49.0100,55.8800
2025-11-06,46.0700,51.9600
2025-11-07,48.0300,52.9400
2025-11-10,50.0000,54.9000
2025-11-11,47.0500,55.8800
2025-11-12,50.0000,55.8800
2025-11-13,43.1300,53.9200
2025-11-14,42.1500,52.9400
2025-11-17,36.2700,51.9600
2025-11-18,34.3100,50.9800
2025-11-19,35.2900,49.0100
2025-11-20,28.4300,47.0500
2025-11-21,30.3900,50.9800
2025-11-24,35.2900,49.0100
2025-11-25,40.5900,52.4700
2025-11-26,44.5500,51.4800
2025-11-28,46.5300,52.4700
2025-12-01,43.5600,52.4700
2025-12-02,50.4900,55.4400
2025-12-03,54.4500,58.4100
2025-12-04,55.4400,57.4200
2025-12-05,57.4200,62.3700
2025-12-08,49.5000,57.4200
2025-12-09,50.4900,56.4300
2025-12-10,56.4300,58.4100
2025-12-11,58.4100,57.4200
2025-12-12,51.4800,58.4100
2025-12-15,52.4700,58.4100
2025-12-16,54.4500,58.4100
2025-12-17,52.4700,55.4400
2025-12-18,53.4600,59.4000
2025-12-19,55.4400,57.4200
2025-12-22,56.4300,61.3800
2025-12-23,56.4300,61.3800
2025-12-24,56.4300,61.3800
2025-12-26,57.4200,61.3800
2025-12-29,58.4100,61.3800
2025-12-30,56.4300,60.3900
2025-12-31,47.5200,59.4000
2026-01-02,41.5800,54.4500
2026-01-05,50.0000,55.8800
2026-01-06,55.8800,60.7800
2026-01-07,53.9200,60.7800
2026-01-08,56.8600,58.8200
2026-01-09,56.8600,60.7800
2026-01-12,54.9000,59.8000
2026-01-13,53.9200,59.8000
2026-01-14,53.9200,57.8400
2026-01-15,55.8800,59.8000
2026-01-16,51.9600,57.8400
2026-01-20,45.0900,56.8600
2026-01-21,50.9800,57.8400
2026-01-22,55.8800,58.8200
2026-01-23,54.9000,57.8400
2026-01-26,57.4200,59.4000
2026-01-27,59.4000,62.3700
2026-01-28,56.4300,59.4000
2026-01-29,54.4500,55.4400
2026-01-30,54.4500,53.4600
2026-02-02,53.4600,54.4500
2026-02-03,49.5000,51.4800
2026-02-04,51.4800,51.4800
2026-02-05,48.5100,49.5000
2026-02-06,51.4800,49.5000
2026-02-09,52.4700,49.5000
2026-02-10,49.5000,51.4800
2026-02-11,50.4900,50.4900
2026-02-12,48.5100,51.4800
2026-02-13,47.5200,51.4800
2026-02-17,47.5200,50.4900
2026-02-18,48.5100,51.4800
2026-02-19,49.5000,50.4900
2026-02-20,49.5000,50.4900
2026-02-23,48.5100,49.5000
2026-02-24,50.4900,52.4700
2026-02-25,52.4700,52.4700
2026-02-26,53.4600,53.4600
2026-02-27,51.4800,54.4500
2026-03-02,52.4700,51.4800
2026-03-03,45.5400,48.5100
2026-03-04,51.4800,49.5000
2026-03-05,43.5600,50.4900
2026-03-06,38.6100,48.5100
2026-03-09,45.5400,47.5200
2026-03-10,40.5900,46.5300
2026-03-11,41.5800,46.5300
2026-03-12,28.7100,44.5500
2026-03-13,28.7100,43.5600
2026-03-16,30.6900,45.5400
2026-03-17,35.6400,45.5400
2026-03-18,26.7300,44.5500
2026-03-19,25.7400,43.5600
2026-03-20,16.8300,39.6000
2026-03-23,20.7900,40.5900
2026-03-24,20.7900,42.5700
2026-03-25,26.7300,44.5500
2026-03-26,15.8400,43.5600
2026-03-27,14.8500,40.5900
2026-03-30,15.8400,39.6000
2026-03-31,20.7900,43.5600
2026-04-01,24.7500,43.5600
2026-04-02,27.7200,43.5600
2026-04-06,32.6700,44.5500
2026-04-07,30.6900,45.5400
2026-04-08,48.5100,48.5100
2026-04-09,48.5100,49.5000
2026-04-10,44.5500,48.5100
2026-04-13,46.5300,48.5100
2026-04-14,50.4900,48.5100
2026-04-15,53.4600,48.5100
2026-04-16,59.4000,47.5200
2026-04-17,62.3700,50.4900
2026-04-20,63.3600,49.5000
2026-04-21,62.3700,51.4800
2026-04-22,64.3500,51.4800
2026-04-23,62.3700,50.4900
2026-04-24,61.3800,52.4700
2026-04-27,57.4200,52.4700
2026-04-28,54.4500,52.4700
2026-04-29,55.4400,52.4700
2026-04-30,62.3700,56.4300
2026-05-01,65.3400,56.4300
2026-05-04,60.3900,53.4600
2026-05-05,59.4000,55.4400
2026-05-06,56.4300,55.4400
2026-05-07,59.4000,57.4200
2026-05-08,55.4400,57.4200
2026-05-11,53.4600,57.4200
2026-05-12,53.4600,57.4200
2026-05-13,51.4800,56.4300
2026-05-14,51.4800,57.4200
2026-05-15,51.4800,57.4200
2026-05-18,56.4300,55.4400
2026-05-19,55.4400,53.4600
2026-05-20,58.4100,57.4200
2026-05-21,59.4000,57.4200
2026-05-22,59.4000,57.4200
2026-05-26,55.4400,59.4000
2026-05-27,53.4600,61.3800
2026-05-28,61.3800,60.3900
2026-05-29,55.4400,56.4300
2026-06-01,65.3400,55.4400
2026-06-02,57.4200,53.4600
2026-06-03,57.4200,57.4200
2026-06-04,62.3700,58.4100
2026-06-05,50.4900,58.4100
2026-06-08,55.4400,56.4300
2026-06-09,51.4800,56.4300
2026-06-10,44.5500,52.4700
2026-06-11,47.5200,56.4300
2026-06-12,51.4800,58.4100
2026-06-15,59.4000,57.4200
2026-06-16,57.4200,57.4200
2026-06-17,46.5300,56.4300
2026-06-18,50.4900,55.4400
2026-06-22,46.5300,57.4200
2026-06-23,51.4800,63.3600
2026-06-24,56.4300,64.3500
2026-06-25,54.4500,59.4000
2026-06-26,49.5000,59.4000
2026-06-29,50.4900,60.3900
2026-06-30,51.4800,59.4000
2026-07-01,56.8600,62.7400
2026-07-02,55.8800,62.7400
2026-07-06,58.8200,64.7000
2026-07-07,53.3900,63.1000
2026-07-08,55.3300,64.0700
2026-07-09,57.2800,63.1000
2026-07-10,59.2200,65.0400
2026-07-13,52.4200,64.0700
2026-07-14,55.3300,64.0700
2026-07-15,50.4800,65.0400
2026-07-16,51.4500,66.0100
2026-07-17,43.6800,63.1000
2026-07-20,43.6800,62.1300
2026-07-21,43.6800,62.1300
2026-07-22,46.6000,63.1000
2026-07-23,39.8000,59.2200
2026-07-24,39.8000,58.2500
2026-07-27,48.5400,64.0700
2026-07-28,51.4500,66.9900
2026-07-29,49.5100,64.0700
2026-07-30,46.6000,65.0400
2026-07-31,47.5700,64.0700
2026-08-03,49.5100,65.0400
2026-08-04,60.1900,68.9300
2026-08-05,56.3100,69.9000
2026-08-06,51.9600,66.6600
2026-08-07,52.9400,70.5800
2026-08-10,56.8600,70.5800
2026-08-11,52.9400,69.6000
2026-08-12,56.8600,69.6000
2026-08-13,62.7400,74.5000
2026-08-14,64.7000,73.5200
2026-08-17,58.8200,68.6200
2026-08-18,59.8000,70.5800
2026-08-19,59.8000,71.5600
2026-08-20,51.9600,69.6000
2026-08-21,52.9400,69.6000
2026-08-24,50.9800,70.5800
2026-08-25,50.9800,71.5600
2026-08-26,50.0000,69.6000
2026-08-27,48.0300,71.5600
2026-08-28,49.0100,69.6000
2026-08-31,49.0100,69.6000
2026-09-01,45.0900,62.7400
2026-09-02,46.0700,63.7200
2026-09-03,48.0300,65.6800
2026-09-04,43.1300,64.7000
2026-09-08,47.0500,62.7400
2026-09-09,39.2100,58.8200
2026-09-10,37.2500,57.8400
2026-09-11,40.1900,58.8200
2026-09-14,39.2100,59.8000
2026-09-15,34.6500,56.4300
2026-09-16,32.6700,55.4400
2026-09-17,31.6800,54.4500
2026-09-18,32.6700,55.4400
2026-09-21,39.6000,57.4200
2026-09-22,46.5300,58.4100
2026-09-23,44.5500,56.4300
2026-09-24,42.5700,57.4200
2026-09-25,46.5300,59.4000
2026-09-28,46.5300,56.4300
2026-09-29,46.5300,54.4500
2026-09-30,47.5200,54.4500
2026-10-01,44.5500,54.4500
2026-10-02,43.5600,58.4100
2026-10-05,48.5100,58.4100
