date,forward_pe
2011-10-25,14.198296619019262
2011-10-26,14.293578402310407
2011-10-27,14.683343575177698
2011-10-28,14.673209577865746
2011-10-31,14.44237280249308
2011-11-01,14.06360446470071
2011-11-02,14.207947966251536
2011-11-03,14.48818400077378
2011-11-04,14.332168327512802
2011-11-07,14.451643239124705
2011-11-08,14.597360976032611
2011-11-09,14.078697571224044
2011-11-10,14.09276830678566
2011-11-11,14.379128430743249
2011-11-14,14.254305901263596
2011-11-15,14.385904525049858
2011-11-16,14.147848823196446
2011-11-17,13.8914250556298
2011-11-18,13.82435225861246
2011-11-21,13.545761185265023
2011-11-22,13.552099784423106
2011-11-23,13.23492217552979
2011-11-25,13.1538768164044
2011-11-28,13.588767214068756
2011-11-29,13.519058945686952
2011-11-30,14.060774692871918
2011-12-01,14.099563494506164
2011-12-02,14.06345865302964
2011-12-05,14.186891263405778
2011-12-06,14.14549272576224
2011-12-07,14.152748733362689
2011-12-08,13.890753759568923
2011-12-09,14.157847192008646
2011-12-12,14.027535276215184
2011-12-13,13.90422004559554
2011-12-14,13.723081302510622
2011-12-15,13.767532251066706
2011-12-16,13.857944262315478
2011-12-19,13.686560892942472
2011-12-20,14.099588456840534
2011-12-21,13.986694023695806
2011-12-22,14.1355373954255
2011-12-23,14.259189664277374
2011-12-27,14.295642009427617
2011-12-28,14.116211593105442
2011-12-29,14.238797951137007
2011-12-30,14.19123780949253
2012-01-03,14.420468951531252
2012-01-04,14.454476820732276
2012-01-05,14.511832623438554
2012-01-06,14.51182087166599
2012-01-09,14.49160391714727
2012-01-10,14.62707702952316
2012-01-11,14.657697161030276
2012-01-12,14.715196197597711
2012-01-13,14.463316068398353
2012-01-17,14.558500311607688
2012-01-18,14.747878813999447
2012-01-19,14.735618940579874
2012-01-20,14.709771605979958
2012-01-23,14.698334528611692
2012-01-24,14.622893513668902
2012-01-25,14.451101856927115
2012-01-26,14.389990539566984
2012-01-27,14.416710426333095
2012-01-30,14.386042403281742
2012-01-31,14.383315169279538
2012-02-01,14.435219900001124
2012-02-02,14.444338489338104
2012-02-03,14.619795691326852
2012-02-06,14.615619672830128
2012-02-07,14.631466702557203
2012-02-08,14.676586154816988
2012-02-09,14.743238976709284
2012-02-10,14.646263920107977
2012-02-13,14.76183327849786
2012-02-14,14.747804543796702
2012-02-15,14.616516711498075
2012-02-16,14.755765358225284
2012-02-17,14.724422588492953
2012-02-21,14.696717410557705
2012-02-22,14.6317361086486
2012-02-23,14.705916509770958
2012-02-24,14.73611185805314
2012-02-27,14.746631472243916
2012-02-28,14.856915859048186
2012-02-29,14.77853847479321
2012-03-01,14.867495000395571
2012-03-02,14.818422472280725
2012-03-05,14.687746172002834
2012-03-06,14.495248138498049
2012-03-07,14.601434160623826
2012-03-08,14.768226394588572
2012-03-09,14.824694711457362
2012-03-12,14.818643320809857
2012-03-13,15.08720941349835
2012-03-14,15.092151597648348
2012-03-15,15.157540390806613
2012-03-16,15.155057225911593
2012-03-19,15.240056248522729
2012-03-20,15.215770373427246
2012-03-21,15.211123929429371
2012-03-22,15.1696190828255
2012-03-23,15.201682872854986
2012-03-26,15.456434469427398
2012-03-27,15.461289074530054
2012-03-28,15.391000911244452
2012-03-29,15.337755236516552
2012-03-30,15.323250500337284
2012-04-02,15.46468416133549
2012-04-03,15.434649057995813
2012-04-04,15.234970656191628
2012-04-05,15.286446838439966
2012-04-09,15.121100395068858
2012-04-10,14.850988215498552
2012-04-11,14.979414793414914
2012-04-12,15.113229913253967
2012-04-13,14.867192960538905
2012-04-16,14.740610969655274
2012-04-17,14.97875005037638
2012-04-18,14.85052414181336
2012-04-19,14.66984400074282
2012-04-20,14.651564199352428
2012-04-23,14.484275775912012
2012-04-24,14.3376959970869
2012-04-25,14.551771066748984
2012-04-26,14.56306840517038
2012-04-27,14.629908421908464
2012-04-30,14.506586338725093
2012-05-01,14.505509740340615
2012-05-02,14.51157045886372
2012-05-03,14.34933926076622
2012-05-04,14.041645579446891
2012-05-07,14.061922287228557
2012-05-08,13.998545066923851
2012-05-09,13.917614532036849
2012-05-10,13.951971601095646
2012-05-11,13.951269231810183
2012-05-14,13.801468059837545
2012-05-15,13.862630892415908
2012-05-16,13.79775209526303
2012-05-17,13.496981114078794
2012-05-18,13.58273821580874
2012-05-21,13.775905038852711
2012-05-22,13.700272528548886
2012-05-23,13.797450679687987
2012-05-24,13.760561673804869
2012-05-25,13.721451230969777
2012-05-29,13.876496384352672
2012-05-30,13.71840942985158
2012-05-31,13.676673323881312
2012-06-01,13.29355390815834
2012-06-04,13.353346437489636
2012-06-05,13.406881711025711
2012-06-06,13.713862192828548
2012-06-07,13.67738921407315
2012-06-08,13.815543218493469
2012-06-11,13.608131680770136
2012-06-12,13.756447202273728
2012-06-13,13.644108844144816
2012-06-14,13.725991893725167
2012-06-15,13.89280207735503
2012-06-18,14.028932777456896
2012-06-19,14.160665634433048
2012-06-20,14.13399949273149
2012-06-21,13.859967713398127
2012-06-22,14.015297674418605
2012-06-25,13.741336465446718
2012-06-26,13.815820144965818
2012-06-27,13.896737028373712
2012-06-28,13.77576337842615
2012-06-29,14.163742755044332
2012-07-02,14.240608490289349
2012-07-03,14.358914140119282
2012-07-05,14.351811648815469
2012-07-06,14.208203680534172
2012-07-09,14.234384511632806
2012-07-10,14.110195722147685
2012-07-11,14.071555032114691
2012-07-12,13.96813194152438
2012-07-13,14.17853488969095
2012-07-16,14.130881175199113
2012-07-17,14.175376541407283
2012-07-18,14.33462169862719
2012-07-19,14.394003658780008
2012-07-20,14.272182730990515
2012-07-23,14.111300493098334
2012-07-24,13.861246704247426
2012-07-25,13.918422174777394
2012-07-26,14.033804937221172
2012-07-27,14.383089367539462
2012-07-30,14.366432373782738
2012-07-31,14.365397802596046
2012-08-01,14.272741886643416
2012-08-02,14.207165233742469
2012-08-03,14.50042974008782
2012-08-06,14.60214559480655
2012-08-07,14.696103460425658
2012-08-08,14.674267818289731
2012-08-09,14.712698498631392
2012-08-10,14.731212360689913
2012-08-13,14.758977548297716
2012-08-14,14.735202786943512
2012-08-15,14.76195025347406
2012-08-16,14.921784794742427
2012-08-17,15.003257471009196
2012-08-20,15.022122764458665
2012-08-21,14.952774296350324
2012-08-22,14.99893203018658
2012-08-23,14.89766111464293
2012-08-24,14.962116650259066
2012-08-27,14.981823539919787
2012-08-28,15.007194667546583
2012-08-29,15.011441649901688
2012-08-30,14.855174718128245
2012-08-31,14.932065032302871
2012-09-04,14.950885027126452
2012-09-05,14.906533741727632
2012-09-06,15.211554603900852
2012-09-07,15.31551872815714
2012-09-10,15.19858813284734
2012-09-11,15.203486351572272
2012-09-12,15.253526192018246
2012-09-13,15.44691743569299
2012-09-14,15.59199927067047
2012-09-17,15.569370152858104
2012-09-18,15.558507434061662
2012-09-19,15.606370355771167
2012-09-20,15.590055556897116
2012-09-21,15.590608011674057
2012-09-24,15.51897405036762
2012-09-25,15.30601941782902
2012-09-26,15.213399737548272
2012-09-27,15.408714253427062
2012-09-28,15.307267436095582
2012-10-01,15.38459413227603
2012-10-02,15.305128774514454
2012-10-03,15.39548127065454
2012-10-04,15.462656753511606
2012-10-05,15.385544808845545
2012-10-08,15.268868183716684
2012-10-09,15.057236924375305
2012-10-10,15.000297248356306
2012-10-11,14.974237676961932
2012-10-12,14.969520553439244
2012-10-15,15.092085089451874
2012-10-16,15.240715943940778
2012-10-17,15.280129085854698
2012-10-18,15.020154112254444
2012-10-19,14.889092429084837
2012-10-22,14.962045404458024
2012-10-23,14.830474337839428
2012-10-24,14.788179933392328
2012-10-25,14.573363267046716
2012-10-26,14.79027291696665
2012-10-31,14.789790589519454
2012-11-01,14.932496748107292
2012-11-02,14.794862140445831
2012-11-05,14.86146244845054
2012-11-06,14.943690216992028
2012-11-07,14.517468318726827
2012-11-08,14.293325707898962
2012-11-09,14.364026362003022
2012-11-12,14.36645638717758
2012-11-13,14.26351812712806
2012-11-14,14.093445712534711
2012-11-15,14.020122172128396
2012-11-16,14.126644390559331
2012-11-19,14.442410532061915
2012-11-20,14.454699562858275
2012-11-21,14.499984269932495
2012-11-23,14.685337571367826
2012-11-26,14.755419608418098
2012-11-27,14.706764368382418
2012-11-28,14.818048565800128
2012-11-29,14.922065955305529
2012-11-30,14.930069965404869
2012-12-03,14.8813296656567
2012-12-04,14.8396773240307
2012-12-05,14.71689660843921
2012-12-06,14.791039119460832
2012-12-07,14.733030711510551
2012-12-10,14.778038187203729
2012-12-11,14.949306952492025
2012-12-12,14.915699797059874
2012-12-13,14.824336296133628
2012-12-14,14.743534278859006
2012-12-17,14.95284346711879
2012-12-18,15.184544026016788
2012-12-19,15.10646217944854
2012-12-20,15.114670175383068
2012-12-21,14.986575795426864
2012-12-24,14.951220787890618
2012-12-26,14.842622306053922
2012-12-27,14.827809425047873
2012-12-28,14.692937033322234
2012-12-31,14.98466378896294
2013-01-02,15.434925949163716
2013-01-03,15.395727584227997
2013-01-04,15.388878934996844
2013-01-07,15.377803028837333
2013-01-08,15.331163414381123
2013-01-09,15.393871559104584
2013-01-10,15.4708325489587
2013-01-11,15.500492441559691
2013-01-14,15.421255323627523
2013-01-15,15.38415519913388
2013-01-16,15.42829617968094
2013-01-17,15.538945305025608
2013-01-18,15.515473738388772
2013-01-22,15.505844896561852
2013-01-23,15.483270727432874
2013-01-24,15.47864135677958
2013-01-25,15.58014423295162
2013-01-28,15.601652974292946
2013-01-29,15.576613911616557
2013-01-30,15.519734490757784
2013-01-31,15.491295364299187
2013-02-01,15.659750314540975
2013-02-04,15.40249861946829
2013-02-05,15.604961146052856
2013-02-06,15.595692159169534
2013-02-07,15.58534268802679
2013-02-08,15.734986753312452
2013-02-11,15.705833896825672
2013-02-12,15.668595126793676
2013-02-13,15.665802857938978
2013-02-14,15.623371728975352
2013-02-15,15.61105304223733
2013-02-19,15.70046288084793
2013-02-20,15.459496232520044
2013-02-21,15.275832182091316
2013-02-22,15.417257754297909
2013-02-25,15.196045818443553
2013-02-26,15.269157460288085
2013-02-27,15.423273924942524
2013-02-28,15.411465448598122
2013-03-01,15.45260909201052
2013-03-04,15.51271985888214
2013-03-05,15.71222163323461
2013-03-06,15.666453648794832
2013-03-07,15.7172512872702
2013-03-08,15.77427738256124
2013-03-11,15.8100250997558
2013-03-12,15.74557124861964
2013-03-13,15.757700055813256
2013-03-14,15.81701428703255
2013-03-15,15.76805701601359
2013-03-18,15.73473595005466
2013-03-19,15.713103886564603
2013-03-20,15.852355848051774
2013-03-21,15.724442539700137
2013-03-22,15.858791813111164
2013-03-25,15.807371011916558
2013-03-26,15.90132657357074
2013-03-27,15.90911892165694
2013-03-28,15.960387310834014
2013-04-01,15.818296774080832
2013-04-02,15.896272328080094
2013-04-03,15.732214719869049
2013-04-04,15.771775927276169
2013-04-05,15.660772723817944
2013-04-08,15.747811975321062
2013-04-09,15.823746391555153
2013-04-10,16.0791306375427
2013-04-11,16.101517395306292
2013-04-12,16.10009403607167
2013-04-15,15.74676179499381
2013-04-16,15.980875463966855
2013-04-17,15.705187121033092
2013-04-18,15.450416698004044
2013-04-19,15.711112107425542
2013-04-22,15.85366534159376
2013-04-23,15.941163732727272
2013-04-24,16.210059336992956
2013-04-25,16.270612617215775
2013-04-26,16.22043831436836
2013-04-29,16.378723385536766
2013-04-30,16.461657665580628
2013-05-01,16.296161655762894
2013-05-02,16.481921570775523
2013-05-03,16.65972764658426
2013-05-06,16.72362201273047
2013-05-07,16.704055025656967
2013-05-08,16.781732177805782
2013-05-09,16.721343582115956
2013-05-10,16.863844173360356
2013-05-13,16.885607688018368
2013-05-14,17.004170565954432
2013-05-15,17.04343476936638
2013-05-16,16.984015350546898
2013-05-17,17.1557477301319
2013-05-20,17.15209183322947
2013-05-21,17.164310761804828
2013-05-22,16.985717345239372
2013-05-23,16.940880310673677
2013-05-24,16.943739827155923
2013-05-28,17.055784148585797
2013-05-29,16.936001255869996
2013-05-30,17.04723162246326
2013-05-31,16.890336552424976
2013-06-03,16.919407869207575
2013-06-04,16.818942685550514
2013-06-05,16.620909503213113
2013-06-06,16.732840597881957
2013-06-07,16.97350668838287
2013-06-10,16.993621414172047
2013-06-11,16.806768306649495
2013-06-12,16.63008475837957
2013-06-13,16.824213879446923
2013-06-14,16.73448824499455
2013-06-17,16.870729520638665
2013-06-18,17.018449461499834
2013-06-19,16.818873172127073
2013-06-20,16.410993899261275
2013-06-21,16.42583628029918
2013-06-24,16.249473499097437
2013-06-25,16.36148510602373
2013-06-26,16.509225720420947
2013-06-27,16.61165694975461
2013-06-28,16.620712965992716
2013-07-01,16.761025833635404
2013-07-02,16.75569848364221
2013-07-03,16.79032577145869
2013-07-05,16.950459113270277
2013-07-08,16.984085712561356
2013-07-09,17.09764126744948
2013-07-10,17.186775768324075
2013-07-11,17.4829144092847
2013-07-12,17.59656021588493
2013-07-15,17.650265391297737
2013-07-16,17.61581406588198
2013-07-17,17.649728622642396
2013-07-18,17.57797932502955
2013-07-19,17.63637317436464
2013-07-22,17.71485844738631
2013-07-23,17.555140958535056
2013-07-24,17.536659670795245
2013-07-25,17.567776946947546
2013-07-26,17.650634847223085
2013-07-29,17.589495047924686
2013-07-30,17.63290690836767
2013-07-31,17.613665210180272
2013-08-01,17.815831632339865
2013-08-02,17.870083121685408
2013-08-05,17.882411794098065
2013-08-06,17.73824707698195
2013-08-07,17.66729033691457
2013-08-08,17.715064331902663
2013-08-09,17.665631554725206
2013-08-12,17.681778452191928
2013-08-13,17.75095051860405
2013-08-14,17.654484457395377
2013-08-15,17.351824770995133
2013-08-16,17.334600551463108
2013-08-19,17.30042028238772
2013-08-20,17.398854689834106
2013-08-21,17.328558950557692
2013-08-22,17.519655983180193
2013-08-23,17.635013706979734
2013-08-26,17.628272678060586
2013-08-27,17.253939296032012
2013-08-28,17.315168534376912
2013-08-29,17.424453985203208
2013-08-30,17.304242956542428
2013-09-03,17.411968165908903
2013-09-04,17.584121670853158
2013-09-05,17.63220962081673
2013-09-06,17.649800010374292
2013-09-09,17.876413232046577
2013-09-10,17.992438034972743
2013-09-11,17.951768095490113
2013-09-12,17.912829690494995
2013-09-13,17.945238328090063
2013-09-16,17.92034486662731
2013-09-17,18.055938209416777
2013-09-18,18.28897018542295
2013-09-19,18.333312143226745
2013-09-20,18.27305499129167
2013-09-23,18.21558946404669
2013-09-24,18.224299072477343
2013-09-25,18.171860899706445
2013-09-26,18.28770509531744
2013-09-27,18.25921974983258
2013-09-30,18.191579225416632
2013-10-01,18.40377119406299
2013-10-02,18.407853403865364
2013-10-03,18.19889692915155
2013-10-04,18.336296117179195
2013-10-07,18.155593652451376
2013-10-08,17.81993706238675
2013-10-09,17.76800897193627
2013-10-10,18.16284637894261
2013-10-11,18.300713038645227
2013-10-14,18.413250948695303
2013-10-15,18.313552770769576
2013-10-16,18.51395554680895
2013-10-17,18.575186788359805
2013-10-18,18.841002444131863
2013-10-21,18.86755410742592
2013-10-22,18.90338570595829
2013-10-23,18.78319382619352
2013-10-24,18.799358098969183
2013-10-25,18.95384916040181
2013-10-28,18.84463733788264
2013-10-29,18.878108883127872
2013-10-30,18.73953101130834
2013-10-31,18.68249502893215
2013-11-01,18.707868812663943
2013-11-04,18.74523656666049
2013-11-05,18.70312690495731
2013-11-06,18.68942746971729
2013-11-07,18.322488893412125
2013-11-08,18.60893481382661
2013-11-11,18.592585718949906
2013-11-12,18.6040167831943
2013-11-13,18.811242952138123
2013-11-14,18.90852334699382
2013-11-15,18.96930206075464
2013-11-18,18.7975029511798
2013-11-19,18.72292179580676
2013-11-20,18.665061906030147
2013-11-21,18.87455551330953
2013-11-22,18.97488307341257
2013-11-25,18.99344855294011
2013-11-26,19.10504419153045
2013-11-27,19.2359676925254
2013-11-29,19.30847985634124
2013-12-02,19.24665485647398
2013-12-03,19.23568902491717
2013-12-04,19.229731217991127
2013-12-05,19.19586666816786
2013-12-06,19.33780786090165
2013-12-09,19.3336552971352
2013-12-10,19.291814332640108
2013-12-11,19.0315991031777
2013-12-12,19.003651303919707
2013-12-13,19.0256258345165
2013-12-16,19.14856736856058
2013-12-17,19.117252141942394
2013-12-18,19.33890636738237
2013-12-19,19.27585260825784
2013-12-20,19.48420225462593
2013-12-23,19.69688275787356
2013-12-24,19.725722238433057
2013-12-26,19.787634537432865
2013-12-27,19.726879134157045
2013-12-30,19.71147934711995
2013-12-31,19.81173425007288
2014-01-02,19.64734301744065
2014-01-03,19.551112097196548
2014-01-06,19.498864096325065
2014-01-07,19.66598197684463
2014-01-08,19.69294481063007
2014-01-09,19.64888933652245
2014-01-10,19.743365703231355
2014-01-13,19.45313883853712
2014-01-14,19.78216205683006
2014-01-15,19.917347932605896
2014-01-16,19.9169675994792
2014-01-17,19.82607412387716
2014-01-21,19.966473419082085
2014-01-22,19.99387786571652
2014-01-23,19.8242642037728
2014-01-24,19.41107135321072
2014-01-27,19.19180919215619
2014-01-28,19.26386078205447
2014-01-29,18.96004860996541
2014-01-30,19.21359408945956
2014-01-31,19.17273059082045
2014-02-03,18.692345611681503
2014-02-04,18.784035532947595
2014-02-05,18.677918268170195
2014-02-06,18.894817912096546
2014-02-07,19.19918334176856
2014-02-10,19.28266916074673
2014-02-11,19.487838852530064
2014-02-12,19.48859938294097
2014-02-13,19.60449508226705
2014-02-14,19.634215226392385
2014-02-18,19.731040636508
2014-02-19,19.5652905719548
2014-02-20,19.67246128301205
2014-02-21,19.65955721141621
2014-02-24,19.79483754036692
2014-02-25,19.75120538822925
2014-02-26,19.7408440228207
2014-02-27,19.90338248331564
2014-02-28,19.8577535190664
2014-03-03,19.721443126591296
2014-03-04,20.066743711327856
2014-03-05,20.098642262756496
2014-03-06,20.094577348846105
2014-03-07,20.038850707130425
2014-03-10,20.02609128183336
2014-03-11,19.91980126679858
2014-03-12,20.006510118421588
2014-03-13,19.71290121926915
2014-03-14,19.64547947904045
2014-03-17,19.8074148516233
2014-03-18,20.035154177296832
2014-03-19,19.91396012623484
2014-03-20,19.98243182202984
2014-03-21,19.795909376819008
2014-03-24,19.59857998054201
2014-03-25,19.648688529276523
2014-03-26,19.359807984607304
2014-03-27,19.26192833274927
2014-03-28,19.290704845924683
2014-03-31,19.48534412075026
2014-04-01,19.782567485427816
2014-04-02,19.808145934203672
2014-04-03,19.65902888269874
2014-04-04,19.18016725980144
2014-04-07,18.964262049431014
2014-04-08,19.11380016199674
2014-04-09,19.757686609955723
2014-04-10,19.172376211157147
2014-04-11,18.947322719462075
2014-04-14,19.73018971359265
2014-04-15,19.14233157937164
2014-04-16,19.301915551307708
2014-04-17,19.311348709319745
2014-04-21,19.43874459247404
2014-04-22,19.52660533173663
2014-04-23,19.04770679249406
2014-04-24,18.90514956391278
2014-04-25,18.582335398766794
2014-04-28,18.58793808618701
2014-04-29,18.69199831801146
2014-04-30,18.70995230346257
2014-05-01,18.67957899210124
2014-05-02,18.68452083810195
2014-05-05,18.76662958640953
2014-05-06,18.46227050633839
2014-05-07,18.38880845344057
2014-05-08,18.265981065088983
2014-05-09,18.37740324991427
2014-05-12,18.702872142569724
2014-05-13,18.66523798447011
2014-05-14,18.528924417190623
2014-05-15,18.37293263758976
2014-05-16,18.4820707838942
2014-05-19,18.6344489095132
2014-05-20,18.52209122983614
2014-05-21,18.689096887252163
2014-05-22,18.77980628909981
2014-05-23,18.93184371425514
2014-05-27,19.2560533470049
2014-05-28,19.21976229639108
2014-05-29,19.325049936640514
2014-05-30,19.293642604491605
2014-06-02,19.2745371911092
2014-06-03,19.25522600782636
2014-06-04,19.31816032879693
2014-06-05,19.513527526368275
2014-06-06,19.60801241739199
2014-06-09,19.6390498577651
2014-06-10,19.656941472213607
2014-06-11,19.33076675228994
2014-06-12,19.12806230706992
2014-06-13,19.152855362709424
2014-06-16,19.17238959273522
2014-06-17,19.22233091517407
2014-06-18,19.367944511175786
2014-06-19,19.35179496861625
2014-06-20,19.366840021581183
2014-06-23,19.364964726389623
2014-06-24,19.30062296301069
2014-06-25,19.45018247586695
2014-06-26,19.46143380851853
2014-06-27,19.548545890120423
2014-06-30,19.59622461288909
2014-07-01,19.79113967966893
2014-07-02,19.761662321605897
2014-07-03,19.875083581606805
2014-07-07,19.734294837287347
2014-07-08,19.49027917618041
2014-07-09,19.604000958849348
2014-07-10,19.51683429547609
2014-07-11,19.600634467172
2014-07-14,19.70822694543061
2014-07-15,19.61344453958392
2014-07-16,19.619233725494105
2014-07-17,19.26955966657972
2014-07-18,19.5882818152921
2014-07-21,19.53972221446517
2014-07-22,19.501967149521537
2014-07-23,19.49183423772408
2014-07-24,19.382027112631228
2014-07-25,19.303262261861896
2014-07-28,19.255478474890424
2014-07-29,19.16779153445434
2014-07-30,19.19753883713701
2014-07-31,18.75491776046583
2014-08-01,18.71351045474507
2014-08-04,18.870335370264648
2014-08-05,18.6705881494801
2014-08-06,18.6321569427792
2014-08-07,18.56942956845097
2014-08-08,18.7197455244846
2014-08-11,18.8023721360613
2014-08-12,18.76407023405612
2014-08-13,18.98916208204633
2014-08-14,19.05227640976433
2014-08-15,19.081178861207768
2014-08-18,19.26270707651038
2014-08-19,19.34283059132672
2014-08-20,19.36015083884361
2014-08-21,19.371227987524552
2014-08-22,19.40661664335736
2014-08-25,19.49274068793288
2014-08-26,19.513297621694907
2014-08-27,19.518566040070905
2014-08-28,19.47053842712369
2014-08-29,19.54859179894206
2014-09-02,19.62602184388177
2014-09-03,19.52025156088928
2014-09-04,19.48659754879931
2014-09-05,19.589524958408425
2014-09-08,19.625627736649072
2014-09-09,19.462591198965985
2014-09-10,19.585376056574336
2014-09-11,19.612795897031862
2014-09-12,19.49372307242654
2014-09-15,19.29591724305157
2014-09-16,19.43560639393961
2014-09-17,19.47414872849448
2014-09-18,19.61078096486101
2014-09-19,19.583611256028583
2014-09-22,19.343798395040817
2014-09-23,19.27584169947041
2014-09-24,19.439582063613653
2014-09-25,19.035013174051304
2014-09-26,19.21855150870602
2014-09-29,19.18317913704742
2014-09-30,19.138282946301672
2014-10-01,18.823916483286744
2014-10-02,18.85025533621057
2014-10-03,19.05451208807222
2014-10-06,19.021522004372954
2014-10-07,18.72479955023533
2014-10-08,19.08555828366704
2014-10-09,18.690549198549988
2014-10-10,18.276187013617736
2014-10-13,18.00450034415972
2014-10-14,18.073063069304744
2014-10-15,17.97912126877202
2014-10-16,17.922403809702214
2014-10-17,18.14888426581756
2014-10-20,18.31138110073977
2014-10-21,18.60416529711119
2014-10-22,18.431743933398327
2014-10-23,18.578023654722408
2014-10-24,18.745336587347847
2014-10-27,18.734846041021896
2014-10-28,18.89992428377644
2014-10-29,18.81507594829603
2014-10-30,18.84613715059432
2014-10-31,19.139262268477708
2014-11-03,19.2094475508768
2014-11-04,19.118626668288883
2014-11-05,19.039943519909222
2014-11-06,19.109956891105103
2014-11-07,19.114161425211865
2014-11-10,19.159133313746416
2014-11-11,19.199078022293737
2014-11-12,19.228000835342584
2014-11-13,19.25863137925585
2014-11-14,19.312552922082308
2014-11-17,19.24443112793329
2014-11-18,19.36371018167468
2014-11-19,19.27584089098104
2014-11-20,19.35509160433444
2014-11-21,19.42603858457113
2014-11-24,19.571348640670333
2014-11-25,19.597227265038267
2014-11-26,19.71898841616351
2014-11-28,19.745621983855287
2014-12-01,19.45353868182737
2014-12-02,19.561349215476938
2014-12-03,19.62679651601952
2014-12-04,19.593068986128145
2014-12-05,19.59882187575572
2014-12-08,19.439266541170404
2014-12-09,19.551649397021706
2014-12-10,19.22701018074156
2014-12-11,19.329969605846703
2014-12-12,19.122349915824795
2014-12-15,18.914178307132552
2014-12-16,18.649818299792955
2014-12-17,19.042861097088352
2014-12-18,19.519033978082565
2014-12-19,19.58706866630021
2014-12-22,19.70909038405387
2014-12-23,19.661300519362246
2014-12-24,19.69621487920398
2014-12-26,19.81704692504912
2014-12-29,19.811502478756708
2014-12-30,19.69796169523605
2014-12-31,19.50794561726005
2015-01-02,19.47472638262485
2015-01-05,19.17380233135413
2015-01-06,18.939391033316355
2015-01-07,19.19782866599161
2015-01-08,19.56863074797651
2015-01-09,19.457632998445806
2015-01-12,19.271999544727844
2015-01-13,19.239139625007702
2015-01-14,19.16973941018345
2015-01-15,18.904819848703696
2015-01-16,19.12703988765727
2015-01-20,19.268606352541475
2015-01-21,19.358502756806967
2015-01-22,19.66397541737783
2015-01-23,19.6964386398996
2015-01-26,19.69056588933743
2015-01-27,19.30573418908739
2015-01-28,18.90276971357145
2015-01-29,19.0322403533148
2015-01-30,18.890784706925395
2015-02-02,19.06163671893893
2015-02-03,19.269985088116165
2015-02-04,19.247365294638595
2015-02-05,19.438901716933103
2015-02-06,19.357577935216373
2015-02-09,19.28337832043403
2015-02-10,19.550464668868926
2015-02-11,19.600134018154428
2015-02-12,19.88756275282156
2015-02-13,20.042712455413056
2015-02-17,20.063161055098345
2015-02-18,20.114445915651643
2015-02-19,20.15717474139066
2015-02-20,20.285116342891584
2015-02-23,20.31133740949173
2015-02-24,20.31164077156933
2015-02-25,20.35516353224045
2015-02-26,20.409202525144988
2015-02-27,20.26879007585072
2015-03-02,20.46349558002556
2015-03-03,20.373306201426672
2015-03-04,20.29004364248297
2015-03-05,20.359077247076275
2015-03-06,20.142050611449395
2015-03-09,20.18649676694007
2015-03-10,19.800330943728667
2015-03-11,19.74307529283569
2015-03-12,19.972153526308382
2015-03-13,19.930635583805145
2015-03-16,20.18648627818991
2015-03-17,20.21164416520904
2015-03-18,20.43320023340435
2015-03-19,20.462132894975284
2015-03-20,20.59820279077565
2015-03-23,20.53759276762959
2015-03-24,20.478366541179064
2015-03-25,19.97701893524766
2015-03-26,19.93370800786905
2015-03-27,20.030982093073465
2015-03-30,20.25934006420473
2015-03-31,20.07057569927636
2015-04-01,19.95908576124257
2015-04-02,20.021262119063405
2015-04-06,20.173668227540816
2015-04-07,20.1568805241955
2015-04-08,20.314533681999205
2015-04-09,20.39988498202772
2015-04-10,20.49736349508577
2015-04-13,20.44378349888668
2015-04-14,20.40126510728725
2015-04-15,20.525599650493824
2015-04-16,20.544760059102043
2015-04-17,20.250291499936672
2015-04-20,20.523766150933053
2015-04-21,20.575911830497866
2015-04-22,20.64458197386311
2015-04-23,20.65512053112488
2015-04-24,20.902712674822112
2015-04-27,20.716146471944366
2015-04-28,20.57867743036693
2015-04-29,20.444501641784523
2015-04-30,20.068391012904737
2015-05-01,20.30531538758732
2015-05-04,20.304696269913794
2015-05-05,19.95488262679929
2015-05-06,19.840122845475864
2015-05-07,19.914179485656025
2015-05-08,20.248417077441392
2015-05-11,20.16567334726426
2015-05-12,20.07963260706224
2015-05-13,20.08788966723479
2015-05-14,20.36390260299751
2015-05-15,20.375146982989254
2015-05-18,20.49363828415998
2015-05-19,20.454052814274203
2015-05-20,20.4468557666834
2015-05-21,20.52032708668336
2015-05-22,20.52403404801811
2015-05-26,20.313217703084984
2015-05-27,20.61574789493952
2015-05-28,20.58432527532641
2015-05-29,20.46901258752913
2015-06-01,20.541318216195528
2015-06-02,20.51416736006385
2015-06-03,20.589591576192408
2015-06-04,20.43146967303068
2015-06-05,20.46059599880508
2015-06-08,20.259194460239623
2015-06-09,20.25056834634901
2015-06-10,20.517840710859325
2015-06-11,20.55228183432563
2015-06-12,20.43470407207203
2015-06-15,20.33775440427368
2015-06-16,20.42930813710233
2015-06-17,20.47676750478596
2015-06-18,20.76026637663442
2015-06-19,20.67846788394978
2015-06-22,20.81937912916035
2015-06-23,20.853389613075308
2015-06-24,20.719652939163325
2015-06-25,20.651485111545544
2015-06-26,20.584385535840347
2015-06-29,20.104149407086275
2015-06-30,20.22376979225046
2015-07-01,20.35182655756305
2015-07-02,20.35196756511743
2015-07-06,20.37334146022267
2015-07-07,20.437639734320147
2015-07-08,20.103139830088296
2015-07-09,20.12740842034352
2015-07-10,20.456997650206088
2015-07-13,20.793134683642297
2015-07-14,20.902750742555217
2015-07-15,20.86487036796664
2015-07-16,21.10584369762874
2015-07-17,21.42807634472176
2015-07-20,21.34221561905708
2015-07-21,21.22345183931036
2015-07-22,20.95323862861689
2015-07-23,20.862511409950564
2015-07-24,20.63935445042469
2015-07-27,20.44348882009677
2015-07-28,20.654555839516743
2015-07-29,20.648468138967488
2015-07-30,20.69423570634607
2015-07-31,20.672451425053893
2015-08-03,20.629757584058986
2015-08-04,20.55868479874175
2015-08-05,20.68036486632217
2015-08-06,20.430989765753605
2015-08-07,20.370810056549907
2015-08-10,20.58888366180092
2015-08-11,20.337195908109106
2015-08-12,20.37354988205268
2015-08-13,20.32792648289704
2015-08-14,20.40780461159272
2015-08-17,20.583016251160924
2015-08-18,20.46252324411967
2015-08-19,20.299173421408657
2015-08-20,19.71156659177915
2015-08-21,18.99028236162971
2015-08-24,18.24905907231806
2015-08-25,18.14768863909265
2015-08-26,18.950753778994503
2015-08-27,19.415275076979324
2015-08-28,19.48652900843981
2015-08-31,19.284087228256062
2015-09-01,18.709912006488658
2015-09-02,19.175173703390392
2015-09-03,20.23796906444468
2015-09-04,20.01338138523589
2015-09-08,20.10912603790437
2015-09-09,19.86862878400357
2015-09-10,20.047516662629288
2015-09-11,20.16699492368965
2015-09-14,20.11036300956813
2015-09-15,20.355187603756622
2015-09-16,20.490629219222008
2015-09-17,20.510054827435525
2015-09-18,20.234125522057333
2015-09-21,20.26580327155776
2015-09-22,19.945441546100746
2015-09-23,19.92882640466621
2015-09-24,19.87122943033724
2015-09-25,19.71621575955433
2015-09-28,19.116414260399832
2015-09-29,19.008094872102387
2015-09-30,19.455751142108483
2015-10-01,19.46261722832676
2015-10-02,19.822665787037693
2015-10-05,20.139067864377683
2015-10-06,20.011754969794243
2015-10-07,20.176972162661905
2015-10-08,20.26286925152864
2015-10-09,20.38586935535536
2015-10-12,20.437516810897296
2015-10-13,20.27500444745484
2015-10-14,20.197328705629445
2015-10-15,20.548374269893383
2015-10-16,20.63327987160319
2015-10-19,20.71646491056183
2015-10-20,20.62138947700159
2015-10-21,20.43363377296444
2015-10-22,20.714500318069533
2015-10-23,21.144664683367303
2015-10-26,21.16174102114661
2015-10-27,21.08928050833891
2015-10-28,21.19400230226948
2015-10-29,21.14058382792888
2015-10-30,21.125962145378995
2015-11-02,21.417254231523696
2015-11-03,21.4538358189743
2015-11-04,21.41229316603173
2015-11-05,21.423869880502327
2015-11-06,21.525718165593016
2015-11-09,21.290330900741964
2015-11-10,21.26774014791304
2015-11-11,21.235400926501534
2015-11-12,20.9835833039143
2015-11-13,20.66159992179246
2015-11-16,21.00636480928932
2015-11-17,20.191965359900745
2015-11-18,20.56347533254574
2015-11-19,20.591609303391973
2015-11-20,20.728747000059744
2015-11-23,20.703275221929697
2015-11-24,20.677857728575123
2015-11-25,20.72343940780608
2015-11-27,20.770288378947665
2015-11-30,20.70015989437295
2015-12-01,20.91379891052695
2015-12-02,20.75394914962518
2015-12-03,20.407734895217885
2015-12-04,20.854773713886857
2015-12-07,20.69402963941375
2015-12-08,20.684830747594617
2015-12-09,20.38654495426137
2015-12-10,20.45268570420331
2015-12-11,19.994767404122754
2015-12-14,20.1029377104751
2015-12-15,20.289038951014287
2015-12-16,20.6272659318418
2015-12-17,20.34582013147784
2015-12-18,20.000478179164965
2015-12-21,20.192752051701508
2015-12-22,20.3297219205068
2015-12-23,20.547301280739067
2015-12-24,20.553156744927826
2015-12-28,20.54091720654176
2015-12-29,20.81489989160148
2015-12-30,20.646260935391734
2015-12-31,20.40147457949367
2016-01-01,19.15998297694018
2016-01-04,18.86706291617148
2016-01-05,18.65840036051568
2016-01-06,18.47399887727415
2016-01-07,17.922221467380332
2016-01-08,17.85192155663271
2016-01-11,18.006069212165045
2016-01-12,18.00731225436101
2016-01-13,17.57728920988164
2016-01-14,17.875060470421808
2016-01-15,17.198427136420605
2016-01-18,17.33511341696923
2016-01-19,17.33997662954861
2016-01-20,17.403804853763013
2016-01-21,17.32680134972489
2016-01-22,17.889891514620526
2016-01-25,17.592500445800596
2016-01-26,17.726753088989618
2016-01-27,17.27815991304507
2016-01-28,17.250337136819358
2016-01-29,18.037841213150628
2016-02-01,17.966993124062494
2016-02-02,17.50218017684041
2016-02-03,17.493857674457548
2016-02-04,17.35522999875645
2016-02-05,16.796246910802104
2016-02-08,16.53855202959712
2016-02-09,16.465108273405782
2016-02-10,16.46091658069995
2016-02-11,16.466421963821034
2016-02-12,16.71323042623236
2016-02-15,16.712057208001497
2016-02-16,17.0401477939464
2016-02-17,17.307827045472692
2016-02-18,17.204169295792724
2016-02-19,17.16581299811287
2016-02-22,17.4482211074369
2016-02-23,17.251706274424496
2016-02-24,17.356696870864386
2016-02-25,17.482848859020333
2016-02-26,17.415888845246442
2016-02-29,17.268234189767657
2016-03-01,17.82446817656188
2016-03-02,17.834444951564983
2016-03-03,17.818745701804072
2016-03-04,17.832290118515772
2016-03-07,17.748406711572073
2016-03-08,17.52229749791482
2016-03-09,17.617556057352587
2016-03-10,17.6574021616554
2016-03-11,17.93321030690145
2016-03-14,17.984365524573573
2016-03-15,17.9987660733515
2016-03-16,18.177347850720537
2016-03-17,18.15159326291633
2016-03-18,18.282404623797827
2016-03-21,18.315703392642178
2016-03-22,18.35095173283328
2016-03-23,18.16184665353336
2016-03-24,18.216972114705428
2016-03-25,18.096435176194998
2016-03-28,18.214484110206644
2016-03-29,18.49035728668777
2016-03-30,18.60083552700204
2016-03-31,18.61519817422482
2016-04-01,18.759918002767883
2016-04-04,18.75368713273776
2016-04-05,18.535589586671836
2016-04-06,18.880388753461485
2016-04-07,18.50111794415876
2016-04-08,18.517592076567382
2016-04-11,18.482480503993745
2016-04-12,18.629482040595263
2016-04-13,18.85015150864085
2016-04-14,18.851501695853624
2016-04-15,18.749946996914343
2016-04-18,17.717744030570906
2016-04-19,18.80380070199071
2016-04-20,18.71797102449943
2016-04-21,18.58624556908349
2016-04-22,18.455366376381868
2016-04-25,18.488981582533448
2016-04-26,18.172815047945225
2016-04-27,18.32039595307905
2016-04-28,17.93832796413841
2016-04-29,17.755414584839354
2016-05-02,18.076427629659552
2016-05-03,18.01607935633169
2016-05-04,17.901129388559525
2016-05-05,17.850617036554066
2016-05-06,17.86834729938237
2016-05-09,17.999255701480568
2016-05-10,18.22931491389872
2016-05-11,18.014685423950727
2016-05-12,17.856189869861527
2016-05-13,17.80188814110336
2016-05-17,17.861344125505642
2016-05-18,17.918652910433416
2016-05-19,17.760438801571084
2016-05-20,18.0299850568494
2016-05-23,17.936892170208615
2016-05-24,18.36699608215188
2016-05-25,18.433580526612698
2016-05-26,18.44106906144408
2016-05-27,18.548257609651344
2016-05-30,18.55332265814078
2016-05-31,18.602525677181458
2016-06-01,18.56266222913777
2016-06-02,18.58436091518261
2016-06-03,18.523617543685944
2016-06-06,18.56802873535774
2016-06-07,18.59128999474211
2016-06-08,18.55290680243737
2016-06-09,18.527863634361275
2016-06-10,18.351015586556944
2016-06-13,18.15689427457883
2016-06-14,18.15534482328133
2016-06-15,18.10404113859203
2016-06-16,18.18008145596455
2016-06-17,17.98406526663034
2016-06-20,18.055959141801004
2016-06-21,18.194076386099656
2016-06-22,18.172948567755785
2016-06-23,18.396290646914878
2016-06-24,17.680746115537815
2016-06-27,17.339757841842307
2016-06-28,17.75914136269492
2016-06-29,18.088696546355926
2016-06-30,18.304637474387487
2016-07-01,18.39467345858593
2016-07-04,18.395748408617887
2016-07-05,18.265187732814184
2016-07-06,18.425842919026497
2016-07-07,18.49169153357479
2016-07-08,18.790918710445677
2016-07-11,18.883154029176893
2016-07-12,19.028090018848967
2016-07-13,18.950211559244025
2016-07-14,19.10274966424948
2016-07-15,19.086622747327315
2016-07-18,19.21112061170375
2016-07-19,19.22230824888357
2016-07-20,19.33054286685845
2016-07-21,19.20861534542086
2016-07-22,19.25624146535182
2016-07-25,19.25722794476092
2016-07-26,19.120678716734982
2016-07-27,19.233766426984992
2016-07-28,19.0156263369524
2016-07-29,19.010533076074204
2016-08-01,19.1848479784476
2016-08-02,19.00202776452829
2016-08-03,19.05421761099865
2016-08-04,19.041801789477397
2016-08-05,19.26619692916997
2016-08-08,19.110664756403395
2016-08-09,19.18116250709524
2016-08-10,19.36507981253001
2016-08-11,19.124994649723305
2016-08-12,19.111203377408405
2016-08-15,19.24410497413378
2016-08-16,19.15725072604128
2016-08-17,19.12489525424701
2016-08-18,19.110851681603684
2016-08-19,19.089669402876723
2016-08-22,19.01544580528413
2016-08-23,19.123060056561656
2016-08-24,18.99089246628565
2016-08-25,18.94771952015946
2016-08-26,18.948430723068405
2016-08-29,19.003316582295053
2016-08-30,18.95992515574887
2016-08-31,18.93458955884212
2016-09-01,18.974205053303244
2016-09-02,19.052298589860115
2016-09-05,19.045481455940106
2016-09-06,19.130294317062347
2016-09-07,19.20824747051423
2016-09-08,19.05715979565036
2016-09-09,18.61868337689968
2016-09-12,20.40858656752628
2016-09-13,18.8255925323854
2016-09-14,18.8992027852177
2016-09-15,19.300202956720916
2016-09-16,19.22532429355657
2016-09-19,19.11293070534151
2016-09-20,19.159702179770456
2016-09-21,19.375890179753128
2016-09-22,19.564986190351146
2016-09-23,19.43906684832592
2016-09-26,19.243866891383902
2016-09-27,19.388565058173185
2016-09-28,19.46302530087665
2016-09-29,19.3311778786021
2016-09-30,19.48585945758213
2016-10-03,19.409712622982497
2016-10-04,19.40256581007312
2016-10-05,19.586465535685704
2016-10-06,19.62181912989984
2016-10-07,19.55116272909299
2016-10-10,19.682703421302463
2016-10-11,19.42816536802929
2016-10-12,19.40932342155985
2016-10-13,19.326684302352103
2016-10-14,19.376472454148608
2016-10-17,19.420663809914693
2016-10-18,19.52463342974745
2016-10-19,19.470466607316187
2016-10-20,19.500309094229472
2016-10-21,19.54502978559757
2016-10-24,19.751998317136355
2016-10-25,19.60037608518776
2016-10-26,19.41865972173468
2016-10-27,19.127094443826422
2016-10-28,18.998213241253865
2016-10-31,18.97462931226489
2016-11-01,18.85144857938979
2016-11-02,18.71190031642637
2016-11-03,18.404774065757007
2016-11-04,18.360144131606816
2016-11-23,19.03146670947904
2017-01-09,19.72391495838325
2017-01-10,19.363916932836776
2017-01-11,19.44613995393592
2017-01-12,19.391358317768866
2017-01-16,19.87915513774533
2017-01-17,19.826606752699718
2017-01-18,19.864019255030485
2017-01-19,19.844641746657107
2017-01-20,19.88146983394193
2017-01-23,19.858290975054373
2017-01-24,19.969836855150103
2017-01-25,20.23529500046213
2017-01-26,20.11195732182162
2017-01-27,20.028729927554373
2017-01-30,19.889629715883164
2017-01-31,19.717643677964897
2017-02-01,19.924389421316093
2017-02-02,19.773479994181585
2017-02-03,19.82708286909969
2017-02-06,19.5262249872825
2017-02-07,19.6718972530012
2017-02-08,19.76698192950817
2017-02-09,19.816588167105856
2017-02-10,19.97887745547398
2017-02-13,20.125154234152763
2017-02-14,20.181032950882344
2017-02-15,20.2409740527711
2017-02-16,20.241553054120452
2017-02-17,20.26050880663796
2017-02-20,20.27791729845537
2017-02-21,20.353449281688345
2017-02-22,20.353162690922183
2017-02-23,20.298334431472263
2017-02-24,20.33067402955359
2017-02-27,20.32572987366424
2017-02-28,20.251442629775816
2017-03-01,20.467370886297203
2017-03-02,20.32758080076077
2017-03-03,20.36195129623449
2017-03-06,20.28253350878848
2017-03-07,20.273977181360294
2017-03-08,20.299434113605056
2017-03-09,20.29323951718735
2017-03-10,20.361783741000973
2017-03-13,20.382327849560276
2017-03-14,20.33610669512166
2017-03-15,20.50351195580102
2017-03-16,20.486473530577765
2017-03-17,20.43515113774912
2017-03-20,20.492247982137943
2017-03-21,20.201306056026716
2017-03-22,20.392624291170662
2017-03-23,20.33061191187407
2017-03-24,20.201417338666182
2017-03-27,20.239263886321552
2017-03-28,20.33691533496941
2017-03-29,20.377820496611303
2017-03-30,20.47486354111393
2017-03-31,20.45022472195997
2017-04-03,20.61628885534832
2017-04-04,20.649225863367107
2017-04-05,20.54974196539097
2017-04-06,20.55971773642487
2017-04-07,20.540351532399512
2017-04-10,20.55433963419617
2017-04-11,20.459697020159776
2017-04-12,20.396460342620227
2017-04-13,20.292453349965925
2017-04-14,20.292453349965925
2017-04-17,20.457461429268182
2017-04-18,20.43865064756752
2017-04-19,20.44345537272386
2017-04-20,20.61024336081014
2017-04-21,20.617930439596204
2017-04-24,20.85142414721166
2017-04-25,21.00840126286724
2017-04-26,20.95806186546448
2017-04-27,20.845190639401213
2017-04-28,21.160464472096727
2017-05-01,21.423611265695712
2017-05-02,21.30773696362264
2017-05-03,21.32447559296782
2017-05-04,21.375132284320213
2017-05-05,21.44007185818374
2017-05-08,21.53549334089676
2017-05-09,21.592397855245306
2017-05-10,21.602128240143035
2017-05-11,21.574783315431997
2017-05-12,21.626453146219745
2017-05-15,21.68952127229302
2017-05-16,21.764739682077582
2017-05-17,20.417078219926434
2017-05-18,21.297549853713114
2017-05-19,21.427733542041405
2017-05-22,21.631578984622596
2017-05-23,21.654076103885767
2017-05-24,20.993661358764225
2017-05-25,21.975312511370287
2017-05-26,21.97749283723573
2017-05-29,21.97749283723573
2017-05-30,22.010796683528124
2017-05-31,21.97067875714352
2017-06-01,22.06578333637076
2017-06-02,22.300100907888183
2017-06-05,22.337619361852013
2017-06-06,22.224768025976104
2017-06-07,22.286975279965688
2017-06-08,22.29811925714635
2017-06-09,21.75933964520764
2017-06-12,21.6170223749462
2017-06-13,21.75996726012282
2017-06-14,21.646298233059227
2017-06-15,21.552411772795853
2017-06-16,21.440278843007267
2017-06-19,21.83863642770158
2017-06-20,21.647266446571788
2017-06-21,21.82822872979698
2017-06-22,21.810573996740853
2017-06-23,21.887171649478887
2017-06-26,21.7688417858197
2017-06-27,21.335343369986564
2017-06-28,21.63246987779071
2017-06-29,21.256892510579757
2017-06-30,21.174694059846747
2017-07-03,21.0203593049655
2017-07-04,20.98616869904925
2017-07-05,21.18652084447467
2017-07-06,20.994575788595256
2017-07-07,21.212400071268952
2017-07-10,21.386137167702707
2017-07-11,21.459256993958903
2017-07-12,21.715456726807243
2017-07-13,21.782079761786846
2017-07-14,22.012515534888557
2017-07-17,22.006876280666567
2017-07-18,22.157098322596298
2017-07-19,22.253528249162887
2017-07-20,22.30049576155724
2017-07-21,22.27087740941837
2017-07-24,22.273758651488546
2017-07-25,22.18969180856335
2017-07-26,22.196599867770683
2017-07-27,21.865854080530895
2017-07-28,21.861526676318903
2017-07-31,21.75293600345249
2017-08-01,21.62283340154032
2017-08-02,21.61243339742848
2017-08-03,21.48300858492347
2017-08-04,21.560091632162504
2017-08-07,21.66931845773062
2017-08-08,21.658322518789795
2017-08-09,21.66276711495627
2017-08-10,21.18860082802096
2017-08-11,21.327339004171456
2017-08-14,21.59108847850624
2017-08-15,21.599723786967647
2017-08-16,21.63398977726681
2017-08-17,21.176177604652995
2017-08-18,21.12740818851948
2017-08-21,21.10784761090544
2017-08-22,21.418941129836803
2017-08-23,21.33437050140492
2017-08-24,21.248038139154826
2017-08-25,21.21694723529175
2017-08-28,21.295444510371617
2017-08-29,21.374583319477903
2017-08-30,21.630389240976257
2017-08-31,21.80839777439645
2017-09-01,21.80948578254057
2017-09-04,21.804498316600533
2017-09-05,21.57376620401229
2017-09-06,21.64015486668992
2017-09-07,21.691283460971665
2017-09-08,21.477827546133305
2017-09-11,21.72735071313308
2017-09-12,21.76399341393005
2017-09-13,21.79922552024273
2017-09-14,21.650493780395987
2017-09-15,21.711938286530422
2017-09-18,21.71630484784161
2017-09-19,21.729547849592983
2017-09-20,21.65213378382357
2017-09-21,21.503073388613725
2017-09-22,21.495778285665363
2017-09-25,21.24019047218655
2017-09-26,21.28601173418153
2017-09-27,21.41704712437288
2017-09-28,21.404994053062723
2017-09-29,21.567792025958983
2017-10-02,21.57789414164304
2017-10-03,21.6227773227236
2017-10-04,21.6211276000196
2017-10-05,21.851809248688525
2017-10-06,21.88892174134784
2017-10-09,21.886182590034142
2017-10-10,21.907214300378936
2017-10-11,21.23090733946548
2017-10-12,21.93418351976095
2017-10-13,22.009269027880496
2017-10-16,22.095067025014814
2017-10-17,22.111183301166008
2017-10-18,22.05375763672261
2017-10-19,21.951348353801947
2017-10-20,22.03750070493105
2017-10-23,21.89290502202096
2017-10-24,21.91888368029285
2017-10-25,21.78162071378959
2017-10-26,21.58957133185849
2017-10-27,22.11806677580169
2017-10-30,22.15087078828825
2017-10-31,22.213150832215945
2017-11-01,22.116018353968897
2017-11-02,21.86136865406956
2017-11-03,21.98198942825937
2017-11-06,22.002457273942277
2017-11-07,22.08757106128
2017-11-08,22.152161904932036
2017-11-09,22.012906362710837
2017-11-10,21.97598310137932
2017-11-13,21.99502300532569
2017-11-14,21.914421357745265
2017-11-15,21.758261519770176
2017-11-16,22.02897408345885
2017-11-17,21.88581464770861
2017-11-20,21.870261501028555
2017-11-21,22.10936041552413
2017-11-22,22.133751738813093
2017-11-23,22.13627067937176
2017-11-24,22.214271285665426
2017-11-27,22.209029285818342
2017-11-28,22.26184418999711
2017-11-29,21.85906620240983
2017-11-30,22.061978223583196
2017-12-01,21.95968323816961
2017-12-04,21.682732548746205
2017-12-05,21.68634483741448
2017-12-06,21.80305918210264
2017-12-07,21.885170231180837
2017-12-08,21.977235680618843
2017-12-11,22.151075426742704
2017-12-12,22.105413648769414
2017-12-13,22.134508377223607
2017-12-14,22.09810489877416
2017-12-15,22.33828877817153
2017-12-18,22.62343432752304
2017-12-19,22.531656975260105
2017-12-20,22.33802744928713
2017-12-21,21.70589917520388
2017-12-22,22.2910273258254
2017-12-25,22.291027325825404
2017-12-26,22.183158123508917
2017-12-27,22.197178086193677
2017-12-28,22.216588744267696
2017-12-29,22.061833013781435
2018-01-01,22.0721672311784
2018-01-02,22.439346780473294
2018-01-03,22.64759153548264
2018-01-04,22.666176422736243
2018-01-05,22.897044580627423
2018-01-08,22.939894817494007
2018-01-09,22.92723059250287
2018-01-10,22.86232145711713
2018-01-11,22.9952171193488
2018-01-12,23.14087661037137
2018-01-15,23.139899741243102
2018-01-16,23.057207451584507
2018-01-17,23.30292154117212
2018-01-18,23.277345733989417
2018-01-19,23.30787420864195
2018-01-22,23.476883555687845
2018-01-23,23.60978257532004
2018-01-24,23.37310368290986
2018-01-25,23.290487624280047
2018-01-26,23.519128593722115
2018-01-29,23.399812720664656
2018-01-30,23.044006816923613
2018-01-31,23.10949213192038
2018-02-01,22.57390035794008
2018-02-02,21.83592541342346
2018-02-05,20.96540389270213
2018-02-06,21.464248383201905
2018-02-07,21.1869604248461
2018-02-08,20.235647006705676
2018-02-09,20.52819252120083
2018-02-12,20.86057629397615
2018-02-13,20.960975447178225
2018-02-14,21.32976345859109
2018-02-15,21.637091291927657
2018-02-16,21.562824343469675
2018-02-19,21.570926644540556
2018-02-20,21.5978671949922
2018-02-21,21.52776745870981
2018-02-22,21.533062848184773
2018-02-23,21.954743139543208
2018-02-26,22.257783315207654
2018-02-27,21.970517267640187
2018-02-28,21.81231022274948
2018-03-01,21.46709876352277
2018-03-02,21.635791456309335
2018-03-05,21.874075587938886
2018-03-06,21.95555478629872
2018-03-07,22.00670665672589
2018-03-08,22.11407779764468
2018-03-09,22.51254160580572
2018-03-12,22.632724065955426
2018-03-13,22.36449229117908
2018-03-14,22.34449126866566
2018-03-15,22.29746011719662
2018-03-16,22.2859225810562
2018-03-19,21.81332341478772
2018-03-20,21.866554468756444
2018-03-21,21.735465336234
2018-03-22,21.206103451134844
2018-03-23,20.59415626713082
2018-03-26,21.417397448146797
2018-03-27,20.67207987239416
2018-03-28,20.450611409530183
2018-03-29,20.83270220137386
2018-03-30,20.832058620157657
2018-04-02,20.245694167999847
2018-04-03,20.45052579564245
2018-04-04,20.79081686315224
2018-04-05,20.91139986235736
2018-04-06,20.38753359305306
2018-04-09,20.515080619115743
2018-04-10,20.92406359873856
2018-04-11,20.876706742896108
2018-04-12,21.11029519456101
2018-04-13,21.014107316143235
2018-04-16,21.154006349801843
2018-04-17,21.594074563072933
2018-04-18,21.632010269458537
2018-04-19,21.46657874828909
2018-04-20,21.15259030874592
2018-04-23,21.056786899710783
2018-04-24,20.58394075505117
2018-04-25,20.54015135978802
2018-04-26,20.830154258648037
2018-04-27,20.59673158498197
2018-04-30,20.472946300246917
2018-05-01,20.620167005182054
2018-05-02,20.38846723494065
2018-05-03,20.39790550308343
2018-05-04,20.784609789402364
2018-05-07,20.944737777007024
2018-05-08,20.153000769723025
2018-05-09,20.389827927662967
2018-05-10,21.376462183217832
2018-05-11,21.36088301764149
2018-05-14,21.350540246884744
2018-05-15,21.20285271066078
2018-05-16,21.218891814286795
2018-05-17,21.12422020320784
2018-05-18,21.0142536562248
2018-05-21,21.15320282484673
2018-05-22,21.026894000624925
2018-05-23,21.21108858874463
2018-05-24,21.183883510180102
2018-05-25,21.204747487288643
2018-05-28,21.221072916417263
2018-05-29,21.110323326876664
2018-05-30,21.271041958277856
2018-05-31,21.22987546526389
2018-06-01,21.59756573113497
2018-06-04,21.790413784617705
2018-06-05,21.85745106116333
2018-06-06,21.974504559267007
2018-06-07,21.791787632469678
2018-06-08,21.79481586019731
2018-06-11,21.83196145237332
2018-06-12,21.95890643036878
2018-06-13,21.925638516311533
2018-06-14,22.143332462117947
2018-06-15,22.051591464589865
2018-06-18,21.973156099269573
2018-06-19,22.06878972983921
2018-06-20,22.245729865243487
2018-06-21,22.01359255636242
2018-06-22,21.9155890886344
2018-06-25,21.43232679890587
2018-06-26,21.460281052645303
2018-06-27,21.20391181676021
2018-06-28,21.32586165650685
2018-06-29,21.417562139860696
2018-07-02,21.608367625386503
2018-07-03,21.327035786653383
2018-07-05,21.624391246351887
2018-07-06,21.971534792229495
2018-07-09,22.14458499426562
2018-07-10,22.18380038705181
2018-07-11,22.00001919009381
2018-07-12,22.48447973146637
2018-07-13,22.546596143775187
2018-07-16,22.467898281655703
2018-07-17,22.59629746878449
2018-07-18,22.565644855814543
2018-07-19,22.50720694902478
2018-07-20,22.318793334659976
2018-07-23,22.308091736188977
2018-07-24,22.23320923309773
2018-07-25,22.455180288077187
2018-07-26,22.23052286188453
2018-07-30,21.421127667079706
2018-08-01,21.36516082429319
2018-08-02,21.5954566980582
2018-08-03,21.687991393896144
2018-08-06,21.78823946677833
2018-08-07,21.82265251252889
2018-08-08,21.894759790560304
2018-08-09,21.906377685823557
2018-08-10,21.73709475281699
2018-08-13,21.723340574291942
2018-08-14,21.869346667953156
2018-08-15,21.59448127265167
2018-08-16,21.587443636598174
2018-08-17,21.629014999771005
2018-08-20,21.599916244750336
2018-08-21,21.66300666832927
2018-08-22,21.7381772431696
2018-08-23,21.71046720441733
2018-08-24,21.91602134049176
2018-08-27,22.13049350237024
2018-08-28,22.16424330530835
2018-08-29,22.438156338782544
2018-08-30,22.39248102746668
2018-08-31,22.43271974884719
2018-09-04,22.351291855108567
2018-09-05,22.04279605952751
2018-09-06,21.82761688538609
2018-09-07,21.73337460960123
2018-09-10,21.791322836818978
2018-09-11,21.98445663724991
2018-09-12,21.928915343006693
2018-09-13,22.123475000243563
2018-09-14,22.07414732257732
2018-09-17,21.729575928974
2018-09-18,21.913486230505946
2018-09-19,21.89087932692341
2018-09-20,22.170391633535196
2018-09-21,22.096980315457497
2018-09-24,22.208763104155143
2018-09-25,22.26020111184053
2018-09-26,22.25520299265996
2018-09-27,22.456442217396244
2018-09-28,22.43285743961262
2018-10-01,22.49536310780659
2018-10-02,22.46842701329275
2018-10-03,22.46004344282568
2018-10-04,22.016844021532457
2018-10-05,21.754868228305384
2018-10-08,21.628439051742365
2018-10-09,21.69849729603244
2018-10-10,20.717701979171416
2018-10-11,20.47002804600432
2018-10-12,21.04430211646791
2018-10-15,20.76791597590768
2018-10-16,21.370808986437847
2018-10-17,21.38686739221473
2018-10-18,20.88570068151506
2018-10-19,20.85944507277441
2018-10-22,20.99640505926067
2018-10-23,20.91709558931919
2018-10-24,19.882382292792943
2018-10-25,20.375210376207203
2018-10-26,19.781954210896625
2018-10-29,19.343976720887717
2018-10-30,19.525585512776217
2018-10-31,20.022581272013973
2018-11-01,20.294453294308045
2018-11-02,19.964554042535333
2018-11-05,19.80119148754784
2018-11-06,19.922608583927783
2018-11-07,20.538665570313874
2018-11-08,20.38866828290642
2018-11-09,20.05528530374411
2018-11-12,19.456057634349957
2018-11-13,19.467342815398347
2018-11-14,19.29099393084041
2018-11-15,19.61663648253494
2018-11-16,19.624723142333806
2018-11-19,18.961029497954133
2018-11-20,18.623056940322257
2018-11-21,19.06389222291648
2018-11-23,18.6105436871907
2018-11-26,19.335561755404427
2018-11-27,19.3840593865539
2018-11-28,20.044761888736392
2018-11-29,20.00281153654853
2018-11-30,19.87867999294652
2018-12-03,20.52202771980914
2018-12-04,19.43343199258104
2018-12-06,19.57524452669157
2018-12-07,18.92046636118835
2018-12-10,19.385433992911835
2018-12-11,19.199134490665475
2018-12-12,19.369452099250104
2018-12-13,19.3915939083504
2018-12-14,18.88102308872461
2018-12-17,18.48869190740102
2018-12-18,18.637889950990218
2018-12-19,18.337178113470475
2018-12-20,18.040695147910185
2018-12-21,17.456710953823233
2018-12-24,16.96911731961722
2018-12-26,18.027404580913885
2018-12-27,18.09845883675017
2018-12-28,18.08947838050983
2018-12-31,18.197271121072557
2019-01-02,18.295928732147157
2019-01-03,17.915706427352987
2019-01-04,18.745318098350985
2019-01-07,18.95343730627333
2019-01-08,19.1462210102076
2019-01-09,19.281165730256188
2019-01-10,19.33321773641792
2019-01-11,19.283239701493297
2019-01-14,19.11151307429404
2019-01-15,19.48980724825776
2019-01-16,19.50402685795456
2019-01-17,19.63249442600233
2019-01-18,19.830993399420613
2019-01-22,19.42820415356164
2019-01-23,19.458412971796577
2019-01-24,19.589473760202363
2019-01-25,19.8572935800077
2019-01-28,19.6253167354331
2019-01-29,19.31486989886732
2019-01-30,19.92661141238798
2019-01-31,20.152526146982595
2019-02-01,20.092051406793495
2019-02-04,20.324783275558705
2019-02-05,20.4445164650913
2019-02-06,20.396086522792256
2019-02-07,20.122410068869137
2019-02-08,20.149665792527617
2019-02-11,20.144279284026396
2019-02-12,20.46728764697703
2019-02-13,20.44250624187982
2019-02-14,20.40170343969388
2019-02-15,20.54793556552551
2019-02-19,20.588671849618063
2019-02-20,20.57179272298517
2019-02-21,20.475085790563952
2019-02-22,20.72033187553633
2019-02-25,20.26755527443075
2019-02-26,20.8259949886612
2019-02-27,20.816378845082244
2019-02-28,20.74136955553877
2019-03-01,20.90109288545004
2019-03-04,20.89600942695887
2019-03-05,20.91571478362915
2019-03-06,20.78277624526946
2019-03-07,20.586878050667423
2019-03-08,20.543238754820237
2019-03-11,20.963928397282228
2019-03-12,21.07383658664342
2019-03-13,21.236287637314973
2019-03-14,21.17947543850145
2019-03-15,21.347991381369027
2019-03-18,21.469348522378077
2019-03-19,21.54507254425282
2019-03-20,21.65998431864061
2019-03-21,22.070123348780225
2019-03-22,21.586972765926905
2019-03-25,21.54840148893738
2019-03-26,21.648203323751144
2019-03-27,21.51861433313664
2019-03-28,21.550479213034915
2019-03-29,21.720466706793115
2019-04-01,22.009741882937345
2019-04-02,22.09474720143305
2019-04-03,22.238098781212237
2019-04-04,22.230587543782544
2019-04-05,22.34206568857245
2019-04-08,22.412370470987003
2019-04-09,22.32571547026981
2019-04-10,22.44827316552261
2019-04-11,22.399790729879538
2019-04-12,22.488079975056596
2019-04-15,22.48942113118888
2019-04-16,22.550745088115494
2019-04-17,22.638431577839725
2019-04-18,22.64520967931935
2019-04-22,22.738581511028517
2019-04-23,23.004414223168347
2019-04-24,22.78424767406017
2019-04-25,22.713247115411388
2019-04-26,22.742043188884608
2019-04-29,22.68722158452489
2019-04-30,22.38774724443116
2019-05-01,22.28135036286524
2019-05-02,22.232981304782072
2019-05-03,22.59837089042256
2019-05-06,22.43961970585584
2019-05-07,21.999593322914578
2019-05-08,21.92374908308982
2019-05-09,21.8183967629339
2019-05-10,21.842224967666645
2019-05-13,21.09550186506979
2019-05-14,21.3152185167611
2019-05-15,21.590272329906707
2019-05-16,21.77629096409536
2019-05-17,21.61948100124373
2019-05-20,21.254184708702688
2019-05-21,21.483249530774145
2019-05-22,21.4082477044724
2019-05-23,21.07857878470864
2019-05-24,21.064651478600663
2019-05-28,21.016539839872348
2019-05-29,20.82382025174047
2019-05-30,20.896300918021712
2019-05-31,20.560468362655755
2019-06-03,20.11500541435441
2019-06-04,20.669556238243477
2019-06-05,20.84009654685357
2019-06-06,21.00126665406249
2019-06-07,21.42984811268748
2019-06-10,21.6829423608885
2019-06-11,21.711253767872343
2019-06-12,21.594515799247304
2019-06-13,21.70196862612009
2019-06-14,21.63046973832165
2019-06-17,21.7863965447252
2019-06-18,22.077909936191546
2019-06-19,22.16765476491697
2019-06-20,22.369181459494754
2019-06-21,22.37857918773845
2019-06-24,22.431718146634577
2019-06-25,22.037008418907256
2019-06-26,22.21457484913512
2019-06-27,22.29146751561665
2019-06-28,22.330564772591757
2019-07-01,22.603083238777334
2019-07-02,22.70425147063126
2019-07-03,22.894158394316488
2019-07-05,22.851811928318572
2019-07-08,22.702876189269887
2019-07-09,22.812508042332784
2019-07-10,23.041944960178466
2019-07-11,23.02385744962305
2019-07-12,23.16007486471804
2019-07-15,23.244910112136665
2019-07-16,23.104696281377844
2019-07-17,22.955763534094714
2019-07-18,22.998011663082178
2019-07-19,22.65014882617676
2019-07-22,22.86397791198606
2019-07-23,22.97588692271705
2019-07-24,23.077240939785185
2019-07-25,22.59964927535245
2019-07-26,22.937897429696523
2019-07-29,22.908452559503587
2019-07-30,22.59114271642876
2019-07-31,22.247133975567248
2019-08-01,22.15313652143824
2019-08-02,21.887578896028483
2019-08-05,21.086619337068218
2019-08-06,21.39282609746421
2019-08-07,21.457145726335916
2019-08-08,21.68905883294295
2019-08-09,21.53484812035341
2019-08-12,21.30561139223176
2019-08-13,21.776214874445703
2019-08-14,21.097857423142127
2019-08-15,21.054746830424214
2019-08-16,21.3969509955154
2019-08-19,21.718052127969912
2019-08-20,21.55228717732207
2019-08-21,21.73946931924434
2019-08-22,21.658425785622224
2019-08-23,20.97806539997131
2019-08-26,21.28664978939348
2019-08-27,21.24628896154052
2019-08-28,21.288609247154284
2019-08-29,21.60929109059112
2019-08-30,21.586942137447704
2019-09-03,21.35888476662891
2019-09-04,21.66432206355575
2019-09-05,22.06035521751997
2019-09-06,22.10999493109237
2019-09-09,21.96255326954571
2019-09-10,21.899653177661584
2019-09-11,22.10933807283321
2019-09-12,22.17976536360487
2019-09-13,22.129506491248883
2019-09-16,22.012109653481343
2019-09-17,22.107401681684987
2019-09-18,22.10756183552689
2019-09-19,22.151055400054865
2019-09-20,21.941481901359296
2019-09-23,21.95462473937195
2019-09-24,21.647882572620237
2019-09-25,21.907641363370093
2019-09-26,21.823782885049265
2019-09-27,21.547730709353985
2019-09-30,21.74478936738855
2019-10-01,21.563169245113198
2019-10-02,21.18024454615269
2019-10-03,21.40777720205945
2019-10-04,21.734602519131094
2019-10-07,21.649629801042952
2019-10-08,21.311545601742107
2019-10-09,21.55246010407238
2019-10-10,21.691633130999588
2019-10-11,21.976069148357396
2019-10-14,21.96596851610139
2019-10-15,22.248127995531256
2019-10-16,22.17034295819716
2019-10-17,22.17841025129588
2019-10-18,21.96755712697899
2019-10-21,22.21451815866992
2019-10-22,22.05145662458258
2019-10-23,21.96713160703099
2019-10-24,22.028837869908187
2019-10-25,22.339286274117377
2019-10-28,23.047250396365094
2019-10-29,22.29773643576562
2019-10-30,22.220049464652178
2019-10-31,22.20424073549733
2019-11-04,22.51204695738816
2019-11-05,22.530502642223023
2019-11-06,22.45237600289193
2019-11-07,22.447288506172733
2019-11-08,22.55992485723227
2019-11-11,22.51911015420013
2019-11-12,22.58322046123383
2019-11-13,22.54088979910744
2019-11-14,22.49516362585146
2019-11-15,22.661020708628698
2019-11-18,22.70450091673549
2019-11-19,22.732592216328356
2019-11-20,22.58018166884315
2019-11-21,22.452634954409795
2019-11-22,22.48755485181753
2019-11-25,22.72708783807809
2019-11-26,22.781360520833328
2019-11-27,22.932825393878595
2019-12-02,22.575087789649714
2019-12-03,22.436762572970125
2019-12-04,22.549919651942535
2019-12-05,22.577245007778263
2019-12-06,22.812802579485663
2019-12-09,22.720588741139924
2019-12-10,22.69938275517044
2019-12-11,22.82363278932493
2019-12-12,22.95990341682901
2019-12-13,22.99029028282201
2019-12-16,23.25050929855845
2019-12-17,23.265301000452848
2019-12-18,23.23381784567035
2019-12-19,23.4060195240522
2019-12-20,23.516744818922184
2019-12-23,23.463652387636547
2019-12-24,23.478186015403413
2019-12-26,23.6909029602552
2019-12-27,23.66531248190869
2019-12-30,23.50320100037577
2019-12-31,23.572115815563983
2020-01-02,23.943907077205093
2020-01-03,23.735950522853702
2020-01-06,23.87651458652692
2020-01-07,23.868157160520312
2020-01-08,24.04745280761796
2020-01-09,24.23773681922471
2020-01-10,24.15789146516001
2020-01-13,24.441026487131715
2020-01-14,24.33772007474759
2020-01-15,24.35489161346728
2020-01-16,24.58346206844937
2020-01-17,24.71920350852093
2020-01-21,24.6716234110944
2020-01-22,24.709578646078853
2020-01-23,24.78134853429089
2020-01-24,24.50492113507088
2020-01-27,23.995555585068896
2020-01-28,24.215502582163907
2020-01-29,24.04456651154761
2020-01-30,23.934647622484963
2020-01-31,23.375907228348783
2020-02-03,23.714448588821053
2020-02-04,24.09197328049209
2020-02-05,24.14437489384677
2020-02-06,24.317465222019933
2020-02-07,24.23484033536894
2020-02-10,24.526410110054176
2020-02-11,24.52796136421725
2020-02-12,24.740087959922977
2020-02-13,24.674606606817875
2020-02-14,24.71616366538428
2020-02-18,24.776210733383888
2020-02-19,24.99681092666827
2020-02-20,24.77140929303852
2020-02-21,24.306855579217363
2020-02-24,23.344051352774223
2020-02-25,22.72499723851169
2020-02-26,22.810027204247117
2020-02-27,21.696983185623147
2020-02-28,21.76660829891741
2020-03-02,22.862203747177503
2020-03-03,22.155481046852
2020-03-04,23.07405053499461
2020-03-05,22.387308182481373
2020-03-06,22.033230890496636
2020-03-09,20.55144573776284
2020-03-10,21.691535972289927
2020-03-11,20.8091691668597
2020-03-12,18.880916421935947
2020-03-13,20.89470447682106
2020-03-16,18.491677939731797
2020-03-17,19.7024970035208
2020-03-18,19.07128986566524
2020-03-19,19.4857818164129
2020-03-20,18.798920180080817
2020-03-23,18.986524423561452
2020-03-24,20.647968503652745
2020-03-25,20.460848860030083
2020-03-26,21.76762187322476
2020-03-27,21.01806206955125
2020-03-30,21.9612691737644
2020-03-31,21.79831167010149
2020-04-01,21.30615813878306
2020-04-02,21.720067798727296
2020-04-03,21.49182376370386
2020-04-06,23.170653405996543
2020-04-07,23.174892393604384
2020-04-08,23.755121557512503
2020-04-09,23.98411179791333
2020-04-13,24.322870930752416
2020-04-14,25.445766731899703
2020-04-15,25.24073910301145
2020-04-16,25.80583546716443
2020-04-17,26.140396996151654
2020-04-20,25.814617222226463
2020-04-21,25.05328146038237
2020-04-22,25.90109231272909
2020-04-23,26.016890464600294
2020-04-24,26.605187401258966
2020-04-27,26.876846864576574
2020-04-28,26.42775992427711
2020-04-29,27.233621579048712
2020-04-30,26.93651565049879
2020-05-01,26.37597037552103
2020-05-04,26.700024547992385
2020-05-05,26.92775952798672
2020-05-06,27.100801091189503
2020-05-07,27.38234449110149
2020-05-08,27.850830668955624
2020-05-11,28.046229815099768
2020-05-12,27.47921512666304
2020-05-13,27.07017812892329
2020-05-14,26.93249231718464
2020-05-15,27.06234367772538
2020-05-18,27.659731382178705
2020-05-19,27.5530363039956
2020-05-20,28.693995573052124
2020-05-21,28.36122406095256
2020-05-22,28.46604015186656
2020-05-26,28.45323899839359
2020-05-27,28.600955412812645
2020-05-28,28.43776352556884
2020-05-29,28.83920489297748
2020-06-01,29.00663460793217
2020-06-02,29.192814977419516
2020-06-03,29.38318443690406
2020-06-04,29.165905544156097
2020-06-05,29.763932372951757
2020-06-08,29.99027885505897
2020-06-09,30.19065818327998
2020-06-10,30.643631704869662
2020-06-11,29.03847208494009
2020-06-12,29.335946530952576
2020-06-15,29.67374109434812
2020-06-16,30.199149836702777
2020-06-17,30.297894159371687
2020-06-18,30.375338733905437
2020-06-19,29.95545844078819
2020-06-22,30.3582453155363
2020-06-23,30.597523825871058
2020-06-24,29.946431526401238
2020-06-25,30.254246106573916
2020-06-26,29.49070278796917
2020-06-29,29.78576568839696
2020-06-30,30.31477638548784
2020-07-01,30.668420418515304
2020-07-02,30.84456306836262
2020-07-06,31.611889610665838
2020-07-07,31.38030543557025
2020-07-08,31.81609425551208
2020-07-09,32.063714939754824
2020-07-10,32.36820607895447
2020-07-13,31.607556859596254
2020-07-14,31.88079492299806
2020-07-15,31.88881255654823
2020-07-16,31.62051539046803
2020-07-17,31.77808939465825
2020-07-20,32.41623310570216
2020-07-21,32.26792676053613
2020-07-22,32.17991928929127
2020-07-23,30.96704696223088
2020-07-24,30.70454214523384
2020-07-27,31.25997268677048
2020-07-28,30.67098566009725
2020-07-29,30.8877714141736
2020-07-30,29.916377581051808
2020-07-31,30.020317771455847
2020-08-03,30.435669922113515
2020-08-04,30.49288304595958
2020-08-05,30.511162117649487
2020-08-06,30.803056856261705
2020-08-07,30.45656725007129
2020-08-10,30.25444689963443
2020-08-11,29.695099573622574
2020-08-12,30.490794328656445
2020-08-13,30.501167963005297
2020-08-14,30.43226148722344
2020-08-17,30.770995362749375
2020-08-18,31.04839302357888
2020-08-19,30.80143528980525
2020-08-20,31.151421805333197
2020-08-21,31.473476403348585
2020-08-24,31.66974982660637
2020-08-25,31.92005934230016
2020-08-26,32.62961768944992
2020-08-27,32.50244460320851
2020-08-28,32.67954915961952
2020-08-31,32.978360161395074
2020-09-01,33.47835069898223
2020-09-02,33.814414597943546
2020-09-03,32.00630143623966
2020-09-04,31.536159876914517
2020-09-08,30.021924641657822
2020-09-09,30.90852287817341
2020-09-10,30.243853659739333
2020-09-11,30.062446974825328
2020-09-14,30.56244872330681
2020-09-15,30.97806719125005
2020-09-16,30.44457947324696
2020-09-17,29.98257619752781
2020-09-18,29.643142332633097
2020-09-21,29.747916293045805
2020-09-22,30.296669677113183
2020-09-23,29.34087783409041
2020-09-24,29.47883961427322
2020-09-25,30.16098377304401
2020-09-28,30.728131596090684
2020-09-29,30.578075473211403
2020-09-30,30.917571241517862
2020-10-01,31.350456740051712
2020-10-02,30.47139171321005
2020-10-05,31.149689465536536
2020-10-06,30.55826529624914
2020-10-07,31.129845219943185
2020-10-08,31.255747541553838
2020-10-09,31.767383805199213
2020-10-12,32.74308998301391
2020-10-13,32.73372855454264
2020-10-14,32.462614677293764
2020-10-15,32.19025403326087
2020-10-16,32.03786967951912
2020-10-19,31.43636790061155
2020-10-20,31.460657967024908
2020-10-21,31.38575828685804
2020-10-22,31.241899004616947
2020-10-23,31.362851844224824
2020-10-26,30.57727705138996
2020-10-27,30.697947010413177
2020-10-28,29.27891200252144
2020-10-29,29.37615091029812
2020-10-30,28.390381293555706
2020-11-02,28.419777843290056
2020-11-03,28.90522444989447
2020-11-04,30.164484432345496
2020-11-05,30.671428072544305
2020-11-06,30.747209038398477
2020-11-09,30.069632527329052
2020-11-10,29.540932896147464
2020-11-11,30.22731411362669
2020-11-12,30.02207464467712
2020-11-13,30.21001122549017
2020-11-16,30.35487593614712
2020-11-17,30.2759950357152
2020-11-18,30.050174709640554
2020-11-19,30.23559542291385
2020-11-20,30.03045864692425
2020-11-23,29.96284232247274
2020-11-24,30.402241910419328
2020-11-25,30.538556316365685
2020-11-27,30.79809867451157
2020-11-30,30.789500677213805
2020-12-01,31.19216383484189
2020-12-02,31.16116589719476
2020-12-03,31.195171849460973
2020-12-04,31.330474432716628
2020-12-07,31.51920564757065
2020-12-08,31.608829771617728
2020-12-09,30.923370731280876
2020-12-10,30.97295356566673
2020-12-11,30.84435784943301
2020-12-14,31.030890196548626
2020-12-15,31.3522129883802
2020-12-16,31.513072755266293
2020-12-17,31.727804879255437
2020-12-18,31.26317814441817
2020-12-21,31.142225492986512
2020-12-22,31.210957005250584
2020-12-23,31.04999076297005
2020-12-24,31.189563265685017
2020-12-28,31.51279069829928
2020-12-29,31.524813526716457
2020-12-30,31.52269257902752
2020-12-31,31.62691583879012
2021-01-04,31.14298931864809
2021-01-05,31.3957743618612
2021-01-06,30.95755146812872
2021-01-07,31.5877889601212
2021-01-08,31.980734409407717
2021-01-11,31.41203702414692
2021-01-12,31.379805463880643
2021-01-13,31.562268371821524
2021-01-14,31.3750791707554
2021-01-15,31.110242444777445
2021-01-19,31.567999146443267
2021-01-20,32.24794783930745
2021-01-21,32.39577791403755
2021-01-22,32.23721474235682
2021-01-25,32.50753302847223
2021-01-26,32.339119268046744
2021-01-27,31.03420332766671
2021-01-28,30.774644731919626
2021-01-29,30.108669630879177
2021-02-01,30.86834563225957
2021-02-02,31.254744453534155
2021-02-03,30.750424320086164
2021-02-04,31.01598753165089
2021-02-05,31.093646248856363
2021-02-08,31.27907506749522
2021-02-09,31.222831635982764
2021-02-10,31.09383907084317
2021-02-11,31.26869202997772
2021-02-12,31.47957800939572
2021-02-16,31.372063694067965
2021-02-17,31.19694553529648
2021-02-18,31.023071257359543
2021-02-19,30.82382024970124
2021-02-22,30.023473950387757
2021-02-23,29.940181748098336
2021-02-24,30.17016804074608
2021-02-25,28.608931851222927
2021-02-26,28.72372167710654
2021-03-01,29.548998353455406
2021-03-02,29.03527397107456
2021-03-03,28.180592434587663
2021-03-04,27.6715542540234
2021-03-05,28.111089403482413
2021-03-08,27.299166131815188
2021-03-09,28.3918923340678
2021-03-10,28.300067503065243
2021-03-11,28.92669331333256
2021-03-12,28.64627887019732
2021-03-15,28.98074793800491
2021-03-16,29.13418815544335
2021-03-17,29.23727195516689
2021-03-18,28.33536009224616
2021-03-19,28.55105582107384
2021-03-22,29.033697848015542
2021-03-23,28.871734038638845
2021-03-24,28.417649339707523
2021-03-25,28.373861371377057
2021-03-26,28.807202077690786
2021-03-29,28.77363382108261
2021-03-30,28.622758714145384
2021-03-31,28.89207105363265
2021-04-01,29.38216656491798
2021-04-05,29.973673936176016
2021-04-06,29.943236049752404
2021-04-07,30.037101130284096
2021-04-08,30.356631646399908
2021-04-09,30.55873579722
2021-04-12,30.496983851448917
2021-04-13,30.861485245595045
2021-04-14,30.44259656396534
2021-04-15,30.91353175856634
2021-04-16,30.942450714288487
2021-04-19,30.645728173597394
2021-04-20,30.41024901652097
2021-04-21,30.661374167591536
2021-04-22,30.231495365089703
2021-04-23,30.681037367449875
2021-04-26,30.796077140753475
2021-04-27,30.43308699776785
2021-04-28,29.593846209374885
2021-04-29,29.054807628052668
2021-04-30,28.60773264583685
2021-05-03,28.478597681039343
2021-05-04,27.9227961077818
2021-05-05,27.791878425378894
2021-05-06,27.90721828733256
2021-05-07,28.10388528958979
2021-05-10,27.3382640356557
2021-05-11,27.319353086988865
2021-05-12,26.60172325747313
2021-05-13,26.825691196980888
2021-05-14,27.40955287199153
2021-05-17,27.24941392406351
2021-05-18,27.031943147005524
2021-05-19,27.062672506065784
2021-05-20,27.578310119815274
2021-05-21,27.35244418888587
2021-05-24,27.822335164731456
2021-05-25,27.831212684216048
2021-05-26,27.89987361657165
2021-05-27,27.684507870639017
2021-05-28,27.75681946556775
2021-06-01,27.693412198517727
2021-06-02,27.722097273600347
2021-06-03,27.409047148583568
2021-06-04,27.86270810161553
2021-06-07,27.91158046517129
2021-06-08,27.930592328962096
2021-06-09,27.93208092295048
2021-06-10,28.223381229216518
2021-06-11,28.302837919233568
2021-06-14,28.56364582726061
2021-06-15,28.36728854729117
2021-06-16,28.276664258372737
2021-06-17,28.631567804097536
2021-06-18,28.43569943192345
2021-06-21,28.61395328645119
2021-06-22,28.889516521796512
2021-06-23,28.898859617896477
2021-06-24,29.08129931335885
2021-06-25,29.03641575670332
2021-06-28,29.395897462786444
2021-06-29,29.495687631489243
2021-06-30,29.347690598451948
2021-07-01,29.33140996723028
2021-07-02,29.66854357968384
2021-07-06,29.799324805010883
2021-07-07,29.856645609799667
2021-07-08,29.68029990991816
2021-07-09,29.885273013015382
2021-07-12,29.988752366934374
2021-07-13,29.97792105309804
2021-07-14,30.02034368987953
2021-07-15,29.80099604830593
2021-07-16,29.56225827462307
2021-07-19,29.23184602101211
2021-07-20,29.524278239450503
2021-07-21,29.709124489058684
2021-07-22,29.87699214465102
2021-07-23,30.249922062383597
2021-07-26,30.23636373417277
2021-07-27,29.670170712851665
2021-07-28,29.10363992474108
2021-07-29,28.800266840992965
2021-07-30,28.68179353752473
2021-08-02,28.66975133886101
2021-08-03,28.79825010175495
2021-08-04,28.77361293217019
2021-08-05,28.953383231404125
2021-08-06,28.463676216800835
2021-08-09,28.51227367755213
2021-08-10,28.36395930510143
2021-08-11,28.30819634908238
2021-08-12,28.42253309312432
2021-08-13,28.52572164795796
2021-08-16,28.530379957638644
2021-08-17,28.266912099915693
2021-08-18,27.94526614393889
2021-08-19,28.050051134278945
2021-08-20,28.32397038925727
2021-08-23,28.745851377275013
2021-08-24,28.80655806516433
2021-08-25,28.9170212642119
2021-08-26,28.74716772199542
2021-08-27,29.063988490611525
2021-08-30,29.392255616653834
2021-08-31,29.345325839582816
2021-09-01,29.39333154911942
2021-09-02,29.357655493430325
2021-09-03,29.428054736744823
2021-09-07,29.481245151416378
2021-09-08,29.369169486451945
2021-09-09,29.24903497864164
2021-09-10,29.00629965572182
2021-09-13,28.981949071664896
2021-09-14,28.87669811267232
2021-09-15,29.078585973946204
2021-09-16,29.081550203584754
2021-09-17,28.796186268573464
2021-09-20,28.187442687088257
2021-09-21,28.19407890810653
2021-09-22,28.471104193793582
2021-09-23,28.71954642283722
2021-09-24,28.7591173422982
2021-09-27,28.53102351450536
2021-09-28,27.70732503496533
2021-09-29,27.720615270497152
2021-09-30,27.59391257537407
2021-10-01,27.7872781681866
2021-10-04,27.177305962925693
2021-10-05,27.551957643004737
2021-10-06,27.72869576560876
2021-10-07,27.975978432219453
2021-10-08,27.84018144525401
2021-10-11,27.64270416836699
2021-10-12,27.54365809666412
2021-10-13,27.75030149716119
2021-10-14,28.261435336779453
2021-10-15,28.430820928413887
2021-10-18,28.75068816779604
2021-10-19,28.92894149984076
2021-10-20,28.86907422692386
2021-10-21,28.9993326806693
2021-10-22,28.86382304474782
2021-10-25,29.110622156654888
2021-10-26,29.147914998638104
2021-10-27,28.96046774775518
2021-10-28,29.129153498069908
2021-10-29,29.466877791083142
2021-11-01,29.56096671549713
2021-11-02,29.6162208647767
2021-11-03,29.896065579029138
2021-11-04,30.33656321260105
2021-11-05,30.457919907961323
2021-11-08,30.38513431164005
2021-11-09,30.207026166497894
2021-11-10,29.7580317057454
2021-11-11,29.838023843842397
2021-11-12,30.145441048882027
2021-11-15,30.10209189272054
2021-11-16,30.31818974204073
2021-11-17,30.254224980061537
2021-11-18,30.52499446837816
2021-11-19,30.68373575143393
2021-11-22,30.32688741485596
2021-11-23,30.146557458100222
2021-11-24,30.25463506554244
2021-11-26,29.624818680439343
2021-11-29,30.293101716267437
2021-11-30,29.826605053983613
2021-12-01,29.35179686938567
2021-12-02,29.5392950978375
2021-12-03,29.013986983903926
2021-12-06,29.260074897333933
2021-12-07,30.13886148846378
2021-12-08,30.257978659773432
2021-12-09,29.800564293077745
2021-12-10,30.067703930369337
2021-12-13,29.613059002317
2021-12-14,29.2993603492416
2021-12-15,29.98581389006364
2021-12-16,29.20047284512848
2021-12-17,29.260604435562684
2021-12-20,28.8598139723733
2021-12-21,29.50131061960232
2021-12-22,29.845057384093412
2021-12-23,30.081844118292967
2021-12-27,30.560006702698765
2021-12-28,30.41510359166956
2021-12-29,30.419885562605725
2021-12-30,30.313535148425352
2021-12-31,30.117231602751488
2022-01-03,30.42861649260756
2022-01-04,30.02325111863776
2022-01-05,29.09107483830301
2022-01-06,29.0826846337456
2022-01-07,28.80321396918884
2022-01-10,28.822700470022053
2022-01-11,29.243734064475223
2022-01-12,29.359163549300785
2022-01-13,28.60873938805948
2022-01-14,28.82658027062347
2022-01-18,28.015835000998663
2022-01-19,27.681867005076903
2022-01-20,27.307724668817567
2022-01-21,26.518359218977626
2022-01-24,26.67270003840086
2022-01-25,25.904129438710807
2022-01-26,25.833206916939854
2022-01-27,25.473218083279956
2022-01-28,26.094642583545564
2022-01-31,26.92129247195544
2022-02-01,27.070393944888316
2022-02-02,27.044878872911564
2022-02-03,25.76145392473445
2022-02-04,26.205939130562115
2022-02-07,25.981745487437987
2022-02-08,26.28286700600379
2022-02-09,26.821272730838707
2022-02-10,26.196885887872448
2022-02-11,25.395506417179675
2022-02-14,25.5243675877886
2022-02-15,26.14595096727331
2022-02-16,26.06115401811345
2022-02-17,25.21630112155501
2022-02-18,24.902806600563856
2022-02-22,24.63829111382772
2022-02-23,23.993684349676837
2022-02-24,24.8184560196176
2022-02-25,25.17844365165441
2022-02-28,25.283077064726644
2022-03-01,24.873212278090776
2022-03-02,25.281533795636637
2022-03-03,24.85882929471647
2022-03-04,24.455295079513316
2022-03-07,23.54470324156909
2022-03-08,23.45253912654045
2022-03-09,24.294266823550835
2022-03-10,24.00704683730716
2022-03-11,23.51033381344593
2022-03-14,23.061303590710672
2022-03-15,23.792382408518584
2022-03-16,24.668866421253885
2022-03-17,24.95841935561917
2022-03-18,25.57008193256349
2022-03-21,25.469076751793995
2022-03-22,25.956047685885387
2022-03-23,25.587060508752145
2022-03-24,26.149122055931898
2022-03-25,26.140572547518858
2022-03-28,26.550313016392284
2022-03-29,26.92970210808202
2022-03-30,26.62127366926092
2022-03-31,26.21382626546518
2022-04-01,26.257121583410576
2022-04-04,26.78576345556707
2022-04-05,26.193569031580285
2022-04-06,25.61810155340937
2022-04-07,25.676384619585885
2022-04-08,25.323343520770763
2022-04-11,24.732255376501605
2022-04-12,24.6506411259462
2022-04-13,25.14805521138588
2022-04-14,24.58979830834702
2022-04-18,24.62202377949639
2022-04-19,25.143854574324056
2022-04-20,24.734308967332577
2022-04-21,24.225378860699323
2022-04-22,23.593172162488436
2022-04-25,23.825274703359543
2022-04-26,22.80793582983048
2022-04-27,22.664427991823786
2022-04-28,23.41195205521976
2022-04-29,22.70682262164449
2022-05-02,23.08052140165269
2022-05-03,23.072607805794725
2022-05-04,23.90784675176092
2022-05-05,22.70623091238632
2022-05-06,22.44198381916034
2022-05-09,21.548917507344655
2022-05-10,21.824084434332555
2022-05-11,21.14673702043656
2022-05-12,21.107229870936777
2022-05-13,21.89300549371393
2022-05-16,21.64104019329805
2022-05-17,22.20939900330149
2022-05-18,21.056445242978885
2022-05-19,20.955802732319967
2022-05-20,20.929988109029573
2022-05-23,21.277806146960923
2022-05-24,20.774429680215466
2022-05-25,21.054485766066996
2022-05-26,21.617867777327085
2022-05-27,22.329774771620823
2022-05-31,22.236150846133707
2022-06-01,22.085822975784332
2022-06-02,22.69782376298616
2022-06-03,22.096525625917515
2022-06-06,22.21437811928564
2022-06-07,22.40967909016324
2022-06-08,22.251891167314763
2022-06-09,21.639609694427502
2022-06-10,20.87195222124014
2022-06-13,19.93197172519014
2022-06-14,19.975968990524738
2022-06-15,20.471459466952822
2022-06-16,19.64246297158799
2022-06-17,19.92276777126365
2022-06-21,20.44174919683801
2022-06-22,20.408514182282268
2022-06-23,20.724439284738303
2022-06-24,21.45875992125781
2022-06-27,21.294545980609016
2022-06-28,20.643998350298563
2022-06-29,20.692708976526763
2022-06-30,20.412349378976188
2022-07-01,20.744156146103577
2022-07-05,21.10674779616313
2022-07-06,21.25704576803018
2022-07-07,21.72136549889648
2022-07-08,21.75720450634673
2022-07-11,21.28843887101347
2022-07-12,21.088323795104525
2022-07-13,21.072191810139877
2022-07-14,21.17872579187964
2022-07-15,21.596306476576014
2022-07-18,21.42287717646149
2022-07-19,22.134798688907622
2022-07-20,22.45475361554156
2022-07-21,22.792681439782463
2022-07-22,22.4125006952781
2022-07-25,22.331246079696083
2022-07-26,21.828565633783278
2022-07-27,22.747177806186944
2022-07-28,22.97153901745834
2022-07-29,23.653549864927545
2022-08-01,23.647124076676715
2022-08-02,23.514111883368567
2022-08-03,24.21051341176697
2022-08-04,24.30167965477398
2022-08-05,24.12511354714609
2022-08-08,24.184718648193112
2022-08-09,23.961449773322883
2022-08-10,24.666883852050084
2022-08-11,24.5208343006411
2022-08-12,25.03632093073238
2022-08-15,25.22939270949278
2022-08-16,25.16807911379069
2022-08-17,24.851219083467356
2022-08-18,24.893862277251085
2022-08-19,24.41756387407952
2022-08-22,23.778675687562245
2022-08-23,23.76536114291222
2022-08-24,23.74603549833104
2022-08-25,24.24771678701652
2022-08-26,23.255278204172903
2022-08-29,23.023032862085923
2022-08-30,22.74217327877047
2022-08-31,22.6007182059372
2022-09-01,22.591639381685876
2022-09-02,22.26288679158581
2022-09-06,22.104693637528616
2022-09-07,22.56934527716164
2022-09-08,22.67654976688066
2022-09-09,23.163124996719414
2022-09-12,23.45226104998764
2022-09-13,22.160098806714647
2022-09-14,22.344328262922183
2022-09-15,21.94594804654208
2022-09-16,21.86639531624016
2022-09-19,22.04273411922762
2022-09-20,21.86623195975956
2022-09-21,21.476782792627528
2022-09-22,21.20931664518838
2022-09-23,20.8646800203683
2022-09-26,20.784856361374093
2022-09-27,20.821297641932865
2022-09-28,21.238072140970832
2022-09-29,20.631173934178857
2022-09-30,20.397246219497568
2022-10-03,20.949360580147754
2022-10-04,21.61302003986151
2022-10-05,21.60492700267125
2022-10-06,21.469292910586223
2022-10-07,20.67267641458439
2022-10-10,20.49602828574409
2022-10-11,20.25049529627718
2022-10-12,20.25135996617516
2022-10-13,20.74590956244023
2022-10-14,20.12429429391366
2022-10-17,20.853916055188893
2022-10-18,21.02715420400873
2022-10-19,20.9431814659468
2022-10-20,20.858829334078077
2022-10-21,21.38190087511834
2022-10-24,21.635022287182807
2022-10-25,21.980661994989465
2022-10-26,21.79125979139798
2022-10-27,21.257818164071107
2022-10-28,22.15236280089962
2022-10-31,21.85317287252493
2022-11-01,21.58935257592709
2022-11-02,20.87005296447124
2022-11-03,20.557338919067917
2022-11-04,20.94741917407257
2022-11-07,21.18225633286702
2022-11-08,21.333676125476824
2022-11-09,20.842388821330555
2022-11-10,22.398910330570278
2022-11-11,22.810520076749683
2022-11-14,22.63696267796544
2022-11-15,22.979222708415147
2022-11-16,22.587466977547106
2022-11-17,22.553650321141557
2022-11-18,22.57762377822809
2022-11-21,22.33106611765096
2022-11-22,22.658567077137608
2022-11-23,22.881938068664603
2022-11-25,22.726974934494457
2022-11-28,22.39057757784466
2022-11-29,22.212459967255707
2022-11-30,23.22275672538583
2022-12-01,23.22830423270212
2022-12-02,23.160751253322577
2022-12-05,22.76315086562918
2022-12-06,22.309769974174657
2022-12-07,22.208903680109568
2022-12-08,22.48066899681883
2022-12-09,22.329004202858943
2022-12-12,22.607971931400083
2022-12-13,22.867729707607584
2022-12-14,22.69859264343812
2022-12-15,21.93130510903269
2022-12-16,22.38262466751252
2022-12-19,22.0688649658367
2022-12-20,22.075629560365293
2022-12-21,22.384390664615577
2022-12-22,21.908427678705262
2022-12-23,21.968198031394277
2022-12-27,21.641330261291078
2022-12-28,21.36540293682597
2022-12-29,21.91002057637473
2022-12-30,21.893714042329258
2023-01-03,21.778475203253524
2023-01-04,21.8904375507391
2023-01-05,21.543190516710357
2023-01-06,22.16920183894964
2023-01-09,22.324819623607365
2023-01-10,22.52804191149021
2023-01-11,22.928546213439308
2023-01-12,23.05450745914838
2023-01-13,23.258562725443237
2023-01-17,23.344521091997414
2023-01-18,23.05822135974706
2023-01-19,22.826984762857983
2023-01-20,23.461077584766205
2023-01-23,24.04574928333496
2023-01-24,23.89196564345601
2023-01-25,23.948592179307365
2023-01-26,24.415873899389755
2023-01-27,24.888044867157756
2023-01-30,24.336943233833807
2023-01-31,24.742992814547296
2023-02-01,24.771710640697187
2023-02-02,25.489881035996877
2023-02-03,25.228216302849116
2023-02-06,24.993258539759577
2023-02-07,25.51267425272839
2023-02-08,25.09982600688109
2023-02-09,24.817688028022037
2023-02-10,24.65280137539896
2023-02-13,25.047078261303668
2023-02-14,25.20794527571123
2023-02-15,25.34606973902376
2023-02-16,24.83485768472376
2023-02-17,24.630996505626428
2023-02-21,24.030401502076675
2023-02-22,24.04552951932325
2023-02-23,24.33736766398224
2023-02-24,23.907880962946454
2023-02-27,24.102525976220864
2023-02-28,24.052802626993326
2023-03-01,23.815622889617288
2023-03-02,23.995176296071257
2023-03-03,24.472074035085072
2023-03-06,24.488728805981108
2023-03-07,24.182381215501728
2023-03-08,24.311275360416023
2023-03-09,23.8730194393574
2023-03-10,23.549359105543644
2023-03-13,23.737655781718463
2023-03-14,24.26904136130119
2023-03-15,24.352331898632933
2023-03-16,25.00389954604088
2023-03-17,24.92653885825415
2023-03-20,25.015588370645247
2023-03-21,25.36662793385369
2023-03-22,25.02418194532113
2023-03-23,25.345070122137468
2023-03-24,25.4101771293401
2023-03-27,25.229922860520915
2023-03-28,25.05167142524749
2023-03-29,25.58173835780986
2023-03-30,25.82814136410698
2023-03-31,26.269269233645023
2023-04-03,26.21752736442282
2023-04-04,26.11134444909393
2023-04-05,25.83840507797113
2023-04-06,26.024875369775035
2023-04-10,25.993916799482463
2023-04-11,25.82352363967661
2023-04-12,25.591036596476705
2023-04-13,26.078070639904052
2023-04-14,26.00897306954682
2023-04-17,26.01269000098741
2023-04-18,25.999093575380044
2023-04-19,25.93521247066113
2023-04-20,25.811277175099114
2023-04-21,25.839468866114323
2023-04-24,25.771799199444157
2023-04-25,25.00032110749636
2023-04-26,24.892743542833408
2023-04-27,25.171487223096225
2023-04-28,25.29566704391032
2023-05-01,25.280185950923286
2023-05-02,24.9633997245482
2023-05-03,24.7864148849762
2023-05-04,24.73567934173038
2023-05-05,25.21058019248716
2023-05-08,25.259907131942796
2023-05-09,25.03563400097073
2023-05-10,25.31921628759561
2023-05-11,25.38617306415093
2023-05-12,25.29247992346953
2023-05-15,25.417681604873607
2023-05-16,25.44009500298488
2023-05-17,25.72953193682326
2023-05-18,26.199633903558414
2023-05-19,26.130797930269765
2023-05-22,26.208661983021766
2023-05-23,25.85993140399596
2023-05-24,25.687456690190285
2023-05-25,25.832107449998635
2023-05-26,26.4974283252285
2023-05-30,26.591837621829324
2023-05-31,26.40128468020485
2023-06-01,26.71789723795508
2023-06-02,26.888470950311422
2023-06-05,26.9085146932222
2023-06-06,26.99059859645165
2023-06-07,26.51265229456177
2023-06-08,26.855370188625475
2023-06-09,26.93703090248541
2023-06-12,27.41157295398748
2023-06-13,27.62933076708568
2023-06-14,27.81239127409124
2023-06-15,28.13401810559723
2023-06-16,27.6619322584753
2023-06-20,27.641882292664004
2023-06-21,27.271532908470537
2023-06-22,27.59290078861298
2023-06-23,27.32264767096221
2023-06-26,26.964770050848163
2023-06-27,27.44843829842017
2023-06-28,27.403057072285204
2023-06-29,27.41655212340608
2023-06-30,27.85707100830096
2023-07-03,27.89493777160405
2023-07-05,27.882378178364107
2023-07-06,27.668591402705147
2023-07-07,27.56800821180298
2023-07-10,27.57695316044978
2023-07-11,27.678157084247744
2023-07-12,28.005145284255647
2023-07-13,28.469669760249825
2023-07-14,28.49829370157412
2023-07-17,28.75224472417276
2023-07-18,28.983288781117327
2023-07-19,28.90876295919813
2023-07-20,28.20970553305508
2023-07-21,26.86732382252404
2023-07-24,26.88356726587846
2023-07-25,26.99830892169321
2023-07-26,26.5974980202122
2023-07-27,26.18031045657911
2023-07-28,26.58946718127409
2023-07-31,26.535674644158235
2023-08-01,26.409123670968032
2023-08-02,25.77686269689523
2023-08-03,25.71908192642152
2023-08-04,25.33982742924059
2023-08-07,25.475644756802986
2023-08-08,25.3018052199564
2023-08-09,25.003451477197856
2023-08-10,25.05452131746135
2023-08-11,24.882129259698782
2023-08-14,25.18037622544263
2023-08-15,24.89778033530827
2023-08-16,24.620244972365867
2023-08-17,24.34407913377116
2023-08-18,24.255596108831067
2023-08-21,24.631306779448767
2023-08-22,24.583435348554616
2023-08-23,24.95482390808277
2023-08-24,24.152497404845057
2023-08-25,24.35234784053957
2023-08-28,24.53263775273286
2023-08-29,25.054938635705145
2023-08-30,25.18266309624456
2023-08-31,25.21914443419725
2023-09-01,25.1879324611401
2023-09-05,25.21824607802407
2023-09-06,25.000116656827185
2023-09-07,24.820059289103543
2023-09-08,24.8617391861774
2023-09-11,25.15605025064298
2023-09-12,24.88208460669452
2023-09-13,24.98098620501181
2023-09-14,25.16499877980549
2023-09-15,24.739806237545
2023-09-18,24.760303482980724
2023-09-19,24.711234708575105
2023-09-20,24.35306759946098
2023-09-21,23.912745736575246
2023-09-22,23.91504012540903
2023-09-25,24.017159739352437
2023-09-26,23.64626033277919
2023-09-27,23.695691379488647
2023-09-28,23.83731581928865
2023-09-29,23.859133705618845
2023-10-02,24.065627168615663
2023-10-03,23.62790510585002
2023-10-04,23.96702199910296
2023-10-05,23.881474517156725
2023-10-06,24.31900720556936
2023-10-09,24.448123580086257
2023-10-10,24.57933288504564
2023-10-11,24.744281188814337
2023-10-12,24.656549126423208
2023-10-13,24.352257538102727
2023-10-16,24.624977346521614
2023-10-17,24.49289862190385
2023-10-18,24.12782095954552
2023-10-19,23.927364833295844
2023-10-20,23.5797723774301
2023-10-23,23.6542801348272
2023-10-24,23.817849994394876
2023-10-25,23.19845565717472
2023-10-26,22.56299130152526
2023-10-27,23.43355789904329
2023-10-30,23.672590422187834
2023-10-31,23.729867137639783
2023-11-01,23.260946525717586
2023-11-02,23.628673419955163
2023-11-03,23.88858976656281
2023-11-06,23.930062121700207
2023-11-07,24.14149221171557
2023-11-08,24.148977944345788
2023-11-09,23.97342599313505
2023-11-10,25.48757991560857
2023-11-13,25.380690878357864
2023-11-14,25.91607051367501
2023-11-15,25.018774097318953
2023-11-16,25.0166532135949
2023-11-17,25.072137119232003
2023-11-20,25.34216833437794
2023-11-21,25.054412689555818
2023-11-22,25.065235008594453
2023-11-24,25.030568120036992
2023-11-27,24.949179797082966
2023-11-28,25.075836749228735
2023-11-29,25.024023872851245
2023-11-30,24.96334951972128
2023-12-01,25.031361830374323
2023-12-04,24.824022721095865
2023-12-05,24.864246871976874
2023-12-06,24.805009600564965
2023-12-07,25.137216802308494
2023-12-08,25.225598930042644
2023-12-11,25.474423681161287
2023-12-12,25.647630624564826
2023-12-13,25.956480853044162
2023-12-14,25.869321103283372
2023-12-15,25.914960158990716
2023-12-18,26.010549106766135
2023-12-19,26.23637458375469
2023-12-20,25.8534194228884
2023-12-21,25.932502432362536
2023-12-22,26.008531361885474
2023-12-26,26.164898401709685
2023-12-27,26.17805028488751
2023-12-28,26.211014202395134
2023-12-29,26.058779768093938
2024-01-02,25.674223840184432
2024-01-03,25.42756600316183
2024-01-04,25.188632774122542
2024-01-05,25.253862540110354
2024-01-08,25.73802946437871
2024-01-09,24.855611400560917
2024-01-10,24.998956535138237
2024-01-11,25.095782402403703
2024-01-12,25.116059212382137
2024-01-16,25.095097353058488
2024-01-17,26.138093199758774
2024-01-18,25.373871921044103
2024-01-19,25.849339059857474
2024-01-22,25.86010401442547
2024-01-23,26.026629786956175
2024-01-24,26.110531684950253
2024-01-25,27.190584383618326
2024-01-26,27.05046929106784
2024-01-29,27.235629633308463
2024-01-30,26.936526210315716
2024-01-31,26.29845510688434
2024-02-01,26.286745887509273
2024-02-02,26.661605999862868
2024-02-05,26.624459875365737
2024-02-06,26.568680792454032
2024-02-07,26.70222482181066
2024-02-08,26.699272741788935
2024-02-14,26.832130637338178
2024-02-15,26.940613202688283
2024-02-16,26.698316545902962
2024-02-20,26.569956753192567
2024-02-21,26.417919632140965
2024-02-22,26.823151526204043
2024-02-23,26.810277652709164
2024-02-26,26.747456862176623
2024-02-27,26.835733541727162
2024-02-28,26.677502726373643
2024-02-29,26.90823798460996
2024-03-01,27.330107874549046
2024-03-04,27.187324029946506
2024-03-05,26.798875387422036
2024-03-06,26.844041748587678
2024-03-07,27.159343478576297
2024-03-08,26.81068672166317
2024-03-11,26.713658581625175
2024-03-12,27.095821403317146
2024-03-13,26.93177092979723
2024-03-14,26.77828758694611
2024-03-15,26.46596348414
2024-03-18,26.80995716087805
2024-03-19,26.891358817224205
2024-03-20,27.118833854014802
2024-03-21,27.092735469449675
2024-03-22,27.148148158402208
2024-03-25,27.042837210141467
2024-03-26,26.954489037637995
2024-03-27,27.00435854532794
2024-03-28,27.02531117321769
2024-04-01,27.090931646939044
2024-04-02,26.85092435426005
2024-04-03,26.905338153253005
2024-04-04,26.508446494215807
2024-04-05,26.845767321105562
2024-04-08,26.858199691241616
2024-04-09,26.95068544952322
2024-04-10,26.712666390794876
2024-04-11,27.181035700145657
2024-04-12,26.741350320207495
2024-04-15,26.317191541046203
2024-04-16,26.317848680576642
2024-04-17,26.047432727015895
2024-04-18,25.957712036657828
2024-04-19,25.418943098244394
2024-04-22,25.66334317751298
2024-04-23,25.989416946431387
2024-04-24,26.09819332805459
2024-04-25,25.721828345777578
2024-04-26,25.80560395669996
2024-04-29,25.912782846737276
2024-04-30,25.32390789090944
2024-05-01,25.07818100097003
2024-05-02,25.25631907216287
2024-05-03,25.784988568315196
2024-05-06,26.062067755278438
2024-05-07,26.05129577955339
2024-05-08,26.083062428397866
2024-05-09,26.0853032530789
2024-05-10,26.164417958042627
2024-05-13,26.21468353701165
2024-05-14,26.39333283864717
2024-05-15,26.79747220165315
2024-05-16,26.698834071144432
2024-05-17,26.68899498130514
2024-05-20,26.86015765689717
2024-05-21,26.91414834591428
2024-05-22,26.772707450304253
2024-05-23,26.443765526313992
2024-05-24,26.702316272761934
2024-05-28,26.787551677555815
2024-05-29,26.603302308854115
2024-05-30,26.31442977491766
2024-05-31,26.309409115349567
2024-06-03,26.337901360242743
2024-06-04,26.462670222413475
2024-06-05,26.873696908921794
2024-06-06,26.970885327692304
2024-06-07,26.94643917396367
2024-06-10,27.043340532889612
2024-06-11,27.198817603109415
2024-06-12,27.41665740593311
2024-06-13,27.618195819435638
2024-06-14,27.727892298978404
2024-06-17,28.059174268608878
2024-06-18,28.0604785328721
2024-06-20,27.93904520498655
2024-06-21,27.788676900777773
2024-06-24,27.526241379392054
2024-06-25,27.747456112808752
2024-06-26,27.784691188957915
2024-06-27,27.790527720981462
2024-06-28,27.70380156474626
2024-07-01,27.889316691921035
2024-07-02,28.163322437179207
2024-07-03,28.40842329625685
2024-07-05,28.643220731302304
2024-07-08,28.76046641050754
2024-07-09,28.782080475252492
2024-07-10,29.093863549467613
2024-07-11,28.42067908590873
2024-07-12,28.58762312112327
2024-07-15,28.651022170834537
2024-07-16,28.63256098425473
2024-07-17,27.79310831034558
2024-07-18,27.617211669077236
2024-07-19,27.356698579827484
2024-07-22,28.003126204369305
2024-07-23,27.82250103277157
2024-07-24,26.93455016800895
2024-07-25,26.379300859854425
2024-07-26,26.64260261972087
2024-07-29,26.684040452542945
2024-07-30,26.248493026229887
2024-07-31,26.922721823603375
2024-08-01,25.906348115095952
2024-08-02,25.423159318972008
2024-08-05,24.65397544981657
2024-08-06,24.858368647785362
2024-08-07,24.575479445067096
2024-08-08,25.24090236119642
2024-08-09,25.395824264934202
2024-08-12,25.42633812655164
2024-08-13,26.11040939090133
2024-08-14,26.140613210445665
2024-08-15,26.67878284296011
2024-08-16,26.766365830921345
2024-08-19,27.061408512056733
2024-08-20,27.045335938511634
2024-08-21,27.15873795576588
2024-08-22,26.712388790635277
2024-08-23,27.01060745588752
2024-08-26,26.722790836778824
2024-08-27,26.776747490561018
2024-08-28,26.362681846616056
2024-08-29,26.285829494330912
2024-08-30,26.57431382236143
2024-09-03,25.746191662759895
2024-09-04,25.655017611542654
2024-09-05,25.617845904506353
2024-09-06,24.962362719636058
2024-09-09,25.25844793956019
2024-09-10,25.41800283851547
2024-09-11,25.9704890041156
2024-09-12,26.31629525550107
2024-09-13,26.406761184370254
2024-09-16,26.319513712990656
2024-09-17,26.300842246347052
2024-09-18,26.20345649219459
2024-09-19,26.79638827682484
2024-09-20,26.800645436741434
2024-09-23,26.87455880607919
2024-09-24,27.026403648195025
2024-09-25,26.877449200364293
2024-09-26,27.22034121616281
2024-09-27,27.04057969773436
2024-09-30,27.06735706950536
2024-10-01,26.688333346305434
2024-10-02,24.972332390840194
2024-10-03,26.772943932353872
2024-10-04,27.053275849482468
2024-10-07,26.760671727129147
2024-10-08,27.040864752282335
2024-10-09,27.27990768323001
2024-10-10,27.258590511097776
2024-10-11,27.314630185901805
2024-10-14,27.536249504298162
2024-10-15,27.162266423575872
2024-10-16,27.192157315813724
2024-10-17,27.165851972358087
2024-10-18,27.366718011235942
2024-10-21,27.339850014599122
2024-10-22,27.511747335366973
2024-10-23,27.075516487157003
2024-10-24,27.108452899300037
2024-10-25,27.36895282814439
2024-10-28,27.385332635771032
2024-10-29,27.496509908294563
2024-10-30,27.260610694562697
2024-10-31,26.351564786000157
2024-11-01,26.432804948047846
2024-11-04,26.332613329201894
2024-11-05,26.681312341544302
2024-11-06,27.35572546536363
2024-11-07,27.757085833437547
2024-11-08,27.778803301713637
2024-11-11,27.8086046125529
2024-11-12,27.77045907485573
2024-11-13,27.84801682145012
2024-11-14,27.54652976267031
2024-11-15,26.840925735914833
2024-11-18,26.979159944374985
2024-11-19,27.08142352441313
2024-11-20,27.05698000190663
2024-11-21,27.136364066841413
2024-11-22,27.219115842529824
2024-11-25,27.366732165379513
2024-11-26,27.381525020609338
2024-11-27,27.237631343158142
2024-11-29,27.43707990769194
2024-12-02,27.73250114937241
2024-12-03,27.81203534104428
2024-12-04,28.07620216228474
2024-12-05,28.031670228413073
2024-12-06,28.25320825597002
2024-12-09,28.08211978459012
2024-12-10,28.01357383479214
2024-12-11,28.43021041826553
2024-12-12,28.211974385291153
2024-12-13,28.20090045154999
2024-12-16,28.514468502754006
2024-12-17,28.714528083823314
2024-12-18,27.72649587196355
2024-12-19,27.61176067929085
2024-12-20,27.872310441703092
2024-12-23,28.174514532064247
2024-12-24,28.46317624031744
2024-12-26,28.533155035493273
2024-12-27,28.236831617183697
2024-12-30,27.890602455803958
2024-12-31,27.638426911148798
2025-01-02,27.639739607863476
2025-01-03,27.85206548616596
2025-01-06,28.13535487405948
2025-01-07,27.810683123545974
2025-01-08,27.8016687131738
2025-01-10,27.322979420578903
2025-01-13,27.355256744944633
2025-01-14,27.36553908797404
2025-01-15,27.823632202158468
2025-01-16,27.795633720143734
2025-01-17,28.16340130035702
2025-01-21,28.288327890161977
2025-01-22,28.64365816691867
2025-01-23,28.73647371158898
2025-01-24,28.64007962893709
2025-01-27,27.867760794904385
2025-01-28,28.22727210447436
2025-01-29,28.139772829163295
2025-01-30,28.11001041132879
2025-01-31,28.086290114073893
2025-02-03,27.821976342068215
2025-02-04,28.079387547203016
2025-02-05,28.185099036797812
2025-02-06,28.20746188337645
2025-02-07,27.858224599276568
2025-02-10,28.222852795185553
2025-02-11,28.086416049725198
2025-02-12,28.13254279783407
2025-02-13,28.469506613468468
2025-02-14,28.616029109330817
2025-02-18,28.674347731066568
2025-02-19,28.6764061495196
2025-02-20,28.58491014224142
2025-02-21,27.908821507844785
2025-02-24,27.541366083042103
2025-02-25,27.193219370229258
2025-02-26,27.00941535956949
2025-02-27,26.2596307504467
2025-02-28,26.667637443562935
2025-03-03,26.09765352927046
2025-03-04,26.003563024069642
2025-03-05,26.343633497705973
2025-03-06,25.55155782431941
2025-03-07,25.791036857380185
2025-03-10,24.944318148023562
2025-03-11,24.79752513333546
2025-03-12,25.003772087192942
2025-03-13,24.561524164357795
2025-03-14,25.11036465388563
2025-03-17,25.2715563007731
2025-03-18,24.89734811352312
2025-03-19,25.150736634160726
2025-03-20,25.02848702029967
2025-03-21,25.056774002642292
2025-03-24,25.485029336260602
2025-03-25,25.567107038883925
2025-03-26,25.195082074928237
2025-03-27,25.05493065932323
2025-03-28,24.431343323526715
2025-03-31,24.436993421356615
2025-04-01,24.623336490561215
2025-04-02,24.74241958728897
2025-04-03,23.369221133500403
2025-04-04,21.972739270401547
2025-04-07,22.074671738805954
2025-04-08,21.622629544607378
2025-04-09,24.04580724453421
2025-04-10,23.028162105461245
2025-04-11,23.4694416837442
2025-04-14,23.64924488609284
2025-04-15,23.665298848121175
2025-04-16,22.979990659432335
2025-04-17,22.98286005361874
2025-04-21,22.491256380662662
2025-04-22,23.460835977700818
2025-04-23,24.010530261489293
2025-04-24,24.601981301616966
2025-04-25,24.903959974909196
2025-04-28,24.880277231014798
2025-04-29,25.046960118912608
2025-04-30,25.077114705491176
2025-05-01,24.787560067561017
2025-05-02,25.64952938700688
2025-05-05,25.47968161214747
2025-05-06,25.210207213344475
2025-05-07,25.32029177724863
2025-05-08,25.52521002672831
2025-05-09,25.496818819544895
2025-05-12,26.542226212301507
2025-05-13,26.976176209191447
2025-05-14,27.129753615274527
2025-05-15,27.13301778407109
2025-05-16,27.26026322110302
2025-05-19,27.41734085335509
2025-05-20,27.306582468245935
2025-05-21,27.061254420518583
2025-05-22,27.05181256746058
2025-05-23,26.77018940446543
2025-05-27,27.506544176939265
2025-05-28,27.11879226006265
2025-05-29,27.113679453404504
2025-05-30,27.084026732713962
2025-06-02,27.26977283577964
2025-06-03,27.488423587437463
2025-06-04,27.564902841403093
2025-06-05,27.297925753093597
2025-06-06,27.566708676147798
2025-06-09,27.615413008549705
2025-06-10,27.794003016010357
2025-06-11,27.690708605640015
2025-06-12,27.745780190705613
2025-06-13,27.392905571818385
2025-06-16,27.77509376909672
2025-06-17,27.504489329029667
2025-06-18,27.48836474664174
2025-06-20,27.374237318951796
2025-06-23,27.833390998160397
2025-06-24,28.27662262309598
2025-06-25,28.12861764360377
2025-06-26,28.333583737974134
2025-06-27,28.44651613556112
2025-06-30,28.623672676875387
2025-07-01,28.389036922248398
2025-07-02,28.587175324242537
2025-07-03,28.928646811764057
2025-07-07,28.623495994849524
2025-07-08,28.650091823458695
2025-07-09,28.86416567516392
2025-07-10,28.812172829229365
2025-07-11,28.748788395256298
2025-07-14,28.848866874873824
2025-07-15,28.881117894230684
2025-07-16,28.885455422109644
2025-07-17,29.07073391842893
2025-07-18,29.023344658867753
2025-07-21,29.160887482306524
2025-07-22,28.99173291867132
2025-07-23,29.115338550728094
2025-07-24,29.022453989903802
2025-07-25,28.991200729496978
2025-07-28,29.090886846334552
2025-07-29,29.04801739071279
2025-07-30,29.06740947015923
2025-07-31,28.00235696817403
2025-08-01,27.5574965641836
2025-08-04,27.842738840082763
2025-08-05,27.770099552264416
2025-08-06,27.98687119191371
2025-08-07,28.086161889924956
2025-08-08,28.089043668390907
2025-08-11,27.974041186356676
2025-08-12,28.319942671598582
2025-08-13,28.309385283493548
2025-08-14,28.29218357406044
2025-08-15,28.157557781548434
2025-08-18,28.1453064383623
2025-08-19,27.760243375983407
2025-08-20,27.59309675291479
2025-08-21,27.44060693865828
2025-08-22,27.856752490012266
2025-08-25,27.73107217659728
2025-08-26,27.943667684387464
2025-08-27,27.84748853810429
2025-08-28,27.841059040932084
2025-08-29,27.50363938733831
2025-09-02,27.29077272755966
2025-09-03,27.50576440540309
2025-09-04,27.655879113581243
2025-09-05,27.65393548505416
2025-09-08,27.715224180096975
2025-09-09,27.883033247413405
2025-09-10,27.895806319118986
2025-09-11,28.040899491505968
2025-09-12,28.14639926423332
2025-09-15,28.376209553595498
2025-09-16,28.355788561858557
2025-09-17,28.296885980677814
2025-09-18,28.554931469783845
2025-09-19,28.668132945189104
2025-09-22,28.906611673638814
2025-09-23,28.57974939918482
2025-09-24,28.397107306441047
2025-09-25,28.257548089697796
2025-09-26,28.404965583076155
2025-09-29,28.53738319131634
2025-09-30,28.608008691392182
2025-10-01,28.802534988364048
2025-10-02,28.902104157703594
2025-10-03,28.83072879533355
2025-10-06,28.98017192768147
2025-10-07,28.803495186281655
2025-10-08,29.12357981584152
2025-10-09,29.073727588498294
2025-10-10,28.194365572456725
2025-10-13,28.650490910693573
2025-10-14,28.60113047246696
2025-10-15,28.668996417963832
2025-10-16,28.6178725450151
2025-10-17,28.821198062939157
2025-10-20,28.798621595555648
2025-10-21,28.84509586040732
2025-10-22,28.505084242609193
2025-10-23,28.601855921100835
2025-10-24,28.890033431303397
2025-10-27,29.380201119424118
2025-10-28,29.565790818439744
2025-10-29,29.279459208379517
2025-10-30,28.629056392114105
2025-10-31,28.430897545841525
2025-11-03,28.741364473480125
2025-11-04,28.139565851946095
2025-11-05,28.257944771356037
2025-11-06,27.686966116803575
2025-11-07,27.630115534489228
2025-11-10,28.04463706416458
2025-11-11,28.162970391494873
2025-11-12,28.124647471675875
2025-11-13,27.561720203242515
2025-11-14,27.43060064796153
2025-11-17,27.22062309541157
2025-11-18,26.70547886636691
2025-11-19,26.346456737784784
2025-11-20,25.70671833261557
2025-11-21,25.9400773906579
2025-11-24,26.455286194989302
2025-11-25,26.679282556821715
2025-11-26,26.942377522048034
2025-11-28,27.120288720268164
2025-12-01,27.079579780870624
2025-12-02,27.338574844285194
2025-12-03,27.34840258977515
2025-12-04,27.297256681792703
2025-12-05,27.38935439659177
2025-12-08,27.385290811823026
2025-12-09,27.39491776442224
2025-12-10,27.50190342524124
2025-12-11,27.174884570390436
2025-12-12,26.647441415217322
2025-12-15,26.438868025599415
2025-12-16,26.547113115742768
2025-12-17,26.009075103455768
2025-12-18,25.68015379869729
2025-12-19,26.428780423222857
2025-12-22,26.596547943354008
2025-12-23,26.679056283296653
2025-12-24,26.819729735821127
2025-12-26,26.775648052404406
2025-12-29,26.711967252235336
2025-12-30,26.58274740991782
2025-12-31,26.324462367648067
2026-01-01,26.322688586619396
2026-01-02,26.4534905043089
2026-01-05,26.419784171740737
2026-01-06,26.739933640722732
2026-01-07,26.667685140842266
2026-01-08,26.5616703104268
2026-01-09,26.71523956624116
2026-01-12,26.790861040247382
2026-01-13,26.709949401696427
2026-01-14,26.60105788182894
2026-01-15,26.540851451458742
2026-01-16,26.659147826474356
2026-01-20,26.340910034921528
2026-01-21,26.698807816127744
2026-01-22,26.846396589061502
2026-01-23,26.979128420715043
2026-01-26,27.045052594495246
2026-01-27,27.22443070560927
2026-01-28,27.219063441355548
2026-01-29,26.839480858744224
2026-01-30,26.561293646878664
2026-02-02,26.601865158508513
2026-02-03,25.975848389100264
2026-02-04,25.682892552274346
2026-02-05,25.38288403896413
2026-02-06,25.951869142943305
2026-02-09,26.029838220738323
2026-02-10,25.87957998297943
2026-02-11,26.104531652590474
2026-02-12,25.480472693334335
2026-02-13,25.5167374520807
2026-02-17,25.384833466880615
2026-02-18,25.642364462835115
2026-02-19,25.462215070152848
2026-02-20,25.71591395609009
2026-02-23,25.342118397384404
2026-02-24,25.553601279490863
2026-02-25,25.72842728969125
2026-02-26,25.273525829310596
2026-02-27,25.20632056925483
2026-03-02,25.25153846081447
2026-03-03,24.881420466068313
2026-03-04,25.237218765543904
2026-03-05,25.01920986992312
2026-03-06,24.6065954381577
2026-03-09,24.957246200467598
2026-03-10,24.969308402836017
2026-03-11,24.92863234057592
2026-03-12,24.477290284210696
2026-03-13,24.354068214499563
2026-03-16,24.564753795809523
2026-03-17,24.67669446568153
2026-03-18,24.14242747873528
2026-03-19,22.60973005309578
2026-03-20,22.225797820892186
2026-03-23,22.46372044077179
2026-03-24,22.252885875548966
2026-03-25,22.440868117697008
2026-03-26,21.82258403868809
2026-03-27,21.519354416068484
2026-03-30,21.313903793292692
2026-03-31,22.04574915471448
2026-04-01,22.30404730745798
2026-04-02,22.320508352171082
2026-04-06,22.470497147672987
2026-04-07,22.493642584557115
2026-04-08,23.144036077275167
2026-04-09,23.365701291130648
2026-04-10,23.309839428989005
2026-04-13,23.57783207831825
2026-04-14,23.986932336437484
2026-04-15,24.288590214678585
2026-04-16,24.376072222623776
2026-04-17,24.591157251791692
2026-04-20,24.30429865530451
2026-04-21,24.18598732008566
2026-04-22,24.595322973834016
2026-04-23,24.28305466705618
2026-04-24,24.585633368752255
2026-04-27,24.746030930853493
2026-04-28,24.389186608527623
2026-04-29,24.454607904392198
2026-04-30,24.16390053393084
2026-05-01,24.327425998914347
2026-05-04,24.162009606775996
2026-05-05,24.409076550512758
2026-05-06,24.831379329686982
2026-05-07,24.900075593768943
2026-05-08,25.867454941367136
2026-05-11,25.889292853572755
2026-05-12,25.641236621978923
2026-05-13,25.34497122422727
2026-05-14,25.32359710957826
2026-05-15,24.995331375558674
2026-05-18,24.983267334514856
2026-05-19,24.82562884109476
2026-05-20,24.912695105700124
2026-05-21,24.824982152738283
2026-05-22,24.79858074728799
2026-05-26,25.3363534200949
2026-05-27,25.348239196781563
2026-05-28,25.415905024390625
2026-05-29,25.728211127421275
2026-06-01,25.74911528297992
2026-06-02,25.854709210478198
2026-06-03,25.683257404633963
2026-06-04,25.528469852272167
2026-06-05,24.21881348539069
2026-06-08,24.60072075982117
2026-06-09,24.32149105305863
2026-06-10,23.805306307254153
2026-06-11,24.583274553778516
2026-06-12,24.671177950442424
2026-06-15,25.568943302911425
2026-06-16,24.917016249342115
2026-06-17,24.58409807925249
2026-06-18,25.232373558387756
2026-06-22,25.740014324473115
2026-06-23,24.89485494667554
2026-06-24,24.860925273963808
2026-06-25,23.88152597840195
2026-06-26,23.499384788324722
2026-06-29,24.080046429903014
2026-06-30,24.56202159199055
2026-07-01,24.127606003292993
2026-07-02,23.71184420686109
2026-07-06,24.32273436270593
2026-07-07,23.9236778929051
2026-07-08,24.01776429183975
2026-07-09,24.31978893401034
2026-07-10,24.4230965546732
2026-07-13,23.86018182292529
2026-07-14,24.218112695318876
2026-07-15,24.041121959663474
2026-07-16,23.634323569492672
2026-07-17,23.315378291430974
2026-07-20,23.399355554545036
2026-07-21,23.962174942483294
2026-07-22,23.51670299262001
2026-07-23,23.02776458094698
2026-07-24,22.6114263436063
2026-07-27,22.591196355550377
2026-07-28,22.320533322947654
2026-07-29,21.782584019594587
2026-07-30,22.498088996409408
2026-07-31,22.409068158238146
2026-08-03,22.826712191861297
2026-08-04,23.15302742449001
2026-08-05,22.748390812725678
2026-08-06,22.808410691181116
2026-08-07,22.959482287088534
2026-08-10,22.99707540055749
2026-08-11,22.902280611241693
2026-08-12,23.036626864198
2026-08-13,23.258876683492645
2026-08-14,23.308546367331807
2026-08-17,23.22879801256863
2026-08-18,22.83578624017394
2026-08-19,22.7594894098317
2026-08-20,22.581752056425515
2026-08-21,22.62078167187521
2026-08-24,22.43216576578662
2026-08-25,22.578992217202554
2026-08-26,22.29762102990489
2026-08-27,22.48993355053281
2026-08-28,22.323831029520402
2026-08-31,22.423335935463925
2026-09-01,22.069234717963447
2026-09-02,22.05745869594657
2026-09-03,22.286253112536915
2026-09-04,22.54294062693912
2026-09-08,22.354255004383987
2026-09-09,22.337549598978693
2026-09-10,22.056625044407916
2026-09-11,22.20496556060309
2026-09-14,21.928702932329685
2026-09-15,21.924736602566988
2026-09-16,21.926366484347138
2026-09-17,22.30132969994753
2026-09-18,22.579601253288295
2026-09-21,23.256944770319123
2026-09-22,23.553406785865672
2026-09-23,23.346634034095903
2026-09-24,23.335007312787692
