date,above_50d,above_200d
2006-01-03,76.4100,76.3600
2006-01-04,80.0000,77.3300
2006-01-05,80.2400,76.9700
2006-01-06,85.6900,80.8100
2006-01-09,85.2800,81.2100
2006-01-10,84.2700,79.3900
2006-01-11,82.4600,79.8000
2006-01-12,77.8200,78.9900
2006-01-13,77.0200,78.3800
2006-01-17,70.4200,77.5800
2006-01-18,71.6300,77.1700
2006-01-19,71.6300,78.3800
2006-01-20,57.7500,72.7300
2006-01-23,58.9500,71.9200
2006-01-24,60.9700,74.3400
2006-01-25,58.9500,73.5400
2006-01-26,62.7800,73.5400
2006-01-27,64.9900,74.5500
2006-01-30,65.1900,74.5500
2006-01-31,61.3700,72.7300
2006-02-01,61.7700,73.9400
2006-02-02,56.5400,70.9100
2006-02-03,51.7100,68.6900
2006-02-06,52.7200,67.6800
2006-02-07,45.8800,65.8600
2006-02-08,52.5200,69.9000
2006-02-09,52.1100,68.4800
2006-02-10,53.3200,69.2900
2006-02-13,49.9000,67.0700
2006-02-14,59.5600,70.5100
2006-02-15,62.0500,72.9300
2006-02-16,68.0700,75.5600
2006-02-17,69.0800,74.7500
2006-02-21,62.6500,73.7400
2006-02-22,71.0800,77.7800
2006-02-23,66.6700,75.1500
2006-02-24,66.4700,75.3500
2006-02-27,69.8800,76.1600
2006-02-28,63.0500,71.5200
2006-03-01,69.2800,75.3500
2006-03-02,67.4700,73.5400
2006-03-03,65.3300,72.1200
2006-03-06,56.9100,69.2900
2006-03-07,54.2200,69.2300
2006-03-08,56.0200,68.8300
2006-03-09,53.1100,66.2600
2006-03-10,59.3200,69.2900
2006-03-13,59.5200,69.0900
2006-03-14,67.3300,73.9400
2006-03-15,70.5400,75.1500
2006-03-16,72.5500,76.5700
2006-03-17,72.5500,76.3600
2006-03-20,70.3400,74.9500
2006-03-21,65.5300,73.9400
2006-03-22,69.9400,75.7600
2006-03-23,66.3300,74.9500
2006-03-24,66.9300,75.3500
2006-03-27,66.9300,75.1500
2006-03-28,61.9200,73.1300
2006-03-29,66.7300,75.9600
2006-03-30,65.9300,74.7500
2006-03-31,63.1300,73.1300
2006-04-03,62.1200,73.3300
2006-04-04,65.1300,75.5600
2006-04-05,68.3400,77.1700
2006-04-06,66.7300,75.3500
2006-04-07,58.5200,71.7200
2006-04-10,58.1200,71.5200
2006-04-11,51.1000,68.6900
2006-04-12,50.1000,67.6800
2006-04-13,50.3000,68.6900
2006-04-17,47.0900,67.8800
2006-04-18,61.3200,72.7300
2006-04-19,61.7200,70.9100
2006-04-20,65.5300,73.7400
2006-04-21,60.9200,72.7300
2006-04-24,59.5200,71.9200
2006-04-25,56.3100,70.9100
2006-04-26,57.5200,70.5100
2006-04-27,60.9200,71.3100
2006-04-28,59.5200,70.5100
2006-05-01,57.9200,68.0800
2006-05-02,58.5200,69.7000
2006-05-03,59.3200,69.7000
2006-05-04,62.3200,71.7200
2006-05-05,66.5300,73.7400
2006-05-08,66.9300,73.7400
2006-05-09,66.3300,74.1400
2006-05-10,66.3300,73.9400
2006-05-11,55.9100,69.4900
2006-05-12,47.0900,66.2600
2006-05-15,48.9000,67.2700
2006-05-16,42.8900,66.6700
2006-05-17,32.0600,60.4000
2006-05-18,27.5100,58.5000
2006-05-19,30.5200,60.5300
2006-05-22,27.9100,59.7200
2006-05-23,24.3000,56.2800
2006-05-24,25.9000,56.4800
2006-05-25,32.5300,60.9300
2006-05-26,37.7500,63.7700
2006-05-30,25.7000,56.8800
2006-05-31,34.7400,61.7400
2006-06-01,43.7800,65.3800
2006-06-02,45.7800,65.7900
2006-06-05,29.7200,58.5000
2006-06-06,30.7200,58.7000
2006-06-07,30.9200,55.2600
2006-06-08,32.3300,56.8800
2006-06-09,30.3200,54.6600
2006-06-12,24.5000,48.7900
2006-06-13,19.8800,44.5300
2006-06-14,20.0800,44.7400
2006-06-15,29.9200,55.0600
2006-06-16,29.1200,53.8500
2006-06-19,24.1000,50.2000
2006-06-20,23.2900,49.8000
2006-06-21,29.1200,53.4400
2006-06-22,25.7000,52.2300
2006-06-23,25.1000,52.2300
2006-06-26,29.5200,53.6400
2006-06-27,24.3000,49.6000
2006-06-28,27.7100,51.6200
2006-06-29,45.7800,58.3000
2006-06-30,48.8000,58.1800
2006-07-03,53.2100,61.0100
2006-07-05,45.5800,58.3800
2006-07-06,47.1900,58.3800
2006-07-07,43.3700,55.9600
2006-07-10,45.1800,54.9500
2006-07-11,49.6000,57.1700
2006-07-12,42.1700,53.5400
2006-07-13,31.1200,47.4700
2006-07-14,29.0600,46.6700
2006-07-17,30.8600,45.8600
2006-07-18,30.2600,46.0600
2006-07-19,46.0900,52.5300
2006-07-20,39.0800,48.8900
2006-07-21,36.6700,45.4500
2006-07-24,42.6900,50.5100
2006-07-25,48.5000,52.9300
2006-07-26,51.5000,52.3200
2006-07-27,49.1000,50.1000
2006-07-28,54.9100,54.9500
2006-07-31,54.5100,54.7500
2006-08-01,51.9100,53.1400
2006-08-02,54.7300,55.3800
2006-08-03,57.7500,55.3800
2006-08-04,57.7500,55.1700
2006-08-07,56.7400,53.9600
2006-08-08,54.1200,52.9400
2006-08-09,52.3100,51.5200
2006-08-10,55.1300,52.7400
2006-08-11,51.1100,50.9100
2006-08-14,52.5200,50.5100
2006-08-15,61.3700,54.7700
2006-08-16,70.0200,58.0100
2006-08-17,72.2300,57.4000
2006-08-18,73.0400,58.6200
2006-08-21,68.2100,56.6800
2006-08-22,69.2200,56.4800
2006-08-23,65.5900,55.4700
2006-08-24,64.3900,56.0700
2006-08-25,63.9800,54.4500
2006-08-28,67.2000,55.6700
2006-08-29,70.2200,55.8700
2006-08-30,71.8300,55.2600
2006-08-31,72.6400,57.2900
2006-09-01,77.2600,59.1100
2006-09-05,78.8700,60.3200
2006-09-06,72.0300,57.0900
2006-09-07,67.2000,54.4500
2006-09-08,69.4200,56.0700
2006-09-11,69.0100,56.8800
2006-09-12,76.0600,61.3400
2006-09-13,79.0700,63.9700
2006-09-14,78.6700,63.1600
2006-09-15,79.2800,64.1700
2006-09-18,78.4700,64.3700
2006-09-19,77.4600,62.9600
2006-09-20,81.0900,64.8500
2006-09-21,76.8600,63.0300
2006-09-22,73.6400,62.2200
2006-09-25,77.8700,64.8500
2006-09-26,80.0800,67.2700
2006-09-27,81.1600,67.2700
2006-09-28,81.7600,68.4800
2006-09-29,79.5600,67.6800
2006-10-02,76.5100,65.9900
2006-10-03,75.9000,66.6000
2006-10-04,81.3300,70.8500
2006-10-05,81.5300,71.7200
2006-10-06,80.5200,70.1000
2006-10-09,80.9200,70.9100
2006-10-10,80.3200,70.7100
2006-10-11,79.7200,69.7000
2006-10-12,83.1300,74.3400
2006-10-13,83.1300,74.3400
2006-10-16,85.5400,75.1500
2006-10-17,83.9400,73.9400
2006-10-18,81.7300,74.5500
2006-10-19,82.1300,73.9400
2006-10-20,81.7300,72.3200
2006-10-23,82.5300,74.5500
2006-10-24,81.7300,73.9400
2006-10-25,82.1300,74.7500
2006-10-26,84.7400,76.5700
2006-10-27,80.5200,74.3400
2006-10-30,79.5200,74.1400
2006-10-31,79.3200,74.1400
2006-11-01,74.7000,72.7300
2006-11-02,73.0900,73.1300
2006-11-03,69.8800,71.7200
2006-11-06,76.1000,73.9400
2006-11-07,77.1100,73.9400
2006-11-08,77.5100,75.3500
2006-11-09,72.2900,73.7400
2006-11-10,75.3000,74.3400
2006-11-13,75.7000,75.7600
2006-11-14,79.7200,77.7800
2006-11-15,80.3200,79.3900
2006-11-16,81.1200,79.3900
2006-11-17,81.1200,78.9900
2006-11-20,79.9200,78.5900
2006-11-21,77.7100,78.5900
2006-11-22,79.1200,80.2000
2006-11-24,77.7100,79.6000
2006-11-27,67.4700,75.7600
2006-11-28,67.4700,75.3500
2006-11-29,72.1400,78.9900
2006-11-30,74.1000,79.7600
2006-12-01,69.6800,79.5500
2006-12-04,78.7100,81.1700
2006-12-05,79.9200,82.5900
2006-12-06,79.1200,82.1900
2006-12-07,77.9100,81.1700
2006-12-08,78.7100,81.9800
2006-12-11,78.9200,82.3900
2006-12-12,77.1100,81.5800
2006-12-13,76.5100,81.5800
2006-12-14,81.3300,83.2000
2006-12-15,80.1200,83.0000
2006-12-18,75.9000,82.3900
2006-12-19,76.9100,81.7800
2006-12-20,74.7000,82.3900
2006-12-21,71.8900,80.1600
2006-12-22,67.0700,78.1400
2006-12-26,69.0800,79.1500
2006-12-27,74.3000,81.5800
2006-12-28,71.4900,80.9700
2006-12-29,67.0700,79.1500
2007-01-03,67.3400,79.0700
2007-01-04,69.2200,78.7000
2007-01-05,59.9600,78.3000
2007-01-08,62.3700,78.5000
2007-01-09,61.9700,79.5100
2007-01-10,63.5800,80.3200
2007-01-11,68.2100,80.9300
2007-01-12,69.8200,83.5700
2007-01-16,69.0100,83.1600
2007-01-17,68.0100,82.9600
2007-01-18,63.3800,82.9600
2007-01-19,67.0000,83.3700
2007-01-22,61.1700,82.5600
2007-01-23,65.7900,84.1800
2007-01-24,70.2200,84.7900
2007-01-25,60.9700,82.3500
2007-01-26,58.3500,82.1500
2007-01-29,58.3500,82.5600
2007-01-30,61.7700,83.7700
2007-01-31,67.0000,85.6000
2007-02-01,74.8000,86.1800
2007-02-02,76.4600,86.6100
2007-02-05,74.0400,86.6100
2007-02-06,74.6500,87.4200
2007-02-07,76.8600,87.2200
2007-02-08,75.6500,87.6300
2007-02-09,72.6400,86.6100
2007-02-12,68.0100,85.4000
2007-02-13,73.4900,86.4100
2007-02-14,79.1600,87.8300
2007-02-15,78.3600,88.0300
2007-02-16,78.5600,88.2400
2007-02-20,79.9600,88.4600
2007-02-21,80.1600,88.6600
2007-02-22,79.5600,89.6800
2007-02-23,76.1500,91.0900
2007-02-26,74.5500,90.2800
2007-02-27,47.7000,81.9800
2007-02-28,49.7000,83.6000
2007-03-01,45.0900,81.7800
2007-03-02,34.2700,77.1300
2007-03-05,26.0500,71.0500
2007-03-06,37.2700,76.5200
2007-03-07,36.6700,76.1100
2007-03-08,42.4800,79.3500
2007-03-09,44.0900,79.1500
2007-03-12,46.6900,79.1500
2007-03-13,32.6700,69.8400
2007-03-14,34.8700,72.6700
2007-03-15,37.8800,75.5100
2007-03-16,34.2700,72.6700
2007-03-19,42.8900,77.5300
2007-03-20,46.6900,77.7300
2007-03-21,63.5300,83.4000
2007-03-22,61.0400,82.1500
2007-03-23,62.3200,83.0000
2007-03-26,61.3200,82.3900
2007-03-27,53.7100,80.7700
2007-03-28,46.0900,78.3400
2007-03-29,48.1000,77.9400
2007-03-30,49.3000,77.9400
2007-04-02,50.7000,77.5300
2007-04-03,59.1200,80.7700
2007-04-04,59.5200,80.9700
2007-04-05,62.1200,81.9800
2007-04-09,64.3300,81.9800
2007-04-10,64.5300,81.6200
2007-04-11,57.7200,79.3900
2007-04-12,61.7200,80.6100
2007-04-13,64.1300,80.6100
2007-04-16,74.7500,85.0500
2007-04-17,76.5500,85.2500
2007-04-18,80.7600,86.8700
2007-04-19,78.5600,86.8700
2007-04-20,84.5700,87.0700
2007-04-23,82.5700,86.6700
2007-04-24,80.7600,87.0700
2007-04-25,84.7700,88.0800
2007-04-26,83.3700,87.8800
2007-04-27,81.7600,87.2700
2007-04-30,74.5500,85.2500
2007-05-01,74.5500,85.0500
2007-05-02,80.3600,85.6600
2007-05-03,79.7600,86.8700
2007-05-04,79.5600,86.0900
2007-05-07,82.3600,86.4900
2007-05-08,81.9600,85.6900
2007-05-09,82.7700,86.4900
2007-05-10,75.7500,83.2700
2007-05-11,78.7600,85.2800
2007-05-14,75.7500,84.0700
2007-05-15,72.9500,82.6600
2007-05-16,77.5600,84.8800
2007-05-17,76.1500,83.0600
2007-05-18,78.3600,84.2700
2007-05-21,78.7600,83.0600
2007-05-22,79.7600,85.0800
2007-05-23,76.3500,83.4700
2007-05-24,67.3300,79.6400
2007-05-25,70.9400,80.8500
2007-05-29,72.3400,82.0600
2007-05-30,75.5500,83.8700
2007-05-31,75.9500,83.4700
2007-06-01,78.3600,84.8800
2007-06-04,79.1600,86.4900
2007-06-05,73.5500,83.0600
2007-06-06,66.5300,80.4400
2007-06-07,47.0900,72.9800
2007-06-08,59.1200,77.4200
2007-06-11,57.5200,77.4200
2007-06-12,45.6900,73.5900
2007-06-13,59.9200,77.8200
2007-06-14,60.3200,77.6200
2007-06-15,62.7300,79.6400
2007-06-18,61.5200,79.6400
2007-06-19,61.5200,78.8300
2007-06-20,52.1000,74.6000
2007-06-21,56.1100,74.4000
2007-06-22,47.0900,71.9800
2007-06-25,42.2800,71.3700
2007-06-26,39.4800,69.9600
2007-06-27,46.8900,73.5900
2007-06-28,46.2900,73.9900
2007-06-29,45.0900,71.1700
2007-07-02,53.6300,74.8500
2007-07-03,56.4500,74.8500
2007-07-05,56.2500,75.0500
2007-07-06,59.2700,75.6600
2007-07-09,57.6600,74.0900
2007-07-10,46.1700,68.6200
2007-07-11,49.4000,70.4500
2007-07-12,60.4800,74.2900
2007-07-13,60.2800,74.4900
2007-07-16,58.4700,74.2900
2007-07-17,58.4700,72.4700
2007-07-18,56.2500,72.6700
2007-07-19,59.6800,73.0800
2007-07-20,50.4000,68.8300
2007-07-23,51.6100,69.8400
2007-07-24,39.1100,64.1700
2007-07-25,38.9100,63.7700
2007-07-26,23.7900,53.8500
2007-07-27,18.1500,48.1800
2007-07-30,22.5800,53.6400
2007-07-31,18.5500,48.7900
2007-08-01,22.9800,51.4200
2007-08-02,25.4000,53.0400
2007-08-03,16.5300,43.3200
2007-08-06,26.0100,51.4200
2007-08-07,28.2300,52.6300
2007-08-08,36.4900,53.6400
2007-08-09,21.9800,45.9500
2007-08-10,21.3700,46.5600
2007-08-13,22.1800,46.9600
2007-08-14,14.3100,39.6800
2007-08-15,7.6600,34.8200
2007-08-16,9.4800,34.4100
2007-08-17,18.9500,42.5100
2007-08-20,18.5500,43.1200
2007-08-21,20.5600,44.3300
2007-08-22,30.2400,50.0000
2007-08-23,27.4500,48.5800
2007-08-24,36.2700,51.0100
2007-08-27,27.8600,47.5700
2007-08-28,14.4300,38.4600
2007-08-29,28.0600,45.7500
2007-08-30,26.2500,43.7200
2007-08-31,36.0700,47.9800
2007-09-04,44.8900,51.2100
2007-09-05,33.8700,45.1400
2007-09-06,39.2800,48.9900
2007-09-07,26.2500,42.3100
2007-09-10,24.6500,40.4900
2007-09-11,35.2700,46.7600
2007-09-12,35.4700,45.3400
2007-09-13,39.6800,47.3700
2007-09-14,42.6900,47.1700
2007-09-17,40.6800,45.3400
2007-09-18,62.5300,56.5700
2007-09-19,69.9400,59.0700
2007-09-20,63.5300,55.2400
2007-09-21,67.1300,56.2500
2007-09-24,63.1300,53.0200
2007-09-25,62.6500,52.9300
2007-09-26,67.1300,56.8500
2007-09-27,70.7400,57.0600
2007-09-28,69.7400,55.8500
2007-10-01,79.1200,59.1900
2007-10-02,78.5100,60.6100
2007-10-03,78.9200,59.6000
2007-10-04,79.3200,59.3900
2007-10-05,84.7400,63.8400
2007-10-08,82.3300,61.4100
2007-10-09,83.7300,63.6400
2007-10-10,81.5300,62.2200
2007-10-11,78.9200,61.0100
2007-10-12,78.9200,61.6200
2007-10-15,73.9000,57.7800
2007-10-16,68.8800,56.3600
2007-10-17,67.0700,56.1600
2007-10-18,67.0700,55.3500
2007-10-19,50.0000,46.0600
2007-10-22,54.2200,48.4800
2007-10-23,56.0200,49.4900
2007-10-24,53.8200,49.4900
2007-10-25,53.2100,50.7100
2007-10-26,58.2300,52.5300
2007-10-29,60.8400,54.3400
2007-10-30,57.6300,53.1300
2007-10-31,63.6500,57.5800
2007-11-01,46.7900,46.6700
2007-11-02,45.7800,48.6900
2007-11-05,43.5700,47.6800
2007-11-06,47.5900,49.9000
2007-11-07,35.5400,41.2100
2007-11-08,34.7400,44.0400
2007-11-09,29.9200,38.7900
2007-11-12,25.5000,37.5800
2007-11-13,37.3500,44.4400
2007-11-14,32.9300,42.4200
2007-11-15,27.7100,39.3900
2007-11-16,31.1200,41.2100
2007-11-19,24.3000,37.3700
2007-11-20,26.0500,39.1900
2007-11-21,20.6400,34.5500
2007-11-23,24.6500,38.1800
2007-11-26,19.6400,32.7300
2007-11-27,21.6400,37.1700
2007-11-28,34.6700,43.4300
2007-11-29,34.4700,43.4300
2007-11-30,36.6700,44.6500
2007-12-03,34.5400,43.3200
2007-12-04,31.9300,42.5100
2007-12-05,41.1600,44.9400
2007-12-06,51.0000,49.3900
2007-12-07,53.8200,49.1900
2007-12-10,59.0400,51.0100
2007-12-11,38.5500,43.9300
2007-12-12,45.1800,46.5600
2007-12-13,45.3800,46.7600
2007-12-14,39.7600,42.1100
2007-12-17,27.9100,38.0600
2007-12-18,33.1300,39.2700
2007-12-19,33.1300,39.2700
2007-12-20,37.5500,41.3000
2007-12-21,49.2000,44.3300
2007-12-24,54.2200,45.7500
2007-12-26,53.2100,45.9500
2007-12-27,44.7800,42.7100
2007-12-28,45.9800,42.1100
2007-12-31,41.7700,40.8900
2008-01-02,28.7100,37.0400
2008-01-03,27.7100,36.0300
2008-01-04,19.2800,34.4100
2008-01-07,23.9000,34.8200
2008-01-08,20.2800,30.7700
2008-01-09,23.6900,32.5900
2008-01-10,26.9100,33.2000
2008-01-11,22.0900,30.7700
2008-01-14,26.1000,32.3900
2008-01-15,18.0700,27.7300
2008-01-16,16.0600,26.9200
2008-01-17,10.6400,19.6400
2008-01-18,8.4300,19.0300
2008-01-22,7.6300,14.7800
2008-01-23,15.8600,18.6200
2008-01-24,15.4600,17.8100
2008-01-25,13.0500,15.3800
2008-01-28,21.3300,18.4600
2008-01-29,25.7000,19.2300
2008-01-30,25.7000,18.0200
2008-01-31,34.1400,22.0600
2008-02-01,43.9800,27.3300
2008-02-04,40.1600,24.9000
2008-02-05,24.1000,18.2200
2008-02-06,20.4800,17.4100
2008-02-07,27.1100,19.4300
2008-02-08,21.8900,18.8300
2008-02-11,27.3100,21.2600
2008-02-12,30.5200,22.6700
2008-02-13,39.4800,24.2900
2008-02-14,31.8600,21.6600
2008-02-15,33.6700,21.6600
2008-02-19,32.4600,23.4800
2008-02-20,40.6800,24.7000
2008-02-21,33.8700,20.2400
2008-02-22,40.8800,23.2800
2008-02-25,50.1000,28.5400
2008-02-26,57.9200,30.3600
2008-02-27,57.3100,29.7600
2008-02-28,47.4900,26.9200
2008-02-29,31.0600,20.8500
2008-03-03,32.8700,21.2600
2008-03-04,31.0600,21.6600
2008-03-05,36.0700,23.6800
2008-03-06,23.6500,20.0400
2008-03-07,19.4400,16.8000
2008-03-10,14.0300,14.3700
2008-03-11,33.4700,20.6500
2008-03-12,29.8600,19.8400
2008-03-13,34.8700,20.2400
2008-03-14,24.8500,16.6000
2008-03-17,20.4400,14.1700
2008-03-18,42.2800,22.4700
2008-03-19,30.4600,17.0000
2008-03-20,45.6900,22.2700
2008-03-24,55.7100,27.3300
2008-03-25,58.9200,28.5400
2008-03-26,53.7100,25.5100
2008-03-27,46.8900,23.6800
2008-03-28,39.8800,21.2600
2008-03-31,46.5900,23.3900
2008-04-01,68.0700,32.6600
2008-04-02,68.0700,33.0600
2008-04-03,68.6700,34.0700
2008-04-04,68.4700,34.4800
2008-04-07,69.2800,33.4700
2008-04-08,62.4500,32.2600
2008-04-09,55.0200,29.6400
2008-04-10,59.4400,30.2400
2008-04-11,47.5900,25.2000
2008-04-14,44.3800,25.2000
2008-04-15,47.5900,26.0100
2008-04-16,62.8500,33.8700
2008-04-17,63.2500,34.0700
2008-04-18,70.8800,39.1100
2008-04-21,68.0700,36.6900
2008-04-22,59.6400,32.6600
2008-04-23,62.8500,36.0900
2008-04-24,67.8700,38.7100
2008-04-25,69.8800,40.1200
2008-04-28,73.6400,40.6100
2008-04-29,72.0300,39.8000
2008-04-30,67.0000,37.3700
2008-05-01,78.0700,46.8700
2008-05-02,78.2700,46.6700
2008-05-05,77.0600,43.8400
2008-05-06,78.4700,46.2600
2008-05-07,72.0300,40.8100
2008-05-08,71.2300,41.4100
2008-05-09,67.2000,40.2000
2008-05-12,75.8600,45.2500
2008-05-13,74.4500,46.2600
2008-05-14,77.4600,49.2900
2008-05-15,79.6800,53.1300
2008-05-16,79.4800,51.7200
2008-05-19,78.2700,52.9300
2008-05-20,72.4300,46.8700
2008-05-21,61.9700,43.6400
2008-05-22,62.7800,43.2300
2008-05-23,53.9200,40.4000
2008-05-27,58.6300,42.2200
2008-05-28,60.2400,44.0400
2008-05-29,65.6600,47.2700
2008-05-30,63.0500,48.2800
2008-06-02,55.8200,42.8300
2008-06-03,54.4200,41.6200
2008-06-04,55.2200,45.4500
2008-06-05,64.4600,51.1100
2008-06-06,45.1800,38.3800
2008-06-09,44.7800,37.9800
2008-06-10,44.7800,37.3700
2008-06-11,33.8000,32.7900
2008-06-12,36.2200,34.6200
2008-06-13,46.2800,38.8700
2008-06-16,45.0700,40.0800
2008-06-17,37.4200,36.8400
2008-06-18,33.0000,35.0200
2008-06-19,37.0200,37.2500
2008-06-20,28.1700,32.5900
2008-06-23,27.5700,32.3900
2008-06-24,25.3500,31.7800
2008-06-25,27.7700,34.8200
2008-06-26,17.1000,27.0700
2008-06-27,17.1000,26.8700
2008-06-30,17.9100,26.8700
2008-07-01,18.3500,28.1400
2008-07-02,16.1300,24.4900
2008-07-03,13.7100,23.8900
2008-07-07,12.1000,24.4900
2008-07-08,15.2900,28.3400
2008-07-09,14.8900,26.1100
2008-07-10,15.6900,27.5300
2008-07-11,14.8900,25.9100
2008-07-14,13.7100,25.1500
2008-07-15,12.3000,23.9400
2008-07-16,15.3200,28.4000
2008-07-17,20.5600,27.9900
2008-07-18,21.5700,30.2200
2008-07-21,19.7600,31.0300
2008-07-22,28.2300,32.2500
2008-07-23,33.0600,32.0500
2008-07-24,23.7900,26.1700
2008-07-25,26.4100,26.9800
2008-07-28,20.1600,23.9400
2008-07-29,30.4400,28.4000
2008-07-30,37.1000,33.2700
2008-07-31,35.6900,30.8300
2008-08-01,33.6700,29.4100
2008-08-04,34.6800,26.5700
2008-08-05,50.0000,33.2700
2008-08-06,52.6200,34.6900
2008-08-07,42.7400,31.4400
2008-08-08,59.4800,38.7400
2008-08-11,64.3100,41.7800
2008-08-12,60.2800,38.7400
2008-08-13,59.0700,39.1500
2008-08-14,62.3000,40.7700
2008-08-15,66.3300,42.6000
2008-08-18,61.6900,38.9500
2008-08-19,55.3300,36.9200
2008-08-20,55.9400,38.9500
2008-08-21,56.4300,39.3500
2008-08-22,62.8500,43.6100
2008-08-25,55.0200,36.9200
2008-08-26,56.6300,38.5400
2008-08-27,60.4400,40.9700
2008-08-28,69.4800,45.6400
2008-08-29,63.0500,40.3700
2008-09-02,63.8600,41.3800
2008-09-03,62.4500,38.5400
2008-09-04,48.3900,31.0300
2008-09-05,49.4000,31.8500
2008-09-08,61.0400,39.7600
2008-09-09,50.2000,34.2800
2008-09-10,49.0000,34.6900
2008-09-11,54.4400,38.0900
2008-09-12,54.6400,38.7000
2008-09-15,37.9500,29.2100
2008-09-16,40.1600,34.0800
2008-09-17,24.5500,23.1200
2008-09-18,39.4400,34.4800
2008-09-19,47.4800,40.9700
2008-09-22,29.2600,28.1400
2008-09-23,25.9000,24.1400
2008-09-24,23.0500,23.6800
2008-09-25,30.6600,29.3500
2008-09-26,32.0600,29.7600
2008-09-29,9.4200,15.5900
2008-09-30,16.8700,22.9200
2008-10-01,16.6700,22.1100
2008-10-02,11.6200,16.1900
2008-10-03,8.4200,13.5600
2008-10-06,5.6100,9.1100
2008-10-07,2.4000,5.4800
2008-10-08,1.2000,4.2600
2008-10-09,0.4000,1.4200
2008-10-10,0.6000,2.0300
2008-10-13,1.2000,5.2700
2008-10-14,3.2100,4.4600
2008-10-15,1.6000,1.8300
2008-10-16,2.4000,4.0600
2008-10-17,2.2000,3.2500
2008-10-20,3.4100,4.6700
2008-10-21,2.0100,3.8600
2008-10-22,0.8000,3.0500
2008-10-23,0.4000,3.2500
2008-10-24,0.6000,2.6400
2008-10-27,0.4000,2.4400
2008-10-28,4.2200,4.6700
2008-10-29,3.4100,3.6600
2008-10-30,5.8200,5.4900
2008-10-31,7.8300,6.3000
2008-11-03,6.6300,6.3000
2008-11-04,13.0500,9.1500
2008-11-05,4.8200,4.8800
2008-11-06,2.6100,3.4600
2008-11-07,4.8200,4.2700
2008-11-10,4.4300,3.8700
2008-11-11,3.8400,3.4800
2008-11-12,2.2200,2.6500
2008-11-13,9.8800,4.9000
2008-11-14,5.4400,3.0600
2008-11-17,4.4300,3.2600
2008-11-18,6.4400,3.2600
2008-11-19,2.6200,2.4400
2008-11-20,1.0100,1.6300
2008-11-21,3.4200,2.6500
2008-11-24,9.2600,3.4600
2008-11-25,10.2600,3.4600
2008-11-26,15.4900,4.0700
2008-11-28,19.3200,4.8900
2008-12-01,5.0300,1.8300
2008-12-02,10.6600,2.6500
2008-12-03,16.5000,3.2600
2008-12-04,11.6700,2.6500
2008-12-05,21.1300,4.4800
2008-12-08,32.3900,5.0900
2008-12-09,27.3600,3.2600
2008-12-10,36.0200,3.8700
2008-12-11,25.1500,2.2400
2008-12-12,32.8000,3.0500
2008-12-15,27.3600,3.0500
2008-12-16,53.5200,5.5000
2008-12-17,53.1200,5.3000
2008-12-18,46.6800,4.6800
2008-12-19,51.1100,4.8900
2008-12-22,39.4400,4.2800
2008-12-23,35.8100,4.0700
2008-12-24,40.4400,4.0700
2008-12-26,43.4600,3.8700
2008-12-29,41.6200,3.6700
2008-12-30,55.9600,4.6900
2008-12-31,64.7200,5.9200
2009-01-02,78.0200,7.7600
2009-01-05,77.4200,6.1200
2009-01-06,81.4500,4.4900
2009-01-07,75.0000,3.4700
2009-01-08,74.6000,3.8800
2009-01-09,66.7300,2.8600
2009-01-12,56.0500,2.8600
2009-01-13,54.2300,2.2400
2009-01-14,35.0800,1.8400
2009-01-15,41.7300,2.0400
2009-01-16,50.8100,2.8600
2009-01-20,29.8400,2.2400
2009-01-21,45.7700,3.2700
2009-01-22,39.2400,3.0600
2009-01-23,41.4500,3.2700
2009-01-26,46.0800,3.6700
2009-01-27,51.3100,4.0800
2009-01-28,66.6000,5.9200
2009-01-29,50.3000,4.4900
2009-01-30,39.0300,4.2900
2009-02-02,40.8500,4.2900
2009-02-03,48.0900,5.3100
2009-02-04,45.0700,5.5100
2009-02-05,51.7100,6.7300
2009-02-06,60.7600,7.3500
2009-02-09,61.3700,7.7600
2009-02-10,39.0300,4.2700
2009-02-11,40.8500,5.2800
2009-02-12,43.2600,6.1000
2009-02-13,41.8500,6.3000
2009-02-17,21.3300,3.4600
2009-02-18,20.7200,3.0500
2009-02-19,18.7100,3.4600
2009-02-20,15.9000,3.6600
2009-02-23,9.8600,1.8300
2009-02-24,15.4900,3.2500
2009-02-25,15.0900,2.6400
2009-02-26,12.0700,2.2400
2009-02-27,10.6600,2.0300
2009-03-02,5.0300,1.4200
2009-03-03,4.8300,1.2200
2009-03-04,9.0500,1.4200
2009-03-05,5.2300,1.0200
2009-03-06,5.8400,0.8100
2009-03-09,5.6300,1.6300
2009-03-10,11.6700,2.4400
2009-03-11,14.2300,2.6400
2009-03-12,21.2400,3.0500
2009-03-13,22.0400,3.2500
2009-03-16,20.8400,2.8500
2009-03-17,32.6700,4.0700
2009-03-18,46.2900,5.6900
2009-03-19,44.0900,5.4900
2009-03-20,37.2700,4.0700
2009-03-23,64.5300,8.9400
2009-03-24,58.3200,6.9100
2009-03-25,61.9200,8.3200
2009-03-26,74.1500,11.7600
2009-03-27,66.1300,9.5100
2009-03-30,51.7000,7.0900
2009-03-31,56.3100,8.7000
2009-04-01,62.5300,9.7200
2009-04-02,78.3600,13.7700
2009-04-03,79.7600,15.5900
2009-04-06,79.1600,13.7700
2009-04-07,71.1400,10.7300
2009-04-08,76.9500,14.7800
2009-04-09,85.7700,19.8400
2009-04-13,85.7700,19.6400
2009-04-14,83.9700,16.8000
2009-04-15,86.9700,18.4200
2009-04-16,88.3800,23.8900
2009-04-17,89.7800,25.5100
2009-04-20,82.7700,17.4100
2009-04-21,84.9700,22.0600
2009-04-22,83.9700,20.8500
2009-04-23,84.5700,22.6700
2009-04-24,85.7700,28.5400
2009-04-27,86.5700,25.7100
2009-04-28,85.7700,26.2600
2009-04-29,90.5800,31.3100
2009-04-30,87.7800,32.1200
2009-05-01,89.1800,33.1300
2009-05-04,91.1800,43.6400
2009-05-05,92.1800,42.2200
2009-05-06,91.5800,44.4400
2009-05-07,90.5800,39.6000
2009-05-08,91.1800,47.0700
2009-05-11,90.7800,41.0100
2009-05-12,89.9800,40.8100
2009-05-13,82.5700,28.4800
2009-05-14,83.7700,32.7300
2009-05-15,78.5600,31.3100
2009-05-18,84.7700,42.0200
2009-05-19,84.3700,43.2300
2009-05-20,82.1600,42.6300
2009-05-21,73.1500,36.3600
2009-05-22,72.9500,37.5800
2009-05-26,83.1700,48.8900
2009-05-27,75.3500,42.8300
2009-05-28,78.3600,46.4600
2009-05-29,82.1600,52.9300
2009-06-01,89.3800,62.4200
2009-06-02,90.1600,64.1700
2009-06-03,86.5500,59.1100
2009-06-04,88.1500,62.1500
2009-06-05,86.1400,61.7400
2009-06-08,85.1400,61.5400
2009-06-09,84.9700,63.2300
2009-06-10,84.5700,63.2300
2009-06-11,84.1700,65.0500
2009-06-12,84.9700,67.2700
2009-06-15,73.5500,60.8100
2009-06-16,64.1300,56.5700
2009-06-17,62.7300,56.5700
2009-06-18,64.1300,60.4000
2009-06-19,62.9300,62.4200
2009-06-22,41.4800,52.3200
2009-06-23,39.4800,53.9400
2009-06-24,44.0900,56.9700
2009-06-25,60.9200,67.2700
2009-06-26,59.0400,66.4000
2009-06-29,62.8500,69.8400
2009-06-30,55.5100,69.0900
2009-07-01,59.5200,71.5200
2009-07-02,38.8800,60.2000
2009-07-06,38.8800,63.0300
2009-07-07,28.8600,54.5500
2009-07-08,26.4500,54.9500
2009-07-09,27.6600,58.3800
2009-07-10,26.6500,57.3700
2009-07-13,39.4800,65.4500
2009-07-14,44.0900,68.4800
2009-07-15,62.9300,75.9600
2009-07-16,68.5400,78.5900
2009-07-17,67.1300,77.1700
2009-07-20,77.1500,81.4100
2009-07-21,77.1500,81.6200
2009-07-22,77.5600,82.2200
2009-07-23,85.5700,86.2600
2009-07-24,85.5700,87.8800
2009-07-27,86.3700,88.0800
2009-07-28,85.3700,87.8800
2009-07-29,82.7700,87.4700
2009-07-30,87.3700,88.4800
2009-07-31,87.3700,88.0800
2009-08-03,91.1800,91.3100
2009-08-04,90.7800,91.3100
2009-08-05,88.7600,91.5000
2009-08-06,87.3500,90.1000
2009-08-07,88.3500,91.5200
2009-08-10,88.1500,91.9200
2009-08-11,85.5400,89.4900
2009-08-12,87.9500,91.5200
2009-08-13,88.1500,91.7200
2009-08-14,86.9500,90.9100
2009-08-17,76.9100,88.6900
2009-08-18,81.1200,89.0900
2009-08-19,84.5400,90.5100
2009-08-20,86.3500,91.5200
2009-08-21,92.1700,93.9400
2009-08-24,92.3700,93.9400
2009-08-25,91.9700,94.1400
2009-08-26,92.7700,94.3500
2009-08-27,92.7700,93.9500
2009-08-28,91.5700,93.7500
2009-08-31,87.7500,93.3500
2009-09-01,80.2800,92.1200
2009-09-02,78.8700,90.9100
2009-09-03,79.4800,92.1200
2009-09-04,85.7100,92.3200
2009-09-08,87.5300,93.1300
2009-09-09,89.1300,93.5400
2009-09-10,91.3500,93.5400
2009-09-11,89.7400,93.3300
2009-09-14,91.9500,94.3400
2009-09-15,91.3500,94.5500
2009-09-16,93.3600,95.7600
2009-09-17,91.9500,94.9500
2009-09-18,93.1600,95.7600
2009-09-21,92.3500,95.5600
2009-09-22,90.9500,95.5600
2009-09-23,89.7400,95.5600
2009-09-24,84.3100,95.5600
2009-09-25,79.2800,95.1500
2009-09-28,84.3100,95.7600
2009-09-29,83.5000,95.5600
2009-09-30,80.6800,94.5500
2009-10-01,61.9000,92.7100
2009-10-02,53.6300,91.0900
2009-10-05,67.5400,91.7000
2009-10-06,74.1900,92.7100
2009-10-07,73.7900,92.3100
2009-10-08,77.6200,93.9300
2009-10-09,80.8500,94.3300
2009-10-12,81.0500,94.5300
2009-10-13,81.2500,94.7600
2009-10-14,87.5300,95.7700
2009-10-15,88.5300,96.3700
2009-10-16,84.7100,95.3600
2009-10-19,88.5300,96.5700
2009-10-20,82.2900,95.5600
2009-10-21,75.4500,94.1500
2009-10-22,82.2900,94.9600
2009-10-23,71.4300,94.1500
2009-10-26,63.7800,92.7400
2009-10-27,59.1500,92.1400
2009-10-28,40.2400,90.3200
2009-10-29,57.2600,92.3200
2009-10-30,34.0000,88.6900
2009-11-02,40.2400,89.4900
2009-11-03,43.2600,89.7000
2009-11-04,44.3500,88.6600
2009-11-05,57.8600,91.7000
2009-11-06,57.7500,91.1100
2009-11-09,73.0400,93.7400
2009-11-10,72.4300,91.7200
2009-11-11,74.8500,92.7300
2009-11-12,64.7900,91.7200
2009-11-13,66.2000,92.1200
2009-11-16,76.2600,92.1200
2009-11-17,74.8500,91.9200
2009-11-18,73.4400,92.3200
2009-11-19,61.3700,91.3100
2009-11-20,57.1400,91.5200
2009-11-23,63.1800,91.9200
2009-11-24,62.5800,91.3100
2009-11-25,67.8100,91.9200
2009-11-27,54.9300,90.7100
2009-11-30,59.5600,89.7000
2009-12-01,65.7900,91.5200
2009-12-02,68.2100,91.5200
2009-12-03,63.3800,90.3000
2009-12-04,68.6100,90.5100
2009-12-07,66.4000,91.3100
2009-12-08,61.1700,89.9000
2009-12-09,63.1800,90.3000
2009-12-10,66.8000,89.6800
2009-12-11,68.0100,90.2800
2009-12-14,73.4400,90.8900
2009-12-15,68.8100,89.6800
2009-12-16,70.0200,90.0800
2009-12-17,65.5900,88.8700
2009-12-18,69.2200,89.6800
2009-12-21,75.6000,91.0800
2009-12-22,78.0200,91.2800
2009-12-23,80.0400,91.4800
2009-12-24,81.8900,91.7000
2009-12-28,81.8900,91.7000
2009-12-29,82.4900,91.5000
2009-12-30,81.6500,91.2800
2009-12-31,75.8100,90.2600
2010-01-04,86.0900,92.2900
2010-01-05,86.2900,92.7000
2010-01-06,85.8900,93.9100
2010-01-07,86.2900,94.3200
2010-01-08,87.1000,94.3200
2010-01-11,88.3300,94.7300
2010-01-12,83.5000,94.1200
2010-01-13,87.3200,94.1200
2010-01-14,85.7100,94.3200
2010-01-15,79.4800,93.5100
2010-01-19,84.7100,94.9300
2010-01-20,78.6700,94.1200
2010-01-21,61.9700,91.6800
2010-01-22,40.4400,88.4400
2010-01-25,45.8800,89.6600
2010-01-26,43.2600,87.6300
2010-01-27,44.1500,88.8200
2010-01-28,33.6700,85.1600
2010-01-29,27.1600,83.1600
2010-02-01,39.2400,86.2100
2010-02-02,49.7000,87.2200
2010-02-03,45.2700,85.4000
2010-02-04,20.9300,77.4800
2010-02-05,21.3300,79.9200
2010-02-08,17.9100,75.0500
2010-02-09,22.7400,79.5100
2010-02-10,20.7200,78.9000
2010-02-11,28.9700,80.3200
2010-02-12,29.3800,78.9000
2010-02-16,46.0800,83.3700
2010-02-17,49.3000,83.7700
2010-02-18,57.5500,84.7900
2010-02-19,59.3600,85.4000
2010-02-22,57.7500,84.5800
2010-02-23,43.7800,81.9500
2010-02-24,53.4100,83.3700
2010-02-25,51.0000,82.7600
2010-02-26,52.0100,83.1600
2010-03-01,61.8500,84.5800
2010-03-02,64.0600,84.9900
2010-03-03,66.6700,85.6000
2010-03-04,66.6700,86.4100
2010-03-05,79.5200,88.2400
2010-03-08,80.5200,89.0500
2010-03-09,79.3200,89.6600
2010-03-10,81.5300,90.2600
2010-03-11,83.5300,90.6700
2010-03-12,82.3600,90.4700
2010-03-15,82.7700,90.2600
2010-03-16,87.1700,91.8900
2010-03-17,90.1800,91.8900
2010-03-18,89.5800,91.8900
2010-03-19,86.9700,90.6700
2010-03-22,88.9800,90.8700
2010-03-23,89.7800,91.2800
2010-03-24,88.3800,90.8700
2010-03-25,86.1700,89.2500
2010-03-26,86.7700,89.0500
2010-03-29,88.9800,90.0600
2010-03-30,89.5800,89.8600
2010-03-31,88.5800,89.6600
2010-04-01,91.5800,91.2800
2010-04-05,92.9900,92.7000
2010-04-06,93.3900,93.3100
2010-04-07,91.5800,92.0900
2010-04-08,89.9800,91.6800
2010-04-09,92.3800,92.9000
2010-04-12,91.3800,92.9000
2010-04-13,91.1800,92.4900
2010-04-14,92.5900,93.9100
2010-04-15,91.3800,93.1000
2010-04-16,86.1700,91.6800
2010-04-19,86.5700,91.4800
2010-04-20,89.7800,92.7000
2010-04-21,88.5800,92.0900
2010-04-22,86.7700,91.8900
2010-04-23,86.9700,92.9000
2010-04-26,85.5700,92.2900
2010-04-27,76.3500,88.2400
2010-04-28,77.7600,90.0600
2010-04-29,80.5200,91.0600
2010-04-30,70.7400,87.6300
2010-05-03,76.9500,89.2500
2010-05-04,59.3200,83.1600
2010-05-05,52.9100,83.5700
2010-05-06,28.0600,73.2300
2010-05-07,15.2300,68.1500
2010-05-10,46.6900,79.7200
2010-05-11,44.2900,78.0900
2010-05-12,56.1100,82.5600
2010-05-13,46.0900,79.3100
2010-05-14,30.0600,72.6200
2010-05-17,32.0600,74.0400
2010-05-18,22.8500,70.7900
2010-05-19,18.6400,68.1500
2010-05-20,5.8100,51.0100
2010-05-21,8.6200,56.8800
2010-05-24,7.6200,52.8300
2010-05-25,7.0100,51.2100
2010-05-26,7.0100,50.4000
2010-05-27,17.4300,62.7500
2010-05-28,12.6300,59.3100
2010-06-01,9.6200,49.3900
2010-06-02,18.0400,59.9200
2010-06-03,21.6400,60.7300
2010-06-04,9.2200,45.9500
2010-06-07,8.0200,39.2700
2010-06-08,9.4200,44.4400
2010-06-09,10.4200,43.2300
2010-06-10,21.2400,54.5500
2010-06-11,23.2500,55.9600
2010-06-14,23.8500,56.5700
2010-06-15,41.8800,64.4400
2010-06-16,41.6800,63.2300
2010-06-17,45.0900,63.0300
2010-06-18,45.6900,63.0300
2010-06-21,42.8900,60.4000
2010-06-22,26.0500,55.3500
2010-06-23,24.6500,55.5600
2010-06-24,17.8400,48.2800
2010-06-25,21.8400,48.8900
2010-06-28,22.6500,48.2800
2010-06-29,8.0200,35.3500
2010-06-30,5.4100,31.5200
2010-07-01,5.8200,30.3600
2010-07-02,7.0300,27.1300
2010-07-06,9.6400,28.3400
2010-07-07,23.0900,39.6800
2010-07-08,29.7200,44.3300
2010-07-09,34.5400,48.7900
2010-07-12,35.5400,46.5600
2010-07-13,50.2000,52.4300
2010-07-14,51.6100,52.6300
2010-07-15,52.8100,53.0400
2010-07-16,32.7300,42.7100
2010-07-19,38.5500,46.0600
2010-07-20,47.1900,49.2900
2010-07-21,40.5600,44.0400
2010-07-22,58.6300,54.5500
2010-07-23,66.4700,56.5700
2010-07-26,75.1000,60.6100
2010-07-27,71.8900,58.7900
2010-07-28,68.0700,54.9500
2010-07-29,65.2600,54.1400
2010-07-30,66.4700,53.3300
2010-08-02,75.7000,61.8200
2010-08-03,71.0800,58.3800
2010-08-04,73.4900,61.2100
2010-08-05,72.6900,60.8100
2010-08-06,71.0800,60.2000
2010-08-09,73.9000,61.8200
2010-08-10,70.4800,59.3900
2010-08-11,52.6100,49.2900
2010-08-12,46.5900,47.4700
2010-08-13,43.3700,46.4600
2010-08-16,43.9800,44.5600
2010-08-17,52.6100,50.8100
2010-08-18,55.0200,51.8100
2010-08-19,40.5600,44.7600
2010-08-20,38.3500,43.5500
2010-08-23,35.7400,41.7300
2010-08-24,27.1100,34.2700
2010-08-25,29.8600,35.4800
2010-08-26,26.8500,34.0700
2010-08-27,40.4800,41.7300
2010-08-30,29.8600,35.0800
2010-08-31,30.6600,36.6900
2010-09-01,51.3000,45.3600
2010-09-02,61.1200,48.9900
2010-09-03,72.7500,53.2300
2010-09-07,61.9200,48.1900
2010-09-08,67.7400,51.4100
2010-09-09,70.3400,53.2300
2010-09-10,72.3400,55.6500
2010-09-13,79.7600,60.0800
2010-09-14,78.9600,60.4800
2010-09-15,81.3600,60.8900
2010-09-16,78.3600,60.2800
2010-09-17,76.7500,60.0800
2010-09-20,85.9700,64.9200
2010-09-21,83.3700,64.5200
2010-09-22,76.7500,61.9000
2010-09-23,72.3400,58.4700
2010-09-24,85.7700,67.7400
2010-09-27,81.5600,66.0000
2010-09-28,85.3700,68.6100
2010-09-29,84.3700,68.8100
2010-09-30,83.5700,67.2000
2010-10-01,86.3700,68.4100
2010-10-04,83.3700,66.0000
2010-10-05,91.1800,71.4300
2010-10-06,88.1800,70.2200
2010-10-07,87.1700,69.6200
2010-10-08,89.9800,72.4300
2010-10-11,90.1800,72.0300
2010-10-12,91.5800,74.4500
2010-10-13,93.1900,76.2600
2010-10-14,90.9800,73.4900
2010-10-15,90.7800,73.6900
2010-10-18,91.5800,75.3000
2010-10-19,88.3800,72.2900
2010-10-20,89.1800,74.1000
2010-10-21,89.3800,74.1000
2010-10-22,88.5800,73.4900
2010-10-25,89.1800,74.7000
2010-10-26,86.9700,73.9000
2010-10-27,86.7700,75.1000
2010-10-28,83.1700,74.7000
2010-10-29,82.9700,74.7000
2010-11-01,81.7600,73.9000
2010-11-02,84.5700,75.9000
2010-11-03,84.1700,75.7000
2010-11-04,88.9800,81.7300
2010-11-05,88.7800,83.3300
2010-11-08,87.7800,82.9300
2010-11-09,81.7600,80.7200
2010-11-10,82.3600,80.3200
2010-11-11,81.3600,80.5200
2010-11-12,74.5500,77.7100
2010-11-15,73.5500,76.9100
2010-11-16,61.1200,71.6900
2010-11-17,59.3200,70.6800
2010-11-18,68.7400,73.4900
2010-11-19,69.5400,75.5000
2010-11-22,69.5400,75.3000
2010-11-23,59.5200,71.6900
2010-11-24,67.3300,74.7000
2010-11-26,62.7300,73.0900
2010-11-29,61.7200,72.2900
2010-11-30,57.7200,71.0800
2010-12-01,70.3400,75.1000
2010-12-02,76.7500,80.1200
2010-12-03,77.7600,81.5300
2010-12-06,76.7500,80.5200
2010-12-07,75.3500,80.9200
2010-12-08,75.5500,82.5300
2010-12-09,76.9500,84.1400
2010-12-10,79.7600,85.1400
2010-12-13,80.1600,85.1400
2010-12-14,80.5600,86.7500
2010-12-15,75.7500,84.5400
2010-12-16,78.7600,86.3500
2010-12-17,80.5600,87.1500
2010-12-20,81.8000,88.1800
2010-12-21,83.3700,89.3600
2010-12-22,83.9700,89.7600
2010-12-23,82.9700,89.5600
2010-12-27,81.9600,89.1600
2010-12-28,82.3600,88.7600
2010-12-29,83.9700,88.9600
2010-12-30,83.3700,88.9600
2010-12-31,83.5700,88.7600
2011-01-03,88.3800,89.3600
2011-01-04,84.9400,89.5400
2011-01-05,85.3400,90.3400
2011-01-06,82.5300,91.3500
2011-01-07,81.1200,90.3400
2011-01-10,79.3200,89.9400
2011-01-11,80.1200,90.7400
2011-01-12,83.9400,91.7500
2011-01-13,82.3300,90.9500
2011-01-14,82.7300,92.7600
2011-01-18,84.7400,92.7600
2011-01-19,78.1100,91.1500
2011-01-20,78.9200,91.9500
2011-01-21,76.9100,91.5500
2011-01-24,79.9200,91.7500
2011-01-25,79.3200,91.9500
2011-01-26,79.9200,91.7500
2011-01-27,78.9200,91.9500
2011-01-28,67.4700,88.9300
2011-01-31,69.8800,88.9300
2011-02-01,75.5000,91.1500
2011-02-02,74.9000,90.9500
2011-02-03,76.1000,92.1500
2011-02-04,78.1100,92.7600
2011-02-07,80.1200,92.5600
2011-02-08,81.7300,93.7600
2011-02-09,80.3200,93.9600
2011-02-10,79.3200,93.3600
2011-02-11,82.9300,93.1600
2011-02-14,81.7300,93.3600
2011-02-15,78.9200,93.5600
2011-02-16,83.3300,93.5600
2011-02-17,84.3400,93.7600
2011-02-18,83.9400,93.7600
2011-02-22,72.4900,91.5500
2011-02-23,63.4500,90.7400
2011-02-24,63.4500,90.7400
2011-02-25,70.8800,91.5500
2011-02-28,73.0900,92.1500
2011-03-01,62.3200,91.1500
2011-03-02,63.9300,91.1500
2011-03-03,74.0000,91.9500
2011-03-04,70.2000,91.1500
2011-03-07,63.8000,90.3400
2011-03-08,71.4000,92.5600
2011-03-09,69.4000,92.7600
2011-03-10,55.0000,89.9400
2011-03-11,59.2000,91.3500
2011-03-14,52.8000,89.3400
2011-03-15,40.8000,86.1200
2011-03-16,27.2000,83.1000
2011-03-17,33.0000,85.1100
2011-03-18,38.4000,85.5100
2011-03-21,54.0000,88.1300
2011-03-22,49.2000,87.7300
2011-03-23,50.2000,88.3300
2011-03-24,61.0000,89.7400
2011-03-25,61.8000,89.5400
2011-03-28,60.0000,88.7300
2011-03-29,67.6000,89.9400
2011-03-30,73.4000,91.7700
2011-03-31,71.2000,91.3700
2011-04-01,75.0000,91.3700
2011-04-04,75.0000,92.1700
2011-04-05,75.0000,91.9700
2011-04-06,78.0000,92.5700
2011-04-07,76.0000,92.9700
2011-04-08,70.4000,91.5700
2011-04-11,65.6000,91.1600
2011-04-12,54.4000,90.5600
2011-04-13,55.6000,90.1600
2011-04-14,56.0000,89.9600
2011-04-15,62.0000,90.3600
2011-04-18,49.8000,88.7600
2011-04-19,54.8000,88.9600
2011-04-20,69.2000,90.7600
2011-04-21,72.8000,90.7600
2011-04-25,70.8000,90.9600
2011-04-26,75.2000,92.3700
2011-04-27,78.8000,93.5700
2011-04-28,80.6000,93.5700
2011-04-29,79.8000,93.7800
2011-05-02,78.0000,92.3700
2011-05-03,73.8000,92.5700
2011-05-04,69.4000,91.3700
2011-05-05,64.6000,90.9600
2011-05-06,68.6000,91.3700
2011-05-09,70.2000,90.9600
2011-05-10,76.8000,91.5700
2011-05-11,69.6000,90.3600
2011-05-12,72.6000,90.7600
2011-05-13,64.8000,90.1600
2011-05-16,61.0000,88.9600
2011-05-17,59.2000,88.3500
2011-05-18,64.8000,89.3600
2011-05-19,67.2000,88.5500
2011-05-20,61.6000,86.9500
2011-05-23,50.8000,83.7300
2011-05-24,50.2000,83.7300
2011-05-25,52.4000,84.5400
2011-05-26,54.6000,84.9400
2011-05-27,56.8000,86.1400
2011-05-31,64.6000,87.5500
2011-06-01,48.0000,81.3300
2011-06-02,45.0000,80.7200
2011-06-03,33.2000,77.1100
2011-06-06,25.2000,72.2900
2011-06-07,26.8000,72.4900
2011-06-08,23.6000,69.8800
2011-06-09,27.6000,71.4900
2011-06-10,17.0000,66.2700
2011-06-13,18.8000,64.4600
2011-06-14,26.2000,69.4800
2011-06-15,16.2000,62.8500
2011-06-16,18.6000,62.2500
2011-06-17,21.8000,63.2500
2011-06-20,26.0000,65.4600
2011-06-21,35.4000,69.8800
2011-06-22,30.6000,68.4700
2011-06-23,27.4000,67.6700
2011-06-24,18.8000,63.6500
2011-06-27,27.2000,66.0600
2011-06-28,39.4000,69.6800
2011-06-29,47.4000,72.4900
2011-06-30,57.6000,75.7000
2011-07-01,70.9400,80.2800
2011-07-05,68.3400,78.4700
2011-07-06,68.3400,78.4700
2011-07-07,78.3600,82.0900
2011-07-08,70.5400,77.8700
2011-07-11,51.9000,70.4200
2011-07-12,49.3000,69.0100
2011-07-13,50.7000,70.0200
2011-07-14,40.6800,66.4000
2011-07-15,44.8900,67.2000
2011-07-18,37.6800,62.3700
2011-07-19,51.1000,68.0100
2011-07-20,52.1000,67.8100
2011-07-21,65.7300,73.6400
2011-07-22,65.3300,72.8400
2011-07-25,60.5200,69.6200
2011-07-26,54.5100,66.4000
2011-07-27,37.4700,56.3400
2011-07-28,34.2700,54.7300
2011-07-29,29.6600,52.1100
2011-08-01,26.4500,48.8900
2011-08-02,14.0300,39.2400
2011-08-03,15.2300,38.6300
2011-08-04,3.6100,22.1300
2011-08-05,3.8100,24.1400
2011-08-08,0.4000,8.8500
2011-08-09,3.2100,17.3000
2011-08-10,1.6000,11.2700
2011-08-11,4.4100,20.1200
2011-08-12,5.6100,21.9300
2011-08-15,11.0200,27.7700
2011-08-16,9.8200,25.5500
2011-08-17,10.8200,26.1600
2011-08-18,4.6100,16.3000
2011-08-19,3.0100,14.4900
2011-08-22,3.6100,13.8800
2011-08-23,10.4200,22.3300
2011-08-24,14.0300,25.9600
2011-08-25,8.8200,20.7200
2011-08-26,11.8200,24.7500
2011-08-29,25.0500,31.7900
2011-08-30,26.8500,34.2100
2011-08-31,30.0600,35.0100
2011-09-01,24.4000,32.6000
2011-09-02,15.4000,25.1500
2011-09-06,13.4000,23.9400
2011-09-07,27.2000,31.1900
2011-09-08,23.0000,27.3600
2011-09-09,11.2000,21.9300
2011-09-12,15.2000,23.5400
2011-09-13,20.8000,24.5500
2011-09-14,28.6000,27.7700
2011-09-15,38.8000,32.6000
2011-09-16,43.8000,34.2100
2011-09-19,37.8000,32.3900
2011-09-20,36.4000,30.9900
2011-09-21,25.8000,24.5500
2011-09-22,14.6000,18.9100
2011-09-23,20.0000,20.5200
2011-09-26,27.0000,24.3500
2011-09-27,35.8000,26.7600
2011-09-28,25.2000,21.9300
2011-09-29,29.4000,22.9400
2011-09-30,19.8000,19.1100
2011-10-03,11.0000,14.2600
2011-10-04,18.2000,17.0700
2011-10-05,27.4000,18.8400
2011-10-06,42.4000,23.8500
2011-10-07,39.8000,23.2500
2011-10-10,60.4000,29.4600
2011-10-11,62.4000,29.4600
2011-10-12,72.6000,30.0600
2011-10-13,70.4000,30.4600
2011-10-14,78.9600,32.9300
2011-10-17,65.6000,29.4600
2011-10-18,79.6000,34.0700
2011-10-19,73.6000,32.6700
2011-10-20,75.2000,32.2600
2011-10-21,84.8000,40.6800
2011-10-24,91.8000,44.0900
2011-10-25,83.6000,39.0800
2011-10-26,87.6000,43.8900
2011-10-27,94.2000,54.3100
2011-10-28,93.8000,52.3000
2011-10-31,90.0000,43.6900
2011-11-01,73.5500,36.3500
2011-11-02,80.5600,40.7600
2011-11-03,87.3700,47.7900
2011-11-04,84.9700,46.1800
2011-11-07,86.7700,46.9900
2011-11-08,89.3800,51.0000
2011-11-09,73.3500,39.1600
2011-11-10,77.5600,41.9700
2011-11-11,85.5700,47.7900
2011-11-14,81.1600,45.9800
2011-11-15,81.9600,47.3900
2011-11-16,73.9500,41.7700
2011-11-17,61.3200,34.7400
2011-11-18,58.1200,34.7400
2011-11-21,46.4900,29.7200
2011-11-22,39.2800,27.3100
2011-11-23,21.4400,21.6900
2011-11-25,21.6400,20.8800
2011-11-28,44.0900,28.3100
2011-11-29,47.2900,30.5200
2011-11-30,79.5600,44.5800
2011-12-01,77.3100,44.4700
2011-12-02,76.5100,44.2700
2011-12-05,82.7300,48.8900
2011-12-06,80.4800,48.1900
2011-12-07,79.4800,49.1900
2011-12-08,63.3800,40.7300
2011-12-09,73.4400,48.7900
2011-12-12,62.9000,42.0200
2011-12-13,49.8000,37.9800
2011-12-14,39.1100,35.3500
2011-12-15,43.7500,37.7800
2011-12-16,44.6500,38.6600
2011-12-19,35.3500,35.2200
2011-12-20,56.5700,43.3200
2011-12-21,59.5100,45.6400
2011-12-22,64.8500,47.6700
2011-12-23,69.2900,50.7100
2011-12-27,70.5100,51.9300
2011-12-28,59.8000,47.2600
2011-12-29,65.6600,50.9100
2011-12-30,62.8300,49.7000
2012-01-03,73.2300,55.1900
2012-01-04,73.2300,54.7900
2012-01-05,74.6500,55.1900
2012-01-06,72.6200,56.0100
2012-01-09,76.0600,56.2100
2012-01-10,82.1500,62.3200
2012-01-11,80.7300,63.1400
2012-01-12,81.5400,62.7300
2012-01-13,77.6900,60.9000
2012-01-17,79.3100,62.9300
2012-01-18,85.8000,66.1900
2012-01-19,87.0200,69.2500
2012-01-20,86.8200,70.2600
2012-01-23,87.0200,69.8600
2012-01-24,86.4100,69.8600
2012-01-25,88.2400,73.7300
2012-01-26,85.6000,72.3000
2012-01-27,84.3800,72.1000
2012-01-30,81.5400,70.0600
2012-01-31,80.5300,70.0600
2012-02-01,83.7700,74.3400
2012-02-02,85.4000,76.5800
2012-02-03,89.2500,79.4300
2012-02-06,88.6400,79.6300
2012-02-07,88.6400,79.2300
2012-02-08,87.6300,80.6500
2012-02-09,87.0200,79.8400
2012-02-10,82.9600,79.4300
2012-02-13,84.0400,79.8400
2012-02-14,83.2300,78.8200
2012-02-15,80.2000,79.4300
2012-02-16,84.8500,83.1000
2012-02-17,86.6900,82.8900
2012-02-21,85.0800,82.6900
2012-02-22,81.6500,82.6900
2012-02-23,82.9300,83.5000
2012-02-24,83.5300,83.5000
2012-02-27,82.7300,84.7300
2012-02-28,80.5200,83.1000
2012-02-29,76.7500,81.6700
2012-03-01,81.3600,82.6900
2012-03-02,77.9600,83.1000
2012-03-05,73.5500,81.8700
2012-03-06,58.1200,78.2100
2012-03-07,64.3300,79.4300
2012-03-08,74.3500,82.0800
2012-03-09,76.3500,82.8900
2012-03-12,75.9500,82.6900
2012-03-13,84.3400,85.9200
2012-03-14,80.8000,85.1300
2012-03-15,83.6000,85.7400
2012-03-16,83.2000,86.7600
2012-03-19,84.4000,87.5800
2012-03-20,81.2000,87.1700
2012-03-21,78.2000,85.9500
2012-03-22,70.2000,84.1100
2012-03-23,71.8000,85.3400
2012-03-26,81.0000,87.9800
2012-03-27,78.4000,87.5800
2012-03-28,73.4000,86.3500
2012-03-29,72.8000,85.5400
2012-03-30,74.4000,86.1500
2012-04-02,79.3200,86.7100
2012-04-03,74.7000,85.8900
2012-04-04,65.1300,84.6900
2012-04-05,60.7200,84.0800
2012-04-09,48.3000,81.2600
2012-04-10,31.2600,76.3700
2012-04-11,39.2800,78.8200
2012-04-12,50.9000,82.8900
2012-04-13,40.2800,79.8400
2012-04-16,41.2800,78.8200
2012-04-17,55.9100,81.8700
2012-04-18,50.7000,80.8600
2012-04-19,47.0900,80.0400
2012-04-20,50.3000,80.8600
2012-04-23,40.4800,78.8200
2012-04-24,44.2900,78.6200
2012-04-25,54.5100,81.4700
2012-04-26,58.9200,82.0800
2012-04-27,60.5200,82.4800
2012-04-30,58.3200,81.8700
2012-05-01,62.2500,84.2900
2012-05-02,57.6300,83.6700
2012-05-03,51.4100,80.4100
2012-05-04,41.7700,76.1200
2012-05-07,41.1600,76.1200
2012-05-08,39.3600,74.9000
2012-05-09,34.1400,72.6500
2012-05-10,37.3500,72.6500
2012-05-11,35.5400,71.0200
2012-05-14,29.3200,68.3700
2012-05-15,26.9100,65.3100
2012-05-16,25.7000,61.6300
2012-05-17,16.2700,57.1400
2012-05-18,13.8600,53.4700
2012-05-21,18.8800,59.3900
2012-05-22,19.7200,59.7100
2012-05-23,21.7300,60.7400
2012-05-24,24.5500,60.3300
2012-05-25,24.3000,60.6100
2012-05-29,30.5200,65.1000
2012-05-30,21.2900,57.3500
2012-05-31,21.8900,55.7100
2012-06-01,12.8800,46.6300
2012-06-04,13.2800,45.1900
2012-06-05,14.6900,47.0300
2012-06-06,24.7500,55.6200
2012-06-07,24.3500,56.0300
2012-06-08,30.5800,57.8700
2012-06-11,23.3400,53.7800
2012-06-12,31.2600,57.0600
2012-06-13,28.0600,52.7600
2012-06-14,35.6700,55.2100
2012-06-15,43.2900,59.5100
2012-06-18,45.0900,59.3000
2012-06-19,54.3100,65.4400
2012-06-20,53.7100,65.4400
2012-06-21,38.2800,55.2100
2012-06-22,44.6900,57.4600
2012-06-25,32.4600,52.5600
2012-06-26,35.3400,53.6900
2012-06-27,43.3700,56.9700
2012-06-28,43.1700,55.7400
2012-06-29,64.2600,64.7500
2012-07-02,63.6500,64.9600
2012-07-03,71.0800,66.6000
2012-07-05,69.0800,65.5700
2012-07-06,59.8400,61.8900
2012-07-09,57.6300,60.4500
2012-07-10,52.4100,58.4000
2012-07-11,53.0100,58.2000
2012-07-12,48.5900,54.9200
2012-07-13,60.4400,60.6600
2012-07-16,57.6300,59.2200
2012-07-17,63.0500,60.2500
2012-07-18,69.2800,63.5200
2012-07-19,73.9000,65.1600
2012-07-20,65.0600,59.4300
2012-07-23,57.6300,55.9400
2012-07-24,49.2000,53.0700
2012-07-25,49.8000,53.2800
2012-07-26,63.0500,58.6100
2012-07-27,75.2500,65.7100
2012-07-30,72.8400,64.1400
2012-07-31,71.8900,62.3700
2012-08-01,68.0700,60.9400
2012-08-02,61.8500,56.0300
2012-08-03,74.7000,63.8000
2012-08-06,76.9100,65.6400
2012-08-07,80.5200,71.1700
2012-08-08,80.3200,71.1700
2012-08-09,79.5200,72.8000
2012-08-10,80.7600,70.5500
2012-08-13,79.1600,70.1400
2012-08-14,77.1500,69.5300
2012-08-15,76.9500,70.3500
2012-08-16,79.7600,73.2100
2012-08-17,81.3600,74.0300
2012-08-20,80.3600,73.6200
2012-08-21,77.9600,74.2300
2012-08-22,75.1500,73.2100
2012-08-23,69.3400,68.7100
2012-08-24,73.5500,71.1700
2012-08-27,71.5400,68.9200
2012-08-28,70.7400,67.6900
2012-08-29,72.9500,69.7300
2012-08-30,68.7400,66.4600
2012-08-31,71.5400,68.1000
2012-09-04,71.1400,67.6900
2012-09-05,69.2000,67.0800
2012-09-06,82.0000,74.8500
2012-09-07,84.2000,77.3000
2012-09-10,79.6000,75.2600
2012-09-11,80.4000,76.6900
2012-09-12,81.4000,77.1000
2012-09-13,85.4000,81.3900
2012-09-14,86.4000,82.4100
2012-09-17,85.6000,80.4500
2012-09-18,85.4000,79.6300
2012-09-19,84.4000,78.2100
2012-09-20,83.6000,78.2100
2012-09-21,82.0000,77.6400
2012-09-24,81.0000,76.4200
2012-09-25,71.4000,73.3700
2012-09-26,65.2000,69.6400
2012-09-27,71.6000,73.4800
2012-09-28,69.0000,71.8600
2012-10-01,69.5400,71.6000
2012-10-02,68.4700,71.8100
2012-10-03,69.0800,70.9900
2012-10-04,73.2900,74.6500
2012-10-05,72.4900,74.6500
2012-10-08,71.6900,73.8300
2012-10-09,64.8600,69.9800
2012-10-10,57.2300,68.1500
2012-10-11,59.6400,69.5700
2012-10-12,53.2100,67.7500
2012-10-15,59.2400,70.7900
2012-10-16,69.6800,74.4900
2012-10-17,72.6900,74.9000
2012-10-18,69.8800,74.2900
2012-10-19,58.0300,70.4500
2012-10-22,56.0200,69.0300
2012-10-23,43.3700,65.9900
2012-10-24,39.1600,63.5600
2012-10-25,45.3800,64.9800
2012-10-26,45.7800,63.9700
2012-10-31,48.8000,64.3700
2012-11-01,54.4200,68.2200
2012-11-02,49.8000,65.3800
2012-11-05,47.3900,65.1800
2012-11-06,54.4200,69.4300
2012-11-07,38.5500,61.1300
2012-11-08,30.9200,54.2500
2012-11-09,31.3300,55.4700
2012-11-12,31.5300,55.4700
2012-11-13,29.3200,53.8500
2012-11-14,22.6900,47.9800
2012-11-15,22.0900,47.5700
2012-11-16,22.6900,50.8100
2012-11-19,34.7400,56.2800
2012-11-20,37.7500,58.5000
2012-11-21,39.1600,58.9100
2012-11-23,51.0000,64.3700
2012-11-26,50.2000,62.7500
2012-11-27,47.9900,60.5300
2012-11-28,54.6000,64.5700
2012-11-29,56.2000,65.9900
2012-11-30,58.8000,66.4000
2012-12-03,54.8000,64.3700
2012-12-04,54.4000,63.7700
2012-12-05,59.4000,67.4100
2012-12-06,64.0000,67.0000
2012-12-07,66.6000,68.8300
2012-12-10,67.0000,69.6400
2012-12-11,69.4000,72.2700
2012-12-12,74.2000,72.2700
2012-12-13,67.8000,69.8400
2012-12-14,62.8000,69.6400
2012-12-17,74.0000,74.4900
2012-12-18,82.3600,78.5000
2012-12-19,78.5100,77.0300
2012-12-20,80.9200,78.6600
2012-12-21,77.1100,75.6100
2012-12-24,75.5000,73.1700
2012-12-26,67.4700,70.5300
2012-12-27,67.0700,71.3400
2012-12-28,57.4300,66.8700
2012-12-31,73.2900,74.1900
2013-01-02,88.5300,80.8600
2013-01-03,87.9300,81.6700
2013-01-04,90.1400,83.3000
2013-01-07,87.9300,81.0600
2013-01-08,85.7100,79.6300
2013-01-09,85.9200,79.8400
2013-01-10,88.1300,83.5000
2013-01-11,87.9300,83.3000
2013-01-14,88.5300,82.6900
2013-01-15,90.7400,83.7100
2013-01-16,88.9300,83.5000
2013-01-17,90.3400,84.1800
2013-01-18,90.7400,85.6000
2013-01-22,93.5600,87.0200
2013-01-23,91.5500,86.8200
2013-01-24,92.3500,87.8300
2013-01-25,92.7600,88.4400
2013-01-28,91.1500,87.2200
2013-01-29,91.9500,88.2400
2013-01-30,90.1400,87.4200
2013-01-31,87.9300,87.6300
2013-02-01,90.7400,88.6400
2013-02-04,86.3200,85.8000
2013-02-05,89.5400,87.4200
2013-02-06,89.3400,87.8300
2013-02-07,88.1300,87.6300
2013-02-08,89.5400,88.8400
2013-02-11,88.1300,88.4400
2013-02-12,88.5300,88.8400
2013-02-13,87.5300,88.8400
2013-02-14,85.9200,87.4200
2013-02-15,85.3100,86.8200
2013-02-19,85.9200,88.6400
2013-02-20,80.4800,86.6100
2013-02-21,74.1000,85.1900
2013-02-22,77.9100,86.0000
2013-02-25,60.6400,82.9600
2013-02-26,65.4600,83.5700
2013-02-27,75.5000,86.2100
2013-02-28,74.1000,86.0000
2013-03-01,74.9500,86.8200
2013-03-04,74.8000,86.2100
2013-03-05,79.6000,87.8300
2013-03-06,80.2000,87.6300
2013-03-07,81.6000,88.0300
2013-03-08,84.2000,88.6400
2013-03-11,85.2000,88.6400
2013-03-12,84.6000,88.4400
2013-03-13,84.4000,88.6400
2013-03-14,85.0000,89.6600
2013-03-15,83.6000,89.2500
2013-03-18,80.0000,88.8400
2013-03-19,75.6000,88.0300
2013-03-20,80.6000,88.6600
2013-03-21,72.4000,88.0600
2013-03-22,75.6000,88.2600
2013-03-25,71.2000,88.6600
2013-03-26,76.8000,88.8700
2013-03-27,76.4000,88.8700
2013-03-28,80.0000,90.0800
2013-04-01,74.2000,89.0700
2013-04-02,72.6000,88.6600
2013-04-03,64.2000,86.6400
2013-04-04,66.2000,87.6500
2013-04-05,63.0000,87.8500
2013-04-08,69.0000,88.8700
2013-04-09,71.2000,88.4600
2013-04-10,79.8000,90.8900
2013-04-11,82.0000,91.3000
2013-04-12,77.6000,90.8900
2013-04-15,56.4000,86.0600
2013-04-16,64.0000,87.4700
2013-04-17,54.4000,84.2400
2013-04-18,47.6000,84.0400
2013-04-19,52.2000,83.8400
2013-04-22,54.4000,85.0500
2013-04-23,63.6000,86.0600
2013-04-24,67.8000,87.6800
2013-04-25,72.6000,88.6900
2013-04-26,66.4000,87.8800
2013-04-29,72.4000,88.0800
2013-04-30,73.8000,88.6900
2013-05-01,66.8000,87.4700
2013-05-02,72.4000,89.2900
2013-05-03,81.0000,91.1100
2013-05-06,84.4000,91.9200
2013-05-07,86.5700,92.5100
2013-05-08,88.5800,92.9100
2013-05-09,86.8000,93.1300
2013-05-10,89.4000,93.9400
2013-05-13,87.0000,93.3300
2013-05-14,91.2000,93.7400
2013-05-15,91.8000,93.7400
2013-05-16,90.4000,93.5400
2013-05-17,93.4000,93.9400
2013-05-20,92.4000,94.1400
2013-05-21,92.2000,94.3400
2013-05-22,87.0000,93.3300
2013-05-23,83.2000,93.3300
2013-05-24,80.4000,93.1300
2013-05-28,82.0000,92.7300
2013-05-29,75.2000,91.7200
2013-05-30,76.4000,91.9200
2013-05-31,68.4000,90.1000
2013-06-03,69.0000,90.5100
2013-06-04,66.0000,89.2900
2013-06-05,53.2000,88.0800
2013-06-06,59.5200,89.8800
2013-06-07,68.1400,91.0900
2013-06-10,66.5300,90.4900
2013-06-11,59.5200,87.2500
2013-06-12,51.1000,85.2200
2013-06-13,65.1300,88.6600
2013-06-14,59.7200,88.8700
2013-06-17,66.5300,89.6800
2013-06-18,71.5400,90.8900
2013-06-19,57.9200,87.0400
2013-06-20,36.2700,78.1400
2013-06-21,36.6700,79.1500
2013-06-24,27.9100,76.4700
2013-06-25,35.5400,79.9200
2013-06-26,42.9700,82.1500
2013-06-27,48.3900,85.4000
2013-06-28,46.4900,84.9900
2013-07-01,50.8000,85.1600
2013-07-02,50.4000,84.9600
2013-07-03,49.2000,83.7400
2013-07-05,59.2400,84.8200
2013-07-08,63.8600,85.0200
2013-07-09,68.4700,86.8400
2013-07-10,69.2800,86.6400
2013-07-11,81.7300,90.6900
2013-07-12,81.5300,91.7000
2013-07-15,82.7000,91.8900
2013-07-16,79.6800,91.6800
2013-07-17,81.6900,91.0800
2013-07-18,84.3100,91.0800
2013-07-19,84.3100,91.4800
2013-07-22,83.9000,91.4800
2013-07-23,83.9000,91.6800
2013-07-24,78.6700,90.2600
2013-07-25,80.8900,91.2800
2013-07-26,79.6800,90.8700
2013-07-29,77.3100,89.4500
2013-07-30,77.5100,89.6600
2013-07-31,78.5100,89.6600
2013-08-01,83.5300,90.0600
2013-08-02,82.3300,89.6600
2013-08-05,82.9300,88.8400
2013-08-06,79.3200,88.8400
2013-08-07,75.1000,88.8400
2013-08-08,79.1200,88.6400
2013-08-09,77.5100,89.6600
2013-08-12,74.5000,88.2400
2013-08-13,75.9000,87.8300
2013-08-14,71.2900,87.6300
2013-08-15,58.4300,83.5700
2013-08-16,52.4100,82.3500
2013-08-19,47.3900,78.5000
2013-08-20,54.0200,81.1400
2013-08-21,45.9800,79.3100
2013-08-22,56.2200,81.5400
2013-08-23,58.6300,82.7600
2013-08-26,53.2100,81.7400
2013-08-27,34.7400,77.0800
2013-08-28,35.8700,77.0800
2013-08-29,39.0800,77.4800
2013-08-30,31.4600,75.6600
2013-09-03,38.4800,76.0600
2013-09-04,47.9000,78.3000
2013-09-05,48.3000,78.3000
2013-09-06,48.7000,78.7000
2013-09-09,58.3200,80.9300
2013-09-10,63.9300,82.1500
2013-09-11,68.7400,83.7700
2013-09-12,64.3300,81.5400
2013-09-13,65.1300,82.5600
2013-09-16,71.9400,83.7700
2013-09-17,73.7500,84.7900
2013-09-18,83.0000,88.6400
2013-09-19,80.4000,88.0300
2013-09-20,73.6000,85.8000
2013-09-23,68.6000,84.9900
2013-09-24,66.8000,83.3700
2013-09-25,66.2000,81.9800
2013-09-26,68.4000,83.0000
2013-09-27,63.0000,80.5700
2013-09-30,58.0000,78.7400
2013-10-01,65.2000,80.5700
2013-10-02,65.2000,80.5700
2013-10-03,53.8000,78.7900
2013-10-04,60.8000,78.8300
2013-10-07,52.6000,77.8200
2013-10-08,38.2000,75.0000
2013-10-09,38.2000,75.0000
2013-10-10,66.6000,80.6500
2013-10-11,74.4000,81.6500
2013-10-14,76.4000,82.2600
2013-10-15,67.6000,78.6300
2013-10-16,79.2000,83.2700
2013-10-17,83.8000,85.4800
2013-10-18,84.0000,85.8900
2013-10-21,84.1700,85.2500
2013-10-22,87.1700,87.0700
2013-10-23,82.5700,85.2500
2013-10-24,84.1700,84.6500
2013-10-25,84.5700,86.4600
2013-10-28,85.1700,86.2600
2013-10-29,85.5700,86.6700
2013-10-30,83.1700,85.8600
2013-10-31,80.3600,84.4400
2013-11-01,80.1600,84.0400
2013-11-04,81.1600,85.2500
2013-11-05,78.7600,84.2400
2013-11-06,79.7600,85.4500
2013-11-07,69.7400,83.6400
2013-11-08,76.7500,84.0400
2013-11-11,76.5500,84.2400
2013-11-12,74.3500,83.0300
2013-11-13,77.9600,84.6500
2013-11-14,80.9600,85.4800
2013-11-15,82.9700,85.6900
2013-11-18,80.9600,85.0800
2013-11-19,77.5600,84.2700
2013-11-20,74.3500,82.8600
2013-11-21,77.9600,83.8700
2013-11-22,78.3600,84.6800
2013-11-25,77.1500,84.0700
2013-11-26,76.1500,82.4600
2013-11-27,76.1500,82.4600
2013-11-29,75.3500,83.0600
2013-12-02,72.8900,81.8200
2013-12-03,69.6800,81.8200
2013-12-04,67.8700,81.6200
2013-12-05,66.4700,80.8100
2013-12-06,74.1000,82.4200
2013-12-09,74.0400,83.0000
2013-12-10,70.2800,80.8100
2013-12-11,59.6400,78.5900
2013-12-12,53.6100,77.5800
2013-12-13,54.2200,76.5700
2013-12-16,58.0300,78.3800
2013-12-17,54.2200,77.3700
2013-12-18,68.8800,81.2100
2013-12-19,66.4700,80.8100
2013-12-20,72.0900,82.0200
2013-12-23,74.7000,83.0300
2013-12-24,76.1000,84.0400
2013-12-26,76.7100,84.0400
2013-12-27,77.7100,84.2400
2013-12-30,78.9200,85.0500
2013-12-31,79.7600,85.4500
2014-01-02,72.9500,82.4200
2014-01-03,71.9400,81.8200
2014-01-06,68.3400,81.4100
2014-01-07,72.9500,82.0200
2014-01-08,68.5400,80.4000
2014-01-09,69.5400,81.2100
2014-01-10,74.9500,83.0300
2014-01-13,62.7300,78.9900
2014-01-14,69.1400,81.0100
2014-01-15,70.5400,81.0100
2014-01-16,70.3400,81.2100
2014-01-17,65.9300,79.6000
2014-01-21,67.9400,81.2100
2014-01-22,70.1400,81.2100
2014-01-23,59.5200,77.5800
2014-01-24,38.2800,70.5100
2014-01-27,36.8700,70.5100
2014-01-28,42.0800,72.9300
2014-01-29,33.8700,69.9000
2014-01-30,44.6000,74.1400
2014-01-31,40.2000,71.9200
2014-02-03,25.2000,61.6200
2014-02-04,30.4000,65.8600
2014-02-05,29.6000,65.6600
2014-02-06,36.4000,69.7000
2014-02-07,44.8000,74.3400
2014-02-10,46.2000,74.9500
2014-02-11,55.0000,77.5800
2014-02-12,56.4000,77.5800
2014-02-13,60.6000,78.5900
2014-02-14,64.4000,80.2000
2014-02-18,66.2000,79.8000
2014-02-19,59.6000,78.1800
2014-02-20,65.2000,79.8000
2014-02-21,63.2000,80.0000
2014-02-24,67.8000,81.0100
2014-02-25,67.2000,80.8100
2014-02-26,67.6000,81.2100
2014-02-27,70.0000,82.2200
2014-02-28,74.0000,82.8300
2014-03-03,66.8000,80.6100
2014-03-04,77.4000,83.4300
2014-03-05,78.0000,82.8300
2014-03-06,81.6000,82.8300
2014-03-07,81.6000,83.4300
2014-03-10,80.4000,84.0400
2014-03-11,78.2000,82.8300
2014-03-12,77.2000,82.6300
2014-03-13,68.0000,81.4100
2014-03-14,67.6000,79.8000
2014-03-17,74.8000,81.6200
2014-03-18,80.8000,82.4200
2014-03-19,74.8000,81.6200
2014-03-20,76.2000,81.6200
2014-03-21,75.6000,82.2600
2014-03-24,69.4000,82.0600
2014-03-25,71.6000,82.4600
2014-03-26,64.0000,81.0500
2014-03-27,61.2000,80.4400
2014-03-28,68.6000,82.6600
2014-03-31,76.6000,84.4800
2014-04-01,83.2000,85.8900
2014-04-02,84.2000,86.9000
2014-04-03,82.6000,87.9300
2014-04-04,74.8000,85.3100
2014-04-07,60.2000,80.6800
2014-04-08,62.6000,83.3000
2014-04-09,70.4000,85.3100
2014-04-10,50.2000,78.6700
2014-04-11,39.2000,73.0400
2014-04-14,43.8000,75.0500
2014-04-15,47.6000,78.0700
2014-04-16,55.0000,80.2800
2014-04-17,56.2000,82.0900
2014-04-21,59.0000,83.1000
2014-04-22,61.6000,83.9000
2014-04-23,60.6000,83.1000
2014-04-24,61.6000,82.4900
2014-04-25,53.8000,79.2800
2014-04-28,54.0000,77.4600
2014-04-29,56.4000,78.9200
2014-04-30,58.8000,80.3200
2014-05-01,58.3200,80.8900
2014-05-02,59.1200,80.2800
2014-05-05,58.3200,81.0900
2014-05-06,50.5000,78.6700
2014-05-07,57.2300,79.0300
2014-05-08,58.5200,79.6800
2014-05-09,59.1200,80.8900
2014-05-12,69.3400,84.1000
2014-05-13,68.1400,83.5000
2014-05-14,62.1200,81.4900
2014-05-15,53.9100,77.6700
2014-05-16,56.5100,78.4700
2014-05-19,56.9100,79.6800
2014-05-20,49.5000,77.0600
2014-05-21,54.9100,79.6800
2014-05-22,60.3200,80.8900
2014-05-23,65.5300,81.8900
2014-05-27,73.5500,82.9000
2014-05-28,71.5400,82.9000
2014-05-29,77.1500,84.1000
2014-05-30,78.5600,83.9000
2014-06-02,79.7600,84.7100
2014-06-03,79.1600,84.5100
2014-06-04,80.5600,85.1100
2014-06-05,86.7700,85.9200
2014-06-06,88.6000,87.9300
2014-06-09,86.6000,88.5300
2014-06-10,84.2000,87.7300
2014-06-11,81.4000,86.7200
2014-06-12,76.4000,85.1100
2014-06-13,79.2000,86.9200
2014-06-16,80.0000,85.9200
2014-06-17,83.6000,87.5300
2014-06-18,88.8000,88.7300
2014-06-19,87.8000,87.9300
2014-06-20,88.6000,88.1300
2014-06-23,86.8000,88.1300
2014-06-24,81.8000,87.3200
2014-06-25,81.8000,87.1200
2014-06-26,80.0000,86.1200
2014-06-27,81.2400,85.9200
2014-06-30,80.2400,86.1200
2014-07-01,84.8300,87.7300
2014-07-02,83.2300,87.9300
2014-07-03,85.4300,90.3400
2014-07-07,81.8400,89.3400
2014-07-08,79.6400,87.3200
2014-07-09,81.0400,87.5300
2014-07-10,76.2500,85.5100
2014-07-11,76.8500,85.1100
2014-07-14,77.6400,86.3200
2014-07-15,75.2500,86.3200
2014-07-16,76.2500,86.5200
2014-07-17,62.8700,82.7000
2014-07-18,71.2600,85.9200
2014-07-21,68.6600,84.3100
2014-07-22,71.2600,84.9100
2014-07-23,70.4600,85.3100
2014-07-24,69.2600,85.9200
2014-07-25,64.8700,82.4900
2014-07-28,62.8700,82.4900
2014-07-29,57.2900,79.8800
2014-07-30,54.8900,79.2800
2014-07-31,34.3300,69.8200
2014-08-01,30.1400,68.4100
2014-08-04,38.3200,71.0300
2014-08-05,27.9400,66.6000
2014-08-06,28.7400,67.4700
2014-08-07,23.1100,64.5300
2014-08-08,35.2600,72.5500
2014-08-11,38.8400,73.7500
2014-08-12,35.0600,72.1400
2014-08-13,41.2400,73.7500
2014-08-14,47.8100,75.7500
2014-08-15,47.2100,74.7500
2014-08-18,55.9800,78.1600
2014-08-19,61.3500,81.3600
2014-08-20,65.3400,82.5700
2014-08-21,67.9300,83.7700
2014-08-22,64.3400,82.9700
2014-08-25,68.5300,84.7700
2014-08-26,67.3300,83.3700
2014-08-27,69.7200,83.7700
2014-08-28,69.7200,83.7700
2014-08-29,72.1100,84.7700
2014-09-02,71.3100,83.9700
2014-09-03,72.3100,83.5700
2014-09-04,69.7200,83.4000
2014-09-05,73.7100,85.0000
2014-09-08,69.3200,82.4000
2014-09-09,63.9400,79.4000
2014-09-10,64.1400,80.6000
2014-09-11,65.7400,81.2000
2014-09-12,55.1800,77.6000
2014-09-15,55.9800,77.0000
2014-09-16,63.1500,78.2000
2014-09-17,61.3500,79.6000
2014-09-18,63.5500,81.2000
2014-09-19,62.1500,78.6000
2014-09-22,54.5800,74.2000
2014-09-23,48.4100,69.8000
2014-09-24,54.5800,74.0000
2014-09-25,38.6500,66.4000
2014-09-26,44.2200,69.2000
2014-09-29,42.8300,68.6000
2014-09-30,39.6400,67.0000
2014-10-01,30.6800,61.4000
2014-10-02,32.4700,61.0000
2014-10-03,41.4300,66.0000
2014-10-06,39.4400,62.6000
2014-10-07,26.8900,54.0000
2014-10-08,39.4400,60.6000
2014-10-09,28.8800,53.6000
2014-10-10,24.1000,47.0000
2014-10-13,16.3300,41.4000
2014-10-14,18.7300,41.2000
2014-10-15,13.9400,39.8000
2014-10-16,13.5500,40.2000
2014-10-17,19.7200,44.2000
2014-10-20,27.2900,49.2000
2014-10-21,42.0300,59.2000
2014-10-22,36.4500,54.2000
2014-10-23,44.0200,58.8000
2014-10-24,52.7900,63.0000
2014-10-27,52.3900,62.2000
2014-10-28,60.1600,68.0000
2014-10-29,59.3600,67.2000
2014-10-30,65.5400,69.2000
2014-10-31,74.5000,73.8000
2014-11-03,75.5000,72.8000
2014-11-04,71.7100,71.8000
2014-11-05,75.5000,73.6000
2014-11-06,78.4900,76.8000
2014-11-07,79.4800,76.2000
2014-11-10,79.4800,77.2000
2014-11-11,81.4700,76.4000
2014-11-12,81.0800,76.6000
2014-11-13,79.8800,75.8000
2014-11-14,81.2700,75.2000
2014-11-17,82.0700,75.6000
2014-11-18,84.2600,77.0000
2014-11-19,83.8600,76.0000
2014-11-20,86.6500,77.2000
2014-11-21,88.0500,79.4000
2014-11-24,88.4500,79.8000
2014-11-25,87.8500,79.8000
2014-11-26,87.4500,79.0000
2014-11-28,83.6700,77.4000
2014-12-01,80.0800,76.2000
2014-12-02,82.2700,77.2000
2014-12-03,83.6700,80.0000
2014-12-04,82.4700,79.2000
2014-12-05,83.2700,79.4000
2014-12-08,81.0800,77.0000
2014-12-09,79.4800,77.2000
2014-12-10,73.1100,73.0000
2014-12-11,73.9000,74.0000
2014-12-12,65.7400,68.6000
2014-12-15,60.3600,67.4000
2014-12-16,55.3800,65.0000
2014-12-17,67.1300,70.6000
2014-12-18,78.4900,76.0000
2014-12-19,81.4700,76.8000
2014-12-22,83.0700,76.8000
2014-12-23,83.4700,78.2000
2014-12-24,83.2700,77.8000
2014-12-26,83.8600,79.0000
2014-12-29,84.2600,78.8000
2014-12-30,81.4700,77.8000
2014-12-31,74.6500,76.9500
2015-01-02,73.0500,76.3500
2015-01-05,50.9000,71.5400
2015-01-06,36.7300,67.9400
2015-01-07,49.1000,70.3400
2015-01-08,63.6700,74.1500
2015-01-09,54.8900,71.2000
2015-01-12,47.1100,69.0000
2015-01-13,45.7100,67.6000
2015-01-14,41.3200,64.6000
2015-01-15,34.1300,61.4000
2015-01-16,43.5100,64.6000
2015-01-20,43.3100,65.0000
2015-01-21,46.7100,67.8000
2015-01-22,59.6800,71.0000
2015-01-23,54.0900,69.0000
2015-01-26,57.2900,69.4000
2015-01-27,47.3100,65.8000
2015-01-28,39.5200,63.2000
2015-01-29,44.9100,65.6000
2015-01-30,35.7300,62.4000
2015-02-02,43.5100,65.0700
2015-02-03,60.2800,69.4600
2015-02-04,55.4900,68.2600
2015-02-05,64.6700,69.6600
2015-02-06,62.4800,71.0600
2015-02-09,57.2900,70.2600
2015-02-10,65.6700,72.2600
2015-02-11,64.0700,72.0600
2015-02-12,71.0600,74.4500
2015-02-13,72.6500,75.8500
2015-02-17,74.4500,76.6500
2015-02-18,75.2500,75.4500
2015-02-19,73.4500,76.0500
2015-02-20,77.2500,77.6400
2015-02-23,76.2500,75.8500
2015-02-24,76.6500,77.4500
2015-02-25,75.0500,77.0500
2015-02-26,71.8600,76.0500
2015-02-27,70.6600,76.0500
2015-03-02,72.8500,76.6500
2015-03-03,70.8600,76.0500
2015-03-04,66.0700,74.8500
2015-03-05,67.2700,73.6500
2015-03-06,57.8800,68.8600
2015-03-09,59.4800,68.6600
2015-03-10,44.7100,65.8700
2015-03-11,46.5100,65.2700
2015-03-12,56.2900,68.4600
2015-03-13,51.3900,65.8700
2015-03-16,60.9600,68.6600
2015-03-17,57.4000,67.3300
2015-03-18,67.6600,71.2000
2015-03-19,62.8700,69.4000
2015-03-20,70.4600,73.0000
2015-03-23,68.5300,73.8500
2015-03-24,64.1400,71.0600
2015-03-25,50.0000,67.2700
2015-03-26,49.2000,65.4700
2015-03-27,52.7900,65.8700
2015-03-30,64.7400,70.0600
2015-03-31,56.7700,67.6600
2015-04-01,51.3900,67.2700
2015-04-02,56.1800,68.4600
2015-04-06,64.9400,70.2600
2015-04-07,59.3600,69.2600
2015-04-08,61.1600,69.8600
2015-04-09,63.1500,70.8600
2015-04-10,65.5400,71.6600
2015-04-13,60.1600,69.8600
2015-04-14,59.1600,72.0600
2015-04-15,62.9500,74.2500
2015-04-16,61.1600,73.2500
2015-04-17,44.4200,70.2600
2015-04-20,54.7800,72.0600
2015-04-21,54.1800,71.4600
2015-04-22,58.1700,72.8500
2015-04-23,60.5600,74.6500
2015-04-24,59.1600,74.6500
2015-04-27,52.7900,72.0600
2015-04-28,54.3800,73.8500
2015-04-29,48.6100,74.0500
2015-04-30,41.0400,69.2600
2015-05-01,50.4000,73.8500
2015-05-04,56.9700,74.4500
2015-05-05,44.2200,67.6600
2015-05-06,39.6400,66.8700
2015-05-07,43.6300,67.4700
2015-05-08,56.3700,71.6600
2015-05-11,53.1900,68.6600
2015-05-12,48.9000,68.0000
2015-05-13,48.6100,69.2600
2015-05-14,59.9600,71.4600
2015-05-15,62.7500,73.0500
2015-05-18,64.9400,73.8500
2015-05-19,63.7500,73.2500
2015-05-20,63.5500,72.8500
2015-05-21,64.7400,73.8500
2015-05-22,62.1500,71.8600
2015-05-26,49.0000,67.4700
2015-05-27,57.1700,69.4600
2015-05-28,56.1800,69.6600
2015-05-29,47.8100,66.2700
2015-06-01,49.8000,67.0700
2015-06-02,49.6000,65.6700
2015-06-03,50.8000,64.4700
2015-06-04,42.2300,59.2800
2015-06-05,42.0300,59.0800
2015-06-08,36.2500,57.2900
2015-06-09,34.3300,56.6000
2015-06-10,46.0200,61.2800
2015-06-11,47.8100,61.8800
2015-06-12,41.6300,59.0000
2015-06-15,37.0500,57.2000
2015-06-16,40.4400,59.4000
2015-06-17,42.8300,60.2000
2015-06-18,55.7800,65.2000
2015-06-19,52.5900,61.4000
2015-06-22,56.3700,63.2000
2015-06-23,54.3800,62.2000
2015-06-24,45.8200,59.8000
2015-06-25,43.6300,58.4000
2015-06-26,45.4200,59.2000
2015-06-29,27.0900,50.2000
2015-06-30,30.5400,51.3000
2015-07-01,36.1300,53.7100
2015-07-02,35.0700,53.3200
2015-07-06,34.3400,53.0200
2015-07-07,40.8500,56.1600
2015-07-08,28.7700,49.7000
2015-07-09,29.9200,50.2000
2015-07-10,40.3600,54.0300
2015-07-13,47.9900,57.0600
2015-07-14,51.4100,59.0700
2015-07-15,50.4000,58.4700
2015-07-16,56.4300,60.2800
2015-07-17,52.6100,57.4600
2015-07-20,53.5200,57.9800
2015-07-21,49.7000,54.7500
2015-07-22,49.9000,55.3500
2015-07-23,45.4700,52.7300
2015-07-24,39.2400,51.1100
2015-07-27,37.3000,48.7900
2015-07-28,44.7600,52.8300
2015-07-29,50.9100,55.5600
2015-07-30,51.5100,55.3500
2015-07-31,50.9100,56.5700
2015-08-03,50.7000,56.1600
2015-08-04,49.0900,54.1400
2015-08-05,51.3100,54.3400
2015-08-06,48.6900,53.7400
2015-08-07,47.8900,54.5500
2015-08-10,56.7400,56.9700
2015-08-11,50.1000,55.5600
2015-08-12,48.0900,55.9600
2015-08-13,48.8900,55.1500
2015-08-14,53.9200,56.5700
2015-08-17,55.9400,58.1800
2015-08-18,55.7300,56.3600
2015-08-19,48.6900,56.1600
2015-08-20,36.2200,49.7000
2015-08-21,21.5300,37.1700
2015-08-24,8.2300,20.8100
2015-08-25,4.8200,17.7800
2015-08-26,11.4200,26.8700
2015-08-27,20.4400,34.3400
2015-08-28,20.2400,32.7300
2015-08-31,16.0300,29.4900
2015-09-01,8.6200,21.6200
2015-09-02,13.0300,27.4700
2015-09-03,15.8000,27.8800
2015-09-04,10.0000,24.0400
2015-09-08,20.0000,31.1100
2015-09-09,15.0000,27.2700
2015-09-10,16.8000,28.4800
2015-09-11,19.0000,30.5100
2015-09-14,18.1300,29.0900
2015-09-15,23.5100,31.7200
2015-09-16,30.0800,33.7400
2015-09-17,30.4800,33.5400
2015-09-18,23.5100,29.0900
2015-09-21,27.1300,30.7200
2015-09-22,17.0300,27.3100
2015-09-23,18.8100,27.3100
2015-09-24,19.0100,26.9100
2015-09-25,20.2000,28.1100
2015-09-28,10.5000,21.4900
2015-09-29,11.0900,23.2900
2015-09-30,18.4200,26.9100
2015-10-01,20.0000,28.1100
2015-10-02,30.6900,31.9300
2015-10-05,47.3300,35.5400
2015-10-06,45.3500,34.5400
2015-10-07,52.8700,37.1500
2015-10-08,60.9900,40.7600
2015-10-09,63.1700,39.7600
2015-10-12,64.5500,40.3600
2015-10-13,58.2200,37.5500
2015-10-14,52.4800,37.5500
2015-10-15,62.7700,40.6800
2015-10-16,63.1700,42.2000
2015-10-19,63.1700,42.2000
2015-10-20,67.9200,43.0000
2015-10-21,62.9700,39.4000
2015-10-22,72.2800,45.8000
2015-10-23,76.6300,47.8000
2015-10-26,75.8400,46.8000
2015-10-27,71.4900,45.2000
2015-10-28,78.6100,54.0000
2015-10-29,78.8100,53.4000
2015-10-30,78.6100,51.2000
2015-11-02,81.1500,56.1100
2015-11-03,80.9500,56.7100
2015-11-04,80.1600,54.5100
2015-11-05,77.9800,54.7100
2015-11-06,73.8100,52.7100
2015-11-09,72.0200,49.5000
2015-11-10,72.0200,50.3000
2015-11-11,72.2200,49.9000
2015-11-12,62.5000,43.0900
2015-11-13,55.9500,39.4800
2015-11-16,64.0900,44.2900
2015-11-17,60.3200,43.8900
2015-11-18,70.3800,50.6000
2015-11-19,70.6300,49.9000
2015-11-20,70.2400,52.7100
2015-11-23,70.4400,52.3000
2015-11-24,70.4400,52.3000
2015-11-25,71.4300,53.1100
2015-11-27,71.4300,53.5100
2015-11-30,70.4400,52.9100
2015-12-01,77.3400,56.0200
2015-12-02,67.2000,51.8100
2015-12-03,53.8800,45.1800
2015-12-04,66.0000,53.0100
2015-12-07,61.8300,50.2000
2015-12-08,54.0800,47.7900
2015-12-09,46.9200,43.5700
2015-12-10,44.5300,45.7800
2015-12-11,28.6300,38.3500
2015-12-14,32.2700,38.8300
2015-12-15,41.2400,44.8700
2015-12-16,54.5800,49.0900
2015-12-17,42.2300,44.4700
2015-12-18,26.2900,40.2400
2015-12-21,32.0700,41.8500
2015-12-22,42.9100,43.7500
2015-12-23,53.0900,48.3900
2015-12-24,51.9000,48.1900
2015-12-28,49.0000,47.4700
2015-12-29,57.7700,51.0100
2015-12-30,50.6000,48.9900
2015-12-31,42.0300,45.3600
2016-01-04,28.6900,40.7300
2016-01-05,33.3300,41.2100
2016-01-06,25.1500,36.7700
2016-01-07,17.1700,30.1000
2016-01-08,12.7700,25.6600
2016-01-11,14.3700,25.0500
2016-01-12,17.5600,28.0800
2016-01-13,12.5700,22.8300
2016-01-14,14.5700,25.0500
2016-01-15,11.4000,21.4600
2016-01-19,13.1700,23.2300
2016-01-20,8.9800,19.3900
2016-01-21,11.7800,19.6000
2016-01-22,17.7600,24.6500
2016-01-25,14.9700,22.4200
2016-01-26,19.7600,25.0500
2016-01-27,16.5700,24.2400
2016-01-28,19.1200,23.8400
2016-01-29,30.6800,30.7100
2016-02-01,33.2700,30.9100
2016-02-02,24.9000,27.8800
2016-02-03,31.4700,28.2800
2016-02-04,31.2700,29.2900
2016-02-05,25.7000,24.8500
2016-02-08,22.3100,22.2200
2016-02-09,23.1100,22.8300
2016-02-10,23.1100,23.4300
2016-02-11,19.7200,20.6100
2016-02-12,26.8900,25.2500
2016-02-16,35.6600,28.0800
2016-02-17,44.4200,32.5300
2016-02-18,44.2200,30.9100
2016-02-19,43.6300,31.1100
2016-02-22,54.1800,35.9600
2016-02-23,47.4100,33.5400
2016-02-24,51.7900,34.5500
2016-02-25,58.7600,36.9700
2016-02-26,61.1600,37.3700
2016-02-29,58.1700,35.9600
2016-03-01,71.1200,43.0300
2016-03-02,74.7000,44.4400
2016-03-03,80.8400,47.1700
2016-03-04,82.8700,48.7900
2016-03-07,80.9100,50.9100
2016-03-08,73.5600,45.8600
2016-03-09,76.7400,47.8800
2016-03-10,78.3300,47.8800
2016-03-11,89.8600,55.3500
2016-03-14,89.6600,55.7600
2016-03-15,87.4500,53.2400
2016-03-16,90.6600,56.6800
2016-03-17,90.8500,58.9100
2016-03-18,93.4400,61.3400
2016-03-21,93.4400,60.3200
2016-03-22,94.2300,60.3200
2016-03-23,92.8400,56.6800
2016-03-24,90.4400,55.7800
2016-03-28,91.4300,56.5900
2016-03-29,93.4300,59.0300
2016-03-30,94.2300,61.6200
2016-03-31,92.4500,62.0200
2016-04-01,93.6400,64.1100
2016-04-04,92.2500,63.3100
2016-04-05,88.0700,58.0600
2016-04-06,91.6500,62.1000
2016-04-07,83.5000,58.6700
2016-04-08,84.8900,61.2900
2016-04-11,83.9000,60.3600
2016-04-12,85.6900,63.1800
2016-04-13,91.0500,67.2000
2016-04-14,88.6700,66.6000
2016-04-15,89.0700,67.0000
2016-04-18,91.4500,68.6100
2016-04-19,90.4600,71.5400
2016-04-20,86.4800,73.1500
2016-04-21,79.7200,72.7500
2016-04-22,80.1200,73.9500
2016-04-25,78.7300,72.9500
2016-04-26,78.5300,76.1500
2016-04-27,80.7200,77.7600
2016-04-28,75.7500,72.9500
2016-04-29,67.9900,70.1400
2016-05-02,74.5000,73.0900
2016-05-03,68.3900,68.5400
2016-05-04,63.0200,65.5300
2016-05-05,60.6400,64.9300
2016-05-06,63.0200,66.7300
2016-05-09,62.0300,66.7300
2016-05-10,71.1700,70.1400
2016-05-11,63.0200,67.1300
2016-05-12,60.5600,66.4700
2016-05-13,51.6900,64.3300
2016-05-16,58.2500,66.1300
2016-05-17,50.5000,64.5300
2016-05-18,47.3200,65.9300
2016-05-19,42.5400,64.1300
2016-05-20,47.7100,68.7400
2016-05-23,45.9200,66.1300
2016-05-24,58.1300,71.1400
2016-05-25,62.3000,74.3500
2016-05-26,62.7000,73.1500
2016-05-27,67.6600,74.9500
2016-05-31,67.0600,75.1500
2016-06-01,68.4500,74.7500
2016-06-02,72.8200,76.7500
2016-06-03,69.0500,73.7500
2016-06-06,70.5000,75.3500
2016-06-07,73.4700,75.9500
2016-06-08,77.0300,77.1500
2016-06-09,73.2700,74.7500
2016-06-10,62.1800,70.9400
2016-06-13,55.0500,70.1400
2016-06-14,52.2800,67.9400
2016-06-15,50.5000,68.7400
2016-06-16,51.8800,68.7400
2016-06-17,52.0800,69.1400
2016-06-20,61.1900,70.5400
2016-06-21,60.7100,70.8800
2016-06-22,59.7200,70.4800
2016-06-23,72.8200,74.1000
2016-06-24,33.8600,62.1200
2016-06-27,21.7800,53.5100
2016-06-28,32.6700,59.1200
2016-06-29,46.1400,64.3300
2016-06-30,56.8300,68.9400
2016-07-01,60.7100,68.4700
2016-07-05,50.9900,65.0600
2016-07-06,56.9400,66.0600
2016-07-07,57.3400,66.2700
2016-07-08,72.0200,71.0800
2016-07-11,75.9900,72.2900
2016-07-12,83.9300,74.1000
2016-07-13,83.5300,74.9000
2016-07-14,87.3000,76.9100
2016-07-15,86.5100,77.1100
2016-07-18,87.3000,77.3100
2016-07-19,85.1200,77.1100
2016-07-20,86.3100,78.1100
2016-07-21,83.5300,78.1100
2016-07-22,86.1100,79.5200
2016-07-25,83.1300,79.1200
2016-07-26,82.7400,78.9200
2016-07-27,75.2000,77.9100
2016-07-28,76.1900,77.7100
2016-07-29,75.6000,77.3100
2016-08-01,72.4200,74.9000
2016-08-02,65.4800,73.4900
2016-08-03,68.6500,76.1500
2016-08-04,67.2600,74.5500
2016-08-05,73.6100,78.9600
2016-08-08,72.6200,80.1600
2016-08-09,69.6400,78.3600
2016-08-10,68.8500,78.1600
2016-08-11,72.6200,79.9600
2016-08-12,71.2300,79.5600
2016-08-15,73.0200,80.9600
2016-08-16,67.6600,79.1600
2016-08-17,68.4500,79.9600
2016-08-18,70.4400,80.3600
2016-08-19,68.8500,81.5600
2016-08-22,68.8500,81.5600
2016-08-23,70.4400,82.3600
2016-08-24,66.2700,81.9600
2016-08-25,63.5600,80.5600
2016-08-26,60.0000,78.7600
2016-08-29,63.7600,80.3600
2016-08-30,62.1800,79.7600
2016-08-31,57.6200,78.8000
2016-09-01,57.4300,79.4000
2016-09-02,60.9900,80.0000
2016-09-06,61.1900,81.0000
2016-09-07,61.3100,80.7600
2016-09-08,57.0300,79.8000
2016-09-09,34.6500,71.0000
2016-09-12,44.9500,76.6000
2016-09-13,32.6700,70.8000
2016-09-14,29.9000,69.2000
2016-09-15,37.0300,72.2000
2016-09-16,32.6700,71.8000
2016-09-19,34.6500,72.8000
2016-09-20,34.6500,70.4000
2016-09-21,47.3300,74.2000
2016-09-22,56.2400,77.2000
2016-09-23,49.9000,74.4000
2016-09-26,41.9800,72.6000
2016-09-27,46.5300,74.6000
2016-09-28,52.8700,76.2000
2016-09-29,41.1900,73.8000
2016-09-30,51.0900,76.2000
2016-10-03,47.7200,73.8000
2016-10-04,41.7800,69.2000
2016-10-05,47.9200,70.8000
2016-10-06,49.1100,70.6600
2016-10-07,43.3700,68.4600
2016-10-10,46.3400,71.2600
2016-10-11,33.6600,64.0700
2016-10-12,32.0800,66.0700
2016-10-13,27.1300,66.0700
2016-10-14,28.9100,64.2700
2016-10-17,26.7300,63.8700
2016-10-18,31.4900,65.7400
2016-10-19,36.4400,67.3300
2016-10-20,34.8500,65.5400
2016-10-21,34.8500,64.5400
2016-10-24,38.8100,66.9300
2016-10-25,36.2400,63.7500
2016-10-26,34.8500,62.1500
2016-10-27,30.6900,58.5700
2016-10-28,33.0700,59.9600
2016-10-31,38.0200,61.9500
2016-11-01,31.8800,56.7700
2016-11-02,27.5800,53.6900
2016-11-03,27.1800,54.4900
2016-11-04,26.9800,53.2900
2016-11-07,44.0500,60.6800
2016-11-08,50.9900,62.6700
2016-11-09,54.3700,63.8700
2016-11-10,56.3500,62.2800
2016-11-11,53.7700,62.0800
2016-11-14,55.9500,63.2700
2016-11-15,59.1300,66.4700
2016-11-16,58.1300,64.2700
2016-11-17,60.9100,67.4700
2016-11-18,59.1300,65.4700
2016-11-21,63.2900,68.4600
2016-11-22,65.4800,68.6600
2016-11-23,65.4800,68.4600
2016-11-25,69.2500,70.6600
2016-11-28,65.6700,68.0600
2016-11-29,65.8700,68.0600
2016-11-30,61.7100,64.2700
2016-12-01,58.7300,61.8800
2016-12-02,59.8400,61.6000
2016-12-05,63.2200,63.8000
2016-12-06,65.8100,65.4000
2016-12-07,69.9800,69.6000
2016-12-08,72.7600,70.4000
2016-12-09,74.9500,70.4000
2016-12-12,76.3400,71.0000
2016-12-13,80.5200,72.6000
2016-12-14,72.9600,69.0000
2016-12-15,73.1600,69.2000
2016-12-16,72.9600,68.8000
2016-12-19,75.1500,69.0000
2016-12-20,74.5500,69.8000
2016-12-21,75.1500,68.2000
2016-12-22,73.3600,66.6000
2016-12-23,74.5500,67.4000
2016-12-27,76.3400,67.6600
2016-12-28,68.1900,64.6700
2016-12-29,70.5800,66.8700
2016-12-30,66.6000,64.4700
2017-01-03,75.3500,67.2700
2017-01-04,81.9100,70.6600
2017-01-05,81.9100,69.4600
2017-01-06,81.1100,70.8600
2017-01-09,77.1400,69.3200
2017-01-10,74.1600,69.3200
2017-01-11,76.1400,69.7200
2017-01-12,75.7900,69.5200
2017-01-13,75.9900,69.7200
2017-01-17,75.4000,71.1200
2017-01-18,76.3900,70.9200
2017-01-19,68.4500,68.9200
2017-01-20,71.2300,69.7200
2017-01-23,67.2600,68.5300
2017-01-24,74.0100,71.1200
2017-01-25,76.5900,71.7100
2017-01-26,73.4100,70.9200
2017-01-27,69.0500,68.5300
2017-01-30,63.4900,68.3300
2017-01-31,62.9000,69.9200
2017-02-01,57.5400,67.9300
2017-02-02,57.7400,70.5200
2017-02-03,65.2800,71.7100
2017-02-06,62.1000,70.5200
2017-02-07,60.7100,70.9200
2017-02-08,61.1100,72.1100
2017-02-09,67.4600,75.1000
2017-02-10,70.4400,76.1000
2017-02-13,75.2000,77.0900
2017-02-14,75.6400,77.4900
2017-02-15,76.8300,79.6800
2017-02-16,76.0400,78.8800
2017-02-17,76.0400,78.8800
2017-02-21,79.0100,82.2700
2017-02-22,77.0300,80.2800
2017-02-23,76.4400,79.8800
2017-02-24,78.0200,82.4700
2017-02-27,78.9700,82.0400
2017-02-28,75.6400,81.4700
2017-03-01,79.6000,83.8600
2017-03-02,77.0300,82.0700
2017-03-03,75.8400,81.8700
2017-03-06,74.4600,80.2800
2017-03-07,71.4900,78.6900
2017-03-08,68.7100,75.1000
2017-03-09,66.3400,76.1000
2017-03-10,68.5100,76.2900
2017-03-13,67.8600,77.0500
2017-03-14,66.8700,76.4500
2017-03-15,71.8300,80.4400
2017-03-16,70.5000,79.2800
2017-03-17,68.9100,80.2800
2017-03-20,67.5200,79.8800
2017-03-21,55.8400,77.0900
2017-03-22,57.8200,77.2900
2017-03-23,56.8300,77.6900
2017-03-24,55.6400,76.6900
2017-03-27,52.8700,76.4900
2017-03-28,58.4200,78.4900
2017-03-29,59.6000,79.6800
2017-03-30,61.9800,79.0800
2017-03-31,61.3900,79.3200
2017-04-03,56.8300,77.7300
2017-04-04,56.9400,78.4900
2017-04-05,55.1600,77.4900
2017-04-06,59.1300,78.8800
2017-04-07,57.5400,78.8800
2017-04-10,59.9200,80.0800
2017-04-11,58.5300,79.6800
2017-04-12,50.9900,79.2800
2017-04-13,42.8600,75.1000
2017-04-17,51.3900,77.2900
2017-04-18,49.0100,75.9000
2017-04-19,47.6200,75.5000
2017-04-20,57.5400,77.2900
2017-04-21,51.9800,76.4900
2017-04-24,60.7100,78.4900
2017-04-25,62.3000,79.2800
2017-04-26,62.5000,78.6900
2017-04-27,63.1000,78.2900
2017-04-28,58.3300,75.9000
2017-05-01,55.7500,75.1000
2017-05-02,58.5300,75.7000
2017-05-03,54.5600,73.7100
2017-05-04,56.3500,72.5100
2017-05-05,61.9000,75.5000
2017-05-08,59.1300,74.9000
2017-05-09,58.1300,74.5000
2017-05-10,60.7100,74.7000
2017-05-11,59.3300,72.9100
2017-05-12,54.9600,72.3100
2017-05-15,59.9200,73.9000
2017-05-16,56.5500,71.1200
2017-05-17,44.2500,67.9300
2017-05-18,46.2300,67.3300
2017-05-19,51.5900,69.9200
2017-05-22,55.3600,71.7100
2017-05-23,56.1500,72.1100
2017-05-24,57.5400,71.7100
2017-05-25,60.7900,72.5100
2017-05-26,59.8000,71.7100
2017-05-30,59.4100,71.1200
2017-05-31,59.6000,70.5200
2017-06-01,67.5200,73.1100
2017-06-02,67.3300,73.5100
2017-06-05,64.9500,72.1100
2017-06-06,62.1800,71.3100
2017-06-07,63.3700,71.5100
2017-06-08,65.1500,71.7100
2017-06-09,69.7000,72.7100
2017-06-12,72.0800,75.5000
2017-06-13,74.8500,76.4900
2017-06-14,72.0800,75.7000
2017-06-15,71.8300,74.4500
2017-06-16,70.2400,74.6500
2017-06-19,75.0500,75.3000
2017-06-20,70.1000,72.3100
2017-06-21,66.7300,72.5100
2017-06-22,63.9600,73.5100
2017-06-23,65.9400,74.1000
2017-06-26,68.9100,75.1000
2017-06-27,63.9600,73.5100
2017-06-28,71.4900,75.3000
2017-06-29,60.2000,73.3100
2017-06-30,64.1600,74.1000
2017-07-03,66.5300,75.3000
2017-07-05,64.5500,73.9000
2017-07-06,54.2600,71.5100
2017-07-07,60.0000,71.7100
2017-07-10,57.6200,72.1100
2017-07-11,58.6100,71.9100
2017-07-12,65.1500,73.5100
2017-07-13,64.7500,73.5100
2017-07-14,70.8900,73.9000
2017-07-17,71.6800,74.5000
2017-07-18,69.9000,74.3000
2017-07-19,74.2600,75.7000
2017-07-20,72.8700,74.9000
2017-07-21,71.8800,75.5000
2017-07-24,69.1100,73.9000
2017-07-25,69.8400,76.2500
2017-07-26,68.1200,76.1000
2017-07-27,65.9400,77.0900
2017-07-28,64.1600,75.3000
2017-07-31,64.3600,75.1000
2017-08-01,64.5500,74.9000
2017-08-02,63.3700,73.5100
2017-08-03,60.2000,72.7100
2017-08-04,62.9700,72.9100
2017-08-07,62.3800,73.9000
2017-08-08,57.9400,72.8500
2017-08-09,56.9400,72.0600
2017-08-10,44.2500,68.8600
2017-08-11,43.4500,68.6600
2017-08-14,54.1700,71.2600
2017-08-15,52.7800,70.4600
2017-08-16,54.3700,69.6600
2017-08-17,42.6600,64.9400
2017-08-18,41.2700,63.9400
2017-08-21,42.0600,63.1500
2017-08-22,48.8100,65.7400
2017-08-23,45.6300,64.7400
2017-08-24,44.2500,64.9400
2017-08-25,46.4300,65.1400
2017-08-28,44.3300,64.0700
2017-08-29,43.4500,62.9500
2017-08-30,48.6100,64.9400
2017-08-31,55.1600,65.7400
2017-09-01,57.9400,67.5300
2017-09-05,51.5900,63.9400
2017-09-06,55.9500,64.9400
2017-09-07,54.5600,63.7500
2017-09-08,54.7600,64.3400
2017-09-11,63.2900,67.1300
2017-09-12,64.2900,68.3300
2017-09-13,64.0200,68.6600
2017-09-14,63.4200,67.8600
2017-09-15,64.0200,68.6600
2017-09-18,66.8700,69.5200
2017-09-19,68.2500,69.3800
2017-09-20,64.8800,70.9700
2017-09-21,62.5000,70.3800
2017-09-22,62.3000,70.7800
2017-09-25,64.4800,71.3700
2017-09-26,64.0900,71.7700
2017-09-27,64.5500,72.9600
2017-09-28,65.5400,72.9600
2017-09-29,67.7200,73.7600
2017-10-02,69.3100,73.7600
2017-10-03,71.8800,73.7600
2017-10-04,73.6600,74.5500
2017-10-05,75.4500,75.3500
2017-10-06,74.4600,73.9600
2017-10-09,72.4800,72.1700
2017-10-10,73.0700,73.5600
2017-10-11,74.4600,73.5600
2017-10-12,75.8400,73.3600
2017-10-13,75.4500,74.3500
2017-10-16,75.0500,73.3600
2017-10-17,75.2500,73.9600
2017-10-18,75.6400,74.1600
2017-10-19,77.2300,74.3500
2017-10-20,78.0200,75.7500
2017-10-23,74.8500,75.1500
2017-10-24,73.6600,73.5600
2017-10-25,70.5000,72.7600
2017-10-26,67.7200,71.1700
2017-10-27,69.3100,71.5700
2017-10-30,66.3400,71.1700
2017-10-31,67.7200,69.5800
2017-11-01,67.9200,68.9900
2017-11-02,66.1400,69.1800
2017-11-03,65.3500,68.7900
2017-11-06,65.5400,70.5800
2017-11-07,64.3600,69.3800
2017-11-08,65.3500,70.3800
2017-11-09,64.8200,71.2300
2017-11-10,63.0400,70.6300
2017-11-13,66.4000,70.8300
2017-11-14,64.4300,70.0400
2017-11-15,57.7100,68.4500
2017-11-16,63.2400,70.6300
2017-11-17,62.8500,70.8300
2017-11-20,63.2400,70.8300
2017-11-21,63.4400,71.4300
2017-11-22,64.2300,71.2300
2017-11-24,64.6200,71.2300
2017-11-27,62.0600,70.2400
2017-11-28,71.2900,73.3600
2017-11-29,75.8400,73.9600
2017-11-30,78.8100,76.5400
2017-12-01,78.6100,76.7400
2017-12-04,73.2700,78.9300
2017-12-05,70.6900,77.3400
2017-12-06,69.5000,76.5400
2017-12-07,71.8800,76.7400
2017-12-08,75.6400,78.1300
2017-12-11,77.4300,78.7300
2017-12-12,74.6500,79.1300
2017-12-13,74.0600,78.9300
2017-12-14,67.7200,77.1400
2017-12-15,74.6500,79.7200
2017-12-18,77.3800,80.6800
2017-12-19,74.1600,78.2400
2017-12-20,73.1100,77.6000
2017-12-21,73.3100,78.6000
2017-12-22,73.1100,78.0000
2017-12-26,73.1100,78.0000
2017-12-27,74.1000,78.4000
2017-12-28,75.7000,79.0400
2017-12-29,73.2500,78.6000
2018-01-02,76.2000,78.9600
2018-01-03,79.8400,79.6000
2018-01-04,80.0400,79.2000
2018-01-05,83.0300,79.8000
2018-01-08,83.2300,81.0000
2018-01-09,83.4300,79.4000
2018-01-10,79.4400,78.4000
2018-01-11,80.6400,79.8000
2018-01-12,81.2400,80.2000
2018-01-16,79.2400,79.4000
2018-01-17,80.4400,80.6000
2018-01-18,80.2400,79.6000
2018-01-19,81.8400,79.8000
2018-01-22,82.8300,82.0000
2018-01-23,84.4300,82.6000
2018-01-24,83.6300,82.8000
2018-01-25,83.2300,83.0000
2018-01-26,84.2300,83.0000
2018-01-29,80.4400,81.4000
2018-01-30,76.8500,80.0000
2018-01-31,75.4500,80.8000
2018-02-01,73.4500,79.6000
2018-02-02,60.4800,76.2000
2018-02-05,28.1400,64.8000
2018-02-06,38.1200,69.0000
2018-02-07,35.9300,67.2000
2018-02-08,13.7700,55.6000
2018-02-09,18.3600,60.6000
2018-02-12,26.1500,64.0000
2018-02-13,28.9400,65.4000
2018-02-14,41.3200,68.0000
2018-02-15,47.9000,71.4000
2018-02-16,48.5000,71.2000
2018-02-20,42.1200,70.2000
2018-02-21,40.7200,67.6000
2018-02-22,41.1200,67.8000
2018-02-23,51.9000,70.2000
2018-02-26,56.2900,72.4000
2018-02-27,46.3100,69.4000
2018-02-28,39.5200,66.4000
2018-03-01,29.8800,63.0000
2018-03-02,33.4000,64.0000
2018-03-05,40.8700,66.0000
2018-03-06,42.2600,68.2000
2018-03-07,41.0700,67.4000
2018-03-08,44.8400,68.2000
2018-03-09,55.5600,70.8000
2018-03-12,53.5700,70.8000
2018-03-13,51.3900,69.2000
2018-03-14,46.3400,69.0000
2018-03-15,45.5400,67.6000
2018-03-16,51.0900,68.6000
2018-03-19,42.9700,66.4000
2018-03-20,43.7600,65.6000
2018-03-21,44.1600,64.4000
2018-03-22,25.5400,59.4000
2018-03-23,15.6400,52.0000
2018-03-26,29.1100,59.8000
2018-03-27,23.7600,55.8000
2018-03-28,23.1700,56.0000
2018-03-29,31.6800,59.4000
2018-04-02,19.2100,50.4000
2018-04-03,25.9400,55.4000
2018-04-04,35.2500,60.2000
2018-04-05,40.9900,61.8000
2018-04-06,26.5300,53.0000
2018-04-09,29.1100,53.6000
2018-04-10,40.7900,59.2000
2018-04-11,36.4400,56.8000
2018-04-12,41.3900,58.8000
2018-04-13,40.7900,57.4000
2018-04-16,50.8900,62.2000
2018-04-17,59.8000,64.2000
2018-04-18,61.1900,64.2000
2018-04-19,53.4700,60.2000
2018-04-20,47.7200,58.4000
2018-04-23,49.3100,60.0000
2018-04-24,41.9800,55.2000
2018-04-25,42.7700,55.8000
2018-04-26,48.3200,59.0000
2018-04-27,50.3000,59.6000
2018-04-30,46.3400,55.0000
2018-05-01,45.9400,55.8000
2018-05-02,40.4000,52.0000
2018-05-03,39.0100,50.9000
2018-05-04,47.5200,55.8900
2018-05-07,47.9200,55.8900
2018-05-08,47.1300,55.2900
2018-05-09,52.8700,58.0800
2018-05-10,61.1900,62.4800
2018-05-11,62.1800,63.0700
2018-05-14,62.5700,62.4800
2018-05-15,55.4500,59.8800
2018-05-16,58.6100,60.4800
2018-05-17,59.0100,60.6800
2018-05-18,58.0200,60.6800
2018-05-21,63.5600,62.8700
2018-05-22,62.3800,61.6800
2018-05-23,62.1800,61.6800
2018-05-24,62.1800,61.2800
2018-05-25,61.3900,60.8800
2018-05-29,52.4800,55.6900
2018-05-30,62.5700,61.2800
2018-05-31,54.0600,56.6900
2018-06-01,61.1900,59.0800
2018-06-04,61.7800,60.2800
2018-06-05,61.5800,60.4800
2018-06-06,67.1300,63.6700
2018-06-07,68.5100,64.2700
2018-06-08,72.8700,65.2700
2018-06-11,75.0500,66.6700
2018-06-12,74.8500,67.0700
2018-06-13,69.1100,63.6700
2018-06-14,71.2900,64.4700
2018-06-15,70.4400,64.4000
2018-06-18,68.2500,64.6000
2018-06-19,66.0700,60.8000
2018-06-20,66.1400,61.8800
2018-06-21,60.4000,60.4800
2018-06-22,63.3700,61.2800
2018-06-25,54.6500,58.8800
2018-06-26,54.8500,58.0800
2018-06-27,48.9100,56.0900
2018-06-28,52.8700,55.8900
2018-06-29,53.6600,55.4900
2018-07-02,53.6600,56.8900
2018-07-03,52.0800,56.0900
2018-07-05,57.2300,58.6800
2018-07-06,59.6000,60.8800
2018-07-09,68.7100,63.0700
2018-07-10,71.2900,64.6700
2018-07-11,60.9900,62.0800
2018-07-12,66.7300,63.6700
2018-07-13,67.1300,62.6700
2018-07-16,64.3600,62.6700
2018-07-17,67.5200,63.2700
2018-07-18,68.3200,64.2700
2018-07-19,67.5200,65.4700
2018-07-20,63.5600,62.6700
2018-07-23,63.9600,61.6800
2018-07-24,64.3600,62.8700
2018-07-25,67.5200,65.0700
2018-07-26,73.0700,66.2700
2018-07-27,67.7200,65.4700
2018-07-30,63.9600,64.4700
2018-07-31,67.7200,67.6600
2018-08-01,63.1700,66.2700
2018-08-02,63.7600,66.2700
2018-08-03,66.9300,69.0600
2018-08-06,68.1200,68.8600
2018-08-07,71.2900,68.0600
2018-08-08,69.3100,68.2600
2018-08-09,68.5100,67.8600
2018-08-10,62.5700,66.0700
2018-08-13,58.2200,63.8700
2018-08-14,62.7700,66.4700
2018-08-15,57.6200,64.4700
2018-08-16,62.9700,66.8700
2018-08-17,66.9300,67.2700
2018-08-20,69.3100,67.8600
2018-08-21,71.6800,68.0600
2018-08-22,70.6900,67.8600
2018-08-23,67.3300,66.6700
2018-08-24,69.3100,67.6600
2018-08-27,74.0600,70.0600
2018-08-28,73.2700,70.2600
2018-08-29,75.6400,71.6600
2018-08-30,69.9000,68.2600
2018-08-31,69.9000,68.8600
2018-09-04,67.3300,67.4700
2018-09-05,69.3100,67.6600
2018-09-06,67.9200,66.2700
2018-09-07,65.0800,65.6000
2018-09-10,67.0600,64.8000
2018-09-11,66.0700,65.4000
2018-09-12,66.2000,64.9300
2018-09-13,68.3900,65.5300
2018-09-14,70.1800,66.5300
2018-09-17,66.8700,66.0000
2018-09-18,67.0600,68.8000
2018-09-19,67.6600,70.6000
2018-09-20,71.8300,72.8000
2018-09-21,72.6200,73.0000
2018-09-24,63.2900,69.8000
2018-09-25,59.5200,67.4000
2018-09-26,56.7500,64.8000
2018-09-27,55.7500,64.6000
2018-09-28,58.1300,66.0000
2018-10-01,58.3300,66.0000
2018-10-02,57.5400,65.4000
2018-10-03,55.1600,66.6700
2018-10-04,50.4000,65.5400
2018-10-05,49.2100,63.6200
2018-10-08,49.8000,65.8100
2018-10-09,48.0200,63.4200
2018-10-10,24.6000,51.2900
2018-10-11,10.9100,40.5600
2018-10-12,15.8700,45.5300
2018-10-15,14.6800,45.3300
2018-10-16,27.1800,52.5800
2018-10-17,26.7900,51.9800
2018-10-18,23.2100,47.2200
2018-10-19,23.0200,46.8300
2018-10-22,19.8400,45.0400
2018-10-23,17.2600,43.6500
2018-10-24,13.6900,34.1300
2018-10-25,16.6700,38.2900
2018-10-26,10.9100,34.5200
2018-10-29,16.2700,34.1300
2018-10-30,22.4200,40.4800
2018-10-31,22.2200,42.0600
2018-11-01,25.7900,44.6400
2018-11-02,23.4100,44.6400
2018-11-05,29.2200,45.7300
2018-11-06,36.3100,47.4200
2018-11-07,49.2100,52.5800
2018-11-08,51.3900,52.9800
2018-11-09,46.4300,50.9900
2018-11-12,36.5100,45.4400
2018-11-13,37.7700,45.1300
2018-11-14,33.2000,42.5400
2018-11-15,37.5000,45.9200
2018-11-16,41.6700,47.3200
2018-11-19,36.3100,43.1400
2018-11-20,28.5700,36.3800
2018-11-21,29.5600,36.7800
2018-11-23,30.1600,37.5700
2018-11-26,36.5100,41.9500
2018-11-27,37.9700,40.6400
2018-11-28,51.6900,48.8000
2018-11-29,49.8000,47.9000
2018-11-30,56.3700,49.3000
2018-12-03,64.6800,52.0900
2018-12-04,41.0700,42.1500
2018-12-06,41.4700,40.3600
2018-12-07,26.9800,35.3900
2018-12-10,28.5700,36.5800
2018-12-11,30.0200,36.4500
2018-12-12,34.1900,37.2500
2018-12-13,30.8200,36.4500
2018-12-14,24.4500,32.2700
2018-12-17,15.9000,25.9000
2018-12-18,14.9100,26.4900
2018-12-19,12.1300,22.3100
2018-12-20,8.5500,17.5300
2018-12-21,6.1800,15.7700
2018-12-24,1.1900,10.7600
2018-12-26,4.5700,17.1300
2018-12-27,8.3500,20.3200
2018-12-28,8.1500,20.1200
2018-12-31,11.9500,21.7600
2019-01-02,6.7700,18.1600
2019-01-03,3.1900,13.9700
2019-01-04,12.1500,21.5600
2019-01-07,17.3300,23.9500
2019-01-08,26.2900,27.5400
2019-01-09,31.0800,28.5400
2019-01-10,39.8400,30.3400
2019-01-11,38.8400,30.5400
2019-01-14,35.4600,29.3400
2019-01-15,43.2300,31.9400
2019-01-16,46.2200,32.3400
2019-01-17,55.7800,35.1300
2019-01-18,72.5100,40.3200
2019-01-22,60.9600,35.5300
2019-01-23,61.7500,35.7300
2019-01-24,66.3300,36.9300
2019-01-25,73.3100,41.3200
2019-01-28,70.3800,38.5200
2019-01-29,73.1600,39.5200
2019-01-30,79.5200,43.9100
2019-01-31,83.7000,46.1100
2019-02-01,86.2800,47.7000
2019-02-04,87.4800,50.7000
2019-02-05,88.0700,53.0900
2019-02-06,86.4800,53.8900
2019-02-07,81.9100,49.3000
2019-02-08,81.1100,50.1000
2019-02-11,81.5100,51.1000
2019-02-12,87.8700,56.0900
2019-02-13,89.6600,58.4800
2019-02-14,89.4400,56.6000
2019-02-15,92.4500,61.0800
2019-02-19,92.4500,61.6800
2019-02-20,92.6400,64.4700
2019-02-21,91.0500,62.0800
2019-02-22,92.0600,63.4700
2019-02-25,91.4700,62.8700
2019-02-26,91.6700,61.8800
2019-02-27,92.0600,61.8800
2019-02-28,91.0700,61.0800
2019-03-01,91.4700,61.8800
2019-03-04,89.4800,61.2800
2019-03-05,87.5000,60.6800
2019-03-06,84.3300,57.4900
2019-03-07,80.5600,54.8900
2019-03-08,75.9900,54.2900
2019-03-11,81.9400,58.2800
2019-03-12,81.9400,57.6800
2019-03-13,83.7600,58.2800
2019-03-14,81.3900,57.4900
2019-03-15,80.2000,58.4800
2019-03-18,80.4000,61.8800
2019-03-19,78.8100,58.6800
2019-03-20,71.9700,55.5100
2019-03-21,76.9400,60.1200
2019-03-22,62.6200,53.7100
2019-03-25,62.4300,54.3100
2019-03-26,68.1900,55.9100
2019-03-27,65.0100,56.3100
2019-03-28,66.8000,56.9100
2019-03-29,71.5700,58.7200
2019-04-01,79.5200,65.3300
2019-04-02,79.3200,65.9300
2019-04-03,78.6900,66.6700
2019-04-04,81.0800,68.2700
2019-04-05,84.4600,70.6800
2019-04-08,83.6700,70.8800
2019-04-09,77.8900,67.8700
2019-04-10,80.8800,70.0800
2019-04-11,80.6800,71.0800
2019-04-12,84.0600,73.4900
2019-04-15,80.8800,71.6900
2019-04-16,77.4900,72.6900
2019-04-17,70.5200,71.0800
2019-04-18,71.1200,73.2900
2019-04-22,68.5300,72.0900
2019-04-23,74.9000,74.7000
2019-04-24,74.5000,74.5000
2019-04-25,71.3100,72.6900
2019-04-26,71.9100,72.2900
2019-04-29,72.1100,73.2900
2019-04-30,73.5100,73.6900
2019-05-01,67.3300,70.8800
2019-05-02,67.3300,69.4800
2019-05-03,72.9100,71.2900
2019-05-06,69.5200,70.6800
2019-05-07,53.5900,68.0700
2019-05-08,52.9900,66.6700
2019-05-09,51.2000,66.2700
2019-05-10,56.3700,65.6600
2019-05-13,36.4500,57.6300
2019-05-14,43.4300,60.6400
2019-05-15,44.4200,60.2400
2019-05-16,51.0000,61.6500
2019-05-17,48.6100,59.8400
2019-05-20,42.8300,59.2400
2019-05-21,50.4000,62.4500
2019-05-22,48.4100,60.8400
2019-05-23,41.2700,57.6300
2019-05-24,43.2500,58.4300
2019-05-28,36.7100,55.4200
2019-05-29,30.7500,53.4100
2019-05-30,32.4800,54.4200
2019-05-31,29.3100,50.4000
2019-06-03,30.3000,53.0100
2019-06-04,39.8800,59.1500
2019-06-05,48.2100,61.7700
2019-06-06,50.0000,61.1700
2019-06-07,54.3700,63.5800
2019-06-10,56.3500,63.5800
2019-06-11,56.6600,63.3100
2019-06-12,54.2700,62.3000
2019-06-13,61.2300,63.9100
2019-06-14,57.2600,62.7000
2019-06-17,56.6600,63.7100
2019-06-18,64.4100,67.5400
2019-06-19,63.8200,68.3500
2019-06-20,70.3800,71.1700
2019-06-21,69.5800,70.3600
2019-06-24,65.0100,70.5600
2019-06-25,62.6200,69.4200
2019-06-26,62.2300,68.0100
2019-06-27,67.4000,70.4200
2019-06-28,74.1600,73.4400
2019-07-01,77.5300,74.6500
2019-07-02,76.7400,73.8400
2019-07-03,82.9000,75.8600
2019-07-05,82.5000,75.4500
2019-07-08,78.5300,74.0400
2019-07-09,78.2900,73.7900
2019-07-10,78.6900,74.4000
2019-07-11,81.0800,74.1900
2019-07-12,85.6600,76.2100
2019-07-15,84.1000,75.2500
2019-07-16,83.1000,76.4600
2019-07-17,77.9300,74.0400
2019-07-18,79.3200,74.4500
2019-07-19,76.3400,73.6400
2019-07-22,74.9500,72.8400
2019-07-23,79.1300,76.0600
2019-07-24,80.9100,78.0700
2019-07-25,75.7500,75.8600
2019-07-26,78.7300,76.2600
2019-07-29,76.5400,74.4500
2019-07-30,75.9400,74.4500
2019-07-31,68.3900,73.4400
2019-08-01,55.4700,68.8100
2019-08-02,48.9100,66.2000
2019-08-05,26.9800,57.3400
2019-08-06,34.5200,60.1600
2019-08-07,36.9000,60.1600
2019-08-08,50.7900,64.9900
2019-08-09,43.2500,60.9700
2019-08-12,37.9000,58.3500
2019-08-13,42.0600,59.9600
2019-08-14,26.9800,53.9200
2019-08-15,30.3600,52.9200
2019-08-16,37.3000,56.1400
2019-08-19,44.8400,58.9500
2019-08-20,40.4000,56.9400
2019-08-21,44.5500,58.5500
2019-08-22,44.9500,59.9600
2019-08-23,30.1000,53.1200
2019-08-26,35.4500,55.5300
2019-08-27,33.8600,53.9200
2019-08-28,36.6300,55.3300
2019-08-29,43.9600,58.9500
2019-08-30,45.3500,59.8400
2019-09-03,40.7900,56.4300
2019-09-04,46.3400,59.0400
2019-09-05,57.8200,65.6600
2019-09-06,59.6000,65.6600
2019-09-09,62.7700,68.2700
2019-09-10,64.5500,72.8900
2019-09-11,67.9200,75.7000
2019-09-12,69.9000,74.5000
2019-09-13,70.5000,75.5000
2019-09-16,71.4900,77.1100
2019-09-17,74.8500,74.3000
2019-09-18,75.6000,73.6400
2019-09-19,74.2100,72.6400
2019-09-20,71.6300,72.2300
2019-09-23,71.8800,71.8900
2019-09-24,66.5300,69.0800
2019-09-25,69.8400,70.6200
2019-09-26,68.2500,70.2800
2019-09-27,63.4900,70.0800
2019-09-30,68.0600,70.8800
2019-10-01,50.6000,66.2700
2019-10-02,34.3300,59.8400
2019-10-03,40.8700,61.2400
2019-10-04,53.5700,63.8600
2019-10-07,49.6000,62.4500
2019-10-08,32.7400,55.0200
2019-10-09,41.0700,57.6300
2019-10-10,48.6100,60.6400
2019-10-11,63.2900,65.0600
2019-10-14,58.9300,64.4600
2019-10-15,65.0800,66.9300
2019-10-16,63.6900,67.1300
2019-10-17,66.2700,67.3300
2019-10-18,63.4900,68.1400
2019-10-21,68.2500,69.9400
2019-10-22,65.2800,70.7400
2019-10-23,67.4600,71.9400
2019-10-24,67.6600,70.5400
2019-10-25,66.8700,71.5400
2019-10-28,65.8700,72.1400
2019-10-29,68.8500,72.1400
2019-10-30,69.6400,72.3400
2019-10-31,65.6700,70.3400
2019-11-01,70.8300,73.7500
2019-11-04,70.2400,75.3500
2019-11-05,68.6500,74.9500
2019-11-06,69.0500,75.3500
2019-11-07,66.4700,75.7500
2019-11-08,66.4700,74.9500
2019-11-11,66.0700,74.9500
2019-11-12,65.6700,74.5500
2019-11-13,66.6700,73.9500
2019-11-14,69.2500,73.7500
2019-11-15,72.6200,76.3500
2019-11-18,71.4300,76.1500
2019-11-19,69.4400,75.9500
2019-11-20,69.0500,74.3500
2019-11-21,65.8700,74.7500
2019-11-22,68.0600,75.1500
2019-11-25,71.2300,76.9500
2019-11-26,72.0200,77.3500
2019-11-27,75.7900,78.5600
2019-11-29,73.0200,75.7500
2019-12-02,66.8700,72.7500
2019-12-03,62.9000,70.7400
2019-12-04,67.3300,73.3500
2019-12-05,67.2600,75.3000
2019-12-06,73.0200,77.3100
2019-12-09,72.0200,76.9100
2019-12-10,69.2500,75.1000
2019-12-11,69.8400,75.5000
2019-12-12,74.0100,78.1100
2019-12-13,73.4100,78.3100
2019-12-16,75.0000,80.1200
2019-12-17,75.9900,79.7200
2019-12-18,75.9900,80.3200
2019-12-19,78.7700,80.9200
2019-12-20,80.9500,82.5300
2019-12-23,81.1500,82.7300
2019-12-24,80.7500,83.4000
2019-12-26,81.5500,83.8000
2019-12-27,80.9500,83.2000
2019-12-30,79.3200,82.1600
2019-12-31,79.9200,82.9700
2020-01-02,78.5300,83.6000
2020-01-03,75.5500,83.2000
2020-01-06,73.7600,83.2000
2020-01-07,70.5800,82.4000
2020-01-08,72.5600,82.2000
2020-01-09,75.7500,83.8000
2020-01-10,74.5500,82.8000
2020-01-13,76.3400,84.8000
2020-01-14,75.9400,85.4000
2020-01-15,76.1400,85.6000
2020-01-16,82.5000,87.4000
2020-01-17,83.5000,87.4000
2020-01-21,79.1300,84.4000
2020-01-22,76.7400,84.4000
2020-01-23,75.7500,84.4000
2020-01-24,67.7300,80.5600
2020-01-27,55.7800,73.9500
2020-01-28,60.6400,76.8000
2020-01-29,57.0600,75.0000
2020-01-30,58.6500,75.4000
2020-01-31,46.1200,70.4000
2020-02-03,49.7000,71.6000
2020-02-04,59.2400,75.2000
2020-02-05,68.7900,80.0000
2020-02-06,67.2000,79.8000
2020-02-07,63.4200,76.0000
2020-02-10,64.2100,76.8000
2020-02-11,67.2000,78.6000
2020-02-12,70.1800,81.4000
2020-02-13,68.3900,80.0000
2020-02-14,67.4000,80.4000
2020-02-18,62.1000,77.2000
2020-02-19,64.0900,78.8000
2020-02-20,64.0900,80.2000
2020-02-21,57.5400,78.8000
2020-02-24,38.2900,66.4000
2020-02-25,23.4100,52.2000
2020-02-26,21.0300,49.6000
2020-02-27,6.9400,35.6000
2020-02-28,3.3700,26.0000
2020-03-02,14.4800,45.2000
2020-03-03,10.1200,37.0000
2020-03-04,25.9900,48.8000
2020-03-05,18.2500,38.8000
2020-03-06,14.0900,35.8000
2020-03-09,4.9600,17.2000
2020-03-10,8.1300,27.7400
2020-03-11,3.3700,13.9700
2020-03-12,0.9900,5.5900
2020-03-13,3.7600,12.1800
2020-03-16,1.7800,4.1900
2020-03-17,4.5500,11.1800
2020-03-18,3.9600,7.3900
2020-03-19,1.9800,5.5900
2020-03-20,1.1900,3.1900
2020-03-23,1.1900,3.1900
2020-03-24,1.5800,4.9900
2020-03-25,1.1900,4.1800
2020-03-26,3.1700,9.1600
2020-03-27,1.7800,6.1800
2020-03-30,5.1500,11.5500
2020-03-31,4.3600,9.3600
2020-04-01,2.9700,7.3700
2020-04-02,5.3500,8.7600
2020-04-03,4.9600,8.9800
2020-04-06,11.9300,14.0000
2020-04-07,10.5400,12.6000
2020-04-08,16.9000,16.8000
2020-04-09,24.0600,19.8000
2020-04-13,17.6900,16.2000
2020-04-14,31.0100,22.8000
2020-04-15,24.0600,19.4000
2020-04-16,27.4400,22.2000
2020-04-17,39.5600,26.4000
2020-04-20,31.2100,22.6000
2020-04-21,21.6700,17.4000
2020-04-22,30.4200,21.0000
2020-04-23,30.8200,20.4000
2020-04-24,40.9500,23.0000
2020-04-27,52.2900,25.6000
2020-04-28,59.6400,25.2000
2020-04-29,76.7400,31.0000
2020-04-30,66.4000,25.8000
2020-05-01,53.6800,21.6000
2020-05-04,55.0700,22.8000
2020-05-05,58.2500,24.8000
2020-05-06,53.6800,25.0000
2020-05-07,64.2100,25.2000
2020-05-08,75.9400,29.8000
2020-05-11,69.5200,29.8600
2020-05-12,61.4300,25.8000
2020-05-13,52.6800,24.6000
2020-05-14,58.2500,26.6000
2020-05-15,59.8400,26.2000
2020-05-18,83.1000,33.8000
2020-05-19,76.3400,30.0000
2020-05-20,82.5000,35.0000
2020-05-21,81.9100,32.0000
2020-05-22,82.9000,33.6000
2020-05-26,90.8500,38.0000
2020-05-27,94.8300,43.2000
2020-05-28,96.0200,43.4000
2020-05-29,95.0500,44.6000
2020-06-01,96.8300,44.6000
2020-06-02,97.6200,46.2000
2020-06-03,97.2300,51.2000
2020-06-04,96.4400,50.6000
2020-06-05,96.8300,60.6000
2020-06-08,97.8200,68.8000
2020-06-09,96.8300,58.3200
2020-06-10,96.2300,51.7000
2020-06-11,79.7600,36.2700
2020-06-12,81.3500,39.2800
2020-06-15,83.9300,41.2800
2020-06-16,90.2800,43.8900
2020-06-17,87.7000,43.4900
2020-06-18,85.5200,43.2900
2020-06-19,78.1700,42.0800
2020-06-22,78.5700,42.2800
2020-06-23,77.3800,43.0900
2020-06-24,57.3400,36.6700
2020-06-25,64.0900,38.6800
2020-06-26,46.8300,34.8700
2020-06-29,63.2900,38.4800
2020-06-30,71.8300,42.2800
2020-07-01,69.2500,41.2800
2020-07-02,70.0400,43.2900
2020-07-06,74.8000,45.8900
2020-07-07,65.6700,42.4800
2020-07-08,63.6900,42.4800
2020-07-09,51.3900,39.4800
2020-07-10,63.6900,42.0000
2020-07-13,61.9000,42.6000
2020-07-14,69.4400,46.8000
2020-07-15,82.7400,52.0000
2020-07-16,79.7600,52.2000
2020-07-17,78.3700,53.4000
2020-07-20,73.2100,51.8000
2020-07-21,79.7600,53.4000
2020-07-22,81.1500,57.0000
2020-07-23,82.3400,56.4000
2020-07-24,73.2100,55.4000
2020-07-27,72.6200,55.0000
2020-07-28,67.2600,54.6000
2020-07-29,75.0000,57.0000
2020-07-30,69.0500,56.0000
2020-07-31,65.4800,54.6000
2020-08-03,65.8700,54.8000
2020-08-04,65.8700,54.4000
2020-08-05,69.8400,57.4000
2020-08-06,68.2500,56.6000
2020-08-07,74.2100,60.0000
2020-08-10,80.1600,62.2000
2020-08-11,78.9700,62.4000
2020-08-12,82.1400,63.0000
2020-08-13,79.1700,61.6000
2020-08-14,80.1600,62.6000
2020-08-17,77.7800,61.0000
2020-08-18,76.2400,60.8000
2020-08-19,73.8600,60.2000
2020-08-20,68.3200,59.8000
2020-08-21,66.1400,58.8000
2020-08-24,78.4200,61.2000
2020-08-25,76.0400,61.2000
2020-08-26,74.0600,59.8000
2020-08-27,79.2100,61.8000
2020-08-28,82.5700,64.2000
2020-08-31,76.4400,62.4000
2020-09-01,75.6400,62.2000
2020-09-02,83.5600,67.2000
2020-09-03,74.0600,64.2000
2020-09-04,72.6700,63.6000
2020-09-08,54.6500,59.4000
2020-09-09,62.5700,61.8000
2020-09-10,53.2700,59.4000
2020-09-11,54.2600,60.2000
2020-09-14,62.3800,64.0000
2020-09-15,63.1700,64.0000
2020-09-16,66.7300,66.4000
2020-09-17,60.5900,65.4000
2020-09-18,52.4800,61.4000
2020-09-21,34.4600,56.2900
2020-09-22,38.4200,58.0800
2020-09-23,25.5400,54.2900
2020-09-24,26.1400,54.4900
2020-09-25,34.2600,56.6900
2020-09-28,47.3300,60.2800
2020-09-29,41.7800,58.4800
2020-09-30,45.9400,60.6800
2020-10-01,50.9900,62.0000
2020-10-02,52.8800,63.5300
2020-10-05,63.9400,68.3400
2020-10-06,56.1800,65.1300
2020-10-07,66.4000,70.2000
2020-10-08,74.1600,75.2000
2020-10-09,74.7500,74.8000
2020-10-12,78.5300,76.0000
2020-10-13,72.9600,73.0000
2020-10-14,69.9800,72.6000
2020-10-15,70.1800,73.6000
2020-10-16,69.9800,74.6000
2020-10-19,60.8300,71.0000
2020-10-20,62.8200,73.0000
2020-10-21,60.8300,72.0000
2020-10-22,66.2000,74.4000
2020-10-23,67.9900,75.2000
2020-10-26,54.2700,70.2000
2020-10-27,46.1200,65.4000
2020-10-28,27.4400,57.4000
2020-10-29,33.4000,60.0000
2020-10-30,30.4200,60.0000
2020-11-02,44.0200,67.1300
2020-11-03,55.7800,71.3400
2020-11-04,58.3700,71.7400
2020-11-05,67.5300,74.7500
2020-11-06,64.6700,72.0900
2020-11-09,76.2900,81.9600
2020-11-10,79.0800,85.5700
2020-11-11,83.8600,84.7700
2020-11-12,78.6900,82.3600
2020-11-13,84.8600,86.5700
2020-11-16,86.6500,89.7800
2020-11-17,85.0600,89.9800
2020-11-18,81.8700,88.5800
2020-11-19,81.6700,89.9800
2020-11-20,79.8800,88.7800
2020-11-23,81.0800,90.1800
2020-11-24,80.8800,91.5800
2020-11-25,80.6800,91.3800
2020-11-27,82.4700,92.5900
2020-11-30,83.8600,90.7800
2020-12-01,84.8600,92.7900
2020-12-02,83.0700,92.5900
2020-12-03,81.2700,92.5900
2020-12-04,82.7000,92.5900
2020-12-07,81.9100,92.5900
2020-12-08,81.5100,92.1800
2020-12-09,79.9200,91.7800
2020-12-10,76.5900,91.1800
2020-12-11,76.1900,91.3800
2020-12-14,75.6000,90.9800
2020-12-15,81.5500,92.3800
2020-12-16,81.3500,91.7800
2020-12-17,85.3200,92.5900
2020-12-18,83.1300,91.9800
2020-12-21,79.7600,90.7800
2020-12-22,78.9700,89.7800
2020-12-23,78.1700,90.3800
2020-12-24,81.9400,90.9800
2020-12-28,81.5500,90.7800
2020-12-29,80.9500,90.3800
2020-12-30,82.5400,90.7800
2020-12-31,86.5100,92.2200
2021-01-04,74.2100,91.4200
2021-01-05,77.5800,91.0200
2021-01-06,82.1400,92.2200
2021-01-07,83.5300,90.6200
2021-01-08,84.1300,91.4200
2021-01-11,79.5600,90.6200
2021-01-12,77.5800,90.6200
2021-01-13,79.2100,90.6200
2021-01-14,75.8400,90.4200
2021-01-15,73.8600,91.0200
2021-01-19,73.4100,91.6000
2021-01-20,78.3700,92.0000
2021-01-21,76.2400,91.4200
2021-01-22,71.6800,90.6200
2021-01-25,71.4900,91.8200
2021-01-26,67.9200,92.0200
2021-01-27,46.5300,88.8200
2021-01-28,56.0400,88.8200
2021-01-29,41.9800,86.8300
2021-02-01,50.8900,88.8200
2021-02-02,59.2100,89.8200
2021-02-03,59.6000,89.2200
2021-02-04,68.5100,90.6200
2021-02-05,72.0800,90.4200
2021-02-08,73.8600,91.0200
2021-02-09,73.2700,91.2200
2021-02-10,74.6500,90.8200
2021-02-11,71.6800,89.6200
2021-02-12,72.6700,89.0200
2021-02-16,70.1000,88.8200
2021-02-17,69.1100,90.0200
2021-02-18,68.9100,89.4200
2021-02-19,67.3300,88.4200
2021-02-22,64.1600,86.4300
2021-02-23,64.9500,86.4300
2021-02-24,67.9200,86.6300
2021-02-25,60.5900,83.2300
2021-02-26,56.0400,80.4400
2021-03-01,65.1500,84.6300
2021-03-02,63.7600,83.8600
2021-03-03,57.6200,81.4400
2021-03-04,50.5000,79.0400
2021-03-05,63.1700,83.2300
2021-03-08,66.5300,81.4400
2021-03-09,68.1200,84.8300
2021-03-10,72.2800,85.0300
2021-03-11,73.6600,86.0300
2021-03-12,74.6500,86.8300
2021-03-15,79.4100,88.4200
2021-03-16,80.0000,88.8200
2021-03-17,79.2100,88.2200
2021-03-18,75.0500,87.0300
2021-03-19,74.4600,87.2300
2021-03-22,78.0200,89.0400
2021-03-23,71.4900,89.4400
2021-03-24,71.2900,89.0700
2021-03-25,76.2400,89.6600
2021-03-26,82.7700,93.6400
2021-03-29,81.9800,94.4300
2021-03-30,80.0000,92.8400
2021-03-31,82.3800,94.0400
2021-04-01,85.9400,94.4300
2021-04-05,89.1100,95.6300
2021-04-06,89.5000,95.4300
2021-04-07,88.1200,95.0300
2021-04-08,90.5000,95.0300
2021-04-09,89.9000,95.2300
2021-04-12,90.6900,95.6300
2021-04-13,90.8900,95.6300
2021-04-14,91.4900,95.6300
2021-04-15,92.2600,96.4100
2021-04-16,91.8700,96.8100
2021-04-19,88.4900,96.6100
2021-04-20,79.6000,96.8200
2021-04-21,87.1300,97.0200
2021-04-22,83.7600,96.8200
2021-04-23,87.7200,96.4200
2021-04-26,88.7100,95.8300
2021-04-27,88.5100,95.4300
2021-04-28,88.3200,94.6300
2021-04-29,87.5200,95.0300
2021-04-30,84.3600,95.0300
2021-05-03,85.3500,94.8300
2021-05-04,79.4100,93.8400
2021-05-05,80.0000,93.2400
2021-05-06,80.2000,92.4500
2021-05-07,84.5500,92.8400
2021-05-10,78.8100,91.8500
2021-05-11,76.3900,92.2300
2021-05-12,64.8800,89.2400
2021-05-13,70.4400,90.0400
2021-05-14,76.9800,91.8300
2021-05-17,75.6000,91.2400
2021-05-18,69.6400,90.2400
2021-05-19,66.4700,90.4400
2021-05-20,70.2400,92.4300
2021-05-21,68.8500,91.2400
2021-05-24,73.2100,91.6300
2021-05-25,72.4200,91.2400
2021-05-26,74.0100,91.2400
2021-05-27,75.2000,91.2400
2021-05-28,76.7900,92.2300
2021-06-01,73.0200,91.0400
2021-06-02,72.8200,91.0400
2021-06-03,70.0400,89.8400
2021-06-04,72.3700,91.2200
2021-06-07,69.1800,90.8200
2021-06-08,67.7900,91.0200
2021-06-09,64.8100,90.2200
2021-06-10,65.2100,92.4200
2021-06-11,66.6000,92.8100
2021-06-14,63.0200,93.4100
2021-06-15,64.0200,92.2200
2021-06-16,56.8600,90.4200
2021-06-17,45.3300,90.6200
2021-06-18,32.8000,88.8200
2021-06-21,46.3200,90.0200
2021-06-22,45.5300,90.2200
2021-06-23,43.5400,89.2200
2021-06-24,47.5100,90.4200
2021-06-25,55.2700,92.2200
2021-06-28,49.5000,92.4200
2021-06-29,46.5200,91.4200
2021-06-30,48.7100,91.6200
2021-07-01,56.0600,92.0200
2021-07-02,55.8600,92.4200
2021-07-06,48.7100,91.8200
2021-07-07,51.2900,92.4200
2021-07-08,44.3300,92.0200
2021-07-09,56.0600,92.8100
2021-07-12,56.4600,92.4200
2021-07-13,49.5000,90.6200
2021-07-14,50.3000,90.6200
2021-07-15,51.4900,90.4200
2021-07-16,47.9100,88.0200
2021-07-19,36.5800,81.4700
2021-07-20,47.3200,86.4500
2021-07-21,50.9900,88.4500
2021-07-22,47.0200,86.6500
2021-07-23,53.9700,88.0500
2021-07-26,54.2600,89.8400
2021-07-27,55.8400,89.8400
2021-07-28,54.0600,89.8400
2021-07-29,59.0100,89.8400
2021-07-30,56.0400,88.0500
2021-08-02,55.2500,87.4500
2021-08-03,60.7900,87.8200
2021-08-04,53.8600,83.8600
2021-08-05,56.8300,84.0600
2021-08-06,63.1700,84.6600
2021-08-09,61.3900,84.2600
2021-08-10,63.5600,85.0600
2021-08-11,67.9200,86.8500
2021-08-12,68.9100,85.6600
2021-08-13,68.9100,85.4600
2021-08-16,68.7100,84.4600
2021-08-17,63.3700,82.0700
2021-08-18,56.6300,79.5200
2021-08-19,56.4400,75.9400
2021-08-20,60.2000,77.7300
2021-08-23,63.3700,80.3200
2021-08-24,66.7300,82.1100
2021-08-25,69.5000,83.9000
2021-08-26,63.8900,80.0800
2021-08-27,70.4400,82.8700
2021-08-30,69.1100,81.1100
2021-08-31,68.3200,81.9100
2021-09-01,66.7300,80.5200
2021-09-02,69.9000,82.1100
2021-09-03,66.3400,80.7200
2021-09-07,59.8000,78.7300
2021-09-08,59.2100,76.9400
2021-09-09,57.8200,75.7500
2021-09-10,50.1000,73.3600
2021-09-13,56.4400,76.5400
2021-09-14,47.5200,73.7600
2021-09-15,55.4500,75.5500
2021-09-16,52.8700,74.1600
2021-09-17,43.7600,71.7700
2021-09-20,31.8800,67.0000
2021-09-21,30.5000,65.6100
2021-09-22,37.4300,70.1800
2021-09-23,50.5000,74.3500
2021-09-24,50.1000,74.7500
2021-09-27,48.7100,73.9600
2021-09-28,33.2700,69.9800
2021-09-29,34.8500,70.7800
2021-09-30,24.9500,64.6100
2021-10-01,32.6700,68.5900
2021-10-04,28.7100,68.1900
2021-10-05,33.6600,68.5900
2021-10-06,35.6400,69.1800
2021-10-07,42.3800,71.1700
2021-10-08,41.1900,68.3900
2021-10-11,38.2200,66.6000
2021-10-12,37.4300,65.8100
2021-10-13,38.2200,66.2000
2021-10-14,50.1000,73.1600
2021-10-15,54.0600,73.5600
2021-10-18,53.6600,71.3700
2021-10-19,57.6200,74.1600
2021-10-20,64.1600,76.1400
2021-10-21,62.9700,75.9400
2021-10-22,65.3500,76.5400
2021-10-25,64.7500,75.5500
2021-10-26,64.3600,75.1500
2021-10-27,57.0300,71.5700
2021-10-28,64.9500,74.3500
2021-10-29,60.9900,71.9700
2021-11-01,65.9400,74.9500
2021-11-02,69.1100,72.9600
2021-11-03,71.0900,76.1400
2021-11-04,69.3100,73.9600
2021-11-05,73.6600,77.1400
2021-11-08,74.0600,76.1400
2021-11-09,73.4700,76.3400
2021-11-10,74.8500,76.9400
2021-11-11,73.6600,76.1400
2021-11-12,74.0600,75.7500
2021-11-15,76.6300,75.9400
2021-11-16,75.4500,74.7500
2021-11-17,70.3000,73.7600
2021-11-18,66.5300,72.1700
2021-11-19,62.3800,70.9700
2021-11-22,64.7500,72.9600
2021-11-23,68.3200,73.9600
2021-11-24,67.5200,73.1600
2021-11-26,52.4800,65.8100
2021-11-29,56.4400,66.2000
2021-11-30,36.4400,57.8500
2021-12-01,29.1100,54.0800
2021-12-02,43.3700,61.6300
2021-12-03,41.3900,60.4400
2021-12-06,51.0900,66.6000
2021-12-07,62.9000,69.9200
2021-12-08,63.4900,70.7200
2021-12-09,57.9400,69.9200
2021-12-10,61.1100,70.7200
2021-12-13,55.9500,69.1200
2021-12-14,50.6000,68.1300
2021-12-15,54.9600,69.3200
2021-12-16,55.7500,69.1200
2021-12-17,49.6000,65.3400
2021-12-20,38.8900,60.3600
2021-12-21,53.1700,67.7300
2021-12-22,57.1400,68.1300
2021-12-23,61.7100,70.9200
2021-12-27,69.6400,73.7100
2021-12-28,70.8300,73.9000
2021-12-29,71.4300,74.1000
2021-12-30,70.0400,74.1000
2021-12-31,70.4400,74.1000
2022-01-03,72.6200,75.7000
2022-01-04,77.7800,76.4900
2022-01-05,67.6600,72.9100
2022-01-06,67.8600,71.7100
2022-01-07,63.8900,71.7100
2022-01-10,59.9200,70.9200
2022-01-11,65.6700,72.3100
2022-01-12,66.0700,73.1100
2022-01-13,61.9000,71.3100
2022-01-14,57.5400,67.9300
2022-01-18,50.2000,62.3500
2022-01-19,44.4400,59.5600
2022-01-20,38.8900,55.5800
2022-01-21,32.3400,52.7900
2022-01-24,32.9400,54.3800
2022-01-25,31.5500,49.4000
2022-01-26,29.9600,45.4200
2022-01-27,28.1700,41.6300
2022-01-28,36.3100,48.4100
2022-01-31,39.8800,53.3900
2022-02-01,42.8600,54.9800
2022-02-02,48.2100,58.5700
2022-02-03,42.5400,52.6900
2022-02-04,41.5500,50.7000
2022-02-07,42.1500,51.3000
2022-02-08,45.1300,55.4900
2022-02-09,52.2900,60.2800
2022-02-10,42.9400,53.8900
2022-02-11,39.9600,47.7000
2022-02-14,35.0600,45.0000
2022-02-15,40.7600,51.1000
2022-02-16,41.8700,52.6900
2022-02-17,36.1100,46.1100
2022-02-18,34.5200,45.7100
2022-02-22,31.1500,42.7100
2022-02-23,25.9900,37.0500
2022-02-24,24.4000,37.2500
2022-02-25,41.0700,49.2000
2022-02-28,34.7900,46.8100
2022-03-01,25.0500,39.4400
2022-03-02,36.9000,46.7200
2022-03-03,35.5200,46.5200
2022-03-04,35.3200,44.7300
2022-03-07,29.1700,36.5800
2022-03-08,24.2100,34.9900
2022-03-09,28.5700,39.5600
2022-03-10,29.1700,39.1700
2022-03-11,25.9900,36.7800
2022-03-14,26.1900,37.7700
2022-03-15,32.3400,41.3500
2022-03-16,43.0600,44.7300
2022-03-17,50.4000,47.7100
2022-03-18,57.1400,51.0900
2022-03-21,54.3700,49.9000
2022-03-22,57.9400,51.8900
2022-03-23,48.8100,47.7100
2022-03-24,57.7400,51.6900
2022-03-25,61.7100,53.2800
2022-03-28,64.2900,54.0800
2022-03-29,75.6000,60.8300
2022-03-30,69.1100,57.8500
2022-03-31,62.3800,53.6800
2022-04-01,63.1700,52.2900
2022-04-04,65.3500,52.2900
2022-04-05,60.7900,49.7000
2022-04-06,55.4500,49.3000
2022-04-07,57.0300,49.1100
2022-04-08,55.6400,49.1100
2022-04-11,51.4900,47.9000
2022-04-12,50.5000,47.1100
2022-04-13,54.8700,48.5000
2022-04-14,53.0800,48.1000
2022-04-18,51.0900,47.7000
2022-04-19,60.8300,50.1000
2022-04-20,64.4100,52.3000
2022-04-21,58.2500,50.5000
2022-04-22,43.1400,44.1100
2022-04-25,42.7400,45.3100
2022-04-26,33.6000,41.5200
2022-04-27,34.0000,42.3200
2022-04-28,41.5500,45.3100
2022-04-29,27.4400,36.7300
2022-05-02,24.8500,35.7300
2022-05-03,28.8300,37.7200
2022-05-04,48.7100,42.5100
2022-05-05,30.2200,36.3300
2022-05-06,27.6300,34.7300
2022-05-09,20.6800,31.1400
2022-05-10,18.2900,30.1400
2022-05-11,15.1100,29.3400
2022-05-12,16.7000,29.1400
2022-05-13,21.4700,31.9400
2022-05-16,22.2700,32.7300
2022-05-17,32.0100,35.7300
2022-05-18,16.5000,27.9400
2022-05-19,14.5100,27.3500
2022-05-20,14.1200,26.1500
2022-05-23,19.2800,28.9400
2022-05-24,21.2700,30.5400
2022-05-25,24.0600,30.7400
2022-05-26,31.6100,33.9300
2022-05-27,46.3200,38.3200
2022-05-31,39.7600,36.9300
2022-06-01,33.2000,34.3300
2022-06-02,44.5300,36.7300
2022-06-03,37.1800,34.1300
2022-06-06,41.1500,34.9300
2022-06-07,48.3100,38.1200
2022-06-08,37.9700,34.3300
2022-06-09,24.0600,28.9400
2022-06-10,12.1300,25.3500
2022-06-13,4.5700,18.9600
2022-06-14,4.7600,16.7700
2022-06-15,5.9500,17.9600
2022-06-16,1.9800,12.7700
2022-06-17,1.9800,12.5700
2022-06-21,5.1700,17.0000
2022-06-22,6.1600,17.2000
2022-06-23,11.1300,20.0000
2022-06-24,22.6600,23.8000
2022-06-27,22.2700,24.4000
2022-06-28,15.5100,22.8000
2022-06-29,14.9100,23.0000
2022-06-30,15.5100,22.4000
2022-07-01,25.4500,25.6000
2022-07-05,23.8600,22.4000
2022-07-06,27.0400,21.4000
2022-07-07,29.8200,23.2000
2022-07-08,28.8300,23.2000
2022-07-11,27.0400,22.2000
2022-07-12,22.2700,20.8000
2022-07-13,19.6800,19.8000
2022-07-14,18.8900,18.2000
2022-07-15,28.4300,19.6000
2022-07-18,23.2600,17.8000
2022-07-19,46.3200,22.0000
2022-07-20,51.0900,21.0000
2022-07-21,58.4500,22.6000
2022-07-22,56.8600,22.8000
2022-07-25,60.8300,26.2000
2022-07-26,54.4700,24.4000
2022-07-27,68.5900,28.2000
2022-07-28,75.1500,34.6000
2022-07-29,77.3400,36.8000
2022-08-01,76.5400,36.2000
2022-08-02,71.9700,33.4000
2022-08-03,75.5500,36.2000
2022-08-04,73.1600,36.0000
2022-08-05,72.7600,37.0000
2022-08-08,75.1500,37.8000
2022-08-09,73.9600,35.6000
2022-08-10,84.2900,42.0000
2022-08-11,87.8700,42.4000
2022-08-12,92.4500,48.0000
2022-08-15,91.2500,48.6000
2022-08-16,92.4500,51.0000
2022-08-17,91.8500,48.4000
2022-08-18,92.2500,49.6000
2022-08-19,88.8700,45.2000
2022-08-22,79.3200,37.8000
2022-08-23,78.1300,37.6000
2022-08-24,79.7200,38.6000
2022-08-25,84.6900,43.0000
2022-08-26,64.6100,34.8000
2022-08-29,58.4500,33.0000
2022-08-30,49.7000,30.0000
2022-08-31,42.5400,28.8000
2022-09-01,43.3400,30.2000
2022-09-02,34.5900,27.8000
2022-09-06,33.6000,27.8000
2022-09-07,49.1100,33.8000
2022-09-08,55.4700,36.0000
2022-09-09,65.2100,39.2000
2022-09-12,72.3700,41.0000
2022-09-13,38.9700,32.0000
2022-09-14,37.5700,31.6000
2022-09-15,32.4100,29.2000
2022-09-16,25.0500,27.4000
2022-09-19,31.6100,29.0000
2022-09-20,22.6600,26.4000
2022-09-21,15.5100,24.0000
2022-09-22,11.3300,20.1600
2022-09-23,4.7700,15.1700
2022-09-26,2.9800,12.3800
2022-09-27,3.1800,11.1800
2022-09-28,7.3600,15.5700
2022-09-29,5.5700,12.9700
2022-09-30,2.9900,11.8000
2022-10-03,8.1500,16.5700
2022-10-04,20.6800,22.7500
2022-10-05,21.8700,22.5500
2022-10-06,17.8900,20.3600
2022-10-07,11.1300,17.1700
2022-10-10,12.5200,16.3700
2022-10-11,11.7300,16.7700
2022-10-12,10.5400,16.3700
2022-10-13,17.6900,18.7600
2022-10-14,11.3300,15.1700
2022-10-17,18.0900,18.9600
2022-10-18,25.0500,21.9600
2022-10-19,21.6700,20.1600
2022-10-20,18.2900,18.1600
2022-10-21,29.2200,22.5500
2022-10-24,35.7900,24.7500
2022-10-25,47.7100,29.5400
2022-10-26,50.1000,31.1400
2022-10-27,52.0900,32.1400
2022-10-28,64.1400,38.6000
2022-10-31,62.5500,37.6000
2022-11-01,63.8200,37.7200
2022-11-02,50.8900,34.4600
2022-11-03,50.3000,33.6700
2022-11-04,58.6500,37.2500
2022-11-07,62.8200,40.2400
2022-11-08,65.8100,41.2400
2022-11-09,60.0400,37.6500
2022-11-10,82.5000,53.3900
2022-11-11,81.9100,55.5800
2022-11-14,79.3200,52.5900
2022-11-15,82.7000,55.1800
2022-11-16,81.5100,53.5900
2022-11-17,79.3200,51.7900
2022-11-18,83.1000,55.9800
2022-11-21,83.7000,56.1800
2022-11-22,87.6700,59.7600
2022-11-23,89.8600,61.9500
2022-11-25,90.2600,63.1500
2022-11-28,86.0800,58.5700
2022-11-29,86.2800,58.3700
2022-11-30,92.6400,64.5400
2022-12-01,91.4500,64.5400
2022-12-02,91.0500,63.7500
2022-12-05,83.3000,59.1600
2022-12-06,78.3300,57.3700
2022-12-07,78.5300,56.1800
2022-12-08,80.1200,57.7700
2022-12-09,77.7300,56.1800
2022-12-12,80.5200,60.9600
2022-12-13,82.1100,64.1400
2022-12-14,79.1300,60.9600
2022-12-15,66.8000,52.7900
2022-12-16,58.2500,49.4000
2022-12-19,50.7000,47.8100
2022-12-20,51.0900,47.8100
2022-12-21,60.6400,51.9900
2022-12-22,50.7000,50.2000
2022-12-23,55.6700,51.7900
2022-12-27,55.0700,52.5900
2022-12-28,41.8300,49.1000
2022-12-29,55.5800,52.6900
2022-12-30,47.6100,50.3000
2023-01-03,47.4100,50.1000
2023-01-04,56.1800,53.4900
2023-01-05,45.1100,49.8000
2023-01-06,67.2700,57.2000
2023-01-09,64.4700,57.4000
2023-01-10,67.2700,61.0000
2023-01-11,77.0500,65.0000
2023-01-12,77.0500,67.4000
2023-01-13,77.0500,66.4000
2023-01-17,75.4500,65.8000
2023-01-18,59.8800,60.2000
2023-01-19,48.7000,57.0900
2023-01-20,63.2700,62.6700
2023-01-23,69.2600,66.4700
2023-01-24,69.4600,65.4700
2023-01-25,68.8600,65.6700
2023-01-26,73.2500,67.2700
2023-01-27,72.2600,68.8600
2023-01-30,67.8600,65.8700
2023-01-31,74.4500,73.0500
2023-02-01,75.7500,75.0500
2023-02-02,74.1500,78.6400
2023-02-03,70.1400,73.4500
2023-02-06,67.3300,71.4600
2023-02-07,71.7400,73.4500
2023-02-08,67.9400,71.0600
2023-02-09,62.7300,68.8600
2023-02-10,65.3300,70.8600
2023-02-13,72.7500,72.8500
2023-02-14,69.1400,72.0600
2023-02-15,69.1400,72.4600
2023-02-16,64.9300,69.6600
2023-02-17,64.5300,69.0600
2023-02-21,48.9000,63.4700
2023-02-22,47.9000,62.6700
2023-02-23,51.3000,63.4700
2023-02-24,44.8900,59.8800
2023-02-27,47.4900,59.8800
2023-02-28,43.8000,57.6800
2023-03-01,41.8000,56.2900
2023-03-02,45.2000,59.0800
2023-03-03,53.0000,65.4700
2023-03-06,49.8000,62.6700
2023-03-07,37.0000,57.4900
2023-03-08,38.2000,57.6800
2023-03-09,25.4000,50.1000
2023-03-10,16.5700,44.2000
2023-03-13,17.2000,41.6800
2023-03-14,23.4000,45.2900
2023-03-15,18.9200,40.7200
2023-03-16,24.5000,44.7100
2023-03-17,20.7200,39.1200
2023-03-20,25.5000,46.7100
2023-03-21,25.9000,46.1200
2023-03-22,19.7200,40.5900
2023-03-23,19.3200,38.6100
2023-03-24,23.3100,40.0000
2023-03-27,24.9000,43.3300
2023-03-28,25.9000,44.5300
2023-03-29,34.6600,49.1000
2023-03-30,39.4400,51.8800
2023-03-31,50.4000,54.8700
2023-04-03,53.5900,56.4600
2023-04-04,44.8200,53.0800
2023-04-05,43.8200,53.8700
2023-04-06,44.4200,53.4700
2023-04-10,49.6000,54.8700
2023-04-11,52.9900,58.0500
2023-04-12,50.4000,56.2600
2023-04-13,55.9800,58.6400
2023-04-14,54.7800,56.2600
2023-04-17,57.9700,57.6500
2023-04-18,60.7600,57.8500
2023-04-19,59.7600,58.0500
2023-04-20,58.1700,57.2500
2023-04-21,57.9700,56.4600
2023-04-24,61.1600,56.0600
2023-04-25,47.2100,51.0900
2023-04-26,39.6400,46.1200
2023-04-27,52.1900,50.2900
2023-04-28,59.5600,54.8700
2023-05-01,61.2800,53.6700
2023-05-02,48.1000,48.1100
2023-05-03,45.5100,45.3200
2023-05-04,43.4300,45.3200
2023-05-05,53.1900,48.1100
2023-05-08,53.9800,48.9000
2023-05-09,51.0000,47.7100
2023-05-10,49.6000,47.5100
2023-05-11,47.4100,45.1200
2023-05-12,47.8100,46.1200
2023-05-15,48.8000,46.6200
2023-05-16,40.8400,42.3400
2023-05-17,47.8100,45.1200
2023-05-18,50.8000,48.6100
2023-05-19,51.0000,47.6100
2023-05-22,51.3900,48.0100
2023-05-23,42.2300,44.3300
2023-05-24,32.6700,39.5600
2023-05-25,32.0700,37.1700
2023-05-26,35.8600,41.3500
2023-05-30,34.4600,40.1500
2023-05-31,29.6800,38.1700
2023-06-01,35.4600,40.9500
2023-06-02,52.1900,49.5000
2023-06-05,48.8000,48.5000
2023-06-06,52.3900,50.0900
2023-06-07,59.0800,53.7800
2023-06-08,58.2800,53.7800
2023-06-09,57.2900,52.5800
2023-06-12,58.3700,54.0700
2023-06-13,64.7400,56.8500
2023-06-14,63.1500,56.0600
2023-06-15,68.9200,60.8300
2023-06-16,70.7200,61.0300
2023-06-20,64.5400,56.4600
2023-06-21,64.5400,58.0500
2023-06-22,60.3600,55.4600
2023-06-23,53.5900,52.0800
2023-06-26,59.3600,55.0600
2023-06-27,65.9400,59.4400
2023-06-28,63.5500,57.4500
2023-06-29,69.9200,59.8400
2023-06-30,74.7000,62.8200
2023-07-03,78.2900,65.8000
2023-07-05,78.2900,62.2200
2023-07-06,73.7100,60.4300
2023-07-07,73.7100,62.0200
2023-07-10,74.2500,64.0800
2023-07-11,80.4400,67.2600
2023-07-12,84.2300,68.5200
2023-07-13,85.2300,69.5200
2023-07-14,83.8300,66.7300
2023-07-17,81.6400,65.4000
2023-07-18,81.4400,67.1900
2023-07-19,85.0300,69.9800
2023-07-20,87.4300,72.3600
2023-07-21,87.4300,73.7500
2023-07-24,89.4200,73.5500
2023-07-25,87.8200,72.7600
2023-07-26,86.8300,73.5500
2023-07-27,80.8400,68.9800
2023-07-28,81.0400,70.1700
2023-07-31,81.8400,71.7600
2023-08-01,79.2400,68.1900
2023-08-02,73.0500,66.9900
2023-08-03,66.0700,63.0200
2023-08-04,60.8800,61.6300
2023-08-07,65.6700,64.2100
2023-08-08,59.6800,61.0300
2023-08-09,58.4800,61.8200
2023-08-10,57.6800,61.4300
2023-08-11,55.2900,60.6300
2023-08-14,54.6900,59.2400
2023-08-15,46.3100,55.0600
2023-08-16,40.5200,52.8800
2023-08-17,33.9300,50.2900
2023-08-18,34.5300,51.4900
2023-08-21,34.5300,50.6900
2023-08-22,31.1400,49.1000
2023-08-23,37.1300,50.2900
2023-08-24,30.9400,48.3100
2023-08-25,33.3300,49.9000
2023-08-28,36.7300,51.0900
2023-08-29,44.7100,54.2700
2023-08-30,47.5000,54.5800
2023-08-31,44.5100,54.2700
2023-09-01,47.1100,55.2600
2023-09-05,36.9300,51.3800
2023-09-06,34.7300,50.6900
2023-09-07,34.9300,48.5000
2023-09-08,34.9300,47.9100
2023-09-11,36.7300,48.3100
2023-09-12,34.5300,48.9000
2023-09-13,33.9300,47.1100
2023-09-14,39.8400,51.8800
2023-09-15,34.4600,50.0900
2023-09-18,35.2600,49.1000
2023-09-19,32.8700,48.1100
2023-09-20,30.2800,48.3100
2023-09-21,19.7200,43.1400
2023-09-22,18.9200,41.7400
2023-09-25,21.1200,42.3400
2023-09-26,14.1400,38.9600
2023-09-27,15.7400,39.1600
2023-09-28,19.9600,40.9500
2023-09-29,15.5700,39.7600
2023-10-02,12.5700,38.1700
2023-10-03,8.6200,35.3800
2023-10-04,11.2000,36.5800
2023-10-05,12.6000,35.5800
2023-10-06,18.2000,36.5800
2023-10-09,23.8000,39.9600
2023-10-10,25.8000,42.7400
2023-10-11,32.8000,43.1400
2023-10-12,27.6000,39.1600
2023-10-13,26.6500,38.3600
2023-10-16,32.8000,41.0300
2023-10-17,36.2000,42.4300
2023-10-18,28.3400,38.0400
2023-10-19,21.9600,35.3800
2023-10-20,16.1700,31.8000
2023-10-23,14.1700,29.8200
2023-10-24,17.3700,31.2100
2023-10-25,15.1700,27.2300
2023-10-26,14.9700,27.4300
2023-10-27,10.3800,24.0500
2023-10-30,14.5700,27.6300
2023-10-31,20.7600,30.2100
2023-11-01,25.5500,32.8000
2023-11-02,41.1200,38.1700
2023-11-03,50.5000,41.7400
2023-11-06,46.7100,40.3500
2023-11-07,45.6000,38.7600
2023-11-08,46.0000,37.7700
2023-11-09,41.6000,36.9700
2023-11-10,49.4000,39.7600
2023-11-13,48.2000,40.3500
2023-11-14,68.2000,48.1100
2023-11-15,70.6000,49.5000
2023-11-16,67.6000,48.7000
2023-11-17,72.0000,51.4900
2023-11-20,73.6000,51.6800
2023-11-21,71.7400,52.0800
2023-11-22,74.5500,52.8800
2023-11-24,76.5500,54.8700
2023-11-27,75.6000,53.4700
2023-11-28,77.0000,54.8700
2023-11-29,77.0000,55.8600
2023-11-30,80.0000,58.0500
2023-12-01,85.6000,62.8200
2023-12-04,84.8000,63.0200
2023-12-05,82.4400,59.2400
2023-12-06,80.8800,60.6300
2023-12-07,81.6700,61.2300
2023-12-08,82.8700,62.0200
2023-12-11,85.8600,65.0000
2023-12-12,84.8600,65.2000
2023-12-13,89.8400,71.5700
2023-12-14,89.4400,74.7500
2023-12-15,87.2500,71.9600
2023-12-18,89.0400,72.9600
2023-12-19,90.8400,75.1400
2023-12-20,85.2600,69.3800
2023-12-21,89.0400,72.3600
2023-12-22,89.8400,73.7500
2023-12-26,90.4400,74.7500
2023-12-27,89.6400,74.7500
2023-12-28,89.6400,76.1400
2023-12-29,89.8400,74.7500
2024-01-02,92.0300,78.5200
2024-01-03,91.6300,76.5400
2024-01-04,88.8400,74.5500
2024-01-05,87.8500,74.9500
2024-01-08,91.0400,76.9300
2024-01-09,86.4500,75.3400
2024-01-10,85.2600,74.9500
2024-01-11,83.8600,73.3500
2024-01-12,83.2700,72.9600
2024-01-16,79.4800,70.5700
2024-01-17,71.3100,66.7900
2024-01-18,73.3100,66.6000
2024-01-19,75.1500,68.9800
2024-01-22,75.7500,69.9800
2024-01-23,77.3400,69.3800
2024-01-24,71.9700,67.5900
2024-01-25,77.1400,70.3700
2024-01-26,76.9400,70.1700
2024-01-29,77.7300,71.9600
2024-01-30,76.1400,71.7600
2024-01-31,64.8100,68.1900
2024-02-01,72.1700,73.3000
2024-02-02,65.8100,70.3100
2024-02-05,58.8500,67.1300
2024-02-06,63.4200,69.9800
2024-02-07,63.4200,69.9800
2024-02-08,63.4200,69.9800
2024-02-09,62.8200,68.9800
2024-02-12,65.6100,71.3700
2024-02-13,53.0800,65.4000
2024-02-14,55.8600,66.0000
2024-02-15,63.8200,71.3700
2024-02-16,60.6400,69.5800
2024-02-20,60.6400,68.7800
2024-02-21,64.2100,70.3700
2024-02-22,65.6100,72.3600
2024-02-23,67.9900,72.7600
2024-02-26,62.2300,69.1800
2024-02-27,64.4100,71.1700
2024-02-28,65.4100,71.1700
2024-02-29,67.5900,73.1600
2024-03-01,69.1800,72.5600
2024-03-04,71.9700,74.1000
2024-03-05,68.9900,72.7000
2024-03-06,73.5600,74.3000
2024-03-07,75.5500,76.0900
2024-03-08,77.5300,76.4900
2024-03-11,80.7200,79.8800
2024-03-12,77.9300,77.7300
2024-03-13,79.5200,78.9200
2024-03-14,72.9600,75.9400
2024-03-15,70.5800,75.3400
2024-03-18,72.1700,75.3400
2024-03-19,74.1600,77.7300
2024-03-20,78.7300,79.3200
2024-03-21,80.9100,79.7200
2024-03-22,77.1400,78.9200
2024-03-25,75.7500,77.6800
2024-03-26,73.9600,77.2900
2024-03-27,82.9000,80.9100
2024-03-28,84.8900,82.7000
2024-04-01,80.3200,81.1100
2024-04-02,74.3500,79.5200
2024-04-03,74.8500,77.3300
2024-04-04,68.0600,76.3400
2024-04-05,73.0500,76.1400
2024-04-08,74.0500,76.9300
2024-04-09,75.4500,79.5200
2024-04-10,60.2800,74.1500
2024-04-11,57.4900,73.1600
2024-04-12,44.1100,69.1800
2024-04-15,36.5300,67.3900
2024-04-16,30.5400,65.0000
2024-04-17,29.5400,66.2000
2024-04-18,30.5400,65.8000
2024-04-19,36.5300,67.9900
2024-04-22,41.1200,71.5700
2024-04-23,44.5100,73.7500
2024-04-24,45.5100,73.3500
2024-04-25,42.3200,72.3600
2024-04-26,45.3100,71.3700
2024-04-29,50.5000,74.9500
2024-04-30,39.7200,68.9800
2024-05-01,39.1200,68.5800
2024-05-02,41.3200,69.9800
2024-05-03,43.2000,72.1600
2024-05-06,50.2000,73.1600
2024-05-07,52.4000,74.3000
2024-05-08,51.1000,73.7000
2024-05-09,57.6800,75.8900
2024-05-10,57.6800,76.6900
2024-05-13,58.6800,77.6800
2024-05-14,62.2800,78.9200
2024-05-15,64.6700,79.3200
2024-05-16,63.0700,79.5200
2024-05-17,64.6700,79.1200
2024-05-20,62.0800,77.6800
2024-05-21,61.0800,78.2800
2024-05-22,58.2800,76.8900
2024-05-23,46.7100,70.5700
2024-05-24,50.1000,71.3700
2024-05-28,43.9100,69.3800
2024-05-29,37.5200,63.8100
2024-05-30,42.7100,65.6000
2024-05-31,51.3000,70.5700
2024-06-03,50.1000,69.3800
2024-06-04,47.9000,69.5800
2024-06-05,49.4000,69.3800
2024-06-06,50.7000,67.9900
2024-06-07,49.7000,66.7900
2024-06-10,51.0900,66.6000
2024-06-11,46.5200,66.6000
2024-06-12,49.1100,66.7900
2024-06-13,48.1100,66.9900
2024-06-14,43.9400,64.2100
2024-06-17,47.1200,65.6000
2024-06-18,49.9000,65.8000
2024-06-20,52.4900,67.5900
2024-06-21,54.0800,67.7900
2024-06-24,60.4400,70.9700
2024-06-25,51.2900,67.9900
2024-06-26,47.5100,66.6000
2024-06-27,50.5000,67.9900
2024-06-28,48.5100,67.5900
2024-07-01,42.1500,65.0000
2024-07-02,47.3200,65.4000
2024-07-03,47.1200,66.0000
2024-07-05,45.9200,64.6100
2024-07-08,46.7200,63.8100
2024-07-09,45.9200,63.4100
2024-07-10,52.4900,65.8000
2024-07-11,64.2100,69.1800
2024-07-12,70.1800,72.1600
2024-07-15,67.7900,73.3500
2024-07-16,77.1400,78.3300
2024-07-17,76.3400,79.3200
2024-07-18,70.5800,76.5400
2024-07-19,64.8100,72.5600
2024-07-22,69.9800,74.3500
2024-07-23,67.5900,71.1700
2024-07-24,59.2400,70.5700
2024-07-25,62.6200,71.5700
2024-07-26,69.5800,75.3400
2024-07-29,70.1800,75.9400
2024-07-30,70.1800,77.1300
2024-07-31,73.5600,77.9300
2024-08-01,64.2100,73.9500
2024-08-02,55.8600,68.7800
2024-08-05,44.1400,60.4300
2024-08-06,49.7000,63.8100
2024-08-07,46.7200,61.4300
2024-08-08,54.0800,66.7900
2024-08-09,58.4500,66.4000
2024-08-12,54.0800,64.6100
2024-08-13,59.4400,67.9900
2024-08-14,59.8400,67.9900
2024-08-15,66.6000,71.3700
2024-08-16,68.9900,71.5700
2024-08-19,73.3600,73.3500
2024-08-20,70.3800,72.5600
2024-08-21,74.9000,75.3400
2024-08-22,72.5100,74.1500
2024-08-23,79.6800,76.7300
2024-08-26,77.4900,77.1300
2024-08-27,76.6900,76.1400
2024-08-28,76.4900,74.7500
2024-08-29,78.4900,75.9400
2024-08-30,82.0700,78.1300
2024-09-03,71.7100,73.5500
2024-09-04,70.5200,71.9600
2024-09-05,66.7300,71.1700
2024-09-06,58.3700,66.9900
2024-09-09,64.9400,69.5800
2024-09-10,63.9400,67.7900
2024-09-11,66.1400,68.7800
2024-09-12,69.5200,69.9800
2024-09-13,72.3100,73.3500
2024-09-16,74.7000,74.1500
2024-09-17,76.2900,74.9500
2024-09-18,74.1000,74.9500
2024-09-19,83.4700,77.9300
2024-09-20,78.4900,74.9500
2024-09-23,81.0800,76.3400
2024-09-24,81.0800,77.1300
2024-09-25,76.4900,73.9500
2024-09-26,81.8700,77.9300
2024-09-27,83.6700,79.9200
2024-09-30,85.0600,78.7200
2024-10-01,79.6400,76.5400
2024-10-02,78.0400,76.0900
2024-10-03,73.2500,74.7000
2024-10-04,75.8500,75.6900
2024-10-07,68.6600,72.5000
2024-10-08,69.4600,73.1000
2024-10-09,74.2500,75.6900
2024-10-10,71.4600,74.5000
2024-10-11,76.8500,76.6900
2024-10-14,80.4400,78.8800
2024-10-15,77.4500,78.0800
2024-10-16,78.0400,79.0800
2024-10-17,76.0500,78.9200
2024-10-18,77.2500,78.7200
2024-10-21,71.2600,75.9400
2024-10-22,65.6700,74.5500
2024-10-23,63.8700,72.7600
2024-10-24,62.0800,72.1600
2024-10-25,56.6900,71.5700
2024-10-28,59.3600,73.1600
2024-10-29,53.9800,72.3600
2024-10-30,54.7800,71.7600
2024-10-31,47.8100,68.7800
2024-11-01,49.4000,68.5800
2024-11-04,49.2000,69.1800
2024-11-05,55.5800,72.3600
2024-11-06,62.5500,74.1500
2024-11-07,64.9400,73.9500
2024-11-08,65.1400,73.5500
2024-11-11,64.7400,72.9600
2024-11-12,61.7500,71.3700
2024-11-13,62.5500,71.5700
2024-11-14,58.9600,69.9800
2024-11-15,55.1800,68.1900
2024-11-18,57.3700,68.9800
2024-11-19,53.5900,68.1900
2024-11-20,56.1800,68.5800
2024-11-21,61.3500,70.5700
2024-11-22,63.4700,71.3700
2024-11-25,68.8600,75.4900
2024-11-26,69.2600,74.9000
2024-11-27,70.2600,74.9500
2024-11-29,70.8600,75.5400
2024-12-02,68.4600,75.9400
2024-12-03,64.3400,73.9500
2024-12-04,63.3500,72.1600
2024-12-05,59.3600,70.1700
2024-12-06,58.7600,69.3800
2024-12-09,58.1700,70.7700
2024-12-10,54.3800,67.3900
2024-12-11,51.5900,66.0000
2024-12-12,50.4000,66.0000
2024-12-13,47.8100,64.6100
2024-12-16,44.6200,61.8200
2024-12-17,38.2500,60.6300
2024-12-18,19.3600,53.8700
2024-12-19,20.3600,52.3900
2024-12-20,25.9500,54.9800
2024-12-23,26.2900,54.9800
2024-12-24,31.8700,57.4500
2024-12-26,32.0700,57.6500
2024-12-27,27.2900,56.4600
2024-12-30,19.5200,54.2700
2024-12-31,20.3200,53.8700
2025-01-02,18.5300,53.2800
2025-01-03,24.1000,54.6700
2025-01-06,23.7500,52.6800
2025-01-07,24.5500,52.0800
2025-01-08,25.9500,53.4700
2025-01-10,16.9700,48.9000
2025-01-13,19.7600,51.8800
2025-01-14,24.9500,55.0600
2025-01-15,32.3400,55.2600
2025-01-16,38.1200,58.2500
2025-01-17,41.7200,58.4400
2025-01-21,52.6900,60.4300
2025-01-22,49.3000,59.4400
2025-01-23,53.2900,60.0300
2025-01-24,52.8900,60.4300
2025-01-27,62.4800,63.6100
2025-01-28,55.2900,61.2300
2025-01-29,51.9000,58.8400
2025-01-30,57.2900,61.2300
2025-01-31,51.5000,59.4400
2025-02-03,47.9000,58.6400
2025-02-04,48.9000,57.0500
2025-02-05,53.2900,58.8400
2025-02-06,52.6900,57.8500
2025-02-07,51.1000,57.0500
2025-02-10,51.2000,58.6400
2025-02-11,53.3900,58.4400
2025-02-12,48.8000,56.6600
2025-02-13,55.3800,59.4400
2025-02-14,55.3800,59.0400
2025-02-18,59.1600,58.6400
2025-02-19,59.7600,60.6300
2025-02-20,58.3700,61.0300
2025-02-21,53.1900,58.6400
2025-02-24,53.4700,58.4400
2025-02-25,53.2800,58.4400
2025-02-26,52.2800,57.6500
2025-02-27,48.7000,55.0600
2025-02-28,53.6700,57.4500
2025-03-03,46.7100,55.0600
2025-03-04,40.9500,48.1100
2025-03-05,44.5300,50.0900
2025-03-06,40.5500,47.3100
2025-03-07,46.7100,50.2900
2025-03-10,41.5500,44.1300
2025-03-11,32.4000,38.5600
2025-03-12,29.0200,37.3700
2025-03-13,25.8400,33.3900
2025-03-14,32.0000,39.5600
2025-03-17,37.3700,42.3400
2025-03-18,35.3800,41.1500
2025-03-19,39.3600,43.3300
2025-03-20,36.9700,42.3400
2025-03-21,33.2000,41.1500
2025-03-24,38.9600,45.5200
2025-03-25,40.1500,46.5200
2025-03-26,41.7400,46.5200
2025-03-27,39.5600,44.7300
2025-03-28,33.5900,39.9600
2025-03-31,38.9600,43.1400
2025-04-01,41.1500,42.9400
2025-04-02,41.7400,46.1200
2025-04-03,31.4100,36.5800
2025-04-04,11.3300,21.4700
2025-04-07,6.9500,18.6800
2025-04-08,5.1600,17.6900
2025-04-09,14.5100,30.0100
2025-04-10,13.5100,25.2400
2025-04-11,19.4800,28.2300
2025-04-14,25.4400,29.8200
2025-04-15,25.0400,29.6200
2025-04-16,20.8700,28.2300
2025-04-17,24.4500,30.2100
2025-04-21,15.1000,25.0400
2025-04-22,23.2600,30.0100
2025-04-23,26.8300,30.0100
2025-04-24,32.4000,32.8000
2025-04-25,32.2000,32.8000
2025-04-28,34.5900,33.3900
2025-04-29,39.1600,34.9900
2025-04-30,42.3400,35.9800
2025-05-01,40.5500,35.5800
2025-05-02,56.2600,40.9500
2025-05-05,53.8700,40.1500
2025-05-06,50.6900,36.9700
2025-05-07,54.6700,40.5500
2025-05-08,59.0400,42.3400
2025-05-09,60.8300,42.7400
2025-05-12,71.5700,50.6900
2025-05-13,68.9800,49.9000
2025-05-14,64.0100,48.5000
2025-05-15,72.3600,52.2800
2025-05-16,77.7300,54.6700
2025-05-19,78.3300,54.4700
2025-05-20,78.3700,53.5700
2025-05-21,65.6700,48.4100
2025-05-22,62.5000,47.2200
2025-05-23,59.5200,45.8300
2025-05-27,71.9600,50.2900
2025-05-28,65.4000,46.9100
2025-05-29,67.9900,47.9100
2025-05-30,70.4300,48.8000
2025-06-02,69.4400,48.0100
2025-06-03,69.8400,48.8000
2025-06-04,69.2400,48.6100
2025-06-05,67.2600,46.6200
2025-06-06,72.6100,49.2000
2025-06-09,73.6100,49.4000
2025-06-10,77.3800,51.7800
2025-06-11,76.1900,50.3900
2025-06-12,78.1700,51.1900
2025-06-13,70.4300,47.4200
2025-06-16,73.6100,49.2000
2025-06-17,65.4700,45.6300
2025-06-18,63.4900,45.2300
2025-06-20,63.8100,45.1200
2025-06-23,70.5700,49.3000
2025-06-24,74.5500,51.6800
2025-06-25,65.6000,46.9100
2025-06-26,68.1900,49.9000
2025-06-27,70.1700,51.0900
2025-06-30,71.9600,53.0800
2025-07-01,79.7600,58.9200
2025-07-02,74.8000,58.9200
2025-07-03,78.5200,61.2300
2025-07-07,72.5000,57.3700
2025-07-08,72.3100,58.1600
2025-07-09,71.9100,59.3600
2025-07-10,72.5000,61.5500
2025-07-11,67.3300,59.5600
2025-07-14,69.9800,58.8400
2025-07-15,59.4400,54.8700
2025-07-16,62.8200,55.8600
2025-07-17,65.2000,58.4400
2025-07-18,65.4000,58.4400
2025-07-21,61.1500,56.7700
2025-07-22,72.7000,61.7500
2025-07-23,75.0900,63.1400
2025-07-24,71.3100,62.1500
2025-07-25,72.9000,63.3400
2025-07-28,66.9300,60.7500
2025-07-29,65.9300,60.7500
2025-07-30,60.2300,58.6400
2025-07-31,55.4600,56.4600
2025-08-01,49.1000,53.4700
2025-08-04,54.0700,57.4500
2025-08-05,53.4700,56.2600
2025-08-06,50.6900,54.2700
2025-08-07,53.0800,55.2600
2025-08-08,56.0600,56.4600
2025-08-11,53.5800,54.9800
2025-08-12,59.9600,58.1600
2025-08-13,65.1300,63.5400
2025-08-14,61.8200,60.2300
2025-08-15,58.8400,60.0300
2025-08-18,58.6400,60.4300
2025-08-19,63.2200,62.4200
2025-08-20,64.0100,62.8200
2025-08-21,61.2300,62.6200
2025-08-22,70.7700,67.9900
2025-08-25,65.6000,64.6100
2025-08-26,65.0000,63.8100
2025-08-27,65.6000,65.2000
2025-08-28,64.2100,64.4100
2025-08-29,63.2200,65.0000
2025-09-02,57.8500,62.8200
2025-09-03,56.0600,62.6200
2025-09-04,59.0400,63.8100
2025-09-05,58.8400,63.2200
2025-09-08,57.8500,63.2200
2025-09-09,56.0600,61.8200
2025-09-10,53.6700,60.0300
2025-09-11,63.8100,65.6000
2025-09-12,59.0400,62.8200
2025-09-15,54.2700,61.0300
2025-09-16,50.6900,61.2300
2025-09-17,54.0700,61.0300
2025-09-18,56.0600,60.6300
2025-09-19,56.2600,59.8400
2025-09-22,52.8800,60.0300
2025-09-23,56.8500,60.8300
2025-09-24,53.4700,61.2300
2025-09-25,47.7100,59.0400
2025-09-26,54.6700,62.0200
2025-09-29,55.0600,62.2200
2025-09-30,56.8500,64.2100
2025-10-01,55.0600,64.6100
2025-10-02,55.4600,63.6100
2025-10-03,59.4400,64.8100
2025-10-06,56.8500,64.6100
2025-10-07,54.2700,64.2100
2025-10-08,54.8700,62.8200
2025-10-09,49.3000,61.6300
2025-10-10,36.1800,54.2700
2025-10-13,41.5500,57.4500
2025-10-14,48.1100,61.2300
2025-10-15,47.3100,60.8300
2025-10-16,39.7600,56.4600
2025-10-17,43.7300,57.8500
2025-10-20,50.4900,62.4200
2025-10-21,53.0800,64.2100
2025-10-22,48.9000,63.0200
2025-10-23,51.0900,64.2100
2025-10-24,52.8800,62.6200
2025-10-27,56.0600,63.2200
2025-10-28,47.3100,60.0300
2025-10-29,41.1500,54.0700
2025-10-30,41.1500,53.0800
2025-10-31,40.1500,53.6700
2025-11-03,38.3600,53.0800
2025-11-04,38.7600,52.4800
2025-11-05,40.1500,53.6700
2025-11-06,38.5600,51.6800
2025-11-07,43.9300,54.0700
2025-11-10,45.7200,55.2600
2025-11-11,49.1000,57.4500
2025-11-12,51.6800,57.6500
2025-11-13,44.7300,56.6600
2025-11-14,43.3300,55.8600
2025-11-17,36.7700,51.4900
2025-11-18,35.9800,52.0800
2025-11-19,34.3900,50.8900
2025-11-20,31.4100,47.5100
2025-11-21,39.1600,53.2800
2025-11-24,41.3500,53.0800
2025-11-25,50.8900,56.8500
2025-11-26,55.4600,58.0500
2025-11-28,58.4400,60.0300
2025-12-01,51.7900,57.7600
2025-12-02,50.2900,56.8500
2025-12-03,53.4700,59.0400
2025-12-04,55.2600,59.2400
2025-12-05,54.2700,60.4300
2025-12-08,49.5000,56.0600
2025-12-09,47.3100,56.0600
2025-12-10,54.0700,58.8400
2025-12-11,59.8400,62.0200
2025-12-12,57.7600,62.3500
2025-12-15,61.0300,61.8200
2025-12-16,56.0600,59.8400
2025-12-17,58.4400,59.8400
2025-12-18,56.2600,59.4400
2025-12-19,57.4500,58.0500
2025-12-22,61.6300,60.6300
2025-12-23,60.8300,60.6300
2025-12-24,61.8200,61.2300
2025-12-26,62.4200,60.4300
2025-12-29,63.6100,61.6300
2025-12-30,62.2200,61.2300
2025-12-31,55.6600,58.8400
2026-01-02,57.4500,58.6400
2026-01-05,61.6300,60.0300
2026-01-06,65.6000,62.8200
2026-01-07,61.0300,58.8400
2026-01-08,69.1800,62.8200
2026-01-09,69.9800,64.0100
2026-01-12,68.3800,64.6100
2026-01-13,66.2000,64.2100
2026-01-14,70.5100,66.7300
2026-01-15,72.7000,67.5200
2026-01-16,71.1100,67.1300
2026-01-20,61.7500,63.3400
2026-01-21,68.7200,66.5300
2026-01-22,67.9900,66.6000
2026-01-23,66.2000,65.6000
2026-01-26,69.9800,66.2000
2026-01-27,66.4000,66.0000
2026-01-28,61.2300,65.0000
2026-01-29,63.4100,64.0100
2026-01-30,65.6000,64.0100
2026-02-02,65.4000,63.0200
2026-02-03,62.4200,62.6200
2026-02-04,66.6000,66.9900
2026-02-05,64.4100,65.4000
2026-02-06,67.7200,67.1300
2026-02-09,67.3300,66.9300
2026-02-10,67.9900,67.1900
2026-02-11,66.2000,66.9900
2026-02-12,61.4300,64.8100
2026-02-13,62.4200,64.8100
2026-02-17,63.6100,63.6100
2026-02-18,65.8000,66.0000
2026-02-19,63.6100,64.0100
2026-02-20,65.0000,65.6000
2026-02-23,60.4300,63.4100
2026-02-24,61.4300,63.6100
2026-02-25,62.4200,63.0200
2026-02-26,65.2000,65.4000
2026-02-27,62.4200,65.6000
2026-03-02,60.8300,64.6100
2026-03-03,56.0600,61.0300
2026-03-04,57.2500,60.8300
2026-03-05,51.8800,58.2500
2026-03-06,43.7300,55.2600
2026-03-09,43.7300,55.2600
2026-03-10,40.3500,53.4700
2026-03-11,38.1700,51.6800
2026-03-12,31.4100,48.9000
2026-03-13,31.2100,47.9100
2026-03-16,32.6000,49.3000
2026-03-17,33.5900,50.0900
2026-03-18,28.2300,47.1100
2026-03-19,27.0300,46.9100
2026-03-20,19.0800,43.9300
2026-03-23,22.8600,47.1100
2026-03-24,24.0500,47.7100
2026-03-25,27.2300,48.1100
2026-03-26,21.8600,46.7100
2026-03-27,19.6800,42.9400
2026-03-30,19.4800,42.5400
2026-03-31,24.0500,47.3100
2026-04-01,26.2400,47.7100
2026-04-02,28.6200,48.3100
2026-04-06,31.0100,48.3100
2026-04-07,29.8200,48.1100
2026-04-08,46.4100,54.9800
2026-04-09,48.2000,55.3700
2026-04-10,43.4200,53.1800
2026-04-13,49.6000,55.3700
2026-04-14,52.0800,56.6600
2026-04-15,50.8900,54.8700
2026-04-16,52.4800,53.2800
2026-04-17,59.8400,60.0300
2026-04-20,60.6300,59.0400
2026-04-21,57.4500,56.2600
2026-04-22,54.4700,56.6600
2026-04-23,54.8700,55.6600
2026-04-24,52.4800,54.6700
2026-04-27,50.2900,55.0600
2026-04-28,52.0800,55.2600
2026-04-29,49.5000,53.6700
2026-04-30,56.0600,57.2500
2026-05-01,55.0600,56.8500
2026-05-04,51.2900,53.4700
2026-05-05,52.6800,54.4700
2026-05-06,55.0600,55.8600
2026-05-07,52.0800,55.2600
2026-05-08,51.1900,52.9800
2026-05-11,49.4000,53.9800
2026-05-12,49.9000,53.8700
2026-05-13,45.5200,52.6800
2026-05-14,46.5200,53.8700
2026-05-15,43.9300,50.8900
2026-05-18,50.4900,52.4800
2026-05-19,46.7100,50.6900
2026-05-20,52.0800,53.6700
2026-05-21,53.9800,55.1700
2026-05-22,56.7700,56.3700
2026-05-26,55.4600,57.2500
2026-05-27,55.0600,57.8500
2026-05-28,55.8600,57.2500
2026-05-29,52.2800,55.2600
2026-06-01,50.8900,53.4700
2026-06-02,51.2900,53.4700
2026-06-03,49.7000,53.4700
2026-06-04,55.6600,56.2600
2026-06-05,53.6700,58.0500
2026-06-08,51.6800,55.4600
2026-06-09,57.6500,58.4400
2026-06-10,51.0900,56.4600
2026-06-11,55.6600,59.2400
2026-06-12,60.4300,61.0300
2026-06-15,62.0200,60.8300
2026-06-16,64.6100,61.6300
2026-06-17,53.4700,57.8500
2026-06-18,55.2600,58.2500
2026-06-22,54.0700,57.2500
2026-06-23,58.8400,60.6300
2026-06-24,62.7400,62.3500
2026-06-25,63.3400,61.7500
2026-06-26,64.3400,63.5400
2026-06-29,64.9400,61.7500
2026-06-30,61.5500,60.5500
2026-07-01,63.0900,61.5000
2026-07-02,67.0600,65.8700
2026-07-06,67.3900,65.0000
2026-07-07,67.3900,66.6000
2026-07-08,63.2200,64.4100
2026-07-09,64.0100,64.2100
2026-07-10,67.7900,65.8000
2026-07-13,65.0000,66.9900
2026-07-14,63.2200,65.0000
2026-07-15,61.8200,64.6100
2026-07-16,67.1900,69.3800
2026-07-17,63.6100,66.4000
2026-07-20,60.6300,64.0100
2026-07-21,59.2400,63.4100
2026-07-22,62.2200,64.4100
2026-07-23,57.6500,64.4100
2026-07-24,65.2000,65.8000
2026-07-27,68.5800,68.9800
2026-07-28,71.5700,71.7600
2026-07-29,65.8000,69.1800
2026-07-30,63.6100,68.5800
2026-07-31,62.0200,66.6000
2026-08-03,64.0100,68.9800
2026-08-04,68.1900,70.9700
2026-08-05,66.7900,70.5700
2026-08-06,64.2100,69.9800
2026-08-07,65.6000,72.7600
2026-08-10,65.2000,71.1700
2026-08-11,63.2200,71.1700
2026-08-12,64.6100,69.3800
2026-08-13,68.1900,73.1600
2026-08-14,69.3800,72.7600
2026-08-17,62.0200,68.5800
2026-08-18,59.5600,68.1200
2026-08-19,59.7600,72.1100
2026-08-20,53.9800,70.3100
2026-08-21,57.7600,69.5200
2026-08-24,59.3600,72.1100
2026-08-25,58.2500,70.5700
2026-08-26,58.6400,70.3700
2026-08-27,53.8700,69.5800
2026-08-28,52.8800,68.7800
2026-08-31,49.5000,66.2000
2026-09-01,45.5200,62.6200
2026-09-02,47.5100,64.2100
2026-09-03,50.8900,66.4000
2026-09-04,46.9100,64.0100
2026-09-08,42.3400,60.6300
2026-09-09,36.9700,56.8500
2026-09-10,33.3900,54.6700
2026-09-11,38.7600,56.4600
2026-09-14,37.7700,56.2600
2026-09-15,34.5900,52.8800
2026-09-16,30.8100,50.0900
2026-09-17,30.8100,50.2900
2026-09-18,27.8300,49.5000
2026-09-21,30.2100,50.4900
2026-09-22,29.8200,49.7000
2026-09-23,28.8200,47.7100
2026-09-24,25.4400,45.1200
2026-09-25,27.2300,46.1200
