date,price
1927-12-30,17.66
1928-01-03,17.76
1928-01-04,17.72
1928-01-05,17.55
1928-01-06,17.66
1928-01-09,17.5
1928-01-10,17.37
1928-01-11,17.35
1928-01-12,17.47
1928-01-13,17.58
1928-01-16,17.29
1928-01-17,17.3
1928-01-18,17.26
1928-01-19,17.38
1928-01-20,17.48
1928-01-23,17.64
1928-01-24,17.71
1928-01-25,17.52
1928-01-26,17.63
1928-01-27,17.69
1928-01-30,17.49
1928-01-31,17.57
1928-02-01,17.53
1928-02-02,17.63
1928-02-03,17.4
1928-02-06,17.45
1928-02-07,17.44
1928-02-08,17.49
1928-02-09,17.55
1928-02-10,17.54
1928-02-14,17.44
1928-02-15,17.4
1928-02-16,17.35
1928-02-17,17.04
1928-02-20,16.95
1928-02-21,17.11
1928-02-23,17.13
1928-02-24,17.18
1928-02-27,17.11
1928-02-28,17.16
1928-02-29,17.26
1928-03-01,17.3
1928-03-02,17.3
1928-03-05,17.57
1928-03-06,17.67
1928-03-07,17.58
1928-03-08,17.64
1928-03-09,17.93
1928-03-12,18
1928-03-13,17.92
1928-03-14,17.93
1928-03-15,18.07
1928-03-16,18.26
1928-03-19,18.36
1928-03-20,18.46
1928-03-21,18.65
1928-03-22,18.6
1928-03-23,18.78
1928-03-26,19.05
1928-03-27,18.94
1928-03-28,18.89
1928-03-29,18.95
1928-03-30,19.28
1928-04-02,18.91
1928-04-03,19.02
1928-04-04,18.99
1928-04-05,19.23
1928-04-09,19.27
1928-04-10,19.1
1928-04-11,19.44
1928-04-12,19.41
1928-04-13,19.73
1928-04-16,19.68
1928-04-17,19.52
1928-04-18,19.52
1928-04-19,19.63
1928-04-20,19.34
1928-04-23,19.15
1928-04-24,19.25
1928-04-25,19.33
1928-04-26,19.47
1928-04-27,19.68
1928-04-30,19.75
1928-05-01,19.78
1928-05-02,19.83
1928-05-03,19.93
1928-05-04,20.24
1928-05-07,20.41
1928-05-08,20.27
1928-05-09,20.24
1928-05-10,20.21
1928-05-11,20.36
1928-05-14,20.44
1928-05-15,20.39
1928-05-16,20.05
1928-05-17,20.12
1928-05-18,19.92
1928-05-21,19.63
1928-05-22,19.36
1928-05-23,19.75
1928-05-24,19.87
1928-05-25,19.9
1928-05-28,19.57
1928-05-29,19.82
1928-05-31,20
1928-06-01,20.07
1928-06-04,19.8
1928-06-05,19.85
1928-06-06,19.66
1928-06-07,19.61
1928-06-08,19.37
1928-06-11,18.68
1928-06-12,18.34
1928-06-13,18.89
1928-06-14,19.05
1928-06-15,18.74
1928-06-18,18.4
1928-06-19,18.34
1928-06-20,18.57
1928-06-21,18.56
1928-06-22,18.54
1928-06-25,18.47
1928-06-26,18.68
1928-06-27,18.86
1928-06-28,19.07
1928-06-29,19.14
1928-07-02,18.98
1928-07-03,19.29
1928-07-05,19.48
1928-07-06,19.39
1928-07-09,19.46
1928-07-10,19.43
1928-07-11,18.95
1928-07-12,18.81
1928-07-13,18.96
1928-07-16,18.7
1928-07-17,18.8
1928-07-18,19.03
1928-07-19,18.99
1928-07-20,19.03
1928-07-23,19.12
1928-07-24,19.09
1928-07-25,19.2
1928-07-26,19.24
1928-07-27,19.42
1928-07-30,19.47
1928-07-31,19.43
1928-08-01,19.42
1928-08-02,19.33
1928-08-03,19.36
1928-08-06,19.58
1928-08-07,19.49
1928-08-08,19.25
1928-08-09,19.3
1928-08-10,19.25
1928-08-13,19.29
1928-08-14,19.13
1928-08-15,19.47
1928-08-16,19.61
1928-08-17,19.64
1928-08-20,19.77
1928-08-21,20.02
1928-08-22,20
1928-08-23,20.02
1928-08-24,20.34
1928-08-27,20.38
1928-08-28,20.54
1928-08-29,20.58
1928-08-30,20.61
1928-08-31,20.87
1928-09-04,20.97
1928-09-05,21.07
1928-09-06,20.94
1928-09-07,21.09
1928-09-10,20.92
1928-09-11,21.08
1928-09-12,21.16
1928-09-13,21.14
1928-09-14,21.14
1928-09-17,21.33
1928-09-18,21.18
1928-09-19,21.18
1928-09-20,21.22
1928-09-21,21.36
1928-09-24,21.43
1928-09-25,21.41
1928-09-26,21.4
1928-09-27,21.13
1928-09-28,21.14
1928-10-01,21.36
1928-10-02,21.26
1928-10-03,21.19
1928-10-04,21.26
1928-10-05,21.22
1928-10-08,21.11
1928-10-09,21.18
1928-10-10,21.41
1928-10-11,21.51
1928-10-15,21.65
1928-10-16,21.72
1928-10-17,21.79
1928-10-18,21.84
1928-10-19,21.96
1928-10-22,21.81
1928-10-23,21.95
1928-10-24,21.99
1928-10-25,21.91
1928-10-26,21.65
1928-10-29,22
1928-10-30,21.76
1928-10-31,21.68
1928-11-01,21.99
1928-11-02,21.95
1928-11-05,22.24
1928-11-06,22.5
1928-11-08,22.39
1928-11-09,22.55
1928-11-12,22.84
1928-11-13,22.91
1928-11-14,22.91
1928-11-15,23.03
1928-11-16,23.37
1928-11-19,23.37
1928-11-20,23.57
1928-11-21,23.22
1928-11-22,23.52
1928-11-23,23.7
1928-11-26,23.8
1928-11-27,23.91
1928-11-28,24.19
1928-11-30,24.28
1928-12-03,23.85
1928-12-04,23.91
1928-12-05,23.81
1928-12-06,22.91
1928-12-07,22.36
1928-12-10,22.31
1928-12-11,22.74
1928-12-12,22.52
1928-12-13,22.48
1928-12-14,22.53
1928-12-17,22.44
1928-12-18,22.7
1928-12-19,22.98
1928-12-20,23.07
1928-12-21,23.33
1928-12-24,23.54
1928-12-26,23.44
1928-12-27,23.64
1928-12-28,23.98
1928-12-31,24.35
1929-01-02,24.81
1929-01-03,24.86
1929-01-04,24.85
1929-01-07,24.25
1929-01-08,24.17
1929-01-09,24.54
1929-01-10,24.58
1929-01-11,24.54
1929-01-14,24.59
1929-01-15,24.23
1929-01-16,24.56
1929-01-17,24.69
1929-01-18,24.77
1929-01-21,24.86
1929-01-22,25.07
1929-01-23,25.22
1929-01-24,25.06
1929-01-25,25.48
1929-01-28,25.35
1929-01-29,25.36
1929-01-30,25.45
1929-01-31,25.74
1929-02-01,25.84
1929-02-04,25.64
1929-02-05,25.7
1929-02-06,25.49
1929-02-07,24.71
1929-02-08,24.44
1929-02-11,24.98
1929-02-13,24.95
1929-02-14,24.85
1929-02-15,24.35
1929-02-18,24.39
1929-02-19,24.38
1929-02-20,24.59
1929-02-21,24.86
1929-02-25,24.91
1929-02-26,24.95
1929-02-27,25.25
1929-02-28,25.59
1929-03-01,25.83
1929-03-04,25.49
1929-03-05,25.32
1929-03-06,24.92
1929-03-07,25.15
1929-03-08,25.31
1929-03-11,24.95
1929-03-12,24.97
1929-03-13,25.24
1929-03-14,25.73
1929-03-15,26.08
1929-03-18,26.04
1929-03-19,26.03
1929-03-20,26.02
1929-03-21,25.9
1929-03-22,25.55
1929-03-25,24.51
1929-03-26,24.35
1929-03-27,25.09
1929-03-28,25.53
1929-04-01,24.88
1929-04-02,25.17
1929-04-03,24.86
1929-04-04,25.3
1929-04-05,25.05
1929-04-08,24.83
1929-04-09,24.63
1929-04-10,24.78
1929-04-11,25.06
1929-04-12,25.15
1929-04-15,25
1929-04-16,25.06
1929-04-17,25.32
1929-04-18,25.43
1929-04-19,25.41
1929-04-22,25.7
1929-04-23,25.85
1929-04-24,25.75
1929-04-25,25.63
1929-04-26,25.58
1929-04-29,25.53
1929-04-30,25.94
1929-05-01,25.99
1929-05-02,26.11
1929-05-03,26.37
1929-05-06,26.32
1929-05-07,26.07
1929-05-08,26.18
1929-05-09,26.02
1929-05-10,26.34
1929-05-13,25.64
1929-05-14,25.95
1929-05-15,25.84
1929-05-16,25.97
1929-05-17,26.09
1929-05-20,25.39
1929-05-21,25.7
1929-05-22,24.76
1929-05-23,25.31
1929-05-24,25.12
1929-05-27,24.2
1929-05-28,24.59
1929-05-29,24.62
1929-05-31,24.83
1929-06-03,25.27
1929-06-04,25.64
1929-06-05,25.59
1929-06-06,25.64
1929-06-07,25.53
1929-06-10,25.27
1929-06-11,25.43
1929-06-12,25.45
1929-06-13,25.84
1929-06-14,25.93
1929-06-17,26.41
1929-06-18,26.42
1929-06-19,26.32
1929-06-20,26.47
1929-06-21,26.62
1929-06-24,26.62
1929-06-25,26.9
1929-06-26,27.06
1929-06-27,27.11
1929-06-28,27.41
1929-07-01,27.77
1929-07-02,28.06
1929-07-03,28.18
1929-07-05,28.32
1929-07-08,28.37
1929-07-09,28.28
1929-07-10,28.2
1929-07-11,28.26
1929-07-12,28.57
1929-07-15,28.45
1929-07-16,28.65
1929-07-17,28.72
1929-07-18,28.66
1929-07-19,28.76
1929-07-22,28.43
1929-07-23,28.83
1929-07-24,28.64
1929-07-25,28.77
1929-07-26,28.66
1929-07-29,28.18
1929-07-30,28.5
1929-07-31,28.88
1929-08-01,29.08
1929-08-02,29.56
1929-08-05,29.54
1929-08-06,29.43
1929-08-07,29.13
1929-08-08,29.47
1929-08-09,28.38
1929-08-12,29.27
1929-08-13,29.53
1929-08-14,29.62
1929-08-15,29.67
1929-08-16,30.22
1929-08-19,30.5
1929-08-20,30.68
1929-08-21,30.55
1929-08-22,30.79
1929-08-23,31.09
1929-08-26,31.07
1929-08-27,31.05
1929-08-28,30.99
1929-08-29,31.29
1929-08-30,31.71
1929-09-03,31.82
1929-09-04,31.72
1929-09-05,31.02
1929-09-06,31.83
1929-09-09,31.67
1929-09-10,31.1
1929-09-11,31.53
1929-09-12,31.17
1929-09-13,31.38
1929-09-16,31.86
1929-09-17,31.6
1929-09-18,31.68
1929-09-19,31.73
1929-09-20,31.39
1929-09-23,31.38
1929-09-24,30.8
1929-09-25,30.85
1929-09-26,31.13
1929-09-27,30.27
1929-09-30,30.16
1929-10-01,29.98
1929-10-02,30.2
1929-10-03,28.95
1929-10-04,28.65
1929-10-07,30.44
1929-10-08,30.34
1929-10-09,30.27
1929-10-10,30.81
1929-10-11,30.76
1929-10-14,30.55
1929-10-15,30.3
1929-10-16,29.24
1929-10-17,29.69
1929-10-18,28.84
1929-10-21,27.73
1929-10-22,28.27
1929-10-23,26.6
1929-10-24,25.75
1929-10-25,26.12
1929-10-28,22.74
1929-10-29,20.43
1929-10-30,22.99
1929-10-31,24.15
1929-11-04,22.88
1929-11-06,20.61
1929-11-07,21.37
1929-11-08,21.18
1929-11-11,19.86
1929-11-12,18.73
1929-11-13,17.66
1929-11-14,19.24
1929-11-15,20.3
1929-11-18,20.09
1929-11-19,20.7
1929-11-20,21.27
1929-11-21,21.61
1929-11-22,21.53
1929-11-25,21.28
1929-11-26,20.66
1929-11-27,20.92
1929-12-02,20.95
1929-12-03,21.65
1929-12-04,22.05
1929-12-05,21.87
1929-12-06,22.45
1929-12-09,22.4
1929-12-10,22.57
1929-12-11,22.38
1929-12-12,21.17
1929-12-13,21.7
1929-12-16,21.33
1929-12-17,21.56
1929-12-18,21.42
1929-12-19,20.85
1929-12-20,20.16
1929-12-23,20.26
1929-12-24,20.39
1929-12-26,20.84
1929-12-27,20.82
1929-12-30,20.89
1929-12-31,21.45
1930-01-02,21.18
1930-01-03,21.23
1930-01-06,21.5
1930-01-07,21.31
1930-01-08,21.29
1930-01-09,21.62
1930-01-10,21.55
1930-01-13,21.52
1930-01-14,21.56
1930-01-15,21.65
1930-01-16,21.5
1930-01-17,21.31
1930-01-20,21.5
1930-01-21,21.61
1930-01-22,21.63
1930-01-23,21.84
1930-01-24,22.04
1930-01-27,22.21
1930-01-28,22.1
1930-01-29,22.35
1930-01-30,22.47
1930-01-31,22.79
1930-02-03,22.74
1930-02-04,23.01
1930-02-05,23.31
1930-02-06,23.06
1930-02-07,22.97
1930-02-10,23.12
1930-02-11,23.32
1930-02-13,23.36
1930-02-14,23.35
1930-02-17,23.26
1930-02-18,23.28
1930-02-19,23.07
1930-02-20,22.64
1930-02-21,22.92
1930-02-24,22.68
1930-02-25,22.69
1930-02-26,23.11
1930-02-27,23.08
1930-02-28,23.28
1930-03-03,23.36
1930-03-04,23.54
1930-03-05,23.36
1930-03-06,23.59
1930-03-07,23.59
1930-03-10,23.67
1930-03-11,23.72
1930-03-12,23.46
1930-03-13,23.6
1930-03-14,23.45
1930-03-17,23.67
1930-03-18,23.9
1930-03-19,24.03
1930-03-20,24.14
1930-03-21,24.29
1930-03-24,24.28
1930-03-25,24.25
1930-03-26,24.62
1930-03-27,24.57
1930-03-28,24.85
1930-03-31,25.14
1930-04-01,25.37
1930-04-02,25.11
1930-04-03,25.16
1930-04-04,25.54
1930-04-07,25.6
1930-04-08,25.46
1930-04-09,25.87
1930-04-10,25.92
1930-04-11,25.84
1930-04-14,25.73
1930-04-15,25.74
1930-04-16,25.56
1930-04-17,25.75
1930-04-21,25.29
1930-04-22,25.5
1930-04-23,25.55
1930-04-24,25.35
1930-04-25,25.32
1930-04-28,24.76
1930-04-29,24.73
1930-04-30,24.9
1930-05-01,24.3
1930-05-02,23.57
1930-05-05,22.98
1930-05-06,23.76
1930-05-07,23.31
1930-05-08,23.4
1930-05-09,23.69
1930-05-12,24.09
1930-05-13,24.42
1930-05-14,24.57
1930-05-15,24.17
1930-05-16,24.28
1930-05-19,23.75
1930-05-20,23.86
1930-05-21,23.74
1930-05-22,23.79
1930-05-23,24.03
1930-05-26,24.23
1930-05-27,24.24
1930-05-28,24.38
1930-05-29,24.49
1930-06-02,24.4
1930-06-03,24.18
1930-06-04,24.29
1930-06-05,23.91
1930-06-06,23.52
1930-06-09,22.38
1930-06-10,23.01
1930-06-11,22.2
1930-06-12,22.13
1930-06-13,22.26
1930-06-16,20.56
1930-06-17,20.58
1930-06-18,19.86
1930-06-19,20.79
1930-06-20,20.25
1930-06-23,20.09
1930-06-24,19.39
1930-06-25,19.54
1930-06-26,20
1930-06-27,19.81
1930-06-30,20.46
1930-07-01,20.24
1930-07-02,20.46
1930-07-03,20.25
1930-07-07,19.83
1930-07-08,19.97
1930-07-09,20.26
1930-07-10,20.77
1930-07-11,20.55
1930-07-14,21.36
1930-07-15,21.32
1930-07-16,21.48
1930-07-17,21.58
1930-07-18,21.77
1930-07-21,20.94
1930-07-22,21.32
1930-07-23,21.66
1930-07-24,21.38
1930-07-25,21.5
1930-07-28,21.82
1930-07-29,21.65
1930-07-30,21.08
1930-07-31,21.21
1930-08-01,21.11
1930-08-04,21.52
1930-08-05,21.52
1930-08-06,21.18
1930-08-07,21.06
1930-08-08,20.27
1930-08-11,20.4
1930-08-12,19.88
1930-08-13,20.15
1930-08-14,20.16
1930-08-15,20.7
1930-08-18,20.54
1930-08-19,20.74
1930-08-20,20.85
1930-08-21,20.64
1930-08-22,20.79
1930-08-25,20.68
1930-08-26,20.98
1930-08-27,21.14
1930-08-28,21.13
1930-08-29,21.37
1930-09-02,21.38
1930-09-03,21.17
1930-09-04,21.02
1930-09-05,21.34
1930-09-08,21.63
1930-09-09,21.76
1930-09-10,21.86
1930-09-11,21.72
1930-09-12,21.5
1930-09-15,21.19
1930-09-16,21.22
1930-09-17,21.29
1930-09-18,21.06
1930-09-19,20.68
1930-09-22,20.17
1930-09-23,20.44
1930-09-24,20.11
1930-09-25,19.73
1930-09-26,19.43
1930-09-29,18.86
1930-09-30,18.59
1930-10-01,19.42
1930-10-02,19.18
1930-10-03,19.42
1930-10-06,18.61
1930-10-07,18.62
1930-10-08,18.4
1930-10-09,17.67
1930-10-10,18.11
1930-10-14,17.91
1930-10-15,18.2
1930-10-16,17.88
1930-10-17,17.16
1930-10-20,17.57
1930-10-21,17.05
1930-10-22,16.9
1930-10-23,17.14
1930-10-24,17.74
1930-10-27,17.78
1930-10-28,17.86
1930-10-29,17.55
1930-10-30,17.34
1930-10-31,16.94
1930-11-03,17.13
1930-11-05,16.62
1930-11-06,16.65
1930-11-07,16.09
1930-11-10,15.54
1930-11-11,15.79
1930-11-12,16.14
1930-11-13,16.56
1930-11-14,16.89
1930-11-17,16.48
1930-11-18,16.66
1930-11-19,17.01
1930-11-20,16.94
1930-11-21,17.2
1930-11-24,17.05
1930-11-25,16.85
1930-11-26,16.61
1930-11-28,16.38
1930-12-01,16.8
1930-12-02,16.96
1930-12-03,16.67
1930-12-04,16.42
1930-12-05,16.43
1930-12-08,15.97
1930-12-09,15.98
1930-12-10,15.73
1930-12-11,15.55
1930-12-12,15.43
1930-12-15,14.94
1930-12-16,14.44
1930-12-17,15.11
1930-12-18,15.22
1930-12-19,15.39
1930-12-22,14.88
1930-12-23,14.96
1930-12-24,15.16
1930-12-26,14.85
1930-12-29,14.72
1930-12-30,15.06
1930-12-31,15.34
1931-01-02,15.85
1931-01-05,15.93
1931-01-06,16.13
1931-01-07,16.09
1931-01-08,16.23
1931-01-09,16.07
1931-01-12,15.84
1931-01-13,15.65
1931-01-14,15.83
1931-01-15,15.46
1931-01-16,15.65
1931-01-19,15.46
1931-01-20,15.78
1931-01-21,15.78
1931-01-22,16.07
1931-01-23,16.42
1931-01-26,16.4
1931-01-27,16.32
1931-01-28,16.02
1931-01-29,16.17
1931-01-30,16.19
1931-02-02,16.16
1931-02-03,16.24
1931-02-04,16.33
1931-02-05,16.22
1931-02-06,16.27
1931-02-09,16.96
1931-02-10,17.23
1931-02-11,17.28
1931-02-13,17.18
1931-02-16,17.34
1931-02-17,17.05
1931-02-18,17.2
1931-02-19,17.43
1931-02-20,17.71
1931-02-24,18.17
1931-02-25,17.97
1931-02-26,18.17
1931-02-27,18.03
1931-03-02,17.52
1931-03-03,17.5
1931-03-04,17.34
1931-03-05,17.69
1931-03-06,17.32
1931-03-09,17.76
1931-03-10,17.72
1931-03-11,17.52
1931-03-12,17.4
1931-03-13,17.32
1931-03-16,17.77
1931-03-17,17.58
1931-03-18,17.81
1931-03-19,18.01
1931-03-20,18.06
1931-03-23,17.76
1931-03-24,17.88
1931-03-25,17.78
1931-03-26,17.54
1931-03-27,17.21
1931-03-30,16.66
1931-03-31,16.69
1931-04-01,16.52
1931-04-02,16.45
1931-04-06,16.5
1931-04-07,16.28
1931-04-08,16.5
1931-04-09,16.41
1931-04-10,16.46
1931-04-13,16.72
1931-04-14,16.51
1931-04-15,16.18
1931-04-16,15.98
1931-04-17,15.73
1931-04-20,15.96
1931-04-21,15.54
1931-04-22,15.22
1931-04-23,15.29
1931-04-24,15.29
1931-04-27,14.76
1931-04-28,14.67
1931-04-29,14.37
1931-04-30,15.09
1931-05-01,14.65
1931-05-04,15.06
1931-05-05,14.94
1931-05-06,15.01
1931-05-07,14.95
1931-05-08,15.44
1931-05-11,15.19
1931-05-12,15.04
1931-05-13,14.99
1931-05-14,14.66
1931-05-15,14.44
1931-05-18,13.84
1931-05-19,13.83
1931-05-20,13.75
1931-05-21,13.89
1931-05-22,13.94
1931-05-25,13.4
1931-05-26,13.41
1931-05-27,13.26
1931-05-28,13.31
1931-05-29,13.02
1931-06-01,12.4
1931-06-02,12.2
1931-06-03,13.12
1931-06-04,13.55
1931-06-05,13.4
1931-06-08,13.56
1931-06-09,13.34
1931-06-10,13.7
1931-06-11,13.73
1931-06-12,13.75
1931-06-15,13.63
1931-06-16,13.66
1931-06-17,13.51
1931-06-18,13.27
1931-06-19,13.22
1931-06-22,14.61
1931-06-23,14.41
1931-06-24,15.09
1931-06-25,14.99
1931-06-26,15.35
1931-06-29,15.09
1931-06-30,14.83
1931-07-01,15.07
1931-07-02,14.94
1931-07-03,15.26
1931-07-06,15.1
1931-07-07,14.51
1931-07-08,14.37
1931-07-09,14.49
1931-07-10,14.63
1931-07-13,14.23
1931-07-14,14.09
1931-07-15,13.8
1931-07-16,14.14
1931-07-17,14.27
1931-07-20,14.46
1931-07-21,14.62
1931-07-22,14.28
1931-07-23,14.28
1931-07-24,13.97
1931-07-27,14.03
1931-07-28,14.18
1931-07-29,13.74
1931-07-30,13.8
1931-07-31,13.73
1931-08-03,13.93
1931-08-04,13.84
1931-08-05,13.64
1931-08-06,13.55
1931-08-07,13.61
1931-08-10,13.55
1931-08-11,13.99
1931-08-12,13.8
1931-08-13,14.02
1931-08-14,14.29
1931-08-17,14.05
1931-08-18,14.1
1931-08-19,14.14
1931-08-20,14.17
1931-08-21,13.86
1931-08-24,13.75
1931-08-25,13.7
1931-08-26,13.93
1931-08-27,13.85
1931-08-28,13.99
1931-08-31,13.86
1931-09-01,13.92
1931-09-02,13.66
1931-09-03,13.35
1931-09-04,13.29
1931-09-08,12.87
1931-09-09,12.76
1931-09-10,12.62
1931-09-11,12.69
1931-09-14,12.1
1931-09-15,11.99
1931-09-16,11.82
1931-09-17,12.04
1931-09-18,11.46
1931-09-21,10.93
1931-09-22,10.8
1931-09-23,11.52
1931-09-24,10.68
1931-09-25,10.92
1931-09-28,10.5
1931-09-29,10.06
1931-09-30,9.71
1931-10-01,9.53
1931-10-02,9.7
1931-10-05,8.82
1931-10-06,9.91
1931-10-07,9.78
1931-10-08,10.62
1931-10-09,10.55
1931-10-13,10.1
1931-10-14,9.87
1931-10-15,10.05
1931-10-16,10.36
1931-10-19,10.49
1931-10-20,10.96
1931-10-21,10.86
1931-10-22,10.5
1931-10-23,10.84
1931-10-26,10.64
1931-10-27,10.41
1931-10-28,10.07
1931-10-29,10.11
1931-10-30,10.43
1931-11-02,10.5
1931-11-04,10.82
1931-11-05,10.78
1931-11-06,11.11
1931-11-09,11.52
1931-11-10,11.28
1931-11-11,11.11
1931-11-12,11.07
1931-11-13,10.72
1931-11-16,10.43
1931-11-17,10.6
1931-11-18,10.21
1931-11-19,10.16
1931-11-20,9.85
1931-11-23,9.7
1931-11-24,9.87
1931-11-25,9.53
1931-11-27,9.31
1931-11-30,9.5
1931-12-01,9.38
1931-12-02,9.05
1931-12-03,9.22
1931-12-04,9.02
1931-12-07,9.29
1931-12-08,9.02
1931-12-09,8.78
1931-12-10,8.58
1931-12-11,8.31
1931-12-14,8.01
1931-12-15,8.12
1931-12-16,7.93
1931-12-17,7.72
1931-12-18,8.36
1931-12-21,8.15
1931-12-22,8.29
1931-12-23,7.95
1931-12-24,7.96
1931-12-28,7.76
1931-12-29,7.96
1931-12-30,8.1
1931-12-31,8.12
1932-01-04,7.56
1932-01-05,7.55
1932-01-06,8.08
1932-01-07,8.22
1932-01-08,8.57
1932-01-11,8.48
1932-01-12,8.39
1932-01-13,8.8
1932-01-14,8.9
1932-01-15,8.92
1932-01-18,8.51
1932-01-19,8.48
1932-01-20,8.63
1932-01-21,8.58
1932-01-22,8.21
1932-01-25,8.2
1932-01-26,8.31
1932-01-27,8.15
1932-01-28,8.03
1932-01-29,7.94
1932-02-01,8.23
1932-02-02,8.05
1932-02-03,8.09
1932-02-04,8.04
1932-02-05,7.78
1932-02-08,7.62
1932-02-09,7.53
1932-02-10,7.5
1932-02-11,8.12
1932-02-15,8.5
1932-02-16,8.84
1932-02-17,8.48
1932-02-18,8.71
1932-02-19,8.72
1932-02-23,8.22
1932-02-24,8.43
1932-02-25,8.35
1932-02-26,8.34
1932-02-29,8.29
1932-03-01,8.35
1932-03-02,8.71
1932-03-03,8.71
1932-03-04,8.72
1932-03-07,8.82
1932-03-08,8.98
1932-03-09,8.81
1932-03-10,8.73
1932-03-11,8.52
1932-03-14,8.31
1932-03-15,8.31
1932-03-16,8.11
1932-03-17,8.28
1932-03-18,8.02
1932-03-21,8.06
1932-03-22,8.05
1932-03-23,7.94
1932-03-24,7.86
1932-03-28,7.59
1932-03-29,7.58
1932-03-30,7.74
1932-03-31,7.31
1932-04-01,7.18
1932-04-04,7.06
1932-04-05,6.73
1932-04-06,6.53
1932-04-07,6.46
1932-04-08,6.29
1932-04-11,6.07
1932-04-12,6.06
1932-04-13,5.98
1932-04-14,6.25
1932-04-15,6.42
1932-04-18,6.12
1932-04-19,6.03
1932-04-20,6.03
1932-04-21,6.24
1932-04-22,5.96
1932-04-25,6.03
1932-04-26,6.12
1932-04-27,6.27
1932-04-28,6.03
1932-04-29,5.83
1932-05-02,5.74
1932-05-03,5.66
1932-05-04,5.74
1932-05-05,5.68
1932-05-06,6.09
1932-05-09,5.96
1932-05-10,6.01
1932-05-11,6
1932-05-12,5.8
1932-05-13,5.6
1932-05-16,5.61
1932-05-17,5.59
1932-05-18,5.45
1932-05-19,5.48
1932-05-20,5.48
1932-05-23,5.43
1932-05-24,5.21
1932-05-25,5.03
1932-05-26,5.11
1932-05-27,4.83
1932-05-31,4.47
1932-06-01,4.4
1932-06-02,4.64
1932-06-03,4.89
1932-06-06,5.07
1932-06-07,4.85
1932-06-08,4.57
1932-06-09,4.57
1932-06-10,4.92
1932-06-13,4.82
1932-06-14,4.94
1932-06-15,5.12
1932-06-16,5.12
1932-06-17,4.83
1932-06-20,4.89
1932-06-21,4.77
1932-06-22,4.77
1932-06-23,4.8
1932-06-24,4.6
1932-06-27,4.44
1932-06-28,4.44
1932-06-29,4.51
1932-06-30,4.43
1932-07-01,4.6
1932-07-05,4.5
1932-07-06,4.6
1932-07-07,4.45
1932-07-08,4.41
1932-07-11,4.6
1932-07-12,4.6
1932-07-13,4.82
1932-07-14,4.79
1932-07-15,4.93
1932-07-18,4.8
1932-07-19,4.78
1932-07-20,4.93
1932-07-21,5.05
1932-07-22,5.2
1932-07-25,5.48
1932-07-26,5.4
1932-07-27,5.67
1932-07-28,5.85
1932-07-29,6.03
1932-08-01,6.11
1932-08-02,5.87
1932-08-03,6.39
1932-08-04,6.52
1932-08-05,6.8
1932-08-08,7.43
1932-08-09,7.39
1932-08-10,7.65
1932-08-11,7.61
1932-08-12,7
1932-08-15,7.44
1932-08-16,7.68
1932-08-17,7.51
1932-08-18,7.6
1932-08-19,7.53
1932-08-22,8
1932-08-23,8.15
1932-08-24,8.33
1932-08-25,8.26
1932-08-26,8.39
1932-08-29,8.58
1932-08-30,8.47
1932-08-31,8.39
1932-09-01,8.47
1932-09-02,8.84
1932-09-06,8.91
1932-09-07,9.31
1932-09-08,8.97
1932-09-09,8.75
1932-09-12,8.15
1932-09-13,7.8
1932-09-14,7.35
1932-09-15,7.66
1932-09-16,7.57
1932-09-19,7.34
1932-09-20,7.62
1932-09-21,8.52
1932-09-22,8.26
1932-09-23,8.4
1932-09-26,8.04
1932-09-27,8.13
1932-09-28,8.36
1932-09-29,8.1
1932-09-30,8.08
1932-10-03,8.06
1932-10-04,8.05
1932-10-05,7.39
1932-10-06,7.43
1932-10-07,7.02
1932-10-10,6.42
1932-10-11,6.88
1932-10-13,6.67
1932-10-14,7.13
1932-10-17,7
1932-10-18,7.13
1932-10-19,7.4
1932-10-20,7.23
1932-10-21,6.82
1932-10-24,6.83
1932-10-25,6.76
1932-10-26,6.89
1932-10-27,6.95
1932-10-28,7.09
1932-10-31,6.96
1932-11-01,6.76
1932-11-02,6.52
1932-11-03,6.48
1932-11-04,6.88
1932-11-07,7.24
1932-11-09,6.92
1932-11-10,7.44
1932-11-11,7.68
1932-11-14,7.43
1932-11-15,7.43
1932-11-16,7.2
1932-11-17,7.15
1932-11-18,7.13
1932-11-21,7.2
1932-11-22,7.17
1932-11-23,6.85
1932-11-25,6.78
1932-11-28,6.8
1932-11-29,6.78
1932-11-30,6.55
1932-12-01,6.73
1932-12-02,6.47
1932-12-05,6.54
1932-12-06,6.87
1932-12-07,6.89
1932-12-08,6.89
1932-12-09,7.08
1932-12-12,7.07
1932-12-13,6.99
1932-12-14,7.12
1932-12-15,7.05
1932-12-16,7
1932-12-19,6.97
1932-12-20,6.82
1932-12-21,6.8
1932-12-22,6.57
1932-12-23,6.57
1932-12-27,6.61
1932-12-28,6.6
1932-12-29,6.75
1932-12-30,6.92
1933-01-03,6.83
1933-01-04,7.15
1933-01-05,7.12
1933-01-06,7.23
1933-01-09,7.13
1933-01-10,7.34
1933-01-11,7.32
1933-01-12,7.23
1933-01-13,7.25
1933-01-16,7.06
1933-01-17,7.08
1933-01-18,6.95
1933-01-19,6.98
1933-01-20,7.06
1933-01-23,7.03
1933-01-24,6.98
1933-01-25,7.1
1933-01-26,7.05
1933-01-27,7.04
1933-01-30,6.98
1933-01-31,6.94
1933-02-01,6.67
1933-02-02,6.55
1933-02-03,6.53
1933-02-06,6.48
1933-02-07,6.54
1933-02-08,6.62
1933-02-09,6.76
1933-02-10,6.66
1933-02-14,6.32
1933-02-15,6.28
1933-02-16,6.13
1933-02-17,6.23
1933-02-20,6
1933-02-21,5.96
1933-02-23,5.68
1933-02-24,5.9
1933-02-27,5.53
1933-02-28,5.66
1933-03-01,5.77
1933-03-02,5.65
1933-03-03,5.84
1933-03-15,6.81
1933-03-16,6.93
1933-03-17,6.63
1933-03-20,6.5
1933-03-21,6.2
1933-03-22,6.12
1933-03-23,6.25
1933-03-24,6.25
1933-03-27,6.09
1933-03-28,6.21
1933-03-29,6.07
1933-03-30,6.05
1933-03-31,5.85
1933-04-03,5.87
1933-04-04,5.9
1933-04-05,5.95
1933-04-06,6.05
1933-04-07,6.12
1933-04-10,6.54
1933-04-11,6.51
1933-04-12,6.41
1933-04-13,6.67
1933-04-17,6.53
1933-04-18,6.66
1933-04-19,7.14
1933-04-20,7.82
1933-04-21,7.44
1933-04-24,7.91
1933-04-25,7.72
1933-04-26,7.77
1933-04-27,7.7
1933-04-28,7.83
1933-05-01,8.43
1933-05-02,8.46
1933-05-03,8.41
1933-05-04,8.65
1933-05-05,8.74
1933-05-08,8.34
1933-05-09,8.4
1933-05-10,8.82
1933-05-11,9.07
1933-05-12,9.03
1933-05-15,8.68
1933-05-16,8.85
1933-05-17,8.94
1933-05-18,8.89
1933-05-19,8.82
1933-05-22,8.64
1933-05-23,8.96
1933-05-24,9.15
1933-05-25,9.08
1933-05-26,9.34
1933-05-29,9.78
1933-05-31,9.64
1933-06-01,9.74
1933-06-02,10.13
1933-06-05,10.07
1933-06-06,10.04
1933-06-07,10.22
1933-06-08,10.31
1933-06-09,10.41
1933-06-12,10.89
1933-06-13,10.57
1933-06-14,10.47
1933-06-15,9.74
1933-06-16,9.81
1933-06-19,10.68
1933-06-20,10.52
1933-06-21,10.58
1933-06-22,10.22
1933-06-23,10.56
1933-06-26,10.87
1933-06-27,10.98
1933-06-28,10.84
1933-06-29,10.74
1933-06-30,10.91
1933-07-03,11.62
1933-07-05,11.55
1933-07-06,11.85
1933-07-07,11.96
1933-07-10,11.86
1933-07-11,11.71
1933-07-12,11.87
1933-07-13,12
1933-07-14,11.85
1933-07-17,12.01
1933-07-18,12.2
1933-07-19,11.6
1933-07-20,10.57
1933-07-21,9.65
1933-07-24,10.5
1933-07-25,10.32
1933-07-26,10.59
1933-07-27,10.68
1933-07-28,10.43
1933-07-31,9.95
1933-08-01,10.25
1933-08-02,10.49
1933-08-03,10.36
1933-08-04,10.13
1933-08-07,10.05
1933-08-08,10.39
1933-08-09,10.81
1933-08-10,10.63
1933-08-11,10.59
1933-08-14,10.46
1933-08-15,10.48
1933-08-16,10.2
1933-08-17,10.76
1933-08-18,10.58
1933-08-21,10.75
1933-08-22,10.92
1933-08-23,10.78
1933-08-24,10.88
1933-08-25,11.28
1933-08-28,11.26
1933-08-29,11.2
1933-08-30,11.1
1933-08-31,11.09
1933-09-01,11.23
1933-09-05,10.84
1933-09-06,10.85
1933-09-07,10.7
1933-09-08,10.66
1933-09-11,11.13
1933-09-12,11.06
1933-09-13,11.11
1933-09-14,11.13
1933-09-15,10.82
1933-09-18,11
1933-09-19,11.04
1933-09-20,10.69
1933-09-21,10.03
1933-09-22,10.26
1933-09-25,10.16
1933-09-26,10.07
1933-09-27,9.65
1933-09-28,9.79
1933-09-29,9.72
1933-10-02,9.62
1933-10-03,9.67
1933-10-04,10.29
1933-10-05,10.16
1933-10-06,10.05
1933-10-09,10.32
1933-10-10,10.23
1933-10-11,10.24
1933-10-13,9.85
1933-10-16,9.21
1933-10-17,9.51
1933-10-18,9.07
1933-10-19,8.61
1933-10-20,8.86
1933-10-23,9.02
1933-10-24,9.38
1933-10-25,9.63
1933-10-26,9.44
1933-10-27,9.54
1933-10-30,9.04
1933-10-31,8.96
1933-11-01,9.12
1933-11-02,9.22
1933-11-03,9.54
1933-11-06,9.45
1933-11-08,9.8
1933-11-09,9.87
1933-11-10,9.72
1933-11-13,9.81
1933-11-14,9.69
1933-11-15,9.58
1933-11-16,10.03
1933-11-17,9.92
1933-11-20,10.23
1933-11-21,10.1
1933-11-22,10.05
1933-11-23,9.87
1933-11-24,10.01
1933-11-27,9.69
1933-11-28,9.7
1933-11-29,9.88
1933-12-01,9.91
1933-12-04,9.9
1933-12-05,10.2
1933-12-06,10.13
1933-12-07,10.2
1933-12-08,10.1
1933-12-11,10.31
1933-12-12,10.29
1933-12-13,10.19
1933-12-14,10.23
1933-12-15,10.07
1933-12-18,9.77
1933-12-19,9.75
1933-12-20,9.57
1933-12-21,9.55
1933-12-22,9.86
1933-12-26,9.58
1933-12-27,9.71
1933-12-28,9.99
1933-12-29,9.97
1934-01-02,10.11
1934-01-03,9.97
1934-01-04,9.94
1934-01-05,9.81
1934-01-08,9.76
1934-01-09,9.87
1934-01-10,10.14
1934-01-11,10.19
1934-01-12,10.07
1934-01-15,10.64
1934-01-16,10.69
1934-01-17,10.66
1934-01-18,10.63
1934-01-19,10.93
1934-01-22,10.91
1934-01-23,11.05
1934-01-24,11.12
1934-01-25,11.12
1934-01-26,11.02
1934-01-29,11.19
1934-01-30,11.33
1934-01-31,11.17
1934-02-01,11.46
1934-02-02,11.45
1934-02-05,11.81
1934-02-06,11.82
1934-02-07,11.45
1934-02-08,11.5
1934-02-09,11.18
1934-02-13,11.22
1934-02-14,11.29
1934-02-15,11.51
1934-02-16,11.54
1934-02-19,11.36
1934-02-20,11.4
1934-02-21,11.43
1934-02-23,11.13
1934-02-26,10.69
1934-02-27,10.81
1934-02-28,10.76
1934-03-01,10.72
1934-03-02,11.07
1934-03-05,11.01
1934-03-06,10.88
1934-03-07,10.6
1934-03-08,10.8
1934-03-09,10.73
1934-03-12,10.96
1934-03-13,10.96
1934-03-14,10.97
1934-03-15,10.79
1934-03-16,10.82
1934-03-19,10.45
1934-03-20,10.66
1934-03-21,10.45
1934-03-22,10.64
1934-03-23,10.53
1934-03-26,10.71
1934-03-27,10.42
1934-03-28,10.45
1934-03-29,10.62
1934-04-02,10.76
1934-04-03,10.84
1934-04-04,10.87
1934-04-05,10.9
1934-04-06,10.95
1934-04-09,10.87
1934-04-10,11.03
1934-04-11,11.02
1934-04-12,10.99
1934-04-13,10.95
1934-04-16,10.78
1934-04-17,10.89
1934-04-18,11.03
1934-04-19,11.05
1934-04-20,11.16
1934-04-23,11.09
1934-04-24,11
1934-04-25,10.94
1934-04-26,10.79
1934-04-27,10.8
1934-04-30,10.46
1934-05-01,10.46
1934-05-02,10.25
1934-05-03,10.29
1934-05-04,10.32
1934-05-07,9.81
1934-05-08,10.05
1934-05-09,9.88
1934-05-10,9.65
1934-05-11,9.55
1934-05-14,9.45
1934-05-15,9.63
1934-05-16,9.56
1934-05-17,9.59
1934-05-18,9.85
1934-05-21,9.87
1934-05-22,9.65
1934-05-23,9.56
1934-05-24,9.59
1934-05-25,9.7
1934-05-28,9.83
1934-05-29,9.79
1934-05-31,9.61
1934-06-01,9.38
1934-06-04,9.49
1934-06-05,9.72
1934-06-06,9.74
1934-06-07,9.71
1934-06-08,10.17
1934-06-11,10.09
1934-06-12,10.2
1934-06-13,10.2
1934-06-14,10.05
1934-06-15,10.23
1934-06-18,10.37
1934-06-19,10.19
1934-06-20,10.08
1934-06-21,9.98
1934-06-22,9.76
1934-06-25,9.73
1934-06-26,9.96
1934-06-27,9.93
1934-06-28,9.98
1934-06-29,9.81
1934-07-02,9.69
1934-07-03,9.66
1934-07-05,9.82
1934-07-06,9.91
1934-07-09,9.88
1934-07-10,9.94
1934-07-11,9.99
1934-07-12,9.91
1934-07-13,9.93
1934-07-16,9.72
1934-07-17,9.68
1934-07-18,9.84
1934-07-19,9.74
1934-07-20,9.47
1934-07-23,9.09
1934-07-24,8.99
1934-07-25,9.07
1934-07-26,8.36
1934-07-27,8.6
1934-07-30,8.67
1934-07-31,8.68
1934-08-01,8.95
1934-08-02,9.01
1934-08-03,8.9
1934-08-06,8.71
1934-08-07,8.69
1934-08-08,8.83
1934-08-09,9.13
1934-08-10,8.93
1934-08-13,9.17
1934-08-14,9.1
1934-08-15,9.04
1934-08-16,9.11
1934-08-17,9.06
1934-08-20,8.97
1934-08-21,9.19
1934-08-22,9.4
1934-08-23,9.35
1934-08-24,9.52
1934-08-27,9.39
1934-08-28,9.34
1934-08-29,9.26
1934-08-30,9.16
1934-08-31,9.15
1934-09-04,9.06
1934-09-05,9.21
1934-09-06,9.02
1934-09-07,8.92
1934-09-10,8.7
1934-09-11,8.72
1934-09-12,8.75
1934-09-13,8.72
1934-09-14,8.47
1934-09-17,8.45
1934-09-18,8.52
1934-09-19,8.74
1934-09-20,8.77
1934-09-21,8.95
1934-09-24,8.9
1934-09-25,9.15
1934-09-26,9.09
1934-09-27,9.18
1934-09-28,9.08
1934-10-01,8.83
1934-10-02,8.86
1934-10-03,8.83
1934-10-04,8.82
1934-10-05,9
1934-10-08,8.92
1934-10-09,8.83
1934-10-10,9.07
1934-10-11,9.19
1934-10-15,9
1934-10-16,9.09
1934-10-17,9.11
1934-10-18,9.07
1934-10-19,9.03
1934-10-22,9.02
1934-10-23,8.99
1934-10-24,9.14
1934-10-25,8.93
1934-10-26,8.8
1934-10-29,8.76
1934-10-30,8.79
1934-10-31,8.81
1934-11-01,8.77
1934-11-02,8.87
1934-11-05,9.02
1934-11-07,9.19
1934-11-08,9.12
1934-11-09,9.3
1934-11-13,9.23
1934-11-14,9.2
1934-11-15,9.24
1934-11-16,9.18
1934-11-19,9.1
1934-11-20,9.14
1934-11-21,9.1
1934-11-22,9.14
1934-11-23,9.27
1934-11-26,9.52
1934-11-27,9.43
1934-11-28,9.54
1934-11-30,9.54
1934-12-03,9.41
1934-12-04,9.48
1934-12-05,9.56
1934-12-06,9.54
1934-12-07,9.46
1934-12-10,9.36
1934-12-11,9.17
1934-12-12,9.18
1934-12-13,9.13
1934-12-14,9.11
1934-12-17,9.17
1934-12-18,9.16
1934-12-19,9.03
1934-12-20,9.02
1934-12-21,9.04
1934-12-24,9.11
1934-12-26,9.06
1934-12-27,9.07
1934-12-28,9.41
1934-12-31,9.5
1935-01-02,9.51
1935-01-03,9.53
1935-01-04,9.51
1935-01-07,9.58
1935-01-08,9.47
1935-01-09,9.46
1935-01-10,9.44
1935-01-11,9.25
1935-01-14,9.17
1935-01-15,8.96
1935-01-16,9.1
1935-01-17,9.14
1935-01-18,9.18
1935-01-21,9.28
1935-01-22,9.2
1935-01-23,9.2
1935-01-24,9.18
1935-01-25,9.23
1935-01-28,9.07
1935-01-29,8.98
1935-01-30,9.03
1935-01-31,9.1
1935-02-01,9.05
1935-02-04,8.99
1935-02-05,8.89
1935-02-06,8.81
1935-02-07,8.88
1935-02-08,9.03
1935-02-11,9.02
1935-02-13,9.01
1935-02-14,9.01
1935-02-15,9.06
1935-02-18,9.34
1935-02-19,9.19
1935-02-20,9.04
1935-02-21,9.03
1935-02-25,8.85
1935-02-26,8.76
1935-02-27,8.79
1935-02-28,8.74
1935-03-01,8.79
1935-03-04,8.72
1935-03-05,8.47
1935-03-06,8.45
1935-03-07,8.56
1935-03-08,8.54
1935-03-11,8.32
1935-03-12,8.16
1935-03-13,8.19
1935-03-14,8.06
1935-03-15,8.23
1935-03-18,8.14
1935-03-19,8.26
1935-03-20,8.25
1935-03-21,8.42
1935-03-22,8.55
1935-03-25,8.42
1935-03-26,8.35
1935-03-27,8.44
1935-03-28,8.45
1935-03-29,8.45
1935-04-01,8.54
1935-04-02,8.5
1935-04-03,8.48
1935-04-04,8.57
1935-04-05,8.78
1935-04-08,8.78
1935-04-09,8.94
1935-04-10,8.9
1935-04-11,8.85
1935-04-12,8.95
1935-04-15,9.13
1935-04-16,9.15
1935-04-17,9.01
1935-04-18,9.14
1935-04-22,9.41
1935-04-23,9.44
1935-04-24,9.32
1935-04-25,9.44
1935-04-26,9.4
1935-04-29,9.39
1935-04-30,9.28
1935-05-01,9.23
1935-05-02,9.27
1935-05-03,9.42
1935-05-06,9.42
1935-05-07,9.38
1935-05-08,9.65
1935-05-09,9.69
1935-05-10,9.75
1935-05-13,9.8
1935-05-14,9.81
1935-05-15,9.82
1935-05-16,10.04
1935-05-17,10.01
1935-05-20,9.89
1935-05-21,9.98
1935-05-22,10.06
1935-05-23,10.07
1935-05-24,10.02
1935-05-27,10.03
1935-05-28,9.85
1935-05-29,9.69
1935-05-31,9.58
1935-06-03,9.67
1935-06-04,9.92
1935-06-05,9.91
1935-06-06,9.84
1935-06-07,9.9
1935-06-10,10.03
1935-06-11,10.13
1935-06-12,10.06
1935-06-13,10.12
1935-06-14,10.22
1935-06-17,10.22
1935-06-18,10.28
1935-06-19,10.23
1935-06-20,10.15
1935-06-21,10.38
1935-06-24,10.47
1935-06-25,10.32
1935-06-26,10.2
1935-06-27,10.15
1935-06-28,10.24
1935-07-01,10.28
1935-07-02,10.29
1935-07-03,10.35
1935-07-05,10.47
1935-07-08,10.6
1935-07-09,10.55
1935-07-10,10.63
1935-07-11,10.52
1935-07-12,10.62
1935-07-15,10.6
1935-07-16,10.62
1935-07-17,10.67
1935-07-18,10.66
1935-07-19,10.58
1935-07-22,10.77
1935-07-23,10.76
1935-07-24,10.84
1935-07-25,10.73
1935-07-26,10.79
1935-07-29,11.04
1935-07-30,10.94
1935-07-31,11.08
1935-08-01,11.04
1935-08-02,10.95
1935-08-05,11.2
1935-08-06,11.19
1935-08-07,11.18
1935-08-08,11.22
1935-08-09,11.49
1935-08-12,11.6
1935-08-13,11.67
1935-08-14,11.67
1935-08-15,11.54
1935-08-16,11.64
1935-08-19,11.42
1935-08-20,11.45
1935-08-21,11.55
1935-08-22,11.59
1935-08-23,11.56
1935-08-26,11.46
1935-08-27,11.12
1935-08-28,11.1
1935-08-29,11.17
1935-08-30,11.24
1935-09-03,11.21
1935-09-04,11.36
1935-09-05,11.47
1935-09-06,11.65
1935-09-09,11.76
1935-09-10,11.86
1935-09-11,11.92
1935-09-12,11.78
1935-09-13,11.8
1935-09-16,11.72
1935-09-17,11.72
1935-09-18,11.82
1935-09-19,11.58
1935-09-20,11.26
1935-09-23,11.4
1935-09-24,11.54
1935-09-25,11.59
1935-09-26,11.59
1935-09-27,11.56
1935-09-30,11.59
1935-10-01,11.48
1935-10-02,11.1
1935-10-03,11.26
1935-10-04,11.36
1935-10-07,11.53
1935-10-08,11.45
1935-10-09,11.51
1935-10-10,11.74
1935-10-11,11.75
1935-10-14,11.88
1935-10-15,11.96
1935-10-16,11.91
1935-10-17,11.85
1935-10-18,11.81
1935-10-21,12.19
1935-10-22,12.25
1935-10-23,12.33
1935-10-24,12.31
1935-10-25,12.43
1935-10-28,12.46
1935-10-29,12.45
1935-10-30,12.36
1935-10-31,12.46
1935-11-01,12.61
1935-11-04,12.62
1935-11-06,12.86
1935-11-07,12.81
1935-11-08,12.92
1935-11-12,12.81
1935-11-13,12.96
1935-11-14,13.2
1935-11-15,13.25
1935-11-18,13.28
1935-11-19,13.46
1935-11-20,13.29
1935-11-21,13.42
1935-11-22,13.14
1935-11-25,13.18
1935-11-26,12.99
1935-11-27,13.09
1935-11-29,12.94
1935-12-02,12.75
1935-12-03,13.1
1935-12-04,13.21
1935-12-05,13.18
1935-12-06,13.15
1935-12-09,13.32
1935-12-10,13.09
1935-12-11,13.14
1935-12-12,12.96
1935-12-13,12.84
1935-12-16,12.73
1935-12-17,12.9
1935-12-18,12.86
1935-12-19,12.8
1935-12-20,12.88
1935-12-23,12.96
1935-12-24,13.09
1935-12-26,13.12
1935-12-27,13.11
1935-12-30,13.3
1935-12-31,13.43
1936-01-02,13.4
1936-01-03,13.55
1936-01-06,13.41
1936-01-07,13.62
1936-01-08,13.7
1936-01-09,13.67
1936-01-10,13.78
1936-01-13,13.72
1936-01-14,13.8
1936-01-15,13.71
1936-01-16,13.77
1936-01-17,13.75
1936-01-20,13.52
1936-01-21,13.47
1936-01-22,13.76
1936-01-23,13.91
1936-01-24,13.85
1936-01-27,13.99
1936-01-28,14.01
1936-01-29,14.15
1936-01-30,14.08
1936-01-31,14.31
1936-02-03,14.44
1936-02-04,14.42
1936-02-05,14.37
1936-02-06,14.39
1936-02-07,14.32
1936-02-10,14.43
1936-02-11,14.63
1936-02-13,14.72
1936-02-14,14.66
1936-02-17,14.58
1936-02-18,14.74
1936-02-19,14.64
1936-02-20,14.87
1936-02-21,14.83
1936-02-24,14.69
1936-02-25,14.42
1936-02-26,14.35
1936-02-27,14.69
1936-02-28,14.6
1936-03-02,14.77
1936-03-03,14.98
1936-03-04,15.02
1936-03-05,15.04
1936-03-06,15.1
1936-03-09,14.51
1936-03-10,14.73
1936-03-11,14.88
1936-03-12,14.46
1936-03-13,14.24
1936-03-16,14.57
1936-03-17,14.92
1936-03-18,14.86
1936-03-19,15.06
1936-03-20,15.04
1936-03-23,15.05
1936-03-24,14.97
1936-03-25,15.1
1936-03-26,15.05
1936-03-27,14.82
1936-03-30,14.81
1936-03-31,14.92
1936-04-01,15.19
1936-04-02,15.34
1936-04-03,15.27
1936-04-06,15.51
1936-04-07,15.43
1936-04-08,15.44
1936-04-09,15.39
1936-04-13,15.42
1936-04-14,15.11
1936-04-15,15.26
1936-04-16,15.19
1936-04-17,15.1
1936-04-20,14.62
1936-04-21,14.6
1936-04-22,14.85
1936-04-23,14.4
1936-04-24,14.44
1936-04-27,13.96
1936-04-28,13.94
1936-04-29,13.53
1936-04-30,13.77
1936-05-01,13.87
1936-05-04,13.82
1936-05-05,14.02
1936-05-06,14.18
1936-05-07,13.92
1936-05-08,13.9
1936-05-11,13.86
1936-05-12,13.86
1936-05-13,13.97
1936-05-14,14.29
1936-05-15,14.29
1936-05-18,14.19
1936-05-19,13.85
1936-05-20,13.99
1936-05-21,13.94
1936-05-22,14.09
1936-05-25,14.25
1936-05-26,14.45
1936-05-27,14.42
1936-05-28,14.3
1936-05-29,14.4
1936-06-01,14.39
1936-06-02,14.39
1936-06-03,14.34
1936-06-04,14.13
1936-06-05,14.12
1936-06-08,14.34
1936-06-09,14.48
1936-06-10,14.55
1936-06-11,14.76
1936-06-12,14.59
1936-06-15,14.74
1936-06-16,14.92
1936-06-17,14.85
1936-06-18,14.92
1936-06-19,14.83
1936-06-22,15.07
1936-06-23,15
1936-06-24,15.16
1936-06-25,15
1936-06-26,14.95
1936-06-29,14.89
1936-06-30,14.84
1936-07-01,14.9
1936-07-02,14.88
1936-07-03,15.02
1936-07-06,14.94
1936-07-07,14.81
1936-07-08,14.89
1936-07-09,15.07
1936-07-10,15.35
1936-07-13,15.45
1936-07-14,15.63
1936-07-15,15.64
1936-07-16,15.63
1936-07-17,15.66
1936-07-20,15.83
1936-07-21,15.93
1936-07-22,15.83
1936-07-23,15.89
1936-07-24,15.83
1936-07-27,16.15
1936-07-28,16.12
1936-07-29,15.96
1936-07-30,16.02
1936-07-31,15.85
1936-08-03,15.91
1936-08-04,15.87
1936-08-05,15.77
1936-08-06,15.87
1936-08-07,16.08
1936-08-10,16.2
1936-08-11,16.08
1936-08-12,16.16
1936-08-13,16.08
1936-08-14,15.87
1936-08-17,15.8
1936-08-18,15.81
1936-08-19,15.9
1936-08-20,15.81
1936-08-21,15.32
1936-08-24,15.65
1936-08-25,15.67
1936-08-26,15.55
1936-08-27,15.89
1936-08-28,15.92
1936-08-31,15.99
1936-09-01,15.95
1936-09-02,16.04
1936-09-03,15.95
1936-09-04,16.02
1936-09-08,16.29
1936-09-09,16.17
1936-09-10,16.16
1936-09-11,16.11
1936-09-14,15.96
1936-09-15,15.93
1936-09-16,15.75
1936-09-17,15.87
1936-09-18,16.03
1936-09-21,16.16
1936-09-22,16.22
1936-09-23,16.14
1936-09-24,16.17
1936-09-25,15.88
1936-09-28,16.13
1936-09-29,16.06
1936-09-30,16.01
1936-10-01,16.04
1936-10-02,16.35
1936-10-05,16.53
1936-10-06,16.68
1936-10-07,16.72
1936-10-08,16.81
1936-10-09,16.87
1936-10-13,16.96
1936-10-14,16.88
1936-10-15,16.85
1936-10-16,17.04
1936-10-19,17.13
1936-10-20,17.11
1936-10-21,17.18
1936-10-22,17.04
1936-10-23,17.09
1936-10-26,16.65
1936-10-27,16.93
1936-10-28,16.94
1936-10-29,17.2
1936-10-30,17.23
1936-11-02,17.17
1936-11-04,17.43
1936-11-05,17.56
1936-11-06,17.43
1936-11-09,17.69
1936-11-10,17.63
1936-11-12,17.43
1936-11-13,17.24
1936-11-16,17.4
1936-11-17,17.64
1936-11-18,17.51
1936-11-19,17.3
1936-11-20,17.13
1936-11-23,16.89
1936-11-24,17.18
1936-11-25,17.09
1936-11-27,17.34
1936-11-30,17.28
1936-12-01,17.14
1936-12-02,16.95
1936-12-03,17.04
1936-12-04,17.01
1936-12-07,16.91
1936-12-08,16.97
1936-12-09,17.05
1936-12-10,17.22
1936-12-11,17.14
1936-12-14,17.32
1936-12-15,17.32
1936-12-16,17.29
1936-12-17,17.16
1936-12-18,17
1936-12-21,16.65
1936-12-22,16.86
1936-12-23,17.03
1936-12-24,17.06
1936-12-28,16.94
1936-12-29,17.01
1936-12-30,17.27
1936-12-31,17.18
1937-01-04,16.93
1937-01-05,17.08
1937-01-06,17.09
1937-01-07,17.48
1937-01-08,17.48
1937-01-11,17.57
1937-01-12,17.58
1937-01-13,17.61
1937-01-14,17.66
1937-01-15,17.74
1937-01-18,17.74
1937-01-19,17.62
1937-01-20,17.84
1937-01-21,17.96
1937-01-22,17.87
1937-01-25,17.77
1937-01-26,17.51
1937-01-27,17.65
1937-01-28,17.63
1937-01-29,17.77
1937-02-01,17.88
1937-02-02,18
1937-02-03,18.13
1937-02-04,18.15
1937-02-05,17.86
1937-02-08,18.07
1937-02-09,17.99
1937-02-10,18.17
1937-02-11,18.32
1937-02-15,18.1
1937-02-16,18.15
1937-02-17,18.12
1937-02-18,18.22
1937-02-19,18.37
1937-02-23,17.97
1937-02-24,18.07
1937-02-25,18
1937-02-26,18.06
1937-03-01,18.09
1937-03-02,18.34
1937-03-03,18.55
1937-03-04,18.38
1937-03-05,18.62
1937-03-08,18.56
1937-03-09,18.54
1937-03-10,18.67
1937-03-11,18.38
1937-03-12,18.36
1937-03-15,18.14
1937-03-16,18.23
1937-03-17,18.11
1937-03-18,17.73
1937-03-19,17.72
1937-03-22,17.22
1937-03-23,17.49
1937-03-24,17.7
1937-03-25,17.68
1937-03-29,17.63
1937-03-30,17.95
1937-03-31,17.92
1937-04-01,17.71
1937-04-02,17.49
1937-04-05,17.62
1937-04-06,17.46
1937-04-07,16.91
1937-04-08,16.99
1937-04-09,17.03
1937-04-12,17.1
1937-04-13,17.28
1937-04-14,17.3
1937-04-15,17.23
1937-04-16,17.16
1937-04-19,17.13
1937-04-20,17.18
1937-04-21,17.41
1937-04-22,17.19
1937-04-23,16.85
1937-04-26,16.16
1937-04-27,16.43
1937-04-28,15.99
1937-04-29,15.99
1937-04-30,16.43
1937-05-03,16.47
1937-05-04,16.73
1937-05-05,16.59
1937-05-06,16.71
1937-05-07,16.65
1937-05-10,16.28
1937-05-11,16.29
1937-05-12,16.19
1937-05-13,15.65
1937-05-14,15.81
1937-05-17,15.62
1937-05-18,15.88
1937-05-19,15.84
1937-05-20,16.26
1937-05-21,16.27
1937-05-24,16.46
1937-05-25,16.25
1937-05-26,16.23
1937-05-27,16.26
1937-05-28,16.26
1937-06-01,15.96
1937-06-02,16.07
1937-06-03,16.1
1937-06-04,16.28
1937-06-07,16.13
1937-06-08,16.18
1937-06-09,16.04
1937-06-10,15.94
1937-06-11,15.73
1937-06-14,15.2
1937-06-15,15.34
1937-06-16,15.18
1937-06-17,15.39
1937-06-18,15.51
1937-06-21,15.35
1937-06-22,15.38
1937-06-23,15.51
1937-06-24,15.62
1937-06-25,15.52
1937-06-28,15.12
1937-06-29,15.14
1937-06-30,15.4
1937-07-01,15.47
1937-07-02,15.7
1937-07-06,16.25
1937-07-07,16.37
1937-07-08,16.4
1937-07-09,16.32
1937-07-12,16.54
1937-07-13,16.4
1937-07-14,16.38
1937-07-15,16.46
1937-07-16,16.42
1937-07-19,16.74
1937-07-20,16.94
1937-07-21,16.82
1937-07-22,16.87
1937-07-23,16.94
1937-07-26,17.06
1937-07-27,17.04
1937-07-28,16.78
1937-07-29,16.72
1937-07-30,16.77
1937-08-02,17.07
1937-08-03,16.93
1937-08-04,17.02
1937-08-05,16.91
1937-08-06,16.85
1937-08-09,17.07
1937-08-10,17.04
1937-08-11,17.01
1937-08-12,17.1
1937-08-13,17.27
1937-08-16,17.17
1937-08-17,17.07
1937-08-18,16.91
1937-08-19,16.66
1937-08-20,16.49
1937-08-23,16.46
1937-08-24,16.59
1937-08-25,16.47
1937-08-26,16.15
1937-08-27,15.88
1937-08-30,16.12
1937-08-31,16.04
1937-09-01,15.61
1937-09-02,15.36
1937-09-03,15.46
1937-09-07,14.69
1937-09-08,14.61
1937-09-09,14.98
1937-09-10,14.19
1937-09-13,14.23
1937-09-14,14.68
1937-09-15,14.61
1937-09-16,14.89
1937-09-17,14.57
1937-09-20,13.94
1937-09-21,14.08
1937-09-22,14.14
1937-09-23,13.79
1937-09-24,13.2
1937-09-27,13.63
1937-09-28,13.72
1937-09-29,13.79
1937-09-30,13.76
1937-10-01,13.72
1937-10-04,13.59
1937-10-05,12.85
1937-10-06,13.16
1937-10-07,13.06
1937-10-08,12.75
1937-10-11,12.22
1937-10-13,12.21
1937-10-14,11.97
1937-10-15,11.84
1937-10-18,10.76
1937-10-19,11.1
1937-10-20,11.93
1937-10-21,12.17
1937-10-22,11.84
1937-10-25,12
1937-10-26,11.74
1937-10-27,11.76
1937-10-28,12.05
1937-10-29,12.35
1937-11-01,12.08
1937-11-03,11.52
1937-11-04,11.46
1937-11-05,11.46
1937-11-08,11.12
1937-11-09,11.35
1937-11-10,11.96
1937-11-12,11.91
1937-11-15,11.53
1937-11-16,11.48
1937-11-17,11.39
1937-11-18,11.16
1937-11-19,10.51
1937-11-22,10.25
1937-11-23,10.43
1937-11-24,10.17
1937-11-26,10.67
1937-11-29,10.96
1937-11-30,11.11
1937-12-01,10.97
1937-12-02,11.19
1937-12-03,11.34
1937-12-06,11.13
1937-12-07,11.32
1937-12-08,11.42
1937-12-09,11.21
1937-12-10,11.1
1937-12-13,10.74
1937-12-14,10.83
1937-12-15,10.91
1937-12-16,11.08
1937-12-17,11
1937-12-20,11.31
1937-12-21,11.38
1937-12-22,11.18
1937-12-23,11.12
1937-12-24,11.06
1937-12-27,10.69
1937-12-28,10.31
1937-12-29,10.42
1937-12-30,10.56
1937-12-31,10.55
1938-01-03,10.52
1938-01-04,10.99
1938-01-05,10.92
1938-01-06,11.42
1938-01-07,11.32
1938-01-10,11.87
1938-01-11,11.95
1938-01-12,11.84
1938-01-13,11.67
1938-01-14,11.7
1938-01-17,11.67
1938-01-18,11.55
1938-01-19,11.45
1938-01-20,11.66
1938-01-21,11.44
1938-01-24,11.4
1938-01-25,11.22
1938-01-26,10.79
1938-01-27,10.64
1938-01-28,10.55
1938-01-31,10.69
1938-02-01,10.89
1938-02-02,10.74
1938-02-03,10.34
1938-02-04,10.54
1938-02-07,10.56
1938-02-08,10.98
1938-02-09,10.9
1938-02-10,10.97
1938-02-11,10.93
1938-02-14,11.02
1938-02-15,10.89
1938-02-16,10.87
1938-02-17,11.15
1938-02-18,11.02
1938-02-21,11.38
1938-02-23,11.68
1938-02-24,11.51
1938-02-25,11.57
1938-02-28,11.34
1938-03-01,11.46
1938-03-02,11.35
1938-03-03,11.24
1938-03-04,11.13
1938-03-07,10.88
1938-03-08,10.88
1938-03-09,10.89
1938-03-10,10.77
1938-03-11,10.58
1938-03-14,10.78
1938-03-15,11.11
1938-03-16,10.62
1938-03-17,10.53
1938-03-18,10.19
1938-03-21,10.38
1938-03-22,10.06
1938-03-23,9.86
1938-03-24,9.89
1938-03-25,9.35
1938-03-28,9.27
1938-03-29,8.73
1938-03-30,8.62
1938-03-31,8.5
1938-04-01,8.91
1938-04-04,9.24
1938-04-05,9.48
1938-04-06,9.27
1938-04-07,9.2
1938-04-08,9.62
1938-04-11,9.95
1938-04-12,10.05
1938-04-13,10.1
1938-04-14,10.2
1938-04-18,10.41
1938-04-19,10.11
1938-04-20,10.06
1938-04-21,10.16
1938-04-22,10.45
1938-04-25,10.21
1938-04-26,9.96
1938-04-27,10.08
1938-04-28,9.77
1938-04-29,9.78
1938-05-02,9.59
1938-05-03,9.85
1938-05-04,10.01
1938-05-05,9.97
1938-05-06,10.43
1938-05-09,10.63
1938-05-10,10.43
1938-05-11,10.49
1938-05-12,10.43
1938-05-13,10.26
1938-05-16,10.08
1938-05-17,10.14
1938-05-18,10.21
1938-05-19,10.11
1938-05-20,9.96
1938-05-23,9.89
1938-05-24,9.71
1938-05-25,9.54
1938-05-26,9.29
1938-05-27,9.28
1938-05-31,9.27
1938-06-01,9.57
1938-06-02,9.54
1938-06-03,9.42
1938-06-06,9.74
1938-06-07,9.7
1938-06-08,9.73
1938-06-09,9.94
1938-06-10,9.8
1938-06-13,9.52
1938-06-14,9.63
1938-06-15,9.67
1938-06-16,9.76
1938-06-17,9.67
1938-06-20,10.19
1938-06-21,10.46
1938-06-22,10.73
1938-06-23,11.03
1938-06-24,11.15
1938-06-27,11.26
1938-06-28,11.25
1938-06-29,11.72
1938-06-30,11.56
1938-07-01,11.91
1938-07-05,11.98
1938-07-06,12.14
1938-07-07,12.09
1938-07-08,11.89
1938-07-11,11.73
1938-07-12,12.04
1938-07-13,11.95
1938-07-14,11.84
1938-07-15,12
1938-07-18,12.35
1938-07-19,12.67
1938-07-20,12.53
1938-07-21,12.54
1938-07-22,12.55
1938-07-25,12.8
1938-07-26,12.62
1938-07-27,12.25
1938-07-28,12.48
1938-07-29,12.33
1938-08-01,12.25
1938-08-02,12.41
1938-08-03,12.3
1938-08-04,12.38
1938-08-05,12.66
1938-08-08,12.73
1938-08-09,12.65
1938-08-10,12.49
1938-08-11,12.17
1938-08-12,11.92
1938-08-15,11.92
1938-08-16,12.08
1938-08-17,12.1
1938-08-18,12.09
1938-08-19,12.31
1938-08-22,12.27
1938-08-23,12.55
1938-08-24,12.52
1938-08-25,12.62
1938-08-26,12.5
1938-08-29,11.85
1938-08-30,12.04
1938-08-31,12.06
1938-09-01,11.92
1938-09-02,12.26
1938-09-06,12.22
1938-09-07,12.41
1938-09-08,12.29
1938-09-09,12.02
1938-09-12,12.06
1938-09-13,11.37
1938-09-14,11.3
1938-09-15,11.67
1938-09-16,11.43
1938-09-19,11.5
1938-09-20,11.89
1938-09-21,11.96
1938-09-22,11.75
1938-09-23,11.36
1938-09-26,11.02
1938-09-27,10.99
1938-09-28,11.48
1938-09-29,11.9
1938-09-30,12.24
1938-10-03,12.52
1938-10-04,12.48
1938-10-05,12.86
1938-10-06,12.82
1938-10-07,12.85
1938-10-10,12.91
1938-10-11,12.84
1938-10-13,13.24
1938-10-14,13.15
1938-10-17,13.07
1938-10-18,13.25
1938-10-19,13.01
1938-10-20,13.21
1938-10-21,13.25
1938-10-24,13.4
1938-10-25,13.43
1938-10-26,13.26
1938-10-27,13.33
1938-10-28,13.14
1938-10-31,13.17
1938-11-01,13.1
1938-11-02,13.15
1938-11-03,13.19
1938-11-04,13.17
1938-11-07,13.43
1938-11-09,13.79
1938-11-10,13.7
1938-11-14,13.43
1938-11-15,13.35
1938-11-16,12.97
1938-11-17,13.12
1938-11-18,12.84
1938-11-21,12.88
1938-11-22,12.77
1938-11-23,12.8
1938-11-25,12.82
1938-11-28,12.37
1938-11-29,12.43
1938-11-30,12.73
1938-12-01,12.61
1938-12-02,12.48
1938-12-05,12.4
1938-12-06,12.5
1938-12-07,12.54
1938-12-08,12.39
1938-12-09,12.32
1938-12-12,12.46
1938-12-13,12.59
1938-12-14,12.86
1938-12-15,12.89
1938-12-16,12.9
1938-12-19,12.68
1938-12-20,12.66
1938-12-21,12.58
1938-12-22,12.67
1938-12-23,12.81
1938-12-27,12.73
1938-12-28,12.85
1938-12-29,13.13
1938-12-30,13.14
1939-01-03,13.08
1939-01-04,13.23
1939-01-05,13.06
1939-01-06,13.07
1939-01-09,12.79
1939-01-10,12.81
1939-01-11,12.57
1939-01-12,12.47
1939-01-13,12.33
1939-01-16,12.63
1939-01-17,12.73
1939-01-18,12.71
1939-01-19,12.8
1939-01-20,12.75
1939-01-23,11.93
1939-01-24,11.98
1939-01-25,11.91
1939-01-26,11.53
1939-01-27,11.86
1939-01-30,12.16
1939-01-31,12.3
1939-02-01,12.12
1939-02-02,12.38
1939-02-03,12.3
1939-02-06,12.47
1939-02-07,12.32
1939-02-08,12.48
1939-02-09,12.3
1939-02-10,12.33
1939-02-14,12.36
1939-02-15,12.38
1939-02-16,12.48
1939-02-17,12.4
1939-02-20,12.16
1939-02-21,12.23
1939-02-23,12.24
1939-02-24,12.54
1939-02-27,12.63
1939-02-28,12.7
1939-03-01,12.7
1939-03-02,12.68
1939-03-03,12.86
1939-03-06,12.79
1939-03-07,12.85
1939-03-08,13.07
1939-03-09,13.01
1939-03-10,13.1
1939-03-13,12.92
1939-03-14,12.97
1939-03-15,12.61
1939-03-16,12.58
1939-03-17,12.21
1939-03-20,11.95
1939-03-21,12.16
1939-03-22,11.75
1939-03-23,11.92
1939-03-24,12.07
1939-03-27,11.99
1939-03-28,11.83
1939-03-29,11.92
1939-03-30,11.51
1939-03-31,10.98
1939-04-03,11.26
1939-04-04,11.02
1939-04-05,11.06
1939-04-06,10.66
1939-04-10,10.44
1939-04-11,10.42
1939-04-12,10.7
1939-04-13,10.79
1939-04-14,10.63
1939-04-17,10.83
1939-04-18,10.66
1939-04-19,10.79
1939-04-20,10.92
1939-04-21,10.96
1939-04-24,10.78
1939-04-25,10.8
1939-04-26,10.91
1939-04-27,11.03
1939-04-28,10.93
1939-05-01,10.86
1939-05-02,11
1939-05-03,11.29
1939-05-04,11.25
1939-05-05,11.21
1939-05-08,11.23
1939-05-09,11.43
1939-05-10,11.29
1939-05-11,11.29
1939-05-12,11.21
1939-05-15,11.25
1939-05-16,10.94
1939-05-17,10.87
1939-05-18,10.89
1939-05-19,10.99
1939-05-22,11.17
1939-05-23,11.11
1939-05-24,11.43
1939-05-25,11.45
1939-05-26,11.49
1939-05-29,11.65
1939-05-31,11.6
1939-06-01,11.42
1939-06-02,11.48
1939-06-05,11.51
1939-06-06,11.66
1939-06-07,11.67
1939-06-08,11.64
1939-06-09,11.8
1939-06-12,11.66
1939-06-13,11.58
1939-06-14,11.53
1939-06-15,11.25
1939-06-16,11.28
1939-06-19,11.42
1939-06-20,11.52
1939-06-21,11.52
1939-06-22,11.45
1939-06-23,11.5
1939-06-26,11.24
1939-06-27,11.29
1939-06-28,11.06
1939-06-29,10.79
1939-06-30,10.86
1939-07-03,11
1939-07-05,11.2
1939-07-06,11.19
1939-07-07,11.13
1939-07-10,11.17
1939-07-11,11.31
1939-07-12,11.55
1939-07-13,11.64
1939-07-14,11.55
1939-07-17,12.07
1939-07-18,12.16
1939-07-19,12
1939-07-20,11.85
1939-07-21,12.09
1939-07-24,12.13
1939-07-25,12.05
1939-07-26,12.17
1939-07-27,12.18
1939-07-28,12.14
1939-07-31,12.04
1939-08-01,12.04
1939-08-02,12.16
1939-08-03,12.12
1939-08-04,11.9
1939-08-07,11.84
1939-08-08,11.87
1939-08-09,11.78
1939-08-10,11.54
1939-08-11,11.56
1939-08-14,11.78
1939-08-15,11.89
1939-08-16,11.58
1939-08-17,11.57
1939-08-18,11.33
1939-08-21,11.03
1939-08-22,11.24
1939-08-23,10.89
1939-08-24,10.86
1939-08-25,11.09
1939-08-28,11.17
1939-08-29,11.48
1939-08-30,11.36
1939-08-31,11.18
1939-09-01,11.3
1939-09-05,12.64
1939-09-06,12.53
1939-09-07,12.5
1939-09-08,12.69
1939-09-11,13.02
1939-09-12,13.17
1939-09-13,13.03
1939-09-14,13.08
1939-09-15,13.07
1939-09-18,12.47
1939-09-19,12.95
1939-09-20,12.94
1939-09-21,13.02
1939-09-22,12.92
1939-09-25,12.95
1939-09-26,13.11
1939-09-27,13.11
1939-09-28,12.86
1939-09-29,12.79
1939-10-02,12.88
1939-10-03,12.77
1939-10-04,12.79
1939-10-05,12.82
1939-10-06,12.8
1939-10-09,12.73
1939-10-10,12.76
1939-10-11,12.84
1939-10-13,12.74
1939-10-16,12.74
1939-10-17,13.09
1939-10-18,13
1939-10-19,12.98
1939-10-20,12.94
1939-10-23,12.99
1939-10-24,13.02
1939-10-25,13.21
1939-10-26,13.08
1939-10-27,13.02
1939-10-30,12.96
1939-10-31,12.83
1939-11-01,12.82
1939-11-02,12.84
1939-11-03,12.95
1939-11-06,12.82
1939-11-08,12.75
1939-11-09,12.58
1939-11-10,12.64
1939-11-13,12.65
1939-11-14,12.74
1939-11-15,12.63
1939-11-16,12.79
1939-11-17,12.75
1939-11-20,12.79
1939-11-21,12.7
1939-11-22,12.68
1939-11-24,12.49
1939-11-27,12.52
1939-11-28,12.47
1939-11-29,12.33
1939-11-30,12.2
1939-12-01,12.29
1939-12-04,12.28
1939-12-05,12.26
1939-12-06,12.45
1939-12-07,12.46
1939-12-08,12.36
1939-12-11,12.23
1939-12-12,12.19
1939-12-13,12.38
1939-12-14,12.36
1939-12-15,12.4
1939-12-18,12.37
1939-12-19,12.34
1939-12-20,12.39
1939-12-21,12.38
1939-12-22,12.44
1939-12-26,12.38
1939-12-27,12.31
1939-12-28,12.42
1939-12-29,12.46
1940-01-02,12.63
1940-01-03,12.77
1940-01-04,12.73
1940-01-05,12.66
1940-01-08,12.67
1940-01-09,12.55
1940-01-10,12.57
1940-01-11,12.37
1940-01-12,12.13
1940-01-15,12.07
1940-01-16,12.14
1940-01-17,12.15
1940-01-18,12.13
1940-01-19,12.15
1940-01-22,12.06
1940-01-23,12.11
1940-01-24,12.27
1940-01-25,12.16
1940-01-26,12.15
1940-01-29,12.16
1940-01-30,12.09
1940-01-31,12.05
1940-02-01,12.05
1940-02-02,12.06
1940-02-05,12.04
1940-02-06,12.14
1940-02-07,12.22
1940-02-08,12.37
1940-02-09,12.37
1940-02-13,12.33
1940-02-14,12.28
1940-02-15,12.28
1940-02-16,12.29
1940-02-19,12.29
1940-02-20,12.35
1940-02-21,12.32
1940-02-23,12.23
1940-02-26,12.12
1940-02-27,12.14
1940-02-28,12.15
1940-02-29,12.13
1940-03-01,12.06
1940-03-04,12.09
1940-03-05,12.15
1940-03-06,12.24
1940-03-07,12.25
1940-03-08,12.2
1940-03-11,12.24
1940-03-12,12.27
1940-03-13,12.25
1940-03-14,12.22
1940-03-15,12.07
1940-03-18,12
1940-03-19,12.09
1940-03-20,12.14
1940-03-21,12.14
1940-03-25,12.07
1940-03-26,12.01
1940-03-27,12.17
1940-03-28,12.14
1940-03-29,12.18
1940-04-01,12.21
1940-04-02,12.25
1940-04-03,12.44
1940-04-04,12.52
1940-04-05,12.48
1940-04-08,12.59
1940-04-09,12.46
1940-04-10,12.35
1940-04-11,12.39
1940-04-12,12.32
1940-04-15,12.32
1940-04-16,12.15
1940-04-17,12.16
1940-04-18,12.04
1940-04-19,12.04
1940-04-22,12.14
1940-04-23,12.23
1940-04-24,12.18
1940-04-25,12.19
1940-04-26,12.08
1940-04-29,12.12
1940-04-30,12.19
1940-05-01,12.03
1940-05-02,12.1
1940-05-03,12.12
1940-05-06,12.06
1940-05-07,12.09
1940-05-08,12.11
1940-05-09,12.12
1940-05-10,11.76
1940-05-13,11.11
1940-05-14,10.28
1940-05-15,10.38
1940-05-16,10.48
1940-05-17,9.95
1940-05-20,9.79
1940-05-21,9.14
1940-05-22,9.18
1940-05-23,9.2
1940-05-24,9.16
1940-05-27,9.38
1940-05-28,9.19
1940-05-29,9.25
1940-05-31,9.27
1940-06-03,9.11
1940-06-04,9.23
1940-06-05,9.09
1940-06-06,9.22
1940-06-07,9.34
1940-06-10,8.99
1940-06-11,9.42
1940-06-12,9.89
1940-06-13,9.7
1940-06-14,9.94
1940-06-17,9.98
1940-06-18,10.01
1940-06-19,10.03
1940-06-20,9.91
1940-06-21,9.91
1940-06-24,10.1
1940-06-25,9.81
1940-06-26,9.75
1940-06-27,9.85
1940-06-28,9.98
1940-07-01,9.87
1940-07-02,9.85
1940-07-03,9.88
1940-07-05,9.94
1940-07-08,9.94
1940-07-09,9.94
1940-07-10,9.97
1940-07-11,9.97
1940-07-12,9.95
1940-07-15,9.98
1940-07-16,10.09
1940-07-17,10.06
1940-07-18,10.07
1940-07-19,9.97
1940-07-22,9.97
1940-07-23,9.98
1940-07-24,9.89
1940-07-25,9.92
1940-07-26,9.97
1940-07-29,10.08
1940-07-30,10.33
1940-07-31,10.29
1940-08-01,10.26
1940-08-02,10.25
1940-08-05,10.28
1940-08-06,10.17
1940-08-07,10.17
1940-08-08,10.17
1940-08-09,10.27
1940-08-12,10.38
1940-08-13,10
1940-08-14,9.91
1940-08-15,10
1940-08-16,9.84
1940-08-19,9.91
1940-08-20,10.03
1940-08-21,10.21
1940-08-22,10.32
1940-08-23,10.19
1940-08-26,10.23
1940-08-27,10.23
1940-08-28,10.37
1940-08-29,10.32
1940-08-30,10.5
1940-09-03,10.56
1940-09-04,10.78
1940-09-05,10.93
1940-09-06,10.85
1940-09-09,10.52
1940-09-10,10.53
1940-09-11,10.45
1940-09-12,10.3
1940-09-13,10.31
1940-09-16,10.46
1940-09-17,10.54
1940-09-18,10.62
1940-09-19,10.59
1940-09-20,10.59
1940-09-23,10.9
1940-09-24,10.86
1940-09-25,10.84
1940-09-26,10.77
1940-09-27,10.58
1940-09-30,10.66
1940-10-01,10.81
1940-10-02,10.86
1940-10-03,10.87
1940-10-04,10.78
1940-10-07,10.72
1940-10-08,10.54
1940-10-09,10.48
1940-10-10,10.47
1940-10-11,10.58
1940-10-14,10.53
1940-10-15,10.64
1940-10-16,10.68
1940-10-17,10.73
1940-10-18,10.72
1940-10-21,10.65
1940-10-22,10.7
1940-10-23,10.8
1940-10-24,10.73
1940-10-25,10.73
1940-10-28,10.81
1940-10-29,10.83
1940-10-30,10.92
1940-10-31,11.08
1940-11-01,11.08
1940-11-04,11.16
1940-11-06,10.79
1940-11-07,11.39
1940-11-08,11.23
1940-11-12,11.36
1940-11-13,11.26
1940-11-14,11.29
1940-11-15,11.17
1940-11-18,11.04
1940-11-19,11.05
1940-11-20,10.79
1940-11-22,10.79
1940-11-25,10.79
1940-11-26,10.76
1940-11-27,10.56
1940-11-28,10.56
1940-11-29,10.57
1940-12-02,10.62
1940-12-03,10.58
1940-12-04,10.58
1940-12-05,10.51
1940-12-06,10.53
1940-12-09,10.61
1940-12-10,10.61
1940-12-11,10.63
1940-12-12,10.67
1940-12-13,10.69
1940-12-16,10.58
1940-12-17,10.54
1940-12-18,10.44
1940-12-19,10.4
1940-12-20,10.41
1940-12-23,10.38
1940-12-24,10.4
1940-12-26,10.39
1940-12-27,10.44
1940-12-30,10.57
1940-12-31,10.58
1941-01-02,10.48
1941-01-03,10.72
1941-01-06,10.74
1941-01-07,10.75
1941-01-08,10.77
1941-01-09,10.83
1941-01-10,10.86
1941-01-13,10.82
1941-01-14,10.76
1941-01-15,10.67
1941-01-16,10.54
1941-01-17,10.52
1941-01-20,10.47
1941-01-21,10.37
1941-01-22,10.43
1941-01-23,10.42
1941-01-24,10.45
1941-01-27,10.49
1941-01-28,10.43
1941-01-29,10.22
1941-01-30,10.04
1941-01-31,10.07
1941-02-03,9.96
1941-02-04,9.97
1941-02-05,10.15
1941-02-06,10.19
1941-02-07,10.16
1941-02-10,10.15
1941-02-11,9.98
1941-02-13,9.84
1941-02-14,9.53
1941-02-17,9.65
1941-02-18,9.63
1941-02-19,9.55
1941-02-20,9.72
1941-02-21,9.76
1941-02-24,9.84
1941-02-25,9.93
1941-02-26,9.95
1941-02-27,9.88
1941-02-28,9.92
1941-03-03,9.77
1941-03-04,9.82
1941-03-05,9.76
1941-03-06,9.95
1941-03-07,9.9
1941-03-10,10.1
1941-03-11,10.02
1941-03-12,10.02
1941-03-13,9.97
1941-03-14,9.98
1941-03-17,10.03
1941-03-18,10.07
1941-03-19,10.01
1941-03-20,10.02
1941-03-21,9.93
1941-03-24,9.92
1941-03-25,9.96
1941-03-26,9.93
1941-03-27,10.01
1941-03-28,9.94
1941-03-31,9.96
1941-04-01,9.97
1941-04-02,10.01
1941-04-03,10.16
1941-04-04,10.14
1941-04-07,10.05
1941-04-08,9.84
1941-04-09,9.7
1941-04-10,9.69
1941-04-14,9.62
1941-04-15,9.59
1941-04-16,9.59
1941-04-17,9.54
1941-04-18,9.4
1941-04-21,9.37
1941-04-22,9.32
1941-04-23,9.43
1941-04-24,9.47
1941-04-25,9.4
1941-04-28,9.42
1941-04-29,9.44
1941-04-30,9.31
1941-05-01,9.3
1941-05-02,9.33
1941-05-05,9.34
1941-05-06,9.5
1941-05-07,9.47
1941-05-08,9.45
1941-05-09,9.45
1941-05-12,9.56
1941-05-13,9.56
1941-05-14,9.49
1941-05-15,9.33
1941-05-16,9.35
1941-05-19,9.4
1941-05-20,9.56
1941-05-21,9.55
1941-05-22,9.44
1941-05-23,9.44
1941-05-26,9.33
1941-05-27,9.39
1941-05-28,9.39
1941-05-29,9.38
1941-06-02,9.36
1941-06-03,9.47
1941-06-04,9.46
1941-06-05,9.5
1941-06-06,9.49
1941-06-09,9.66
1941-06-10,9.82
1941-06-11,9.82
1941-06-12,9.87
1941-06-13,9.85
1941-06-16,9.81
1941-06-17,9.89
1941-06-18,9.9
1941-06-19,9.88
1941-06-20,9.76
1941-06-23,9.95
1941-06-24,9.88
1941-06-25,9.9
1941-06-26,9.94
1941-06-27,9.89
1941-06-30,9.85
1941-07-01,9.82
1941-07-02,9.89
1941-07-03,9.91
1941-07-07,10.09
1941-07-08,10.28
1941-07-09,10.28
1941-07-10,10.31
1941-07-11,10.28
1941-07-14,10.3
1941-07-15,10.33
1941-07-16,10.28
1941-07-17,10.21
1941-07-18,10.25
1941-07-21,10.46
1941-07-22,10.45
1941-07-23,10.42
1941-07-24,10.36
1941-07-25,10.34
1941-07-28,10.47
1941-07-29,10.45
1941-07-30,10.4
1941-07-31,10.39
1941-08-01,10.34
1941-08-04,10.36
1941-08-05,10.36
1941-08-06,10.36
1941-08-07,10.34
1941-08-08,10.23
1941-08-11,10.14
1941-08-12,10.14
1941-08-13,10.09
1941-08-14,10.13
1941-08-15,10.03
1941-08-18,10.13
1941-08-19,10.14
1941-08-20,10.18
1941-08-21,10.17
1941-08-22,10.15
1941-08-25,10.17
1941-08-26,10.25
1941-08-27,10.26
1941-08-28,10.29
1941-08-29,10.28
1941-09-02,10.34
1941-09-03,10.27
1941-09-04,10.24
1941-09-05,10.21
1941-09-08,10.23
1941-09-09,10.2
1941-09-10,10.12
1941-09-11,10.23
1941-09-12,10.23
1941-09-15,10.24
1941-09-16,10.29
1941-09-17,10.47
1941-09-18,10.39
1941-09-19,10.29
1941-09-22,10.28
1941-09-23,10.32
1941-09-24,10.25
1941-09-25,10.12
1941-09-26,10.09
1941-09-29,10.13
1941-09-30,10.2
1941-10-01,10.17
1941-10-02,10.14
1941-10-03,10.13
1941-10-06,10.12
1941-10-07,10
1941-10-08,9.98
1941-10-09,9.84
1941-10-10,9.84
1941-10-14,9.78
1941-10-15,9.72
1941-10-16,9.58
1941-10-17,9.62
1941-10-20,9.71
1941-10-21,9.8
1941-10-22,9.76
1941-10-23,9.77
1941-10-24,9.82
1941-10-27,9.66
1941-10-28,9.65
1941-10-29,9.62
1941-10-30,9.62
1941-10-31,9.5
1941-11-03,9.59
1941-11-05,9.66
1941-11-06,9.58
1941-11-07,9.55
1941-11-10,9.48
1941-11-12,9.26
1941-11-13,9.21
1941-11-14,9.3
1941-11-17,9.28
1941-11-18,9.26
1941-11-19,9.34
1941-11-21,9.38
1941-11-24,9.4
1941-11-25,9.35
1941-11-26,9.27
1941-11-27,9.21
1941-11-28,9.12
1941-12-01,9.07
1941-12-02,9.26
1941-12-03,9.36
1941-12-04,9.38
1941-12-05,9.32
1941-12-08,8.97
1941-12-09,8.68
1941-12-10,8.68
1941-12-11,8.82
1941-12-12,8.73
1941-12-15,8.73
1941-12-16,8.71
1941-12-17,8.57
1941-12-18,8.49
1941-12-19,8.49
1941-12-22,8.4
1941-12-23,8.38
1941-12-24,8.39
1941-12-26,8.42
1941-12-29,8.37
1941-12-30,8.74
1941-12-31,8.69
1942-01-02,8.89
1942-01-05,9.09
1942-01-06,9.05
1942-01-07,9
1942-01-08,8.88
1942-01-09,8.85
1942-01-12,8.84
1942-01-13,9.02
1942-01-14,9.02
1942-01-15,9.04
1942-01-16,8.96
1942-01-19,8.96
1942-01-20,8.94
1942-01-21,8.81
1942-01-22,8.81
1942-01-23,8.84
1942-01-26,8.97
1942-01-27,8.99
1942-01-28,8.93
1942-01-29,8.91
1942-01-30,8.85
1942-02-02,8.84
1942-02-03,8.9
1942-02-04,8.97
1942-02-05,8.95
1942-02-06,8.85
1942-02-09,8.74
1942-02-10,8.62
1942-02-11,8.6
1942-02-13,8.62
1942-02-16,8.65
1942-02-17,8.49
1942-02-18,8.48
1942-02-19,8.5
1942-02-20,8.47
1942-02-24,8.52
1942-02-25,8.46
1942-02-26,8.52
1942-02-27,8.59
1942-03-02,8.47
1942-03-03,8.6
1942-03-04,8.51
1942-03-05,8.38
1942-03-06,8.16
1942-03-09,8.2
1942-03-10,8.14
1942-03-11,7.98
1942-03-12,7.98
1942-03-13,8.03
1942-03-16,8.12
1942-03-17,8.29
1942-03-18,8.21
1942-03-19,8.2
1942-03-20,8.11
1942-03-23,8.15
1942-03-24,8.22
1942-03-25,8.16
1942-03-26,8.13
1942-03-27,8.05
1942-03-30,8.06
1942-03-31,8.01
1942-04-01,8.05
1942-04-02,8.11
1942-04-06,8.2
1942-04-07,8.16
1942-04-08,8.12
1942-04-09,7.99
1942-04-10,7.98
1942-04-13,7.96
1942-04-14,7.83
1942-04-15,7.81
1942-04-16,7.82
1942-04-17,7.7
1942-04-20,7.79
1942-04-21,7.81
1942-04-22,7.79
1942-04-23,7.59
1942-04-24,7.55
1942-04-27,7.54
1942-04-28,7.47
1942-04-29,7.61
1942-04-30,7.66
1942-05-01,7.71
1942-05-04,7.77
1942-05-05,7.8
1942-05-06,7.79
1942-05-07,7.89
1942-05-08,7.89
1942-05-11,8
1942-05-12,7.94
1942-05-13,7.81
1942-05-14,7.79
1942-05-15,7.88
1942-05-18,7.94
1942-05-19,7.91
1942-05-20,7.89
1942-05-21,8.02
1942-05-22,8.01
1942-05-25,7.98
1942-05-26,8
1942-05-27,8.16
1942-05-28,8.18
1942-05-29,8.15
1942-06-01,8.19
1942-06-02,8.18
1942-06-03,8.24
1942-06-04,8.35
1942-06-05,8.37
1942-06-08,8.47
1942-06-09,8.39
1942-06-10,8.34
1942-06-11,8.37
1942-06-12,8.32
1942-06-15,8.38
1942-06-16,8.39
1942-06-17,8.53
1942-06-18,8.49
1942-06-19,8.4
1942-06-22,8.25
1942-06-23,8.25
1942-06-24,8.21
1942-06-25,8.22
1942-06-26,8.23
1942-06-29,8.28
1942-06-30,8.3
1942-07-01,8.23
1942-07-02,8.36
1942-07-03,8.44
1942-07-06,8.53
1942-07-07,8.51
1942-07-08,8.72
1942-07-09,8.81
1942-07-10,8.8
1942-07-13,8.73
1942-07-14,8.82
1942-07-15,8.83
1942-07-16,8.82
1942-07-17,8.72
1942-07-20,8.75
1942-07-21,8.77
1942-07-22,8.74
1942-07-23,8.62
1942-07-24,8.63
1942-07-27,8.63
1942-07-28,8.62
1942-07-29,8.48
1942-07-30,8.5
1942-07-31,8.56
1942-08-03,8.57
1942-08-04,8.55
1942-08-05,8.47
1942-08-06,8.46
1942-08-07,8.49
1942-08-10,8.48
1942-08-11,8.51
1942-08-12,8.51
1942-08-13,8.54
1942-08-14,8.58
1942-08-17,8.65
1942-08-18,8.73
1942-08-19,8.72
1942-08-20,8.69
1942-08-21,8.71
1942-08-24,8.73
1942-08-25,8.65
1942-08-26,8.54
1942-08-27,8.59
1942-08-28,8.61
1942-08-31,8.62
1942-09-01,8.62
1942-09-02,8.63
1942-09-03,8.62
1942-09-04,8.61
1942-09-08,8.68
1942-09-09,8.64
1942-09-10,8.58
1942-09-11,8.54
1942-09-14,8.55
1942-09-15,8.59
1942-09-16,8.6
1942-09-17,8.59
1942-09-18,8.66
1942-09-21,8.65
1942-09-22,8.68
1942-09-23,8.75
1942-09-24,8.86
1942-09-25,8.9
1942-09-28,8.89
1942-09-29,8.85
1942-09-30,8.85
1942-10-01,8.92
1942-10-02,9.05
1942-10-05,9.13
1942-10-06,9.13
1942-10-07,9.17
1942-10-08,9.3
1942-10-09,9.34
1942-10-13,9.45
1942-10-14,9.43
1942-10-15,9.31
1942-10-16,9.35
1942-10-19,9.35
1942-10-20,9.47
1942-10-21,9.46
1942-10-22,9.46
1942-10-23,9.43
1942-10-26,9.48
1942-10-27,9.39
1942-10-28,9.31
1942-10-29,9.3
1942-10-30,9.36
1942-11-02,9.48
1942-11-04,9.44
1942-11-05,9.46
1942-11-06,9.58
1942-11-09,9.69
1942-11-10,9.61
1942-11-12,9.63
1942-11-13,9.57
1942-11-16,9.48
1942-11-17,9.36
1942-11-18,9.4
1942-11-19,9.39
1942-11-20,9.48
1942-11-23,9.37
1942-11-24,9.35
1942-11-25,9.31
1942-11-27,9.34
1942-11-30,9.29
1942-12-01,9.28
1942-12-02,9.31
1942-12-03,9.34
1942-12-04,9.34
1942-12-07,9.3
1942-12-08,9.36
1942-12-09,9.36
1942-12-10,9.37
1942-12-11,9.37
1942-12-14,9.42
1942-12-15,9.44
1942-12-16,9.52
1942-12-17,9.69
1942-12-18,9.68
1942-12-21,9.68
1942-12-22,9.67
1942-12-23,9.7
1942-12-24,9.74
1942-12-28,9.65
1942-12-29,9.65
1942-12-30,9.76
1942-12-31,9.77
1943-01-04,9.92
1943-01-05,9.9
1943-01-06,9.89
1943-01-07,9.91
1943-01-08,9.92
1943-01-11,9.96
1943-01-12,9.93
1943-01-13,9.95
1943-01-14,10.01
1943-01-15,10.09
1943-01-18,10.12
1943-01-19,10.02
1943-01-20,10.03
1943-01-21,10.18
1943-01-22,10.17
1943-01-25,10.3
1943-01-26,10.35
1943-01-27,10.34
1943-01-28,10.35
1943-01-29,10.44
1943-02-01,10.52
1943-02-02,10.52
1943-02-03,10.44
1943-02-04,10.43
1943-02-05,10.51
1943-02-08,10.5
1943-02-09,10.58
1943-02-10,10.65
1943-02-11,10.67
1943-02-15,10.81
1943-02-16,10.79
1943-02-17,10.81
1943-02-18,10.66
1943-02-19,10.64
1943-02-23,10.84
1943-02-24,10.9
1943-02-25,10.97
1943-02-26,10.97
1943-03-01,10.92
1943-03-02,10.84
1943-03-03,10.98
1943-03-04,11
1943-03-05,11.05
1943-03-08,11.01
1943-03-09,10.95
1943-03-10,10.9
1943-03-11,11.01
1943-03-12,11.05
1943-03-15,11.04
1943-03-16,11.01
1943-03-17,10.93
1943-03-18,10.91
1943-03-19,10.88
1943-03-22,10.92
1943-03-23,10.95
1943-03-24,10.98
1943-03-25,11.21
1943-03-26,11.3
1943-03-29,11.49
1943-03-30,11.59
1943-03-31,11.58
1943-04-01,11.59
1943-04-02,11.56
1943-04-05,11.59
1943-04-06,11.76
1943-04-07,11.7
1943-04-08,11.6
1943-04-09,11.14
1943-04-12,11.15
1943-04-13,11.14
1943-04-14,11.28
1943-04-15,11.36
1943-04-16,11.33
1943-04-19,11.38
1943-04-20,11.34
1943-04-21,11.45
1943-04-22,11.48
1943-04-26,11.48
1943-04-27,11.48
1943-04-28,11.48
1943-04-29,11.59
1943-04-30,11.59
1943-05-03,11.82
1943-05-04,11.86
1943-05-05,11.93
1943-05-06,11.97
1943-05-07,11.81
1943-05-10,11.97
1943-05-11,11.93
1943-05-12,11.88
1943-05-13,11.92
1943-05-14,11.7
1943-05-17,11.72
1943-05-18,11.81
1943-05-19,11.93
1943-05-20,11.9
1943-05-21,11.9
1943-05-24,11.87
1943-05-25,11.9
1943-05-26,11.99
1943-05-27,12.02
1943-05-28,12.05
1943-06-01,12.18
1943-06-02,12.19
1943-06-03,12.24
1943-06-04,12.18
1943-06-07,12.15
1943-06-08,12.08
1943-06-09,12.12
1943-06-10,12.14
1943-06-11,12.08
1943-06-14,11.88
1943-06-15,11.93
1943-06-16,11.95
1943-06-17,11.97
1943-06-18,11.96
1943-06-21,11.9
1943-06-22,11.92
1943-06-23,11.89
1943-06-24,11.95
1943-06-25,12.21
1943-06-28,12.32
1943-06-29,12.28
1943-06-30,12.35
1943-07-01,12.36
1943-07-02,12.35
1943-07-06,12.37
1943-07-07,12.35
1943-07-08,12.36
1943-07-09,12.41
1943-07-12,12.46
1943-07-13,12.57
1943-07-14,12.64
1943-07-15,12.57
1943-07-16,12.54
1943-07-19,12.55
1943-07-20,12.47
1943-07-21,12.5
1943-07-22,12.5
1943-07-23,12.51
1943-07-26,12.31
1943-07-27,11.92
1943-07-28,11.88
1943-07-29,12.08
1943-07-30,11.85
1943-08-02,11.47
1943-08-03,11.72
1943-08-04,11.79
1943-08-05,11.75
1943-08-06,11.63
1943-08-09,11.6
1943-08-10,11.71
1943-08-11,11.8
1943-08-12,11.73
1943-08-13,11.84
1943-08-16,11.81
1943-08-17,11.88
1943-08-18,11.92
1943-08-19,11.91
1943-08-20,11.81
1943-08-23,11.6
1943-08-24,11.69
1943-08-25,11.71
1943-08-26,11.75
1943-08-27,11.67
1943-08-30,11.67
1943-08-31,11.8
1943-09-01,11.84
1943-09-02,11.84
1943-09-03,11.82
1943-09-07,11.85
1943-09-08,11.78
1943-09-09,11.91
1943-09-10,11.93
1943-09-13,11.91
1943-09-14,11.89
1943-09-15,11.91
1943-09-16,11.98
1943-09-17,12.1
1943-09-20,12.23
1943-09-21,12.24
1943-09-22,12.21
1943-09-23,12.1
1943-09-24,12.1
1943-09-27,12
1943-09-28,11.98
1943-09-29,12.01
1943-09-30,12.08
1943-10-01,12.09
1943-10-04,12.02
1943-10-05,11.97
1943-10-06,11.83
1943-10-07,11.67
1943-10-08,11.72
1943-10-11,11.7
1943-10-13,11.7
1943-10-14,11.75
1943-10-15,11.83
1943-10-18,11.85
1943-10-19,11.91
1943-10-20,11.95
1943-10-21,11.84
1943-10-22,11.89
1943-10-25,11.88
1943-10-26,11.92
1943-10-27,11.99
1943-10-28,11.96
1943-10-29,11.91
1943-11-01,11.92
1943-11-03,11.78
1943-11-04,11.68
1943-11-05,11.59
1943-11-08,11.26
1943-11-09,11.3
1943-11-10,11.41
1943-11-12,11.29
1943-11-15,11.25
1943-11-16,11.2
1943-11-17,11.13
1943-11-18,11.16
1943-11-19,11.3
1943-11-22,11.34
1943-11-23,11.3
1943-11-24,11.24
1943-11-26,11.15
1943-11-29,10.99
1943-11-30,11.02
1943-12-01,11.13
1943-12-02,11.22
1943-12-03,11.23
1943-12-06,11.28
1943-12-07,11.38
1943-12-08,11.5
1943-12-09,11.43
1943-12-10,11.49
1943-12-13,11.48
1943-12-14,11.45
1943-12-15,11.44
1943-12-16,11.5
1943-12-17,11.56
1943-12-20,11.64
1943-12-21,11.61
1943-12-22,11.6
1943-12-23,11.59
1943-12-24,11.61
1943-12-27,11.59
1943-12-28,11.48
1943-12-29,11.48
1943-12-30,11.69
1943-12-31,11.67
1944-01-03,11.66
1944-01-04,11.81
1944-01-05,11.94
1944-01-06,11.89
1944-01-07,11.87
1944-01-10,11.85
1944-01-11,11.92
1944-01-12,11.84
1944-01-13,11.81
1944-01-14,11.86
1944-01-17,11.9
1944-01-18,11.87
1944-01-19,11.88
1944-01-20,11.88
1944-01-21,11.9
1944-01-24,11.89
1944-01-25,11.88
1944-01-26,11.76
1944-01-27,11.74
1944-01-28,11.81
1944-01-31,11.85
1944-02-01,11.83
1944-02-02,11.8
1944-02-03,11.7
1944-02-04,11.6
1944-02-07,11.56
1944-02-08,11.67
1944-02-09,11.67
1944-02-10,11.75
1944-02-11,11.74
1944-02-14,11.74
1944-02-15,11.82
1944-02-16,11.79
1944-02-17,11.87
1944-02-18,11.78
1944-02-21,11.76
1944-02-23,11.86
1944-02-24,11.88
1944-02-25,11.88
1944-02-28,11.89
1944-02-29,11.82
1944-03-01,11.87
1944-03-02,11.88
1944-03-03,11.9
1944-03-06,11.93
1944-03-07,12.01
1944-03-08,12.11
1944-03-09,12.08
1944-03-10,12.1
1944-03-13,12.24
1944-03-14,12.22
1944-03-15,12.28
1944-03-16,12.29
1944-03-17,12.31
1944-03-20,12.2
1944-03-21,12.25
1944-03-22,12.23
1944-03-23,12.1
1944-03-24,12.13
1944-03-27,12.1
1944-03-28,11.98
1944-03-29,11.95
1944-03-30,12.03
1944-03-31,12.02
1944-04-03,11.96
1944-04-04,11.97
1944-04-05,11.98
1944-04-06,12.04
1944-04-10,12.06
1944-04-11,12.06
1944-04-12,11.98
1944-04-13,11.95
1944-04-14,11.95
1944-04-17,11.94
1944-04-18,11.73
1944-04-19,11.69
1944-04-20,11.78
1944-04-21,11.8
1944-04-24,11.67
1944-04-25,11.69
1944-04-26,11.76
1944-04-27,11.81
1944-04-28,11.87
1944-05-01,11.96
1944-05-02,11.95
1944-05-03,12.03
1944-05-04,12.01
1944-05-05,12.08
1944-05-08,12.09
1944-05-09,12.08
1944-05-10,12.08
1944-05-11,12.09
1944-05-12,12
1944-05-15,11.99
1944-05-16,12
1944-05-17,12.08
1944-05-18,12.1
1944-05-19,12.12
1944-05-22,12.13
1944-05-23,12.17
1944-05-24,12.22
1944-05-25,12.2
1944-05-26,12.22
1944-05-29,12.27
1944-05-31,12.35
1944-06-01,12.31
1944-06-02,12.3
1944-06-05,12.23
1944-06-06,12.31
1944-06-07,12.3
1944-06-08,12.25
1944-06-09,12.27
1944-06-12,12.55
1944-06-13,12.64
1944-06-14,12.66
1944-06-15,12.73
1944-06-16,12.82
1944-06-19,12.95
1944-06-20,12.97
1944-06-21,12.94
1944-06-22,12.92
1944-06-23,12.9
1944-06-26,12.98
1944-06-27,13.02
1944-06-28,12.95
1944-06-29,12.94
1944-06-30,12.98
1944-07-03,13.11
1944-07-05,13.18
1944-07-06,13.13
1944-07-07,13.16
1944-07-10,13.27
1944-07-11,13.25
1944-07-12,13.27
1944-07-13,13.22
1944-07-14,13.23
1944-07-17,13.1
1944-07-18,12.98
1944-07-19,13.07
1944-07-20,12.96
1944-07-21,12.78
1944-07-24,12.7
1944-07-25,12.8
1944-07-26,12.77
1944-07-27,12.77
1944-07-28,12.7
1944-07-31,12.71
1944-08-01,12.78
1944-08-02,12.81
1944-08-03,12.73
1944-08-04,12.61
1944-08-07,12.67
1944-08-08,12.62
1944-08-09,12.68
1944-08-10,12.78
1944-08-11,12.83
1944-08-14,12.85
1944-08-15,12.84
1944-08-16,12.9
1944-08-17,12.98
1944-08-18,13.04
1944-08-21,12.98
1944-08-22,12.89
1944-08-23,12.91
1944-08-24,12.83
1944-08-25,12.8
1944-08-28,12.8
1944-08-29,12.84
1944-08-30,12.87
1944-08-31,12.82
1944-09-01,12.86
1944-09-05,12.78
1944-09-06,12.47
1944-09-07,12.43
1944-09-08,12.41
1944-09-11,12.48
1944-09-12,12.54
1944-09-13,12.42
1944-09-14,12.35
1944-09-15,12.45
1944-09-18,12.53
1944-09-19,12.64
1944-09-20,12.66
1944-09-21,12.62
1944-09-22,12.65
1944-09-25,12.76
1944-09-26,12.73
1944-09-27,12.73
1944-09-28,12.69
1944-09-29,12.74
1944-10-02,12.8
1944-10-03,12.8
1944-10-04,12.87
1944-10-05,12.95
1944-10-06,12.97
1944-10-09,12.89
1944-10-10,12.93
1944-10-11,13.01
1944-10-13,13.02
1944-10-16,12.95
1944-10-17,13
1944-10-18,13.07
1944-10-19,13.04
1944-10-20,13.02
1944-10-23,12.8
1944-10-24,12.83
1944-10-25,12.83
1944-10-26,12.73
1944-10-27,12.75
1944-10-30,12.76
1944-10-31,12.78
1944-11-01,12.83
1944-11-02,12.9
1944-11-03,12.89
1944-11-06,12.96
1944-11-08,12.94
1944-11-09,12.97
1944-11-10,12.98
1944-11-13,12.87
1944-11-14,12.71
1944-11-15,12.68
1944-11-16,12.69
1944-11-17,12.67
1944-11-20,12.72
1944-11-21,12.81
1944-11-22,12.82
1944-11-24,12.75
1944-11-27,12.79
1944-11-28,12.78
1944-11-29,12.85
1944-11-30,12.83
1944-12-01,12.8
1944-12-04,12.91
1944-12-05,12.96
1944-12-06,12.96
1944-12-07,12.99
1944-12-08,13.09
1944-12-11,13.17
1944-12-12,13.14
1944-12-13,13.1
1944-12-14,13.14
1944-12-15,13.27
1944-12-18,13.19
1944-12-19,13.23
1944-12-20,13.14
1944-12-21,13.11
1944-12-22,13.12
1944-12-26,13.03
1944-12-27,12.97
1944-12-28,13.1
1944-12-29,13.28
1945-01-02,13.33
1945-01-03,13.47
1945-01-04,13.49
1945-01-05,13.46
1945-01-08,13.58
1945-01-09,13.59
1945-01-10,13.69
1945-01-11,13.68
1945-01-12,13.64
1945-01-15,13.55
1945-01-16,13.54
1945-01-17,13.63
1945-01-18,13.57
1945-01-19,13.44
1945-01-22,13.3
1945-01-23,13.21
1945-01-24,13.25
1945-01-25,13.33
1945-01-26,13.46
1945-01-29,13.54
1945-01-30,13.46
1945-01-31,13.47
1945-02-01,13.5
1945-02-02,13.6
1945-02-05,13.7
1945-02-06,13.73
1945-02-07,13.76
1945-02-08,13.76
1945-02-09,13.68
1945-02-13,13.9
1945-02-14,13.97
1945-02-15,14.07
1945-02-16,14.05
1945-02-19,14.16
1945-02-20,14.21
1945-02-21,14.19
1945-02-23,14.16
1945-02-26,14.09
1945-02-27,14.2
1945-02-28,14.3
1945-03-01,14.32
1945-03-02,14.23
1945-03-05,14.3
1945-03-06,14.37
1945-03-07,14.38
1945-03-08,14.12
1945-03-09,13.82
1945-03-12,13.99
1945-03-13,13.99
1945-03-14,14.01
1945-03-15,14.07
1945-03-16,14.09
1945-03-19,14.01
1945-03-20,13.82
1945-03-21,13.69
1945-03-22,13.68
1945-03-23,13.74
1945-03-26,13.39
1945-03-27,13.47
1945-03-28,13.58
1945-03-29,13.61
1945-04-02,13.77
1945-04-03,13.79
1945-04-04,13.77
1945-04-05,13.67
1945-04-06,13.77
1945-04-09,13.81
1945-04-10,13.86
1945-04-11,14.06
1945-04-12,14.05
1945-04-13,14.2
1945-04-16,14.49
1945-04-17,14.51
1945-04-18,14.65
1945-04-19,14.51
1945-04-20,14.49
1945-04-23,14.63
1945-04-24,14.7
1945-04-25,14.67
1945-04-26,14.64
1945-04-27,14.7
1945-04-30,14.84
1945-05-01,14.79
1945-05-02,14.77
1945-05-03,14.87
1945-05-04,14.92
1945-05-07,14.93
1945-05-08,14.96
1945-05-09,14.81
1945-05-10,14.62
1945-05-11,14.62
1945-05-14,14.63
1945-05-15,14.68
1945-05-16,14.69
1945-05-17,14.77
1945-05-18,14.87
1945-05-21,14.82
1945-05-22,14.81
1945-05-23,14.7
1945-05-24,14.7
1945-05-25,14.79
1945-05-28,15.03
1945-05-29,15.11
1945-05-31,15.01
1945-06-01,15.03
1945-06-04,15.05
1945-06-05,15.03
1945-06-06,14.96
1945-06-07,14.97
1945-06-08,14.93
1945-06-11,14.89
1945-06-12,14.92
1945-06-13,14.99
1945-06-14,15.05
1945-06-15,15.1
1945-06-18,15.09
1945-06-19,15.11
1945-06-20,15.18
1945-06-21,15.26
1945-06-22,15.28
1945-06-25,15.35
1945-06-26,15.37
1945-06-27,15.35
1945-06-28,15.04
1945-06-29,14.87
1945-07-02,15.03
1945-07-03,15.03
1945-07-05,14.86
1945-07-06,14.91
1945-07-09,15.04
1945-07-10,15.1
1945-07-11,15.05
1945-07-12,15.09
1945-07-13,15.05
1945-07-16,14.94
1945-07-17,14.61
1945-07-18,14.56
1945-07-19,14.66
1945-07-20,14.66
1945-07-23,14.51
1945-07-24,14.54
1945-07-25,14.68
1945-07-26,14.38
1945-07-27,14.45
1945-07-30,14.6
1945-07-31,14.66
1945-08-01,14.68
1945-08-02,14.62
1945-08-03,14.68
1945-08-06,14.72
1945-08-07,14.52
1945-08-08,14.55
1945-08-09,14.79
1945-08-10,14.78
1945-08-13,14.61
1945-08-14,14.7
1945-08-17,14.62
1945-08-20,14.4
1945-08-21,14.46
1945-08-22,14.56
1945-08-23,14.85
1945-08-24,15.05
1945-08-27,15.27
1945-08-28,15.32
1945-08-29,15.3
1945-08-30,15.35
1945-08-31,15.51
1945-09-04,15.51
1945-09-05,15.53
1945-09-06,15.74
1945-09-07,15.73
1945-09-10,15.78
1945-09-11,15.88
1945-09-12,15.95
1945-09-13,15.95
1945-09-14,15.86
1945-09-17,15.51
1945-09-18,15.82
1945-09-19,15.97
1945-09-20,16.03
1945-09-21,15.95
1945-09-24,15.91
1945-09-25,15.93
1945-09-26,15.92
1945-09-27,15.86
1945-09-28,16.05
1945-10-01,16.33
1945-10-02,16.33
1945-10-03,16.3
1945-10-04,16.3
1945-10-05,16.38
1945-10-08,16.5
1945-10-09,16.54
1945-10-10,16.6
1945-10-11,16.58
1945-10-15,16.59
1945-10-16,16.59
1945-10-17,16.66
1945-10-18,16.72
1945-10-19,16.59
1945-10-22,16.71
1945-10-23,16.58
1945-10-24,16.33
1945-10-25,16.41
1945-10-26,16.49
1945-10-29,16.36
1945-10-30,16.38
1945-10-31,16.65
1945-11-01,16.87
1945-11-02,16.86
1945-11-05,16.94
1945-11-07,17.14
1945-11-08,17.08
1945-11-09,17.1
1945-11-13,17.04
1945-11-14,16.95
1945-11-15,17.08
1945-11-16,17.21
1945-11-19,17.19
1945-11-20,17.27
1945-11-21,17.02
1945-11-23,16.85
1945-11-26,16.94
1945-11-27,17.15
1945-11-28,17.06
1945-11-29,17.03
1945-11-30,17.19
1945-12-03,17.44
1945-12-04,17.42
1945-12-05,17.41
1945-12-06,17.5
1945-12-07,17.54
1945-12-10,17.68
1945-12-11,17.64
1945-12-12,17.37
1945-12-13,17.29
1945-12-14,17.31
1945-12-17,16.94
1945-12-18,17.1
1945-12-19,17.1
1945-12-20,16.99
1945-12-21,16.98
1945-12-26,17.41
1945-12-27,17.28
1945-12-28,17.31
1945-12-31,17.36
1946-01-02,17.25
1946-01-03,17.27
1946-01-04,17.23
1946-01-07,17.31
1946-01-08,17.69
1946-01-09,17.95
1946-01-10,18.07
1946-01-11,18.13
1946-01-14,18.33
1946-01-15,18.36
1946-01-16,18.38
1946-01-17,18.34
1946-01-18,18.3
1946-01-21,17.74
1946-01-22,17.86
1946-01-23,18.07
1946-01-24,18.12
1946-01-25,18.09
1946-01-28,18.62
1946-01-29,18.67
1946-01-30,18.56
1946-01-31,18.57
1946-02-01,18.64
1946-02-04,18.62
1946-02-05,18.7
1946-02-06,18.57
1946-02-07,18.57
1946-02-08,18.55
1946-02-11,18.24
1946-02-13,17.98
1946-02-14,18.09
1946-02-15,18.44
1946-02-18,18.38
1946-02-19,17.7
1946-02-20,17.37
1946-02-21,17.72
1946-02-25,16.91
1946-02-26,16.81
1946-02-27,17.15
1946-02-28,17.28
1946-03-01,17.21
1946-03-04,17.09
1946-03-05,17.27
1946-03-06,17.19
1946-03-07,17.34
1946-03-08,17.49
1946-03-11,17.38
1946-03-12,17.42
1946-03-13,17.15
1946-03-14,17.09
1946-03-15,17.28
1946-03-18,17.57
1946-03-19,17.45
1946-03-20,17.58
1946-03-21,17.7
1946-03-22,17.7
1946-03-25,18.07
1946-03-26,18.06
1946-03-27,17.95
1946-03-28,17.93
1946-03-29,18.04
1946-04-01,18.06
1946-04-02,18.07
1946-04-03,18.38
1946-04-04,18.58
1946-04-05,18.54
1946-04-08,18.62
1946-04-09,18.88
1946-04-10,18.81
1946-04-11,18.77
1946-04-12,18.77
1946-04-15,18.62
1946-04-16,18.87
1946-04-17,18.84
1946-04-18,18.9
1946-04-22,18.88
1946-04-23,18.84
1946-04-24,18.65
1946-04-25,18.54
1946-04-26,18.58
1946-04-29,18.72
1946-04-30,18.76
1946-05-01,18.71
1946-05-02,18.62
1946-05-03,18.46
1946-05-06,18.26
1946-05-07,18.51
1946-05-08,18.47
1946-05-09,18.44
1946-05-10,18.74
1946-05-13,18.79
1946-05-14,18.67
1946-05-15,18.53
1946-05-16,18.64
1946-05-17,18.6
1946-05-20,18.64
1946-05-21,18.68
1946-05-22,18.8
1946-05-23,18.78
1946-05-24,18.78
1946-05-27,18.92
1946-05-28,19.2
1946-05-29,19.25
1946-05-31,19.18
1946-06-03,19.05
1946-06-04,18.93
1946-06-05,18.82
1946-06-06,18.81
1946-06-07,18.82
1946-06-10,18.85
1946-06-11,18.65
1946-06-12,18.69
1946-06-13,18.8
1946-06-14,18.79
1946-06-17,18.81
1946-06-18,18.55
1946-06-19,18.44
1946-06-20,18.03
1946-06-21,18.23
1946-06-24,18.27
1946-06-25,18.14
1946-06-26,18.11
1946-06-27,18.39
1946-06-28,18.43
1946-07-01,18.54
1946-07-02,18.53
1946-07-03,18.49
1946-07-05,18.43
1946-07-08,18.36
1946-07-09,18.46
1946-07-10,18.49
1946-07-11,18.39
1946-07-12,18.27
1946-07-15,17.95
1946-07-16,17.97
1946-07-17,18.07
1946-07-18,18.04
1946-07-19,17.98
1946-07-22,17.93
1946-07-23,17.39
1946-07-24,17.41
1946-07-25,17.5
1946-07-26,17.6
1946-07-29,17.66
1946-07-30,17.76
1946-07-31,17.96
1946-08-01,18.01
1946-08-02,18.02
1946-08-05,17.91
1946-08-06,17.86
1946-08-07,18.03
1946-08-08,18.11
1946-08-09,18.05
1946-08-12,18.08
1946-08-13,18.23
1946-08-14,18.2
1946-08-15,17.99
1946-08-16,17.84
1946-08-19,17.81
1946-08-20,17.91
1946-08-21,17.74
1946-08-22,17.56
1946-08-23,17.58
1946-08-26,17.47
1946-08-27,16.92
1946-08-28,16.73
1946-08-29,16.76
1946-08-30,16.65
1946-09-03,15.53
1946-09-04,15.46
1946-09-05,15.99
1946-09-06,15.84
1946-09-09,15.01
1946-09-10,14.59
1946-09-11,15.05
1946-09-12,15.02
1946-09-13,15.31
1946-09-16,15.4
1946-09-17,15.28
1946-09-18,14.8
1946-09-19,14.33
1946-09-20,14.69
1946-09-23,14.41
1946-09-24,14.72
1946-09-25,15.1
1946-09-26,15.27
1946-09-27,15.11
1946-09-30,14.96
1946-10-01,14.92
1946-10-02,15.04
1946-10-03,14.98
1946-10-04,14.81
1946-10-07,14.7
1946-10-08,14.53
1946-10-09,14.12
1946-10-10,14.33
1946-10-11,14.63
1946-10-14,14.71
1946-10-15,15.3
1946-10-16,15.24
1946-10-17,15.01
1946-10-18,14.97
1946-10-21,15
1946-10-22,14.88
1946-10-23,14.77
1946-10-24,14.78
1946-10-25,14.7
1946-10-28,14.39
1946-10-29,14.26
1946-10-30,14.32
1946-10-31,14.84
1946-11-01,15.07
1946-11-04,15.33
1946-11-06,14.67
1946-11-07,14.79
1946-11-08,14.85
1946-11-12,14.94
1946-11-13,14.81
1946-11-14,14.89
1946-11-15,14.73
1946-11-18,14.58
1946-11-19,14.57
1946-11-20,14.46
1946-11-21,14.21
1946-11-22,14.13
1946-11-25,14.31
1946-11-26,14.45
1946-11-27,14.55
1946-11-29,14.68
1946-12-02,14.44
1946-12-03,14.49
1946-12-04,14.72
1946-12-05,14.64
1946-12-06,14.7
1946-12-09,15.32
1946-12-10,15.32
1946-12-11,15.36
1946-12-12,15.15
1946-12-13,15.17
1946-12-16,15.24
1946-12-17,15.18
1946-12-18,15.21
1946-12-19,15.45
1946-12-20,15.5
1946-12-23,15.41
1946-12-24,15.37
1946-12-26,15.21
1946-12-27,15.19
1946-12-30,15.17
1946-12-31,15.3
1947-01-02,15.2
1947-01-03,15.26
1947-01-06,15.44
1947-01-07,15.32
1947-01-08,15.41
1947-01-09,15.44
1947-01-10,15.24
1947-01-13,14.8
1947-01-14,14.87
1947-01-15,14.77
1947-01-16,14.78
1947-01-17,15.07
1947-01-20,15.02
1947-01-21,14.97
1947-01-22,15.04
1947-01-23,15.19
1947-01-24,15.21
1947-01-27,15.34
1947-01-28,15.47
1947-01-29,15.65
1947-01-30,15.6
1947-01-31,15.66
1947-02-03,15.8
1947-02-04,15.83
1947-02-05,15.92
1947-02-06,15.86
1947-02-07,16.12
1947-02-10,16.05
1947-02-11,16.14
1947-02-13,15.93
1947-02-14,15.86
1947-02-17,15.88
1947-02-18,15.88
1947-02-19,15.69
1947-02-20,15.72
1947-02-21,15.8
1947-02-24,15.67
1947-02-25,15.47
1947-02-26,15.3
1947-02-27,15.48
1947-02-28,15.43
1947-03-03,15.41
1947-03-04,15.41
1947-03-05,15.59
1947-03-06,15.65
1947-03-07,15.16
1947-03-10,15.01
1947-03-11,14.88
1947-03-12,14.97
1947-03-13,14.93
1947-03-14,14.78
1947-03-17,14.82
1947-03-18,15.01
1947-03-19,15.08
1947-03-20,15.07
1947-03-21,15.25
1947-03-24,15.11
1947-03-25,15.02
1947-03-26,15.23
1947-03-27,15.4
1947-03-28,15.33
1947-03-31,15.17
1947-04-01,15.23
1947-04-02,15.22
1947-04-03,15.18
1947-04-07,15.05
1947-04-08,14.83
1947-04-09,14.82
1947-04-10,14.83
1947-04-11,14.72
1947-04-14,14.14
1947-04-15,14.15
1947-04-16,14.29
1947-04-17,14.27
1947-04-18,14.09
1947-04-21,14.45
1947-04-22,14.56
1947-04-23,14.58
1947-04-24,14.49
1947-04-25,14.39
1947-04-28,14.37
1947-04-29,14.4
1947-04-30,14.58
1947-05-01,14.69
1947-05-02,14.79
1947-05-05,14.85
1947-05-06,14.69
1947-05-07,14.68
1947-05-08,14.6
1947-05-09,14.63
1947-05-12,14.46
1947-05-13,14.15
1947-05-14,14.11
1947-05-15,14.24
1947-05-16,13.96
1947-05-19,13.77
1947-05-20,13.83
1947-05-21,14.09
1947-05-22,14.19
1947-05-23,14.2
1947-05-26,14.14
1947-05-27,14.12
1947-05-28,14.34
1947-05-29,14.45
1947-06-02,14.3
1947-06-03,14.5
1947-06-04,14.4
1947-06-05,14.39
1947-06-06,14.5
1947-06-09,14.52
1947-06-10,14.56
1947-06-11,14.9
1947-06-12,14.82
1947-06-13,14.98
1947-06-16,15.02
1947-06-17,14.96
1947-06-18,14.96
1947-06-19,15.14
1947-06-20,15.16
1947-06-23,15.24
1947-06-24,14.94
1947-06-25,15.06
1947-06-26,15.12
1947-06-27,15.12
1947-06-30,15.21
1947-07-01,15.46
1947-07-02,15.44
1947-07-03,15.6
1947-07-07,15.61
1947-07-08,15.67
1947-07-09,15.52
1947-07-10,15.68
1947-07-11,15.87
1947-07-14,15.96
1947-07-15,15.93
1947-07-16,15.92
1947-07-17,15.75
1947-07-18,15.85
1947-07-21,15.8
1947-07-22,15.87
1947-07-23,15.95
1947-07-24,16.12
1947-07-25,16.08
1947-07-28,15.94
1947-07-29,15.59
1947-07-30,15.52
1947-07-31,15.76
1947-08-01,15.8
1947-08-04,15.62
1947-08-05,15.67
1947-08-06,15.62
1947-08-07,15.64
1947-08-08,15.43
1947-08-11,15.33
1947-08-12,15.43
1947-08-13,15.52
1947-08-14,15.47
1947-08-15,15.58
1947-08-18,15.5
1947-08-19,15.46
1947-08-20,15.39
1947-08-21,15.43
1947-08-22,15.45
1947-08-25,15.23
1947-08-26,15.23
1947-08-27,15.25
1947-08-28,15.22
1947-08-29,15.32
1947-09-02,15.37
1947-09-03,15.33
1947-09-04,15.14
1947-09-05,15.1
1947-09-08,14.86
1947-09-09,14.89
1947-09-10,15.03
1947-09-11,15.04
1947-09-12,14.99
1947-09-15,14.93
1947-09-16,15.07
1947-09-17,15.27
1947-09-18,15.21
1947-09-19,15.2
1947-09-22,15.18
1947-09-23,14.93
1947-09-24,14.99
1947-09-25,14.9
1947-09-26,14.85
1947-09-29,14.94
1947-09-30,15.11
1947-10-01,15.16
1947-10-02,15.17
1947-10-03,15.24
1947-10-06,15.28
1947-10-07,15.28
1947-10-08,15.16
1947-10-09,15.26
1947-10-10,15.29
1947-10-14,15.55
1947-10-15,15.59
1947-10-16,15.57
1947-10-17,15.58
1947-10-20,15.79
1947-10-21,15.76
1947-10-22,15.69
1947-10-23,15.7
1947-10-24,15.5
1947-10-27,15.53
1947-10-28,15.54
1947-10-29,15.49
1947-10-30,15.33
1947-10-31,15.43
1947-11-03,15.46
1947-11-05,15.34
1947-11-06,15.34
1947-11-07,15.31
1947-11-10,15.37
1947-11-12,15.31
1947-11-13,15.16
1947-11-14,15.19
1947-11-17,15.19
1947-11-18,15.3
1947-11-19,15.34
1947-11-20,15.41
1947-11-21,15.33
1947-11-24,15.24
1947-11-25,15.2
1947-11-26,15.13
1947-11-28,14.98
1947-12-01,15.07
1947-12-02,15.09
1947-12-03,14.95
1947-12-04,14.86
1947-12-05,14.63
1947-12-08,14.77
1947-12-09,14.82
1947-12-10,14.84
1947-12-11,14.83
1947-12-12,14.94
1947-12-15,15.11
1947-12-16,15.09
1947-12-17,15.12
1947-12-18,15.07
1947-12-19,15.12
1947-12-22,15.2
1947-12-23,15.26
1947-12-24,15.25
1947-12-26,15.12
1947-12-29,15.04
1947-12-30,15.22
1947-12-31,15.3
1948-01-02,15.34
1948-01-05,15.2
1948-01-06,15.15
1948-01-07,15.23
1948-01-08,15.31
1948-01-09,15.23
1948-01-12,15.17
1948-01-13,14.95
1948-01-14,14.95
1948-01-15,14.88
1948-01-16,14.87
1948-01-19,14.7
1948-01-20,14.71
1948-01-21,14.54
1948-01-22,14.42
1948-01-23,14.35
1948-01-26,14.32
1948-01-27,14.34
1948-01-28,14.49
1948-01-29,14.65
1948-01-30,14.68
1948-02-02,14.71
1948-02-03,14.62
1948-02-04,14.35
1948-02-05,14.2
1948-02-06,14.19
1948-02-09,14.31
1948-02-10,13.89
1948-02-11,13.88
1948-02-13,13.85
1948-02-16,14.04
1948-02-17,14.04
1948-02-18,14.05
1948-02-19,14.02
1948-02-20,13.96
1948-02-24,14
1948-02-25,14.07
1948-02-26,13.98
1948-02-27,13.93
1948-03-01,14.07
1948-03-02,14.16
1948-03-03,14.17
1948-03-04,14.08
1948-03-05,14.11
1948-03-08,14.04
1948-03-09,13.95
1948-03-10,14.01
1948-03-11,13.99
1948-03-12,13.99
1948-03-15,14.06
1948-03-16,13.84
1948-03-17,13.95
1948-03-18,14.03
1948-03-19,14.32
1948-03-22,14.7
1948-03-23,14.7
1948-03-24,14.69
1948-03-25,14.75
1948-03-29,14.7
1948-03-30,14.87
1948-03-31,15.08
1948-04-01,15.12
1948-04-02,15.15
1948-04-05,15.18
1948-04-06,15.28
1948-04-07,15.23
1948-04-08,15.27
1948-04-09,15.29
1948-04-12,15.28
1948-04-13,15.3
1948-04-14,15.28
1948-04-15,15.38
1948-04-16,15.43
1948-04-19,15.47
1948-04-20,15.46
1948-04-21,15.54
1948-04-22,15.68
1948-04-23,15.78
1948-04-26,15.54
1948-04-27,15.55
1948-04-28,15.57
1948-04-29,15.52
1948-04-30,15.48
1948-05-03,15.6
1948-05-04,15.59
1948-05-05,15.5
1948-05-06,15.63
1948-05-07,15.72
1948-05-10,15.81
1948-05-11,15.86
1948-05-12,15.88
1948-05-13,16
1948-05-14,15.39
1948-05-17,16.61
1948-05-18,16.39
1948-05-19,16.37
1948-05-20,16.46
1948-05-21,16.5
1948-05-24,16.54
1948-05-25,16.53
1948-05-26,16.68
1948-05-27,16.68
1948-05-28,16.69
1948-06-01,16.74
1948-06-02,16.76
1948-06-03,16.72
1948-06-04,16.59
1948-06-07,16.54
1948-06-08,16.82
1948-06-09,16.89
1948-06-10,16.9
1948-06-11,16.95
1948-06-14,16.97
1948-06-15,17.06
1948-06-16,17.01
1948-06-17,16.99
1948-06-18,16.96
1948-06-21,16.79
1948-06-22,16.76
1948-06-23,16.93
1948-06-24,16.89
1948-06-25,16.83
1948-06-28,16.61
1948-06-29,16.69
1948-06-30,16.74
1948-07-01,16.7
1948-07-02,16.85
1948-07-06,16.85
1948-07-07,16.79
1948-07-08,16.81
1948-07-09,16.92
1948-07-12,16.88
1948-07-13,16.78
1948-07-14,16.8
1948-07-15,16.48
1948-07-16,16.25
1948-07-19,15.72
1948-07-20,15.96
1948-07-21,16.09
1948-07-22,16.21
1948-07-23,16.27
1948-07-26,16.12
1948-07-27,16.29
1948-07-28,16.18
1948-07-29,16.05
1948-07-30,15.85
1948-08-02,15.85
1948-08-03,15.9
1948-08-04,16.15
1948-08-05,16.09
1948-08-06,16.12
1948-08-09,15.96
1948-08-10,15.74
1948-08-11,15.67
1948-08-12,15.71
1948-08-13,15.7
1948-08-16,15.74
1948-08-17,15.93
1948-08-18,15.93
1948-08-19,15.98
1948-08-20,16.15
1948-08-23,15.94
1948-08-24,16.02
1948-08-25,15.99
1948-08-26,16.04
1948-08-27,16.11
1948-08-30,15.98
1948-08-31,15.97
1948-09-01,16.16
1948-09-02,16.24
1948-09-03,16.27
1948-09-07,16.35
1948-09-08,16.07
1948-09-09,15.81
1948-09-10,15.83
1948-09-13,15.7
1948-09-14,15.82
1948-09-15,15.8
1948-09-16,15.8
1948-09-17,15.73
1948-09-20,15.44
1948-09-21,15.55
1948-09-22,15.59
1948-09-23,15.56
1948-09-24,15.6
1948-09-27,15.19
1948-09-28,15.36
1948-09-29,15.55
1948-09-30,15.49
1948-10-01,15.67
1948-10-04,15.85
1948-10-05,15.82
1948-10-06,15.84
1948-10-07,15.93
1948-10-08,15.9
1948-10-11,15.9
1948-10-13,16.09
1948-10-14,16.14
1948-10-15,16.12
1948-10-18,16.19
1948-10-19,16.28
1948-10-20,16.34
1948-10-21,16.36
1948-10-22,16.61
1948-10-25,16.58
1948-10-26,16.59
1948-10-27,16.57
1948-10-28,16.46
1948-10-29,16.5
1948-11-01,16.7
1948-11-03,15.93
1948-11-04,16.14
1948-11-05,15.43
1948-11-08,15.5
1948-11-09,15.01
1948-11-10,15
1948-11-12,15.04
1948-11-15,15.27
1948-11-16,15.26
1948-11-17,15.22
1948-11-18,15.26
1948-11-19,15.31
1948-11-22,15.21
1948-11-23,15.19
1948-11-24,14.91
1948-11-26,14.91
1948-11-29,14.79
1948-11-30,14.75
1948-12-01,15.01
1948-12-02,15
1948-12-03,15.13
1948-12-06,15.23
1948-12-07,15.24
1948-12-08,15.2
1948-12-09,15.17
1948-12-10,15.22
1948-12-13,15.33
1948-12-14,15.25
1948-12-15,15.17
1948-12-16,15.16
1948-12-17,15.2
1948-12-20,15.19
1948-12-21,15.14
1948-12-22,15.15
1948-12-23,15.15
1948-12-24,15.25
1948-12-27,15.19
1948-12-28,15.08
1948-12-29,15.28
1948-12-30,15.28
1948-12-31,15.2
1949-01-03,14.95
1949-01-04,15.03
1949-01-05,15.16
1949-01-06,15.5
1949-01-07,15.61
1949-01-10,15.51
1949-01-11,15.5
1949-01-12,15.47
1949-01-13,15.39
1949-01-14,15.24
1949-01-17,15.38
1949-01-18,15.38
1949-01-19,15.44
1949-01-20,15.5
1949-01-21,15.47
1949-01-24,15.44
1949-01-25,15.33
1949-01-26,15.29
1949-01-27,15.25
1949-01-28,15.2
1949-01-31,15.22
1949-02-01,15.34
1949-02-02,15.35
1949-02-03,15.32
1949-02-04,15.09
1949-02-07,14.76
1949-02-08,14.7
1949-02-09,14.78
1949-02-10,14.58
1949-02-11,14.56
1949-02-14,14.61
1949-02-15,14.65
1949-02-16,14.73
1949-02-17,14.83
1949-02-18,14.79
1949-02-21,14.74
1949-02-23,14.6
1949-02-24,14.42
1949-02-25,14.38
1949-02-28,14.62
1949-03-01,14.71
1949-03-02,14.67
1949-03-03,14.65
1949-03-04,14.67
1949-03-07,14.86
1949-03-08,14.89
1949-03-09,14.86
1949-03-10,14.87
1949-03-11,15.02
1949-03-14,15.07
1949-03-15,14.98
1949-03-16,14.92
1949-03-17,14.97
1949-03-18,14.94
1949-03-21,14.87
1949-03-22,14.77
1949-03-23,14.95
1949-03-24,14.97
1949-03-25,14.89
1949-03-28,14.93
1949-03-29,15.22
1949-03-30,15.21
1949-03-31,15.06
1949-04-01,14.94
1949-04-04,14.98
1949-04-05,14.96
1949-04-06,14.92
1949-04-07,14.93
1949-04-08,14.97
1949-04-11,14.99
1949-04-12,15.03
1949-04-13,15.02
1949-04-14,14.99
1949-04-18,15.07
1949-04-19,15.01
1949-04-20,14.97
1949-04-21,14.72
1949-04-22,14.7
1949-04-25,14.68
1949-04-26,14.76
1949-04-27,14.76
1949-04-28,14.69
1949-04-29,14.71
1949-05-02,14.78
1949-05-03,14.85
1949-05-04,15.02
1949-05-05,15.01
1949-05-06,14.92
1949-05-09,14.88
1949-05-10,14.82
1949-05-11,14.85
1949-05-12,14.87
1949-05-13,14.88
1949-05-16,14.96
1949-05-17,14.93
1949-05-18,14.89
1949-05-19,14.8
1949-05-20,14.73
1949-05-23,14.58
1949-05-24,14.5
1949-05-25,14.57
1949-05-26,14.56
1949-05-27,14.51
1949-05-31,14.19
1949-06-01,14.14
1949-06-02,14.14
1949-06-03,14.05
1949-06-06,13.82
1949-06-07,13.84
1949-06-08,13.93
1949-06-09,13.93
1949-06-10,13.81
1949-06-13,13.55
1949-06-14,13.64
1949-06-15,13.9
1949-06-16,13.85
1949-06-17,13.87
1949-06-20,14.07
1949-06-21,14.08
1949-06-22,14.04
1949-06-23,14.11
1949-06-24,14.13
1949-06-27,14.12
1949-06-28,14
1949-06-29,14.09
1949-06-30,14.16
1949-07-01,14.26
1949-07-05,14.34
1949-07-06,14.52
1949-07-07,14.52
1949-07-08,14.51
1949-07-11,14.51
1949-07-12,14.61
1949-07-13,14.78
1949-07-14,14.79
1949-07-15,14.76
1949-07-18,14.8
1949-07-19,14.94
1949-07-20,14.97
1949-07-21,14.9
1949-07-22,14.89
1949-07-25,14.94
1949-07-26,15.06
1949-07-27,15.06
1949-07-28,15.04
1949-07-29,15.04
1949-08-01,15.12
1949-08-02,15.16
1949-08-03,15.15
1949-08-04,15.13
1949-08-05,15.35
1949-08-08,15.51
1949-08-09,15.37
1949-08-10,15.44
1949-08-11,15.39
1949-08-12,15.32
1949-08-15,15.25
1949-08-16,15.29
1949-08-17,15.46
1949-08-18,15.5
1949-08-19,15.41
1949-08-22,15.37
1949-08-23,15.17
1949-08-24,15.18
1949-08-25,15.22
1949-08-26,15.28
1949-08-29,15.12
1949-08-30,15.21
1949-08-31,15.22
1949-09-01,15.31
1949-09-02,15.29
1949-09-06,15.28
1949-09-07,15.38
1949-09-08,15.41
1949-09-09,15.4
1949-09-12,15.52
1949-09-13,15.74
1949-09-14,15.73
1949-09-15,15.61
1949-09-16,15.66
1949-09-19,15.55
1949-09-20,15.19
1949-09-21,15.41
1949-09-22,15.5
1949-09-23,15.57
1949-09-26,15.53
1949-09-27,15.41
1949-09-28,15.53
1949-09-29,15.62
1949-09-30,15.58
1949-10-03,15.6
1949-10-04,15.75
1949-10-05,15.78
1949-10-06,15.84
1949-10-07,15.85
1949-10-10,15.83
1949-10-11,15.97
1949-10-13,15.97
1949-10-14,15.91
1949-10-17,15.73
1949-10-18,15.84
1949-10-19,15.93
1949-10-20,15.9
1949-10-21,15.85
1949-10-24,15.87
1949-10-25,15.95
1949-10-26,16.06
1949-10-27,16.15
1949-10-28,16.08
1949-10-31,16.04
1949-11-01,16.2
1949-11-02,16.33
1949-11-03,16.29
1949-11-04,16.21
1949-11-07,16.16
1949-11-09,16.18
1949-11-10,16.14
1949-11-14,16.03
1949-11-15,15.75
1949-11-16,15.84
1949-11-17,15.96
1949-11-18,16.14
1949-11-21,16.07
1949-11-22,16.15
1949-11-23,16.19
1949-11-25,16.1
1949-11-28,16.05
1949-11-29,16.02
1949-11-30,16.06
1949-12-01,16.15
1949-12-02,16.28
1949-12-05,16.41
1949-12-06,16.39
1949-12-07,16.43
1949-12-08,16.43
1949-12-09,16.42
1949-12-12,16.57
1949-12-13,16.64
1949-12-14,16.67
1949-12-15,16.68
1949-12-16,16.66
1949-12-19,16.59
1949-12-20,16.53
1949-12-21,16.49
1949-12-22,16.64
1949-12-23,16.64
1949-12-27,16.58
1949-12-28,16.66
1949-12-29,16.68
1949-12-30,16.79
1950-01-03,16.66
1950-01-04,16.85
1950-01-05,16.93
1950-01-06,16.98
1950-01-09,17.08
1950-01-10,17.03
1950-01-11,17.09
1950-01-12,16.76
1950-01-13,16.67
1950-01-16,16.72
1950-01-17,16.86
1950-01-18,16.85
1950-01-19,16.87
1950-01-20,16.9
1950-01-23,16.92
1950-01-24,16.86
1950-01-25,16.74
1950-01-26,16.73
1950-01-27,16.82
1950-01-30,17.02
1950-01-31,17.05
1950-02-01,17.05
1950-02-02,17.23
1950-02-03,17.29
1950-02-06,17.32
1950-02-07,17.23
1950-02-08,17.21
1950-02-09,17.28
1950-02-10,17.24
1950-02-14,17.06
1950-02-15,17.06
1950-02-16,16.99
1950-02-17,17.15
1950-02-20,17.2
1950-02-21,17.17
1950-02-23,17.21
1950-02-24,17.28
1950-02-27,17.28
1950-02-28,17.22
1950-03-01,17.24
1950-03-02,17.23
1950-03-03,17.29
1950-03-06,17.32
1950-03-07,17.2
1950-03-08,17.19
1950-03-09,17.07
1950-03-10,17.09
1950-03-13,17.12
1950-03-14,17.25
1950-03-15,17.45
1950-03-16,17.49
1950-03-17,17.45
1950-03-20,17.44
1950-03-21,17.45
1950-03-22,17.55
1950-03-23,17.56
1950-03-24,17.56
1950-03-27,17.46
1950-03-28,17.53
1950-03-29,17.44
1950-03-30,17.3
1950-03-31,17.29
1950-04-03,17.53
1950-04-04,17.55
1950-04-05,17.63
1950-04-06,17.78
1950-04-10,17.85
1950-04-11,17.75
1950-04-12,17.94
1950-04-13,17.98
1950-04-14,17.96
1950-04-17,17.88
1950-04-18,18.03
1950-04-19,18.05
1950-04-20,17.93
1950-04-21,17.96
1950-04-24,17.83
1950-04-25,17.83
1950-04-26,17.76
1950-04-27,17.86
1950-04-28,17.96
1950-05-01,18.22
1950-05-02,18.11
1950-05-03,18.27
1950-05-04,18.12
1950-05-05,18.22
1950-05-08,18.27
1950-05-09,18.27
1950-05-10,18.29
1950-05-11,18.29
1950-05-12,18.18
1950-05-15,18.26
1950-05-16,18.44
1950-05-17,18.52
1950-05-18,18.56
1950-05-19,18.68
1950-05-22,18.6
1950-05-23,18.71
1950-05-24,18.69
1950-05-25,18.69
1950-05-26,18.67
1950-05-29,18.72
1950-05-31,18.78
1950-06-01,18.77
1950-06-02,18.79
1950-06-05,18.6
1950-06-06,18.88
1950-06-07,18.93
1950-06-08,19.14
1950-06-09,19.26
1950-06-12,19.4
1950-06-13,19.25
1950-06-14,18.98
1950-06-15,18.93
1950-06-16,18.97
1950-06-19,18.92
1950-06-20,18.83
1950-06-21,19
1950-06-22,19.16
1950-06-23,19.14
1950-06-26,18.11
1950-06-27,17.91
1950-06-28,18.11
1950-06-29,17.44
1950-06-30,17.69
1950-07-03,17.64
1950-07-05,17.81
1950-07-06,17.91
1950-07-07,17.67
1950-07-10,17.59
1950-07-11,17.32
1950-07-12,16.87
1950-07-13,16.69
1950-07-14,16.87
1950-07-17,16.68
1950-07-18,17.06
1950-07-19,17.36
1950-07-20,17.61
1950-07-21,17.59
1950-07-24,17.48
1950-07-25,17.23
1950-07-26,17.27
1950-07-27,17.5
1950-07-28,17.69
1950-07-31,17.84
1950-08-01,18.02
1950-08-02,17.95
1950-08-03,17.99
1950-08-04,18.14
1950-08-07,18.41
1950-08-08,18.46
1950-08-09,18.61
1950-08-10,18.48
1950-08-11,18.28
1950-08-14,18.29
1950-08-15,18.32
1950-08-16,18.34
1950-08-17,18.54
1950-08-18,18.68
1950-08-21,18.7
1950-08-22,18.68
1950-08-23,18.82
1950-08-24,18.79
1950-08-25,18.54
1950-08-28,18.53
1950-08-29,18.54
1950-08-30,18.43
1950-08-31,18.42
1950-09-01,18.55
1950-09-05,18.68
1950-09-06,18.54
1950-09-07,18.59
1950-09-08,18.75
1950-09-11,18.61
1950-09-12,18.87
1950-09-13,19.09
1950-09-14,19.18
1950-09-15,19.29
1950-09-18,19.37
1950-09-19,19.31
1950-09-20,19.21
1950-09-21,19.37
1950-09-22,19.44
1950-09-25,19.42
1950-09-26,19.14
1950-09-27,19.41
1950-09-28,19.42
1950-09-29,19.45
1950-10-02,19.69
1950-10-03,19.66
1950-10-04,20
1950-10-05,19.89
1950-10-06,20.12
1950-10-09,20
1950-10-10,19.78
1950-10-11,19.86
1950-10-13,19.85
1950-10-16,19.71
1950-10-17,19.89
1950-10-18,20.01
1950-10-19,20.02
1950-10-20,19.96
1950-10-23,19.96
1950-10-24,20.08
1950-10-25,20.05
1950-10-26,19.61
1950-10-27,19.77
1950-10-30,19.61
1950-10-31,19.53
1950-11-01,19.56
1950-11-02,19.73
1950-11-03,19.85
1950-11-06,19.36
1950-11-08,19.56
1950-11-09,19.79
1950-11-10,19.94
1950-11-13,20.01
1950-11-14,19.86
1950-11-15,19.82
1950-11-16,19.72
1950-11-17,19.86
1950-11-20,19.93
1950-11-21,19.88
1950-11-22,20.16
1950-11-24,20.32
1950-11-27,20.18
1950-11-28,19.56
1950-11-29,19.37
1950-11-30,19.51
1950-12-01,19.66
1950-12-04,19
1950-12-05,19.31
1950-12-06,19.45
1950-12-07,19.4
1950-12-08,19.4
1950-12-11,19.72
1950-12-12,19.68
1950-12-13,19.67
1950-12-14,19.43
1950-12-15,19.33
1950-12-18,19.85
1950-12-19,19.96
1950-12-20,19.97
1950-12-21,19.98
1950-12-22,20.07
1950-12-26,19.92
1950-12-27,20.3
1950-12-28,20.38
1950-12-29,20.43
1951-01-02,20.77
1951-01-03,20.69
1951-01-04,20.87
1951-01-05,20.87
1951-01-08,21
1951-01-09,21.12
1951-01-10,20.85
1951-01-11,21.19
1951-01-12,21.11
1951-01-15,21.3
1951-01-16,21.46
1951-01-17,21.55
1951-01-18,21.4
1951-01-19,21.36
1951-01-22,21.18
1951-01-23,21.26
1951-01-24,21.16
1951-01-25,21.03
1951-01-26,21.26
1951-01-29,21.67
1951-01-30,21.74
1951-01-31,21.66
1951-02-01,21.77
1951-02-02,21.96
1951-02-05,22.2
1951-02-06,22.12
1951-02-07,21.99
1951-02-08,22.09
1951-02-09,22.17
1951-02-13,22.18
1951-02-14,22.12
1951-02-15,22
1951-02-16,22.13
1951-02-19,21.83
1951-02-20,21.79
1951-02-21,21.86
1951-02-23,21.92
1951-02-26,21.93
1951-02-27,21.76
1951-02-28,21.8
1951-03-01,21.85
1951-03-02,21.93
1951-03-05,21.79
1951-03-06,21.79
1951-03-07,21.86
1951-03-08,21.95
1951-03-09,21.95
1951-03-12,21.7
1951-03-13,21.41
1951-03-14,21.25
1951-03-15,21.29
1951-03-16,21.64
1951-03-19,21.56
1951-03-20,21.52
1951-03-21,21.64
1951-03-22,21.73
1951-03-26,21.53
1951-03-27,21.51
1951-03-28,21.26
1951-03-29,21.33
1951-03-30,21.48
1951-04-02,21.32
1951-04-03,21.26
1951-04-04,21.4
1951-04-05,21.69
1951-04-06,21.72
1951-04-09,21.68
1951-04-10,21.65
1951-04-11,21.64
1951-04-12,21.83
1951-04-13,22.09
1951-04-16,22.04
1951-04-17,22.09
1951-04-18,22.13
1951-04-19,22.04
1951-04-20,22.04
1951-04-23,22.05
1951-04-24,21.96
1951-04-25,21.97
1951-04-26,22.16
1951-04-27,22.39
1951-04-30,22.43
1951-05-01,22.53
1951-05-02,22.62
1951-05-03,22.81
1951-05-04,22.77
1951-05-07,22.63
1951-05-08,22.61
1951-05-09,22.64
1951-05-10,22.51
1951-05-11,22.33
1951-05-14,22.18
1951-05-15,21.76
1951-05-16,21.69
1951-05-17,21.91
1951-05-18,21.51
1951-05-21,21.46
1951-05-22,21.36
1951-05-23,21.16
1951-05-24,21.05
1951-05-25,21.03
1951-05-28,21.21
1951-05-29,21.35
1951-05-31,21.52
1951-06-01,21.48
1951-06-04,21.24
1951-06-05,21.33
1951-06-06,21.48
1951-06-07,21.56
1951-06-08,21.49
1951-06-11,21.61
1951-06-12,21.52
1951-06-13,21.55
1951-06-14,21.84
1951-06-15,22.04
1951-06-18,22.05
1951-06-19,22.02
1951-06-20,21.91
1951-06-21,21.78
1951-06-22,21.55
1951-06-25,21.29
1951-06-26,21.3
1951-06-27,21.37
1951-06-28,21.1
1951-06-29,20.96
1951-07-02,21.1
1951-07-03,21.23
1951-07-05,21.64
1951-07-06,21.64
1951-07-09,21.73
1951-07-10,21.63
1951-07-11,21.68
1951-07-12,21.8
1951-07-13,21.98
1951-07-16,21.73
1951-07-17,21.92
1951-07-18,21.88
1951-07-19,21.84
1951-07-20,21.88
1951-07-23,22.1
1951-07-24,22.44
1951-07-25,22.32
1951-07-26,22.47
1951-07-27,22.53
1951-07-30,22.63
1951-07-31,22.4
1951-08-01,22.51
1951-08-02,22.82
1951-08-03,22.85
1951-08-06,23.01
1951-08-07,23.03
1951-08-08,22.93
1951-08-09,22.84
1951-08-10,22.79
1951-08-13,22.8
1951-08-14,22.7
1951-08-15,22.79
1951-08-16,22.87
1951-08-17,22.94
1951-08-20,22.93
1951-08-21,22.83
1951-08-22,22.75
1951-08-23,22.9
1951-08-24,22.88
1951-08-27,22.85
1951-08-28,22.9
1951-08-29,23.08
1951-08-30,23.24
1951-08-31,23.28
1951-09-04,23.28
1951-09-05,23.42
1951-09-06,23.47
1951-09-07,23.53
1951-09-10,23.62
1951-09-11,23.5
1951-09-12,23.6
1951-09-13,23.71
1951-09-14,23.69
1951-09-17,23.62
1951-09-18,23.59
1951-09-19,23.59
1951-09-20,23.57
1951-09-21,23.4
1951-09-24,23.3
1951-09-25,23.38
1951-09-26,23.4
1951-09-27,23.27
1951-09-28,23.26
1951-10-01,23.47
1951-10-02,23.64
1951-10-03,23.79
1951-10-04,23.72
1951-10-05,23.78
1951-10-08,23.75
1951-10-09,23.65
1951-10-10,23.61
1951-10-11,23.7
1951-10-15,23.85
1951-10-16,23.77
1951-10-17,23.69
1951-10-18,23.67
1951-10-19,23.32
1951-10-22,22.75
1951-10-23,22.84
1951-10-24,23.03
1951-10-25,22.96
1951-10-26,22.81
1951-10-29,22.69
1951-10-30,22.66
1951-10-31,22.94
1951-11-01,23.1
1951-11-02,22.93
1951-11-05,22.82
1951-11-07,22.49
1951-11-08,22.47
1951-11-09,22.75
1951-11-13,22.79
1951-11-14,22.85
1951-11-15,22.84
1951-11-16,22.82
1951-11-19,22.73
1951-11-20,22.68
1951-11-21,22.64
1951-11-23,22.4
1951-11-26,22.43
1951-11-27,22.66
1951-11-28,22.61
1951-11-29,22.67
1951-11-30,22.88
1951-12-03,23.01
1951-12-04,23.14
1951-12-05,23.07
1951-12-06,23.34
1951-12-07,23.38
1951-12-10,23.42
1951-12-11,23.3
1951-12-12,23.37
1951-12-13,23.39
1951-12-14,23.37
1951-12-17,23.41
1951-12-18,23.49
1951-12-19,23.57
1951-12-20,23.57
1951-12-21,23.51
1951-12-24,23.54
1951-12-26,23.44
1951-12-27,23.65
1951-12-28,23.69
1951-12-31,23.77
1952-01-02,23.8
1952-01-03,23.88
1952-01-04,23.92
1952-01-07,23.91
1952-01-08,23.82
1952-01-09,23.74
1952-01-10,23.86
1952-01-11,23.98
1952-01-14,24.16
1952-01-15,24.06
1952-01-16,24.09
1952-01-17,24.2
1952-01-18,24.25
1952-01-21,24.46
1952-01-22,24.66
1952-01-23,24.54
1952-01-24,24.56
1952-01-25,24.55
1952-01-28,24.61
1952-01-29,24.57
1952-01-30,24.23
1952-01-31,24.14
1952-02-01,24.3
1952-02-04,24.12
1952-02-05,24.11
1952-02-06,24.18
1952-02-07,24.11
1952-02-08,24.24
1952-02-11,24.11
1952-02-13,23.92
1952-02-14,23.87
1952-02-15,23.86
1952-02-18,23.74
1952-02-19,23.36
1952-02-20,23.09
1952-02-21,23.16
1952-02-25,23.23
1952-02-26,23.15
1952-02-27,23.18
1952-02-28,23.29
1952-02-29,23.26
1952-03-03,23.29
1952-03-04,23.68
1952-03-05,23.71
1952-03-06,23.69
1952-03-07,23.72
1952-03-10,23.6
1952-03-11,23.62
1952-03-12,23.73
1952-03-13,23.75
1952-03-14,23.75
1952-03-17,23.92
1952-03-18,23.87
1952-03-19,23.82
1952-03-20,23.89
1952-03-21,23.93
1952-03-24,23.93
1952-03-25,23.79
1952-03-26,23.78
1952-03-27,23.99
1952-03-28,24.18
1952-03-31,24.37
1952-04-01,24.18
1952-04-02,24.12
1952-04-03,24.12
1952-04-04,24.02
1952-04-07,23.8
1952-04-08,23.91
1952-04-09,23.94
1952-04-10,24.11
1952-04-14,23.95
1952-04-15,23.65
1952-04-16,23.58
1952-04-17,23.41
1952-04-18,23.5
1952-04-21,23.69
1952-04-22,23.58
1952-04-23,23.48
1952-04-24,23.43
1952-04-25,23.54
1952-04-28,23.55
1952-04-29,23.49
1952-04-30,23.32
1952-05-01,23.17
1952-05-02,23.56
1952-05-05,23.66
1952-05-06,23.67
1952-05-07,23.81
1952-05-08,23.86
1952-05-09,23.84
1952-05-12,23.75
1952-05-13,23.78
1952-05-14,23.68
1952-05-15,23.6
1952-05-16,23.56
1952-05-19,23.61
1952-05-20,23.74
1952-05-21,23.78
1952-05-22,23.91
1952-05-23,23.89
1952-05-26,23.94
1952-05-27,23.88
1952-05-28,23.84
1952-05-29,23.86
1952-06-02,23.8
1952-06-03,23.78
1952-06-04,23.95
1952-06-05,24.1
1952-06-06,24.26
1952-06-09,24.37
1952-06-10,24.23
1952-06-11,24.31
1952-06-12,24.31
1952-06-13,24.37
1952-06-16,24.3
1952-06-17,24.33
1952-06-18,24.43
1952-06-19,24.51
1952-06-20,24.59
1952-06-23,24.56
1952-06-24,24.6
1952-06-25,24.66
1952-06-26,24.75
1952-06-27,24.83
1952-06-30,24.96
1952-07-01,25.12
1952-07-02,25.06
1952-07-03,25.05
1952-07-07,24.97
1952-07-08,24.96
1952-07-09,24.86
1952-07-10,24.81
1952-07-11,24.98
1952-07-14,25.03
1952-07-15,25.16
1952-07-16,25.16
1952-07-17,25.05
1952-07-18,24.85
1952-07-21,24.95
1952-07-22,25
1952-07-23,25.11
1952-07-24,25.24
1952-07-25,25.16
1952-07-28,25.2
1952-07-29,25.26
1952-07-30,25.37
1952-07-31,25.4
1952-08-01,25.45
1952-08-04,25.43
1952-08-05,25.46
1952-08-06,25.44
1952-08-07,25.52
1952-08-08,25.55
1952-08-11,25.52
1952-08-12,25.31
1952-08-13,25.28
1952-08-14,25.28
1952-08-15,25.2
1952-08-18,24.94
1952-08-19,24.89
1952-08-20,24.95
1952-08-21,24.98
1952-08-22,24.99
1952-08-25,24.87
1952-08-26,24.83
1952-08-27,24.94
1952-08-28,24.97
1952-08-29,25.03
1952-09-02,25.15
1952-09-03,25.25
1952-09-04,25.24
1952-09-05,25.21
1952-09-08,25.11
1952-09-09,24.86
1952-09-10,24.69
1952-09-11,24.72
1952-09-12,24.71
1952-09-15,24.45
1952-09-16,24.53
1952-09-17,24.58
1952-09-18,24.51
1952-09-19,24.57
1952-09-22,24.59
1952-09-23,24.7
1952-09-24,24.79
1952-09-25,24.81
1952-09-26,24.73
1952-09-29,24.68
1952-09-30,24.54
1952-10-01,24.48
1952-10-02,24.52
1952-10-03,24.5
1952-10-06,24.44
1952-10-07,24.4
1952-10-08,24.58
1952-10-09,24.57
1952-10-10,24.55
1952-10-14,24.48
1952-10-15,24.06
1952-10-16,23.91
1952-10-17,24.2
1952-10-20,24.13
1952-10-21,24.07
1952-10-22,23.8
1952-10-23,23.87
1952-10-24,24.03
1952-10-27,24.09
1952-10-28,24.13
1952-10-29,24.15
1952-10-30,24.15
1952-10-31,24.52
1952-11-03,24.6
1952-11-05,24.67
1952-11-06,24.77
1952-11-07,24.78
1952-11-10,24.77
1952-11-12,24.65
1952-11-13,24.71
1952-11-14,24.75
1952-11-17,24.8
1952-11-18,25.16
1952-11-19,25.33
1952-11-20,25.28
1952-11-21,25.27
1952-11-24,25.42
1952-11-25,25.36
1952-11-26,25.52
1952-11-28,25.66
1952-12-01,25.68
1952-12-02,25.74
1952-12-03,25.71
1952-12-04,25.61
1952-12-05,25.62
1952-12-08,25.76
1952-12-09,25.93
1952-12-10,25.98
1952-12-11,25.96
1952-12-12,26.04
1952-12-15,26.04
1952-12-16,26.07
1952-12-17,26.04
1952-12-18,26.03
1952-12-19,26.15
1952-12-22,26.3
1952-12-23,26.19
1952-12-24,26.21
1952-12-26,26.25
1952-12-29,26.4
1952-12-30,26.59
1952-12-31,26.57
1953-01-02,26.54
1953-01-05,26.66
1953-01-06,26.48
1953-01-07,26.37
1953-01-08,26.33
1953-01-09,26.08
1953-01-12,25.86
1953-01-13,26.02
1953-01-14,26.08
1953-01-15,26.13
1953-01-16,26.02
1953-01-19,26.01
1953-01-20,26.14
1953-01-21,26.09
1953-01-22,26.12
1953-01-23,26.07
1953-01-26,26.02
1953-01-27,26.05
1953-01-28,26.13
1953-01-29,26.2
1953-01-30,26.38
1953-02-02,26.51
1953-02-03,26.54
1953-02-04,26.42
1953-02-05,26.15
1953-02-06,25.81
1953-02-09,25.69
1953-02-10,25.62
1953-02-11,25.64
1953-02-13,25.74
1953-02-16,25.65
1953-02-17,25.5
1953-02-18,25.48
1953-02-19,25.57
1953-02-20,25.63
1953-02-24,25.75
1953-02-25,25.91
1953-02-26,25.95
1953-02-27,25.9
1953-03-02,25.93
1953-03-03,26
1953-03-04,25.78
1953-03-05,25.79
1953-03-06,25.84
1953-03-09,25.83
1953-03-10,25.91
1953-03-11,26.12
1953-03-12,26.13
1953-03-13,26.18
1953-03-16,26.22
1953-03-17,26.33
1953-03-18,26.24
1953-03-19,26.22
1953-03-20,26.18
1953-03-23,26.02
1953-03-24,26.17
1953-03-25,26.1
1953-03-26,25.95
1953-03-27,25.99
1953-03-30,25.61
1953-03-31,25.29
1953-04-01,25.25
1953-04-02,25.23
1953-04-06,24.61
1953-04-07,24.71
1953-04-08,24.93
1953-04-09,24.88
1953-04-10,24.82
1953-04-13,24.77
1953-04-14,24.86
1953-04-15,24.96
1953-04-16,24.91
1953-04-17,24.62
1953-04-20,24.73
1953-04-21,24.67
1953-04-22,24.46
1953-04-23,24.19
1953-04-24,24.2
1953-04-27,24.34
1953-04-28,24.52
1953-04-29,24.68
1953-04-30,24.62
1953-05-01,24.73
1953-05-04,25
1953-05-05,25.03
1953-05-06,25
1953-05-07,24.9
1953-05-08,24.96
1953-05-11,24.91
1953-05-12,24.74
1953-05-13,24.73
1953-05-14,24.85
1953-05-15,24.84
1953-05-18,24.75
1953-05-19,24.7
1953-05-20,24.93
1953-05-21,25.06
1953-05-22,25.03
1953-05-25,24.99
1953-05-26,24.87
1953-05-27,24.64
1953-05-28,24.46
1953-05-29,24.54
1953-06-01,24.15
1953-06-02,24.22
1953-06-03,24.18
1953-06-04,24.03
1953-06-05,24.09
1953-06-08,24.01
1953-06-09,23.6
1953-06-10,23.54
1953-06-11,23.75
1953-06-12,23.82
1953-06-15,23.62
1953-06-16,23.55
1953-06-17,23.85
1953-06-18,23.84
1953-06-19,23.84
1953-06-22,23.96
1953-06-23,24.12
1953-06-24,24.09
1953-06-25,24.19
1953-06-26,24.21
1953-06-29,24.14
1953-06-30,24.14
1953-07-01,24.24
1953-07-02,24.31
1953-07-03,24.36
1953-07-06,24.38
1953-07-07,24.51
1953-07-08,24.5
1953-07-09,24.43
1953-07-10,24.41
1953-07-13,24.17
1953-07-14,24.08
1953-07-15,24.15
1953-07-16,24.18
1953-07-17,24.35
1953-07-20,24.22
1953-07-21,24.16
1953-07-22,24.19
1953-07-23,24.23
1953-07-24,24.23
1953-07-27,24.07
1953-07-28,24.11
1953-07-29,24.26
1953-07-30,24.49
1953-07-31,24.75
1953-08-03,24.84
1953-08-04,24.78
1953-08-05,24.68
1953-08-06,24.8
1953-08-07,24.78
1953-08-10,24.75
1953-08-11,24.72
1953-08-12,24.78
1953-08-13,24.73
1953-08-14,24.62
1953-08-17,24.56
1953-08-18,24.46
1953-08-19,24.31
1953-08-20,24.29
1953-08-21,24.35
1953-08-24,24.09
1953-08-25,23.93
1953-08-26,23.86
1953-08-27,23.79
1953-08-28,23.74
1953-08-31,23.32
1953-09-01,23.42
1953-09-02,23.56
1953-09-03,23.51
1953-09-04,23.57
1953-09-08,23.61
1953-09-09,23.65
1953-09-10,23.41
1953-09-11,23.14
1953-09-14,22.71
1953-09-15,22.9
1953-09-16,23.01
1953-09-17,23.07
1953-09-18,23.95
1953-09-21,22.88
1953-09-22,23.2
1953-09-23,23.23
1953-09-24,23.24
1953-09-25,23.3
1953-09-28,23.45
1953-09-29,23.49
1953-09-30,23.35
1953-10-01,23.49
1953-10-02,23.59
1953-10-05,23.48
1953-10-06,23.39
1953-10-07,23.58
1953-10-08,23.62
1953-10-09,23.66
1953-10-13,23.57
1953-10-14,23.68
1953-10-15,23.95
1953-10-16,24.14
1953-10-19,24.16
1953-10-20,24.17
1953-10-21,24.19
1953-10-22,24.3
1953-10-23,24.35
1953-10-26,24.31
1953-10-27,24.26
1953-10-28,24.29
1953-10-29,24.58
1953-10-30,24.54
1953-11-02,24.66
1953-11-04,24.51
1953-11-05,24.64
1953-11-06,24.61
1953-11-09,24.66
1953-11-10,24.37
1953-11-12,24.46
1953-11-13,24.54
1953-11-16,24.38
1953-11-17,24.25
1953-11-18,24.29
1953-11-19,24.4
1953-11-20,24.44
1953-11-23,24.36
1953-11-24,24.5
1953-11-25,24.52
1953-11-27,24.66
1953-11-30,24.76
1953-12-01,24.78
1953-12-02,24.95
1953-12-03,24.97
1953-12-04,24.98
1953-12-07,24.95
1953-12-08,24.87
1953-12-09,24.84
1953-12-10,24.78
1953-12-11,24.76
1953-12-14,24.69
1953-12-15,24.71
1953-12-16,24.96
1953-12-17,24.94
1953-12-18,24.99
1953-12-21,24.95
1953-12-22,24.76
1953-12-23,24.69
1953-12-24,24.8
1953-12-28,24.71
1953-12-29,24.55
1953-12-30,24.76
1953-12-31,24.81
1954-01-04,24.95
1954-01-05,25.1
1954-01-06,25.14
1954-01-07,25.06
1954-01-08,24.93
1954-01-11,24.8
1954-01-12,24.93
1954-01-13,25.07
1954-01-14,25.19
1954-01-15,25.43
1954-01-18,25.43
1954-01-19,25.68
1954-01-20,25.75
1954-01-21,25.79
1954-01-22,25.85
1954-01-25,25.93
1954-01-26,26.09
1954-01-27,26.01
1954-01-28,26.02
1954-01-29,26.08
1954-02-01,25.99
1954-02-02,25.92
1954-02-03,26.01
1954-02-04,26.2
1954-02-05,26.3
1954-02-08,26.23
1954-02-09,26.17
1954-02-10,26.14
1954-02-11,26.06
1954-02-12,26.12
1954-02-15,26.04
1954-02-16,25.81
1954-02-17,25.86
1954-02-18,25.96
1954-02-19,25.92
1954-02-23,25.83
1954-02-24,25.83
1954-02-25,25.91
1954-02-26,26.15
1954-03-01,26.25
1954-03-02,26.32
1954-03-03,26.32
1954-03-04,26.41
1954-03-05,26.52
1954-03-08,26.45
1954-03-09,26.51
1954-03-10,26.57
1954-03-11,26.69
1954-03-12,26.69
1954-03-15,26.57
1954-03-16,26.56
1954-03-17,26.62
1954-03-18,26.73
1954-03-19,26.81
1954-03-22,26.79
1954-03-23,26.6
1954-03-24,26.47
1954-03-25,26.42
1954-03-26,26.56
1954-03-29,26.66
1954-03-30,26.69
1954-03-31,26.94
1954-04-01,27.17
1954-04-02,27.21
1954-04-05,27.26
1954-04-06,27.01
1954-04-07,27.11
1954-04-08,27.38
1954-04-09,27.58
1954-04-12,27.57
1954-04-13,27.64
1954-04-14,27.85
1954-04-15,27.94
1954-04-19,27.76
1954-04-20,27.75
1954-04-21,27.64
1954-04-22,27.68
1954-04-23,27.78
1954-04-26,27.88
1954-04-27,27.76
1954-04-28,27.76
1954-04-29,28.18
1954-04-30,28.26
1954-05-03,28.21
1954-05-04,28.28
1954-05-05,28.29
1954-05-06,28.51
1954-05-07,28.65
1954-05-10,28.62
1954-05-11,28.49
1954-05-12,28.72
1954-05-13,28.56
1954-05-14,28.8
1954-05-17,28.84
1954-05-18,28.85
1954-05-19,28.72
1954-05-20,28.82
1954-05-21,28.99
1954-05-24,29
1954-05-25,28.93
1954-05-26,29.17
1954-05-27,29.05
1954-05-28,29.19
1954-06-01,29.19
1954-06-02,29.16
1954-06-03,29.15
1954-06-04,29.1
1954-06-07,28.99
1954-06-08,28.34
1954-06-09,28.15
1954-06-10,28.34
1954-06-11,28.58
1954-06-14,28.62
1954-06-15,28.83
1954-06-16,29.04
1954-06-17,28.96
1954-06-18,29.04
1954-06-21,29.06
1954-06-22,29.08
1954-06-23,29.13
1954-06-24,29.26
1954-06-25,29.2
1954-06-28,29.28
1954-06-29,29.43
1954-06-30,29.21
1954-07-01,29.21
1954-07-02,29.59
1954-07-06,29.92
1954-07-07,29.94
1954-07-08,29.94
1954-07-09,30.14
1954-07-12,30.12
1954-07-13,30.02
1954-07-14,30.09
1954-07-15,30.19
1954-07-16,30.06
1954-07-19,29.98
1954-07-20,29.84
1954-07-21,30.03
1954-07-22,30.27
1954-07-23,30.31
1954-07-26,30.34
1954-07-27,30.52
1954-07-28,30.58
1954-07-29,30.69
1954-07-30,30.88
1954-08-02,30.99
1954-08-03,30.93
1954-08-04,30.9
1954-08-05,30.77
1954-08-06,30.38
1954-08-09,30.12
1954-08-10,30.37
1954-08-11,30.72
1954-08-12,30.59
1954-08-13,30.72
1954-08-16,31.05
1954-08-17,31.12
1954-08-18,31.09
1954-08-19,31.16
1954-08-20,31.21
1954-08-23,31
1954-08-24,30.87
1954-08-25,30.65
1954-08-26,30.57
1954-08-27,30.66
1954-08-30,30.35
1954-08-31,29.83
1954-09-01,30.04
1954-09-02,30.27
1954-09-03,30.5
1954-09-07,30.66
1954-09-08,30.68
1954-09-09,30.73
1954-09-10,30.84
1954-09-13,31.12
1954-09-14,31.28
1954-09-15,31.29
1954-09-16,31.46
1954-09-17,31.71
1954-09-20,31.57
1954-09-21,31.79
1954-09-22,32
1954-09-23,32.18
1954-09-24,32.4
1954-09-27,32.53
1954-09-28,32.69
1954-09-29,32.5
1954-09-30,32.31
1954-10-01,32.29
1954-10-04,32.47
1954-10-05,32.63
1954-10-06,32.76
1954-10-07,32.69
1954-10-08,32.67
1954-10-11,32.41
1954-10-12,32.28
1954-10-13,32.27
1954-10-14,31.88
1954-10-15,31.71
1954-10-18,31.83
1954-10-19,31.91
1954-10-20,32.17
1954-10-21,32.13
1954-10-22,32.13
1954-10-25,31.96
1954-10-26,31.94
1954-10-27,32.02
1954-10-28,31.88
1954-10-29,31.68
1954-11-01,31.79
1954-11-03,32.44
1954-11-04,32.82
1954-11-05,32.71
1954-11-08,33.02
1954-11-09,33.15
1954-11-10,33.18
1954-11-11,33.47
1954-11-12,33.54
1954-11-15,33.47
1954-11-16,33.57
1954-11-17,33.63
1954-11-18,33.44
1954-11-19,33.45
1954-11-22,33.58
1954-11-23,34.03
1954-11-24,34.22
1954-11-26,34.55
1954-11-29,34.54
1954-11-30,34.24
1954-12-01,33.99
1954-12-02,34.18
1954-12-03,34.49
1954-12-06,34.76
1954-12-07,34.92
1954-12-08,34.86
1954-12-09,34.69
1954-12-10,34.56
1954-12-13,34.59
1954-12-14,34.35
1954-12-15,34.56
1954-12-16,34.93
1954-12-17,35.02
1954-12-20,35.33
1954-12-21,35.38
1954-12-22,35.34
1954-12-23,35.37
1954-12-27,35.07
1954-12-28,35.43
1954-12-29,35.74
1954-12-30,35.74
1954-12-31,35.98
1955-01-03,36.75
1955-01-04,36.42
1955-01-05,35.52
1955-01-06,35.04
1955-01-07,35.33
1955-01-10,35.79
1955-01-11,35.68
1955-01-12,35.58
1955-01-13,35.43
1955-01-14,35.28
1955-01-17,34.58
1955-01-18,34.8
1955-01-19,34.96
1955-01-20,35.13
1955-01-21,35.44
1955-01-24,35.52
1955-01-25,35.51
1955-01-26,35.95
1955-01-27,35.99
1955-01-28,36.19
1955-01-31,36.63
1955-02-01,36.72
1955-02-02,36.61
1955-02-03,36.44
1955-02-04,36.96
1955-02-07,36.96
1955-02-08,36.46
1955-02-09,36.75
1955-02-10,37.08
1955-02-11,37.15
1955-02-14,36.89
1955-02-15,36.89
1955-02-16,36.77
1955-02-17,36.84
1955-02-18,36.89
1955-02-21,36.85
1955-02-23,36.82
1955-02-24,36.62
1955-02-25,36.57
1955-02-28,36.76
1955-03-01,36.83
1955-03-02,37.15
1955-03-03,37.29
1955-03-04,37.52
1955-03-07,37.28
1955-03-08,36.58
1955-03-09,36.22
1955-03-10,36.45
1955-03-11,35.82
1955-03-14,34.96
1955-03-15,35.71
1955-03-16,35.98
1955-03-17,36.12
1955-03-18,36.18
1955-03-21,35.95
1955-03-22,36.17
1955-03-23,36.64
1955-03-24,36.93
1955-03-25,36.96
1955-03-28,36.83
1955-03-29,36.85
1955-03-30,36.52
1955-03-31,36.58
1955-04-01,36.95
1955-04-04,36.83
1955-04-05,37.08
1955-04-06,37.17
1955-04-07,37.34
1955-04-11,37.44
1955-04-12,37.66
1955-04-13,37.71
1955-04-14,37.79
1955-04-15,37.96
1955-04-18,38.27
1955-04-19,38.22
1955-04-20,38.28
1955-04-21,38.32
1955-04-22,38.01
1955-04-25,38.11
1955-04-26,38.31
1955-04-27,38.11
1955-04-28,37.68
1955-04-29,37.96
1955-05-02,38.04
1955-05-03,37.7
1955-05-04,37.64
1955-05-05,37.82
1955-05-06,37.89
1955-05-09,37.93
1955-05-10,37.85
1955-05-11,37.42
1955-05-12,37.2
1955-05-13,37.44
1955-05-16,37.02
1955-05-17,36.97
1955-05-18,37.28
1955-05-19,37.49
1955-05-20,37.74
1955-05-23,37.48
1955-05-24,37.46
1955-05-25,37.6
1955-05-26,37.85
1955-05-27,37.93
1955-05-31,37.91
1955-06-01,37.96
1955-06-02,38.09
1955-06-03,38.37
1955-06-06,38.69
1955-06-07,38.96
1955-06-08,39.22
1955-06-09,39.01
1955-06-10,39.25
1955-06-13,39.62
1955-06-14,39.57
1955-06-15,39.89
1955-06-16,39.96
1955-06-17,40.1
1955-06-20,40.14
1955-06-21,40.51
1955-06-22,40.6
1955-06-23,40.75
1955-06-24,40.96
1955-06-27,40.99
1955-06-28,40.77
1955-06-29,40.79
1955-06-30,41.03
1955-07-01,41.19
1955-07-05,41.69
1955-07-06,43.18
1955-07-07,42.58
1955-07-08,42.64
1955-07-11,42.75
1955-07-12,42.75
1955-07-13,42.24
1955-07-14,42.25
1955-07-15,42.4
1955-07-18,42.36
1955-07-19,42.1
1955-07-20,42.23
1955-07-21,42.64
1955-07-22,43
1955-07-25,43.48
1955-07-26,43.58
1955-07-27,43.76
1955-07-28,43.5
1955-07-29,43.52
1955-08-01,42.93
1955-08-02,43.03
1955-08-03,43.09
1955-08-04,42.36
1955-08-05,42.56
1955-08-08,42.31
1955-08-09,41.75
1955-08-10,41.74
1955-08-11,42.13
1955-08-12,42.21
1955-08-15,42.17
1955-08-16,41.86
1955-08-17,41.9
1955-08-18,41.84
1955-08-19,42.02
1955-08-22,41.98
1955-08-23,42.55
1955-08-24,42.61
1955-08-25,42.8
1955-08-26,42.99
1955-08-29,42.96
1955-08-30,42.92
1955-08-31,43.18
1955-09-01,43.37
1955-09-02,43.6
1955-09-06,43.86
1955-09-07,43.85
1955-09-08,43.88
1955-09-09,43.89
1955-09-12,44.19
1955-09-13,44.8
1955-09-14,44.99
1955-09-15,44.75
1955-09-16,45.09
1955-09-19,45.16
1955-09-20,45.13
1955-09-21,45.39
1955-09-22,45.39
1955-09-23,45.63
1955-09-26,42.61
1955-09-27,43.58
1955-09-28,44.31
1955-09-29,44.03
1955-09-30,43.67
1955-10-03,42.49
1955-10-04,42.82
1955-10-05,42.99
1955-10-06,42.7
1955-10-07,42.38
1955-10-10,41.15
1955-10-11,40.8
1955-10-12,41.52
1955-10-13,41.39
1955-10-14,41.22
1955-10-17,41.35
1955-10-18,41.65
1955-10-19,42.07
1955-10-20,42.59
1955-10-21,42.59
1955-10-24,42.91
1955-10-25,42.63
1955-10-26,42.29
1955-10-27,42.14
1955-10-28,42.37
1955-10-31,42.34
1955-11-01,42.28
1955-11-02,42.35
1955-11-03,43.24
1955-11-04,43.96
1955-11-07,44.15
1955-11-09,44.61
1955-11-10,44.72
1955-11-11,45.24
1955-11-14,46.41
1955-11-15,46.21
1955-11-16,45.91
1955-11-17,45.59
1955-11-18,45.54
1955-11-21,45.22
1955-11-22,45.66
1955-11-23,45.72
1955-11-25,45.68
1955-11-28,45.38
1955-11-29,45.56
1955-11-30,45.51
1955-12-01,45.35
1955-12-02,45.44
1955-12-05,45.7
1955-12-06,45.7
1955-12-07,45.55
1955-12-08,45.82
1955-12-09,45.89
1955-12-12,45.42
1955-12-13,45.45
1955-12-14,45.07
1955-12-15,45.06
1955-12-16,45.13
1955-12-19,45.02
1955-12-20,44.95
1955-12-21,45.34
1955-12-22,45.41
1955-12-23,45.5
1955-12-27,45.22
1955-12-28,45.05
1955-12-29,45.15
1955-12-30,45.48
1956-01-03,45.16
1956-01-04,45
1956-01-05,44.95
1956-01-06,45.14
1956-01-09,44.51
1956-01-10,44.16
1956-01-11,44.38
1956-01-12,44.75
1956-01-13,44.67
1956-01-16,44.14
1956-01-17,44.47
1956-01-18,44.17
1956-01-19,43.72
1956-01-20,43.22
1956-01-23,43.11
1956-01-24,43.65
1956-01-25,43.72
1956-01-26,43.46
1956-01-27,43.35
1956-01-30,43.5
1956-01-31,43.82
1956-02-01,44.03
1956-02-02,44.22
1956-02-03,44.78
1956-02-06,44.81
1956-02-07,44.6
1956-02-08,44.16
1956-02-09,43.66
1956-02-10,43.64
1956-02-13,43.58
1956-02-14,43.42
1956-02-15,44.04
1956-02-16,43.82
1956-02-17,44.52
1956-02-20,44.45
1956-02-21,44.56
1956-02-23,44.95
1956-02-24,45.32
1956-02-27,45.27
1956-02-28,45.43
1956-02-29,45.34
1956-03-01,45.54
1956-03-02,45.81
1956-03-05,46.06
1956-03-06,46.04
1956-03-07,46.01
1956-03-08,46.12
1956-03-09,46.7
1956-03-12,47.13
1956-03-13,47.06
1956-03-14,47.53
1956-03-15,47.99
1956-03-16,48.14
1956-03-19,48.59
1956-03-20,48.87
1956-03-21,48.23
1956-03-22,48.72
1956-03-23,48.83
1956-03-26,48.62
1956-03-27,48.25
1956-03-28,48.51
1956-03-29,48.48
1956-04-02,48.7
1956-04-03,48.53
1956-04-04,48.8
1956-04-05,48.57
1956-04-06,48.85
1956-04-09,48.61
1956-04-10,47.93
1956-04-11,48.31
1956-04-12,48.02
1956-04-13,47.95
1956-04-16,47.96
1956-04-17,47.93
1956-04-18,47.74
1956-04-19,47.57
1956-04-20,47.76
1956-04-23,47.65
1956-04-24,47.26
1956-04-25,47.09
1956-04-26,47.49
1956-04-27,47.99
1956-04-30,48.38
1956-05-01,48.16
1956-05-02,48.17
1956-05-03,48.34
1956-05-04,48.51
1956-05-07,48.22
1956-05-08,48.02
1956-05-09,47.94
1956-05-10,47.16
1956-05-11,47.12
1956-05-14,46.86
1956-05-15,46.37
1956-05-16,46.05
1956-05-17,46.61
1956-05-18,46.39
1956-05-21,45.99
1956-05-22,45.26
1956-05-23,45.02
1956-05-24,44.6
1956-05-25,44.62
1956-05-28,44.1
1956-05-29,45.11
1956-05-31,45.2
1956-06-01,45.58
1956-06-04,45.85
1956-06-05,45.86
1956-06-06,45.63
1956-06-07,45.99
1956-06-08,45.14
1956-06-11,45.71
1956-06-12,46.36
1956-06-13,46.42
1956-06-14,46.31
1956-06-15,46.37
1956-06-18,46.17
1956-06-19,46.22
1956-06-20,46.41
1956-06-21,46.73
1956-06-22,46.59
1956-06-25,46.41
1956-06-26,46.72
1956-06-27,47.07
1956-06-28,47.13
1956-06-29,46.97
1956-07-02,46.93
1956-07-03,47.32
1956-07-05,47.8
1956-07-06,48.04
1956-07-09,48.25
1956-07-10,48.54
1956-07-11,48.69
1956-07-12,48.58
1956-07-13,48.72
1956-07-16,49.14
1956-07-17,49.31
1956-07-18,49.3
1956-07-19,49.32
1956-07-20,49.35
1956-07-23,49.33
1956-07-24,49.33
1956-07-25,49.44
1956-07-26,49.48
1956-07-27,49.08
1956-07-30,49
1956-07-31,49.39
1956-08-01,49.42
1956-08-02,49.74
1956-08-03,49.64
1956-08-06,48.86
1956-08-07,49.16
1956-08-08,49.36
1956-08-09,49.32
1956-08-10,49.09
1956-08-13,48.58
1956-08-14,48.9
1956-08-15,48.99
1956-08-16,48.88
1956-08-17,48.82
1956-08-20,48.25
1956-08-21,47.89
1956-08-22,47.42
1956-08-23,48
1956-08-24,47.95
1956-08-27,47.66
1956-08-28,47.57
1956-08-29,47.36
1956-08-30,46.94
1956-08-31,47.51
1956-09-04,47.89
1956-09-05,48.02
1956-09-06,48.1
1956-09-07,47.81
1956-09-10,47.56
1956-09-11,47.38
1956-09-12,47.05
1956-09-13,46.99
1956-09-14,47.21
1956-09-17,47.19
1956-09-18,46.79
1956-09-19,46.24
1956-09-20,46.21
1956-09-21,46.58
1956-09-24,46.4
1956-09-25,45.75
1956-09-26,45.82
1956-09-27,45.6
1956-09-28,45.35
1956-10-01,44.7
1956-10-02,45.52
1956-10-03,46.28
1956-10-04,46.29
1956-10-05,46.45
1956-10-08,46.43
1956-10-09,46.2
1956-10-10,46.84
1956-10-11,46.81
1956-10-12,47
1956-10-15,46.86
1956-10-16,46.62
1956-10-17,46.26
1956-10-18,46.34
1956-10-19,46.24
1956-10-22,46.23
1956-10-23,46.12
1956-10-24,45.93
1956-10-25,45.85
1956-10-26,46.27
1956-10-29,46.4
1956-10-30,46.37
1956-10-31,45.58
1956-11-01,46.52
1956-11-02,46.98
1956-11-05,47.6
1956-11-07,47.11
1956-11-08,46.73
1956-11-09,46.34
1956-11-12,46.49
1956-11-13,46.27
1956-11-14,46.01
1956-11-15,45.72
1956-11-16,45.74
1956-11-19,45.29
1956-11-20,44.89
1956-11-21,44.67
1956-11-23,45.14
1956-11-26,44.87
1956-11-27,44.91
1956-11-28,44.43
1956-11-29,44.38
1956-11-30,45.08
1956-12-03,45.98
1956-12-04,45.84
1956-12-05,46.39
1956-12-06,46.81
1956-12-07,47.04
1956-12-10,46.8
1956-12-11,46.48
1956-12-12,46.13
1956-12-13,46.5
1956-12-14,46.54
1956-12-17,46.54
1956-12-18,46.54
1956-12-19,46.43
1956-12-20,46.07
1956-12-21,46.37
1956-12-26,46.39
1956-12-27,46.35
1956-12-28,46.56
1956-12-31,46.67
1957-01-02,46.2
1957-01-03,46.6
1957-01-04,46.66
1957-01-07,46.42
1957-01-08,46.25
1957-01-09,46.16
1957-01-10,46.27
1957-01-11,46.18
1957-01-14,45.86
1957-01-15,45.18
1957-01-16,45.23
1957-01-17,45.22
1957-01-18,44.64
1957-01-21,44.4
1957-01-22,44.53
1957-01-23,44.87
1957-01-24,45.03
1957-01-25,44.82
1957-01-28,44.49
1957-01-29,44.71
1957-01-30,44.91
1957-01-31,44.72
1957-02-01,44.62
1957-02-04,44.53
1957-02-05,43.89
1957-02-06,43.82
1957-02-07,43.62
1957-02-08,43.32
1957-02-11,42.57
1957-02-12,42.39
1957-02-13,43.04
1957-02-14,42.99
1957-02-15,43.51
1957-02-18,43.46
1957-02-19,43.49
1957-02-20,43.63
1957-02-21,43.48
1957-02-25,43.38
1957-02-26,43.45
1957-02-27,43.41
1957-02-28,43.26
1957-03-01,43.74
1957-03-04,44.06
1957-03-05,44.22
1957-03-06,44.33
1957-03-07,44.21
1957-03-08,44.07
1957-03-11,43.78
1957-03-12,43.75
1957-03-13,44.04
1957-03-14,44.07
1957-03-15,44.05
1957-03-18,43.85
1957-03-19,44.04
1957-03-20,44.1
1957-03-21,44.11
1957-03-22,44.06
1957-03-25,43.88
1957-03-26,43.91
1957-03-27,44.09
1957-03-28,44.18
1957-03-29,44.11
1957-04-01,44.14
1957-04-02,44.42
1957-04-03,44.54
1957-04-04,44.44
1957-04-05,44.49
1957-04-08,44.39
1957-04-09,44.79
1957-04-10,44.98
1957-04-11,44.94
1957-04-12,45.04
1957-04-15,44.95
1957-04-16,45.02
1957-04-17,45.08
1957-04-18,45.41
1957-04-22,45.48
1957-04-23,45.65
1957-04-24,45.72
1957-04-25,45.56
1957-04-26,45.5
1957-04-29,45.73
1957-04-30,45.74
1957-05-01,46.02
1957-05-02,46.39
1957-05-03,46.34
1957-05-06,46.27
1957-05-07,46.13
1957-05-08,46.31
1957-05-09,46.36
1957-05-10,46.59
1957-05-13,46.88
1957-05-14,46.67
1957-05-15,46.83
1957-05-16,47.02
1957-05-17,47.15
1957-05-20,47.27
1957-05-21,47.33
1957-05-22,47.14
1957-05-23,47.15
1957-05-24,47.21
1957-05-27,46.78
1957-05-28,46.69
1957-05-29,47.11
1957-05-31,47.43
1957-06-03,47.37
1957-06-04,47.28
1957-06-05,47.27
1957-06-06,47.6
1957-06-07,47.65
1957-06-10,47.4
1957-06-11,47.94
1957-06-12,48.05
1957-06-13,48.14
1957-06-14,48.15
1957-06-17,48.24
1957-06-18,48.04
1957-06-19,47.72
1957-06-20,47.43
1957-06-21,47.15
1957-06-24,46.78
1957-06-25,47.15
1957-06-26,47.09
1957-06-27,47.26
1957-06-28,47.37
1957-07-01,47.43
1957-07-02,47.9
1957-07-03,48.46
1957-07-05,48.69
1957-07-08,48.9
1957-07-09,48.72
1957-07-10,49.05
1957-07-11,48.86
1957-07-12,49.08
1957-07-15,49.13
1957-07-16,48.88
1957-07-17,48.58
1957-07-18,48.53
1957-07-19,48.58
1957-07-22,48.47
1957-07-23,48.56
1957-07-24,48.61
1957-07-25,48.61
1957-07-26,48.45
1957-07-29,47.92
1957-07-30,47.92
1957-07-31,47.91
1957-08-01,47.79
1957-08-02,47.68
1957-08-05,47.26
1957-08-06,46.67
1957-08-07,47.03
1957-08-08,46.9
1957-08-09,46.92
1957-08-12,46.33
1957-08-13,46.3
1957-08-14,45.73
1957-08-15,45.75
1957-08-16,45.83
1957-08-19,44.91
1957-08-20,45.29
1957-08-21,45.49
1957-08-22,45.16
1957-08-23,44.51
1957-08-26,43.89
1957-08-27,44.61
1957-08-28,44.64
1957-08-29,44.46
1957-08-30,45.22
1957-09-03,45.44
1957-09-04,45.05
1957-09-05,44.82
1957-09-06,44.68
1957-09-09,44.28
1957-09-10,43.87
1957-09-11,44.26
1957-09-12,44.82
1957-09-13,44.8
1957-09-16,44.58
1957-09-17,44.64
1957-09-18,44.69
1957-09-19,44.4
1957-09-20,43.69
1957-09-23,42.69
1957-09-24,42.98
1957-09-25,42.46
1957-09-26,42.57
1957-09-27,42.55
1957-09-30,42.42
1957-10-01,42.76
1957-10-02,43.1
1957-10-03,43.14
1957-10-04,42.79
1957-10-07,42.22
1957-10-08,41.95
1957-10-09,41.99
1957-10-10,40.96
1957-10-11,40.94
1957-10-14,41.24
1957-10-15,41.67
1957-10-16,41.33
1957-10-17,40.65
1957-10-18,40.33
1957-10-21,39.15
1957-10-22,38.98
1957-10-23,40.73
1957-10-24,40.71
1957-10-25,40.59
1957-10-28,40.42
1957-10-29,40.69
1957-10-30,41.02
1957-10-31,41.06
1957-11-01,40.44
1957-11-04,40.37
1957-11-06,40.43
1957-11-07,40.67
1957-11-08,40.19
1957-11-11,40.18
1957-11-12,39.6
1957-11-13,39.55
1957-11-14,39.44
1957-11-15,40.37
1957-11-18,40.04
1957-11-19,39.81
1957-11-20,39.92
1957-11-21,40.48
1957-11-22,40.87
1957-11-25,41.18
1957-11-26,40.09
1957-11-27,41.25
1957-11-29,41.72
1957-12-02,41.36
1957-12-03,41.37
1957-12-04,41.54
1957-12-05,41.52
1957-12-06,41.31
1957-12-09,40.92
1957-12-10,40.56
1957-12-11,40.51
1957-12-12,40.55
1957-12-13,40.73
1957-12-16,40.12
1957-12-17,39.42
1957-12-18,39.38
1957-12-19,39.8
1957-12-20,39.48
1957-12-23,39.48
1957-12-24,39.52
1957-12-26,39.92
1957-12-27,39.78
1957-12-30,39.58
1957-12-31,39.99
1958-01-02,40.33
1958-01-03,40.87
1958-01-06,40.68
1958-01-07,41
1958-01-08,40.99
1958-01-09,40.75
1958-01-10,40.37
1958-01-13,40.49
1958-01-14,40.67
1958-01-15,40.99
1958-01-16,41.06
1958-01-17,41.1
1958-01-20,41.35
1958-01-21,41.3
1958-01-22,41.2
1958-01-23,41.36
1958-01-24,41.71
1958-01-27,41.59
1958-01-28,41.63
1958-01-29,41.88
1958-01-30,41.68
1958-01-31,41.7
1958-02-03,42.04
1958-02-04,42.46
1958-02-05,42.19
1958-02-06,42.1
1958-02-07,41.73
1958-02-10,41.48
1958-02-11,41.11
1958-02-12,40.93
1958-02-13,40.94
1958-02-14,41.33
1958-02-17,41.11
1958-02-18,41.17
1958-02-19,41.15
1958-02-20,40.91
1958-02-21,40.88
1958-02-24,40.65
1958-02-25,40.61
1958-02-26,40.92
1958-02-27,40.68
1958-02-28,40.84
1958-03-03,41.13
1958-03-04,41.35
1958-03-05,41.47
1958-03-06,42
1958-03-07,42.07
1958-03-10,42.21
1958-03-11,42.51
1958-03-12,42.41
1958-03-13,42.46
1958-03-14,42.33
1958-03-17,42.04
1958-03-18,41.89
1958-03-19,42.09
1958-03-20,42.11
1958-03-21,42.42
1958-03-24,42.58
1958-03-25,42.44
1958-03-26,42.3
1958-03-27,42.17
1958-03-28,42.2
1958-03-31,42.1
1958-04-01,41.93
1958-04-02,41.6
1958-04-03,41.48
1958-04-07,41.33
1958-04-08,41.63
1958-04-09,41.65
1958-04-10,41.7
1958-04-11,41.74
1958-04-14,42
1958-04-15,42.43
1958-04-16,42.1
1958-04-17,42.25
1958-04-18,42.71
1958-04-21,42.93
1958-04-22,42.8
1958-04-23,42.8
1958-04-24,43.14
1958-04-25,43.36
1958-04-28,43.22
1958-04-29,43
1958-04-30,43.44
1958-05-01,43.54
1958-05-02,43.69
1958-05-05,43.79
1958-05-06,44.01
1958-05-07,43.93
1958-05-08,43.99
1958-05-09,44
1958-05-12,43.75
1958-05-13,43.62
1958-05-14,43.12
1958-05-15,43.34
1958-05-16,43.36
1958-05-19,43.24
1958-05-20,43.61
1958-05-21,43.55
1958-05-22,43.78
1958-05-23,43.87
1958-05-26,43.85
1958-05-27,43.79
1958-05-28,43.85
1958-05-29,44.09
1958-06-02,44.31
1958-06-03,44.46
1958-06-04,44.5
1958-06-05,44.55
1958-06-06,44.64
1958-06-09,44.57
1958-06-10,44.48
1958-06-11,44.49
1958-06-12,44.75
1958-06-13,45.02
1958-06-16,45.18
1958-06-17,44.94
1958-06-18,45.34
1958-06-19,44.61
1958-06-20,44.85
1958-06-23,44.69
1958-06-24,44.52
1958-06-25,44.63
1958-06-26,44.84
1958-06-27,44.9
1958-06-30,45.24
1958-07-01,45.28
1958-07-02,45.32
1958-07-03,45.47
1958-07-07,45.62
1958-07-08,45.4
1958-07-09,45.25
1958-07-10,45.42
1958-07-11,45.72
1958-07-14,45.14
1958-07-15,45.11
1958-07-16,45.25
1958-07-17,45.55
1958-07-18,45.77
1958-07-21,46.33
1958-07-22,46.41
1958-07-23,46.4
1958-07-24,46.65
1958-07-25,46.97
1958-07-28,47.15
1958-07-29,46.96
1958-07-30,47.09
1958-07-31,47.19
1958-08-01,47.49
1958-08-04,47.94
1958-08-05,47.75
1958-08-06,47.46
1958-08-07,47.77
1958-08-08,48.05
1958-08-11,48.18
1958-08-12,47.73
1958-08-13,47.81
1958-08-14,47.91
1958-08-15,47.5
1958-08-18,47.22
1958-08-19,47.3
1958-08-20,47.32
1958-08-21,47.63
1958-08-22,47.73
1958-08-25,47.74
1958-08-26,47.9
1958-08-27,47.91
1958-08-28,47.66
1958-08-29,47.75
1958-09-02,48
1958-09-03,48.18
1958-09-04,48.1
1958-09-05,47.97
1958-09-08,48.13
1958-09-09,48.46
1958-09-10,48.31
1958-09-11,48.64
1958-09-12,48.53
1958-09-15,48.96
1958-09-16,49.35
1958-09-17,49.33
1958-09-18,49.08
1958-09-19,49.4
1958-09-22,49.2
1958-09-23,49.56
1958-09-24,49.78
1958-09-25,49.57
1958-09-26,49.66
1958-09-29,49.87
1958-09-30,50.06
1958-10-01,49.98
1958-10-02,50.17
1958-10-03,50.37
1958-10-06,50.68
1958-10-07,50.97
1958-10-08,51.06
1958-10-09,51.05
1958-10-10,51.39
1958-10-13,51.62
1958-10-14,51.26
1958-10-15,50.58
1958-10-16,50.94
1958-10-17,51.46
1958-10-20,51.27
1958-10-21,51.27
1958-10-22,51.07
1958-10-23,50.97
1958-10-24,50.81
1958-10-27,50.42
1958-10-28,50.61
1958-10-29,51.19
1958-10-30,51.27
1958-10-31,51.33
1958-11-03,51.56
1958-11-05,52.03
1958-11-06,52.45
1958-11-07,52.26
1958-11-10,52.57
1958-11-11,52.98
1958-11-12,53.05
1958-11-13,52.83
1958-11-14,53.09
1958-11-17,53.24
1958-11-18,53.13
1958-11-19,53.2
1958-11-20,53.21
1958-11-21,52.7
1958-11-24,51.33
1958-11-25,51.02
1958-11-26,51.9
1958-11-28,52.48
1958-12-01,52.69
1958-12-02,52.46
1958-12-03,52.53
1958-12-04,52.55
1958-12-05,52.46
1958-12-08,52.52
1958-12-09,52.82
1958-12-10,53.46
1958-12-11,53.35
1958-12-12,53.22
1958-12-15,53.37
1958-12-16,53.57
1958-12-17,53.92
1958-12-18,54.15
1958-12-19,54.07
1958-12-22,53.71
1958-12-23,53.42
1958-12-24,54.11
1958-12-29,54.74
1958-12-30,54.93
1958-12-31,55.21
1959-01-02,55.44
1959-01-05,55.66
1959-01-06,55.59
1959-01-07,54.89
1959-01-08,55.4
1959-01-09,55.77
1959-01-12,55.78
1959-01-13,55.47
1959-01-14,55.62
1959-01-15,55.83
1959-01-16,55.81
1959-01-19,55.68
1959-01-20,55.72
1959-01-21,56.04
1959-01-22,55.97
1959-01-23,56
1959-01-26,55.77
1959-01-27,55.78
1959-01-28,55.16
1959-01-29,55.2
1959-01-30,55.42
1959-02-02,55.21
1959-02-03,55.28
1959-02-04,55.06
1959-02-05,54.81
1959-02-06,54.37
1959-02-09,53.58
1959-02-10,54.32
1959-02-11,54.35
1959-02-12,54
1959-02-13,54.42
1959-02-16,54.5
1959-02-17,54.29
1959-02-18,54.5
1959-02-19,55.02
1959-02-20,55.52
1959-02-24,55.48
1959-02-25,55.24
1959-02-26,55.34
1959-02-27,55.41
1959-03-02,55.73
1959-03-03,56.25
1959-03-04,56.35
1959-03-05,56.43
1959-03-06,56.21
1959-03-09,56.15
1959-03-10,56.31
1959-03-11,56.35
1959-03-12,56.6
1959-03-13,56.67
1959-03-16,56.06
1959-03-17,56.52
1959-03-18,56.39
1959-03-19,56.34
1959-03-20,56.39
1959-03-23,55.87
1959-03-24,55.96
1959-03-25,55.88
1959-03-26,55.76
1959-03-30,55.45
1959-03-31,55.44
1959-04-01,55.69
1959-04-02,56
1959-04-03,56.44
1959-04-06,56.6
1959-04-07,56.48
1959-04-08,56.21
1959-04-09,56.17
1959-04-10,56.22
1959-04-13,56.43
1959-04-14,56.71
1959-04-15,56.96
1959-04-16,57.43
1959-04-17,57.92
1959-04-20,58.17
1959-04-21,58.11
1959-04-22,57.73
1959-04-23,57.6
1959-04-24,57.96
1959-04-27,58.14
1959-04-28,57.92
1959-04-29,57.69
1959-04-30,57.59
1959-05-01,57.65
1959-05-04,57.65
1959-05-05,57.75
1959-05-06,57.61
1959-05-07,56.88
1959-05-08,57.32
1959-05-11,57.56
1959-05-12,57.65
1959-05-13,57.97
1959-05-14,58.37
1959-05-15,58.16
1959-05-18,58.15
1959-05-19,58.32
1959-05-20,58.09
1959-05-21,58.14
1959-05-22,58.33
1959-05-25,58.18
1959-05-26,58.09
1959-05-27,58.19
1959-05-28,58.39
1959-05-29,58.68
1959-06-01,58.63
1959-06-02,58.23
1959-06-03,58.25
1959-06-04,57.63
1959-06-05,57.51
1959-06-08,56.76
1959-06-09,56.36
1959-06-10,57.19
1959-06-11,57.25
1959-06-12,57.26
1959-06-15,56.99
1959-06-16,56.56
1959-06-17,57.09
1959-06-18,57.05
1959-06-19,57.13
1959-06-22,57.13
1959-06-23,57.12
1959-06-24,57.41
1959-06-25,57.73
1959-06-26,57.98
1959-06-29,58.37
1959-06-30,58.47
1959-07-01,58.97
1959-07-02,59.28
1959-07-06,59.65
1959-07-07,60.01
1959-07-08,60.03
1959-07-09,59.97
1959-07-10,59.91
1959-07-13,59.41
1959-07-14,59.55
1959-07-15,59.59
1959-07-16,59.41
1959-07-17,59.19
1959-07-20,58.91
1959-07-21,59.41
1959-07-22,59.61
1959-07-23,59.67
1959-07-24,59.65
1959-07-27,60.02
1959-07-28,60.32
1959-07-29,60.62
1959-07-30,60.5
1959-07-31,60.51
1959-08-03,60.71
1959-08-04,60.61
1959-08-05,60.3
1959-08-06,60.24
1959-08-07,59.87
1959-08-10,58.62
1959-08-11,59.39
1959-08-12,59.25
1959-08-13,59.15
1959-08-14,59.29
1959-08-17,59.17
1959-08-18,58.62
1959-08-19,58.27
1959-08-20,59.14
1959-08-21,59.08
1959-08-24,58.87
1959-08-25,58.99
1959-08-26,59.07
1959-08-27,59.64
1959-08-28,59.49
1959-08-31,59.6
1959-09-01,58.87
1959-09-02,58.92
1959-09-03,58.26
1959-09-04,58.54
1959-09-08,57.7
1959-09-09,57.29
1959-09-10,56.99
1959-09-11,57.41
1959-09-14,56.99
1959-09-15,56.68
1959-09-16,56.72
1959-09-17,56.41
1959-09-18,56.09
1959-09-21,55.27
1959-09-22,55.14
1959-09-23,55.82
1959-09-24,56.78
1959-09-25,56.73
1959-09-28,57.15
1959-09-29,57.51
1959-09-30,56.88
1959-10-01,56.94
1959-10-02,57.2
1959-10-05,57.14
1959-10-06,57.09
1959-10-07,56.94
1959-10-08,56.81
1959-10-09,57
1959-10-12,57.32
1959-10-13,57.16
1959-10-14,56.71
1959-10-15,56.87
1959-10-16,57.33
1959-10-19,57.01
1959-10-20,56.66
1959-10-21,56.55
1959-10-22,56
1959-10-23,56.56
1959-10-26,56.94
1959-10-27,57.42
1959-10-28,57.46
1959-10-29,57.41
1959-10-30,57.52
1959-11-02,57.41
1959-11-04,57.26
1959-11-05,57.32
1959-11-06,57.6
1959-11-09,57.5
1959-11-10,57.48
1959-11-11,57.49
1959-11-12,57.17
1959-11-13,56.85
1959-11-16,56.22
1959-11-17,56.38
1959-11-18,56.99
1959-11-19,56.94
1959-11-20,56.97
1959-11-23,57.08
1959-11-24,57.35
1959-11-25,57.44
1959-11-27,57.7
1959-11-30,58.28
1959-12-01,58.7
1959-12-02,58.6
1959-12-03,58.73
1959-12-04,58.85
1959-12-07,58.96
1959-12-08,59.34
1959-12-09,58.97
1959-12-10,59.02
1959-12-11,58.88
1959-12-14,59.04
1959-12-15,58.9
1959-12-16,58.97
1959-12-17,58.86
1959-12-18,59.14
1959-12-21,59.24
1959-12-22,59.14
1959-12-23,58.96
1959-12-24,59
1959-12-28,58.98
1959-12-29,59.3
1959-12-30,59.77
1959-12-31,59.89
1960-01-04,59.91
1960-01-05,60.39
1960-01-06,60.13
1960-01-07,59.69
1960-01-08,59.5
1960-01-11,58.77
1960-01-12,58.41
1960-01-13,58.08
1960-01-14,58.4
1960-01-15,58.38
1960-01-18,57.89
1960-01-19,57.27
1960-01-20,57.07
1960-01-21,57.21
1960-01-22,57.38
1960-01-25,56.78
1960-01-26,56.86
1960-01-27,56.72
1960-01-28,56.13
1960-01-29,55.61
1960-02-01,55.96
1960-02-02,56.82
1960-02-03,56.32
1960-02-04,56.27
1960-02-05,55.98
1960-02-08,55.32
1960-02-09,55.84
1960-02-10,55.49
1960-02-11,55.18
1960-02-12,55.46
1960-02-15,55.17
1960-02-16,54.73
1960-02-17,55.03
1960-02-18,55.8
1960-02-19,56.24
1960-02-23,55.94
1960-02-24,55.74
1960-02-25,55.93
1960-02-26,56.16
1960-02-29,56.12
1960-03-01,56.01
1960-03-02,55.62
1960-03-03,54.78
1960-03-04,54.57
1960-03-07,54.02
1960-03-08,53.47
1960-03-09,54.04
1960-03-10,53.83
1960-03-11,54.24
1960-03-14,54.32
1960-03-15,54.74
1960-03-16,55.04
1960-03-17,54.96
1960-03-18,55.01
1960-03-21,55.07
1960-03-22,55.29
1960-03-23,55.74
1960-03-24,55.98
1960-03-25,55.98
1960-03-28,55.86
1960-03-29,55.78
1960-03-30,55.66
1960-03-31,55.34
1960-04-01,55.43
1960-04-04,55.54
1960-04-05,55.87
1960-04-06,56.51
1960-04-07,56.52
1960-04-08,56.39
1960-04-11,56.17
1960-04-12,56.3
1960-04-13,56.3
1960-04-14,56.43
1960-04-18,56.59
1960-04-19,56.13
1960-04-20,55.44
1960-04-21,55.59
1960-04-22,55.42
1960-04-25,54.86
1960-04-26,55.04
1960-04-27,55.04
1960-04-28,54.56
1960-04-29,54.37
1960-05-02,54.13
1960-05-03,54.83
1960-05-04,55.04
1960-05-05,54.86
1960-05-06,54.75
1960-05-09,54.8
1960-05-10,54.42
1960-05-11,54.57
1960-05-12,54.85
1960-05-13,55.3
1960-05-16,55.25
1960-05-17,55.46
1960-05-18,55.44
1960-05-19,55.68
1960-05-20,55.83
1960-05-23,55.76
1960-05-24,55.7
1960-05-25,55.67
1960-05-26,55.71
1960-05-27,55.74
1960-05-31,55.83
1960-06-01,55.89
1960-06-02,56.13
1960-06-03,56.23
1960-06-06,56.89
1960-06-07,57.43
1960-06-08,57.89
1960-06-09,58
1960-06-10,57.97
1960-06-13,57.99
1960-06-14,57.91
1960-06-15,57.57
1960-06-16,57.5
1960-06-17,57.44
1960-06-20,57.16
1960-06-21,57.11
1960-06-22,57.28
1960-06-23,57.59
1960-06-24,57.68
1960-06-27,57.33
1960-06-28,56.94
1960-06-29,56.94
1960-06-30,56.92
1960-07-01,57.06
1960-07-05,57.02
1960-07-06,56.94
1960-07-07,57.24
1960-07-08,57.38
1960-07-11,56.87
1960-07-12,56.25
1960-07-13,56.1
1960-07-14,56.12
1960-07-15,56.05
1960-07-18,55.7
1960-07-19,55.7
1960-07-20,55.61
1960-07-21,55.1
1960-07-22,54.72
1960-07-25,54.18
1960-07-26,54.51
1960-07-27,54.17
1960-07-28,54.57
1960-07-29,55.51
1960-08-01,55.53
1960-08-02,55.04
1960-08-03,54.72
1960-08-04,54.89
1960-08-05,55.44
1960-08-08,55.52
1960-08-09,55.84
1960-08-10,56.07
1960-08-11,56.28
1960-08-12,56.66
1960-08-15,56.61
1960-08-16,56.72
1960-08-17,56.84
1960-08-18,56.81
1960-08-19,57.01
1960-08-22,57.19
1960-08-23,57.75
1960-08-24,58.07
1960-08-25,57.79
1960-08-26,57.6
1960-08-29,57.44
1960-08-30,56.84
1960-08-31,56.96
1960-09-01,57.09
1960-09-02,57
1960-09-06,56.49
1960-09-07,55.79
1960-09-08,55.74
1960-09-09,56.11
1960-09-12,55.77
1960-09-13,55.83
1960-09-14,55.44
1960-09-15,55.22
1960-09-16,55.11
1960-09-19,53.86
1960-09-20,54.01
1960-09-21,54.57
1960-09-22,54.36
1960-09-23,53.9
1960-09-26,53.06
1960-09-27,52.94
1960-09-28,52.48
1960-09-29,52.62
1960-09-30,53.52
1960-10-03,53.36
1960-10-04,52.99
1960-10-05,53.39
1960-10-06,53.72
1960-10-07,54.03
1960-10-10,54.14
1960-10-11,54.22
1960-10-12,54.15
1960-10-13,54.57
1960-10-14,54.86
1960-10-17,54.63
1960-10-18,54.35
1960-10-19,54.25
1960-10-20,53.86
1960-10-21,53.32
1960-10-24,52.7
1960-10-25,52.3
1960-10-26,53.05
1960-10-27,53.62
1960-10-28,53.41
1960-10-31,53.39
1960-11-01,53.94
1960-11-02,54.22
1960-11-03,54.43
1960-11-04,54.9
1960-11-07,55.11
1960-11-09,55.35
1960-11-10,56.13
1960-11-11,55.87
1960-11-14,55.59
1960-11-15,55.81
1960-11-16,55.7
1960-11-17,55.55
1960-11-18,55.82
1960-11-21,55.93
1960-11-22,55.72
1960-11-23,55.8
1960-11-25,56.13
1960-11-28,56.03
1960-11-29,55.83
1960-11-30,55.54
1960-12-01,55.3
1960-12-02,55.39
1960-12-05,55.31
1960-12-06,55.47
1960-12-07,56.02
1960-12-08,56.15
1960-12-09,56.65
1960-12-12,56.85
1960-12-13,56.88
1960-12-14,56.84
1960-12-15,56.68
1960-12-16,57.2
1960-12-19,57.13
1960-12-20,57.09
1960-12-21,57.55
1960-12-22,57.39
1960-12-23,57.44
1960-12-27,57.52
1960-12-28,57.78
1960-12-29,58.05
1960-12-30,58.11
1961-01-03,57.57
1961-01-04,58.36
1961-01-05,58.57
1961-01-06,58.48
1961-01-09,58.81
1961-01-10,58.97
1961-01-11,59.14
1961-01-12,59.32
1961-01-13,59.6
1961-01-16,59.58
1961-01-17,59.34
1961-01-18,59.68
1961-01-19,59.77
1961-01-20,59.96
1961-01-23,60.29
1961-01-24,60.45
1961-01-25,60.53
1961-01-26,60.62
1961-01-27,61.24
1961-01-30,61.97
1961-01-31,61.78
1961-02-01,61.9
1961-02-02,62.3
1961-02-03,62.22
1961-02-06,61.76
1961-02-07,61.65
1961-02-08,62.21
1961-02-09,62.02
1961-02-10,61.5
1961-02-13,61.14
1961-02-14,61.41
1961-02-15,61.92
1961-02-16,62.3
1961-02-17,62.1
1961-02-20,62.32
1961-02-21,62.36
1961-02-23,62.59
1961-02-24,62.84
1961-02-27,63.3
1961-02-28,63.44
1961-03-01,63.43
1961-03-02,63.85
1961-03-03,63.95
1961-03-06,64.05
1961-03-07,63.47
1961-03-08,63.44
1961-03-09,63.5
1961-03-10,63.48
1961-03-13,63.66
1961-03-14,63.38
1961-03-15,63.57
1961-03-16,64.21
1961-03-17,64.6
1961-03-20,64.86
1961-03-21,64.74
1961-03-22,64.7
1961-03-23,64.53
1961-03-24,64.42
1961-03-27,64.35
1961-03-28,64.38
1961-03-29,64.93
1961-03-30,65.06
1961-04-03,65.6
1961-04-04,65.66
1961-04-05,65.46
1961-04-06,65.61
1961-04-07,65.96
1961-04-10,66.53
1961-04-11,66.62
1961-04-12,66.31
1961-04-13,66.26
1961-04-14,66.37
1961-04-17,66.68
1961-04-18,66.2
1961-04-19,65.81
1961-04-20,65.82
1961-04-21,65.77
1961-04-24,64.4
1961-04-25,65.3
1961-04-26,65.55
1961-04-27,65.46
1961-04-28,65.31
1961-05-01,65.17
1961-05-02,65.64
1961-05-03,66.18
1961-05-04,66.44
1961-05-05,66.52
1961-05-08,66.41
1961-05-09,66.47
1961-05-10,66.41
1961-05-11,66.39
1961-05-12,66.45
1961-05-15,66.83
1961-05-16,67.08
1961-05-17,67.39
1961-05-18,66.99
1961-05-19,67.27
1961-05-22,66.85
1961-05-23,66.68
1961-05-24,66.26
1961-05-25,66.01
1961-05-26,66.43
1961-05-31,66.56
1961-06-01,66.56
1961-06-02,66.73
1961-06-05,67.08
1961-06-06,66.89
1961-06-07,66.64
1961-06-08,66.67
1961-06-09,66.66
1961-06-12,66.15
1961-06-13,65.8
1961-06-14,65.98
1961-06-15,65.69
1961-06-16,65.18
1961-06-19,64.58
1961-06-20,65.15
1961-06-21,65.14
1961-06-22,64.9
1961-06-23,65.16
1961-06-26,64.47
1961-06-27,64.47
1961-06-28,64.59
1961-06-29,64.52
1961-06-30,64.64
1961-07-03,65.21
1961-07-05,65.63
1961-07-06,65.81
1961-07-07,65.77
1961-07-10,65.71
1961-07-11,65.69
1961-07-12,65.32
1961-07-13,64.86
1961-07-14,65.28
1961-07-17,64.79
1961-07-18,64.41
1961-07-19,64.7
1961-07-20,64.71
1961-07-21,64.86
1961-07-24,64.87
1961-07-25,65.23
1961-07-26,65.84
1961-07-27,66.61
1961-07-28,66.71
1961-07-31,66.76
1961-08-01,67.37
1961-08-02,66.94
1961-08-03,67.29
1961-08-04,67.98
1961-08-07,67.67
1961-08-08,67.82
1961-08-09,67.74
1961-08-10,67.95
1961-08-11,68.06
1961-08-14,67.72
1961-08-15,67.55
1961-08-16,67.73
1961-08-17,68.11
1961-08-18,68.29
1961-08-21,68.43
1961-08-22,68.44
1961-08-23,67.98
1961-08-24,67.59
1961-08-25,67.67
1961-08-28,67.7
1961-08-29,67.55
1961-08-30,67.81
1961-08-31,68.07
1961-09-01,68.19
1961-09-05,67.96
1961-09-06,68.46
1961-09-07,68.35
1961-09-08,67.88
1961-09-11,67.28
1961-09-12,67.96
1961-09-13,68.01
1961-09-14,67.53
1961-09-15,67.65
1961-09-18,67.21
1961-09-19,66.68
1961-09-20,66.96
1961-09-21,66.99
1961-09-22,66.72
1961-09-25,65.77
1961-09-26,65.78
1961-09-27,66.47
1961-09-28,66.58
1961-09-29,66.73
1961-10-02,66.77
1961-10-03,66.73
1961-10-04,67.18
1961-10-05,67.77
1961-10-06,67.97
1961-10-09,67.94
1961-10-10,68.11
1961-10-11,68.17
1961-10-12,68.16
1961-10-13,68.04
1961-10-16,67.85
1961-10-17,67.87
1961-10-18,68.21
1961-10-19,68.45
1961-10-20,68.48
1961-10-23,68.06
1961-10-24,67.98
1961-10-25,68.34
1961-10-26,68.46
1961-10-27,68.34
1961-10-30,68.42
1961-10-31,68.62
1961-11-01,68.73
1961-11-02,69.11
1961-11-03,69.47
1961-11-06,70.01
1961-11-08,70.87
1961-11-09,70.77
1961-11-10,71.07
1961-11-13,71.27
1961-11-14,71.66
1961-11-15,71.67
1961-11-16,71.62
1961-11-17,71.62
1961-11-20,71.72
1961-11-21,71.78
1961-11-22,71.7
1961-11-24,71.84
1961-11-27,71.85
1961-11-28,71.75
1961-11-29,71.7
1961-11-30,71.32
1961-12-01,71.18
1961-12-04,72.01
1961-12-05,71.93
1961-12-06,71.99
1961-12-07,71.7
1961-12-08,72.04
1961-12-11,72.39
1961-12-12,72.64
1961-12-13,72.53
1961-12-14,71.98
1961-12-15,72.01
1961-12-18,71.76
1961-12-19,71.26
1961-12-20,71.12
1961-12-21,70.86
1961-12-22,70.91
1961-12-26,71.02
1961-12-27,71.65
1961-12-28,71.69
1961-12-29,71.55
1962-01-02,70.9600
1962-01-03,71.1300
1962-01-04,70.6400
1962-01-05,69.6600
1962-01-08,69.1200
1962-01-09,69.1500
1962-01-10,68.9600
1962-01-11,69.3700
1962-01-12,69.6100
1962-01-15,69.4700
1962-01-16,69.0700
1962-01-17,68.3200
1962-01-18,68.3900
1962-01-19,68.7500
1962-01-22,68.8100
1962-01-23,68.2900
1962-01-24,68.4000
1962-01-25,68.3500
1962-01-26,68.1300
1962-01-29,67.9000
1962-01-30,68.1700
1962-01-31,68.8400
1962-02-01,69.2600
1962-02-02,69.8100
1962-02-05,69.8800
1962-02-06,69.9600
1962-02-07,70.4200
1962-02-08,70.5800
1962-02-09,70.4800
1962-02-12,70.4600
1962-02-13,70.4500
1962-02-14,70.4200
1962-02-15,70.7400
1962-02-16,70.5900
1962-02-19,70.4100
1962-02-20,70.6600
1962-02-21,70.3200
1962-02-23,70.1600
1962-02-26,69.7600
1962-02-27,69.8900
1962-02-28,69.9600
1962-03-01,70.2000
1962-03-02,70.1600
1962-03-05,70.0100
1962-03-06,69.7800
1962-03-07,69.6900
1962-03-08,70.1900
1962-03-09,70.4200
1962-03-12,70.4000
1962-03-13,70.6000
1962-03-14,70.9100
1962-03-15,71.0600
1962-03-16,70.9400
1962-03-19,70.8500
1962-03-20,70.6600
1962-03-21,70.5100
1962-03-22,70.4000
1962-03-23,70.4500
1962-03-26,69.8900
1962-03-27,69.7000
1962-03-28,70.0400
1962-03-29,70.0100
1962-03-30,69.5500
1962-04-02,69.3700
1962-04-03,68.8100
1962-04-04,68.4900
1962-04-05,68.9100
1962-04-06,68.8400
1962-04-09,68.3100
1962-04-10,68.5600
1962-04-11,68.4100
1962-04-12,67.7100
1962-04-13,67.9000
1962-04-16,67.6000
1962-04-17,67.9000
1962-04-18,68.2700
1962-04-19,68.5900
1962-04-23,68.5300
1962-04-24,68.4600
1962-04-25,67.7100
1962-04-26,67.0500
1962-04-27,66.3000
1962-04-30,65.2400
1962-05-01,65.7000
1962-05-02,65.9900
1962-05-03,66.5300
1962-05-04,66.2400
1962-05-07,66.0200
1962-05-08,65.1700
1962-05-09,64.2600
1962-05-10,63.5700
1962-05-11,62.6500
1962-05-14,63.1000
1962-05-15,64.2900
1962-05-16,64.2700
1962-05-17,63.9300
1962-05-18,63.8200
1962-05-21,63.5900
1962-05-22,62.3400
1962-05-23,61.1100
1962-05-24,60.6200
1962-05-25,59.4700
1962-05-28,55.5000
1962-05-29,58.0800
1962-05-31,59.6300
1962-06-01,59.3800
1962-06-04,57.2700
1962-06-05,57.5700
1962-06-06,58.3900
1962-06-07,58.4000
1962-06-08,58.4500
1962-06-11,57.8200
1962-06-12,56.3400
1962-06-13,55.5000
1962-06-14,54.3300
1962-06-15,55.8900
1962-06-18,55.7400
1962-06-19,55.5400
1962-06-20,54.7800
1962-06-21,53.5900
1962-06-22,52.6800
1962-06-25,52.4500
1962-06-26,52.3200
1962-06-27,52.6000
1962-06-28,54.4100
1962-06-29,54.7500
1962-07-02,55.8600
1962-07-03,56.4900
1962-07-05,56.8100
1962-07-06,56.1700
1962-07-09,56.5500
1962-07-10,57.2000
1962-07-11,57.7300
1962-07-12,58.0300
1962-07-13,57.8300
1962-07-16,57.8300
1962-07-17,56.7800
1962-07-18,56.2000
1962-07-19,56.4200
1962-07-20,56.8100
1962-07-23,56.8000
1962-07-24,56.3600
1962-07-25,56.4600
1962-07-26,56.7700
1962-07-27,57.2000
1962-07-30,57.8300
1962-07-31,58.2300
1962-08-01,57.7500
1962-08-02,57.9800
1962-08-03,58.1200
1962-08-06,57.7500
1962-08-07,57.3600
1962-08-08,57.5100
1962-08-09,57.4700
1962-08-10,57.5500
1962-08-13,57.6300
1962-08-14,58.2500
1962-08-15,58.6600
1962-08-16,58.6400
1962-08-17,59.0100
1962-08-20,59.3700
1962-08-21,59.1200
1962-08-22,59.7800
1962-08-23,59.7000
1962-08-24,59.5800
1962-08-27,59.5500
1962-08-28,58.7900
1962-08-29,58.6600
1962-08-30,58.6800
1962-08-31,59.1200
1962-09-04,58.5600
1962-09-05,58.1200
1962-09-06,58.3600
1962-09-07,58.3800
1962-09-10,58.4500
1962-09-11,58.5900
1962-09-12,58.8400
1962-09-13,58.7000
1962-09-14,58.8900
1962-09-17,59.0800
1962-09-18,59.0300
1962-09-19,58.9500
1962-09-20,58.5400
1962-09-21,57.6900
1962-09-24,56.6300
1962-09-25,56.9600
1962-09-26,56.1500
1962-09-27,55.7700
1962-09-28,56.2700
1962-10-01,55.4900
1962-10-02,56.1000
1962-10-03,56.1600
1962-10-04,56.7000
1962-10-05,57.0700
1962-10-08,57.0700
1962-10-09,57.2000
1962-10-10,57.2400
1962-10-11,57.0500
1962-10-12,56.9500
1962-10-15,57.2700
1962-10-16,57.0800
1962-10-17,56.8900
1962-10-18,56.3400
1962-10-19,55.5900
1962-10-22,54.9600
1962-10-23,53.4900
1962-10-24,55.2100
1962-10-25,54.6900
1962-10-26,54.5400
1962-10-29,55.7200
1962-10-30,56.5400
1962-10-31,56.5200
1962-11-01,57.1200
1962-11-02,57.7500
1962-11-05,58.3500
1962-11-07,58.7100
1962-11-08,58.3200
1962-11-09,58.7800
1962-11-12,59.5900
1962-11-13,59.4600
1962-11-14,60.1600
1962-11-15,59.9700
1962-11-16,60.1600
1962-11-19,59.8200
1962-11-20,60.4500
1962-11-21,60.8100
1962-11-23,61.5400
1962-11-26,61.3600
1962-11-27,61.7300
1962-11-28,62.1200
1962-11-29,62.4100
1962-11-30,62.2600
1962-12-03,61.9400
1962-12-04,62.6400
1962-12-05,62.8900
1962-12-06,62.9300
1962-12-07,63.0600
1962-12-10,62.2700
1962-12-11,62.3200
1962-12-12,62.6300
1962-12-13,62.4200
1962-12-14,62.5700
1962-12-17,62.3700
1962-12-18,62.0700
1962-12-19,62.5800
1962-12-20,62.8200
1962-12-21,62.6400
1962-12-24,62.6300
1962-12-26,63.0200
1962-12-27,62.9300
1962-12-28,62.9600
1962-12-31,63.1000
1963-01-02,62.6900
1963-01-03,63.7200
1963-01-04,64.1300
1963-01-07,64.1200
1963-01-08,64.7400
1963-01-09,64.5900
1963-01-10,64.7100
1963-01-11,64.8500
1963-01-14,65.2000
1963-01-15,65.1100
1963-01-16,64.6700
1963-01-17,65.1300
1963-01-18,65.1800
1963-01-21,65.2800
1963-01-22,65.4400
1963-01-23,65.6200
1963-01-24,65.7500
1963-01-25,65.9200
1963-01-28,66.2400
1963-01-29,66.2300
1963-01-30,65.8500
1963-01-31,66.2000
1963-02-01,66.3100
1963-02-04,66.1700
1963-02-05,66.1100
1963-02-06,66.4000
1963-02-07,66.1700
1963-02-08,66.1700
1963-02-11,65.7600
1963-02-12,65.8300
1963-02-13,66.1500
1963-02-14,66.3500
1963-02-15,66.4100
1963-02-18,66.5200
1963-02-19,66.2000
1963-02-20,65.8300
1963-02-21,65.9200
1963-02-25,65.4600
1963-02-26,65.4700
1963-02-27,65.0100
1963-02-28,64.2900
1963-03-01,64.1000
1963-03-04,64.7200
1963-03-05,64.7400
1963-03-06,64.8500
1963-03-07,65.2600
1963-03-08,65.3300
1963-03-11,65.5100
1963-03-12,65.6700
1963-03-13,65.9100
1963-03-14,65.6000
1963-03-15,65.9300
1963-03-18,65.6100
1963-03-19,65.4700
1963-03-20,65.9500
1963-03-21,65.8500
1963-03-22,66.1900
1963-03-25,66.2100
1963-03-26,66.4000
1963-03-27,66.6800
1963-03-28,66.5800
1963-03-29,66.5700
1963-04-01,66.8500
1963-04-02,66.8400
1963-04-03,67.3600
1963-04-04,67.8500
1963-04-05,68.2800
1963-04-08,68.5200
1963-04-09,68.4500
1963-04-10,68.2900
1963-04-11,68.7700
1963-04-15,69.0900
1963-04-16,69.1400
1963-04-17,68.9200
1963-04-18,68.8900
1963-04-19,69.2300
1963-04-22,69.3000
1963-04-23,69.5300
1963-04-24,69.7200
1963-04-25,69.7600
1963-04-26,69.7000
1963-04-29,69.6500
1963-04-30,69.8000
1963-05-01,69.9700
1963-05-02,70.1700
1963-05-03,70.0300
1963-05-06,69.5300
1963-05-07,69.4400
1963-05-08,70.0100
1963-05-09,70.3500
1963-05-10,70.5200
1963-05-13,70.4800
1963-05-14,70.2100
1963-05-15,70.4300
1963-05-16,70.2500
1963-05-17,70.2900
1963-05-20,69.9600
1963-05-21,70.1400
1963-05-22,70.1400
1963-05-23,70.1000
1963-05-24,70.0200
1963-05-27,69.8700
1963-05-28,70.0100
1963-05-29,70.3300
1963-05-31,70.8000
1963-06-03,70.6900
1963-06-04,70.7000
1963-06-05,70.5300
1963-06-06,70.5800
1963-06-07,70.4100
1963-06-10,69.9400
1963-06-11,70.0300
1963-06-12,70.4100
1963-06-13,70.2300
1963-06-14,70.2500
1963-06-17,69.9400
1963-06-18,70.0200
1963-06-19,70.0900
1963-06-20,70.0100
1963-06-21,70.2500
1963-06-24,70.2000
1963-06-25,70.0400
1963-06-26,69.4100
1963-06-27,69.0700
1963-06-28,69.3700
1963-07-01,68.8600
1963-07-02,69.4600
1963-07-03,69.9400
1963-07-05,70.2200
1963-07-08,69.7400
1963-07-09,70.0400
1963-07-10,69.8900
1963-07-11,69.7600
1963-07-12,69.6400
1963-07-15,69.2000
1963-07-16,69.1400
1963-07-17,68.9300
1963-07-18,68.4900
1963-07-19,68.3500
1963-07-22,67.9000
1963-07-23,67.9100
1963-07-24,68.2800
1963-07-25,68.2600
1963-07-26,68.5400
1963-07-29,68.6700
1963-07-30,69.2400
1963-07-31,69.1300
1963-08-01,69.0700
1963-08-02,69.3000
1963-08-05,69.7100
1963-08-06,70.1700
1963-08-07,69.9600
1963-08-08,70.0200
1963-08-09,70.4800
1963-08-12,70.5900
1963-08-13,70.7900
1963-08-14,71.0700
1963-08-15,71.3800
1963-08-16,71.4900
1963-08-19,71.4400
1963-08-20,71.3800
1963-08-21,71.2900
1963-08-22,71.5400
1963-08-23,71.7600
1963-08-26,71.9100
1963-08-27,71.5200
1963-08-28,72.0400
1963-08-29,72.1600
1963-08-30,72.5000
1963-09-03,72.6600
1963-09-04,72.6400
1963-09-05,73.0000
1963-09-06,72.8400
1963-09-09,72.5800
1963-09-10,72.9900
1963-09-11,73.2000
1963-09-12,73.1500
1963-09-13,73.1700
1963-09-16,73.0700
1963-09-17,73.1200
1963-09-18,72.8000
1963-09-19,73.2200
1963-09-20,73.3000
1963-09-23,72.9600
1963-09-24,73.3000
1963-09-25,72.8900
1963-09-26,72.2700
1963-09-27,72.1300
1963-09-30,71.7000
1963-10-01,72.2200
1963-10-02,72.3000
1963-10-03,72.8300
1963-10-04,72.8500
1963-10-07,72.7000
1963-10-08,72.6000
1963-10-09,72.1800
1963-10-10,72.2000
1963-10-11,72.2700
1963-10-14,72.3000
1963-10-15,72.4000
1963-10-16,72.9700
1963-10-17,73.2600
1963-10-18,73.3200
1963-10-21,73.3800
1963-10-22,72.9600
1963-10-23,73.0000
1963-10-24,73.2800
1963-10-25,74.0100
1963-10-28,74.4800
1963-10-29,74.4600
1963-10-30,73.8000
1963-10-31,74.0100
1963-11-01,73.8300
1963-11-04,73.4500
1963-11-06,72.8100
1963-11-07,73.0600
1963-11-08,73.3600
1963-11-11,73.5200
1963-11-12,73.2300
1963-11-13,73.2900
1963-11-14,72.9500
1963-11-15,72.3500
1963-11-18,71.8300
1963-11-19,71.9000
1963-11-20,72.5600
1963-11-21,71.6200
1963-11-22,69.6100
1963-11-26,72.3800
1963-11-27,72.2500
1963-11-29,73.2300
1963-12-02,73.6600
1963-12-03,73.6200
1963-12-04,73.8000
1963-12-05,74.2800
1963-12-06,74.0000
1963-12-09,73.9600
1963-12-10,73.9900
1963-12-11,73.9000
1963-12-12,73.9100
1963-12-13,74.0600
1963-12-16,74.3000
1963-12-17,74.7400
1963-12-18,74.6300
1963-12-19,74.4000
1963-12-20,74.2800
1963-12-23,73.8100
1963-12-24,73.9700
1963-12-26,74.3200
1963-12-27,74.4400
1963-12-30,74.5600
1963-12-31,75.0200
1964-01-02,75.4300
1964-01-03,75.5000
1964-01-06,75.6700
1964-01-07,75.6900
1964-01-08,76.0000
1964-01-09,76.2800
1964-01-10,76.2400
1964-01-13,76.2200
1964-01-14,76.3600
1964-01-15,76.6400
1964-01-16,76.5500
1964-01-17,76.5600
1964-01-20,76.4100
1964-01-21,76.6200
1964-01-22,77.0300
1964-01-23,77.0900
1964-01-24,77.1100
1964-01-27,77.0800
1964-01-28,77.1000
1964-01-29,76.6300
1964-01-30,76.7000
1964-01-31,77.0400
1964-02-03,76.9700
1964-02-04,76.8800
1964-02-05,76.7500
1964-02-06,76.9300
1964-02-07,77.1800
1964-02-10,77.0500
1964-02-11,77.3300
1964-02-12,77.5700
1964-02-13,77.5200
1964-02-14,77.4800
1964-02-17,77.4600
1964-02-18,77.4700
1964-02-19,77.5500
1964-02-20,77.6200
1964-02-24,77.6800
1964-02-25,77.6800
1964-02-26,77.8700
1964-02-27,77.6200
1964-02-28,77.8000
1964-03-02,77.9700
1964-03-03,78.2200
1964-03-04,78.0700
1964-03-05,78.0600
1964-03-06,78.3100
1964-03-09,78.3300
1964-03-10,78.5900
1964-03-11,78.9500
1964-03-12,79.0800
1964-03-13,79.1400
1964-03-16,79.1400
1964-03-17,79.3200
1964-03-18,79.3800
1964-03-19,79.3000
1964-03-20,78.9200
1964-03-23,78.9300
1964-03-24,78.7900
1964-03-25,78.9700
1964-03-26,79.1900
1964-03-30,79.1400
1964-03-31,78.9800
1964-04-01,79.2400
1964-04-02,79.7000
1964-04-03,79.9400
1964-04-06,80.0200
1964-04-07,79.7400
1964-04-08,79.7500
1964-04-09,79.7000
1964-04-10,79.8500
1964-04-13,79.7700
1964-04-14,79.9900
1964-04-15,80.0900
1964-04-16,80.2000
1964-04-17,80.5500
1964-04-20,80.5000
1964-04-21,80.5400
1964-04-22,80.4900
1964-04-23,80.3800
1964-04-24,79.7500
1964-04-27,79.3500
1964-04-28,79.9000
1964-04-29,79.7000
1964-04-30,79.4600
1964-05-01,80.1700
1964-05-04,80.4700
1964-05-05,80.8800
1964-05-06,81.0600
1964-05-07,81.1500
1964-05-08,81.0000
1964-05-11,80.9000
1964-05-12,81.1600
1964-05-13,80.9700
1964-05-14,80.8600
1964-05-15,81.1000
1964-05-18,80.7200
1964-05-19,80.3000
1964-05-20,80.6600
1964-05-21,80.7000
1964-05-22,80.7300
1964-05-25,80.5600
1964-05-26,80.3900
1964-05-27,80.2600
1964-05-28,80.3700
1964-06-01,80.1100
1964-06-02,79.7000
1964-06-03,79.4900
1964-06-04,78.6700
1964-06-05,79.0200
1964-06-08,78.6400
1964-06-09,79.1400
1964-06-10,79.4400
1964-06-11,79.7300
1964-06-12,79.6000
1964-06-15,79.9700
1964-06-16,80.4000
1964-06-17,80.8100
1964-06-18,80.7900
1964-06-19,80.8900
1964-06-22,81.1100
1964-06-23,80.7700
1964-06-24,81.0600
1964-06-25,81.2100
1964-06-26,81.4600
1964-06-29,81.6400
1964-06-30,81.6900
1964-07-01,82.2700
1964-07-02,82.6000
1964-07-06,82.9800
1964-07-07,83.1200
1964-07-08,83.1200
1964-07-09,83.2200
1964-07-10,83.3600
1964-07-13,83.3100
1964-07-14,83.0600
1964-07-15,83.3400
1964-07-16,83.6400
1964-07-17,84.0100
1964-07-20,83.7400
1964-07-21,83.5400
1964-07-22,83.5200
1964-07-23,83.4800
1964-07-24,83.4600
1964-07-27,83.0800
1964-07-28,82.8500
1964-07-29,82.9200
1964-07-30,83.0900
1964-07-31,83.1800
1964-08-03,83.0000
1964-08-04,81.9600
1964-08-05,82.0900
1964-08-06,81.3400
1964-08-07,81.8600
1964-08-10,81.7800
1964-08-11,81.7600
1964-08-12,82.1700
1964-08-13,82.4100
1964-08-14,82.3500
1964-08-17,82.3600
1964-08-18,82.4000
1964-08-19,82.3200
1964-08-20,81.9400
1964-08-21,82.0700
1964-08-24,81.9100
1964-08-25,81.4400
1964-08-26,81.3200
1964-08-27,81.7000
1964-08-28,81.9900
1964-08-31,81.8300
1964-09-01,82.1800
1964-09-02,82.3100
1964-09-03,82.5600
1964-09-04,82.7600
1964-09-08,82.8700
1964-09-09,83.0500
1964-09-10,83.1000
1964-09-11,83.4500
1964-09-14,83.2200
1964-09-15,83.0000
1964-09-16,83.2400
1964-09-17,83.7900
1964-09-18,83.4800
1964-09-21,83.8600
1964-09-22,83.8900
1964-09-23,83.9100
1964-09-24,84.0000
1964-09-25,84.2100
1964-09-28,84.2800
1964-09-29,84.2400
1964-09-30,84.1800
1964-10-01,84.0800
1964-10-02,84.3600
1964-10-05,84.7400
1964-10-06,84.7900
1964-10-07,84.8000
1964-10-08,85.0400
1964-10-09,85.2200
1964-10-12,85.2400
1964-10-13,84.9600
1964-10-14,84.7900
1964-10-15,84.2500
1964-10-16,84.8300
1964-10-19,84.9300
1964-10-20,85.1800
1964-10-21,85.1000
1964-10-22,84.9400
1964-10-23,85.1400
1964-10-26,85.0000
1964-10-27,85.0000
1964-10-28,84.6900
1964-10-29,84.7300
1964-10-30,84.8600
1964-11-02,85.1800
1964-11-04,85.1400
1964-11-05,85.1600
1964-11-06,85.2300
1964-11-09,85.1900
1964-11-10,84.8400
1964-11-11,85.0800
1964-11-12,85.1900
1964-11-13,85.2100
1964-11-16,85.6500
1964-11-17,86.0300
1964-11-18,86.2200
1964-11-19,86.1800
1964-11-20,86.2800
1964-11-23,86.0000
1964-11-24,85.7300
1964-11-25,85.4400
1964-11-27,85.1600
1964-11-30,84.4200
1964-12-01,83.5500
1964-12-02,83.7900
1964-12-03,84.1800
1964-12-04,84.3500
1964-12-07,84.3300
1964-12-08,84.0000
1964-12-09,83.4600
1964-12-10,83.4500
1964-12-11,83.6600
1964-12-14,83.4500
1964-12-15,83.2200
1964-12-16,83.5500
1964-12-17,83.9000
1964-12-18,84.2900
1964-12-21,84.3800
1964-12-22,84.3300
1964-12-23,84.1500
1964-12-24,84.1500
1964-12-28,84.0700
1964-12-29,83.8100
1964-12-30,84.3000
1964-12-31,84.7500
1965-01-04,84.2300
1965-01-05,84.6300
1965-01-06,84.8900
1965-01-07,85.2600
1965-01-08,85.3700
1965-01-11,85.4000
1965-01-12,85.6100
1965-01-13,85.8400
1965-01-14,85.8400
1965-01-15,86.2100
1965-01-18,86.4900
1965-01-19,86.6300
1965-01-20,86.6000
1965-01-21,86.5200
1965-01-22,86.7400
1965-01-25,86.8600
1965-01-26,86.9400
1965-01-27,87.2300
1965-01-28,87.4800
1965-01-29,87.5600
1965-02-01,87.5800
1965-02-02,87.5500
1965-02-03,87.6300
1965-02-04,87.5700
1965-02-05,87.2900
1965-02-08,86.9500
1965-02-09,87.2400
1965-02-10,86.4600
1965-02-11,85.5400
1965-02-12,86.1700
1965-02-15,86.0700
1965-02-16,85.6700
1965-02-17,85.7700
1965-02-18,86.0500
1965-02-19,86.2100
1965-02-23,86.6400
1965-02-24,87.1700
1965-02-25,87.2000
1965-02-26,87.4300
1965-03-01,87.2500
1965-03-02,87.4000
1965-03-03,87.2600
1965-03-04,86.9800
1965-03-05,86.8000
1965-03-08,86.8300
1965-03-09,86.6900
1965-03-10,86.5400
1965-03-11,86.9000
1965-03-12,87.2100
1965-03-15,87.2400
1965-03-16,87.1300
1965-03-17,87.0200
1965-03-18,86.8100
1965-03-19,86.8400
1965-03-22,86.8300
1965-03-23,86.9300
1965-03-24,87.0900
1965-03-25,86.8400
1965-03-26,86.2000
1965-03-29,86.0300
1965-03-30,86.2000
1965-03-31,86.1600
1965-04-01,86.3200
1965-04-02,86.5300
1965-04-05,86.5300
1965-04-06,86.5000
1965-04-07,86.5500
1965-04-08,87.0400
1965-04-09,87.5600
1965-04-12,87.9400
1965-04-13,88.0400
1965-04-14,88.2400
1965-04-15,88.1500
1965-04-19,88.5100
1965-04-20,88.4600
1965-04-21,88.3000
1965-04-22,88.7800
1965-04-23,88.8800
1965-04-26,88.8900
1965-04-27,89.0400
1965-04-28,89.0000
1965-04-29,88.9300
1965-04-30,89.1100
1965-05-03,89.2300
1965-05-04,89.5100
1965-05-05,89.7100
1965-05-06,89.9200
1965-05-07,89.8500
1965-05-10,89.6600
1965-05-11,89.5500
1965-05-12,89.9400
1965-05-13,90.2700
1965-05-14,90.1000
1965-05-17,89.5400
1965-05-18,89.4600
1965-05-19,89.6700
1965-05-20,89.1800
1965-05-21,88.7500
1965-05-24,88.0900
1965-05-25,88.6000
1965-05-26,88.3000
1965-05-27,87.8400
1965-05-28,88.4200
1965-06-01,87.7200
1965-06-02,87.0900
1965-06-03,86.9000
1965-06-04,87.1100
1965-06-07,86.8800
1965-06-08,85.9300
1965-06-09,85.0400
1965-06-10,84.7300
1965-06-11,85.1200
1965-06-14,84.0100
1965-06-15,84.4900
1965-06-16,85.2000
1965-06-17,85.7400
1965-06-18,85.3400
1965-06-21,85.0500
1965-06-22,85.2100
1965-06-23,84.6700
1965-06-24,83.5600
1965-06-25,83.0600
1965-06-28,81.6000
1965-06-29,82.4100
1965-06-30,84.1200
1965-07-01,84.4800
1965-07-02,85.1600
1965-07-06,84.9900
1965-07-07,84.6700
1965-07-08,85.3900
1965-07-09,85.7100
1965-07-12,85.6900
1965-07-13,85.5900
1965-07-14,85.8700
1965-07-15,85.7200
1965-07-16,85.6900
1965-07-19,85.6300
1965-07-20,84.5500
1965-07-21,84.0700
1965-07-22,83.8500
1965-07-23,84.0700
1965-07-26,84.0500
1965-07-27,83.8700
1965-07-28,84.0300
1965-07-29,84.6800
1965-07-30,85.2500
1965-08-02,85.4200
1965-08-03,85.4600
1965-08-04,85.7900
1965-08-05,85.7900
1965-08-06,86.0700
1965-08-09,85.8600
1965-08-10,85.8700
1965-08-11,86.1300
1965-08-12,86.3800
1965-08-13,86.7700
1965-08-16,86.8700
1965-08-17,87.0400
1965-08-18,86.9900
1965-08-19,86.7900
1965-08-20,86.6900
1965-08-23,86.5600
1965-08-24,86.7100
1965-08-25,86.8100
1965-08-26,87.1400
1965-08-27,87.2000
1965-08-30,87.2100
1965-08-31,87.1700
1965-09-01,87.1700
1965-09-02,87.6500
1965-09-03,88.0600
1965-09-07,88.3600
1965-09-08,88.6600
1965-09-09,88.8900
1965-09-10,89.1200
1965-09-13,89.3800
1965-09-14,89.0300
1965-09-15,89.5200
1965-09-16,90.0200
1965-09-17,90.0500
1965-09-20,90.0800
1965-09-21,89.8100
1965-09-22,90.2200
1965-09-23,89.8600
1965-09-24,90.0200
1965-09-27,90.6500
1965-09-28,90.4300
1965-09-29,90.0200
1965-09-30,89.9600
1965-10-01,89.9000
1965-10-04,90.0800
1965-10-05,90.6300
1965-10-06,90.5400
1965-10-07,90.4700
1965-10-08,90.8500
1965-10-11,91.3700
1965-10-12,91.3500
1965-10-13,91.3400
1965-10-14,91.1900
1965-10-15,91.3800
1965-10-18,91.6800
1965-10-19,91.8000
1965-10-20,91.7800
1965-10-21,91.9400
1965-10-22,91.9800
1965-10-25,91.6700
1965-10-26,92.2000
1965-10-27,92.5100
1965-10-28,92.2100
1965-10-29,92.4200
1965-11-01,92.2300
1965-11-03,92.3100
1965-11-04,92.4600
1965-11-05,92.3700
1965-11-08,92.2300
1965-11-09,91.9300
1965-11-10,91.8300
1965-11-11,92.1100
1965-11-12,92.5500
1965-11-15,92.6300
1965-11-16,92.4100
1965-11-17,92.6000
1965-11-18,92.2200
1965-11-19,92.2400
1965-11-22,91.6400
1965-11-23,91.7800
1965-11-24,91.9400
1965-11-26,92.0300
1965-11-29,91.8000
1965-11-30,91.6100
1965-12-01,91.5000
1965-12-02,91.2100
1965-12-03,91.2700
1965-12-06,90.5900
1965-12-07,91.3900
1965-12-08,91.2800
1965-12-09,91.5600
1965-12-10,91.8000
1965-12-13,91.8300
1965-12-14,91.8800
1965-12-15,92.0200
1965-12-16,92.1200
1965-12-17,92.0800
1965-12-20,91.6500
1965-12-21,92.0100
1965-12-22,92.2900
1965-12-23,92.1900
1965-12-27,91.5200
1965-12-28,91.5300
1965-12-29,91.8100
1965-12-30,92.2500
1965-12-31,92.4300
1966-01-03,92.1800
1966-01-04,92.2600
1966-01-05,92.8500
1966-01-06,93.0600
1966-01-07,93.1400
1966-01-10,93.3300
1966-01-11,93.4100
1966-01-12,93.1900
1966-01-13,93.3600
1966-01-14,93.5000
1966-01-17,93.7700
1966-01-18,93.9500
1966-01-19,93.6900
1966-01-20,93.3600
1966-01-21,93.4700
1966-01-24,93.7100
1966-01-25,93.8500
1966-01-26,93.7000
1966-01-27,93.6700
1966-01-28,93.3100
1966-01-31,92.8800
1966-02-01,92.1600
1966-02-02,92.5300
1966-02-03,92.6500
1966-02-04,93.2600
1966-02-07,93.5900
1966-02-08,93.5500
1966-02-09,94.0600
1966-02-10,93.8300
1966-02-11,93.8100
1966-02-14,93.6500
1966-02-15,93.1700
1966-02-16,93.1600
1966-02-17,92.6600
1966-02-18,92.4100
1966-02-21,91.8700
1966-02-23,91.4800
1966-02-24,90.8900
1966-02-25,91.1400
1966-02-28,91.2200
1966-03-01,90.0600
1966-03-02,89.1500
1966-03-03,89.4700
1966-03-04,89.2400
1966-03-07,88.0400
1966-03-08,88.1800
1966-03-09,88.9600
1966-03-10,88.9600
1966-03-11,88.8500
1966-03-14,87.8500
1966-03-15,87.3500
1966-03-16,87.8600
1966-03-17,88.1700
1966-03-18,88.5300
1966-03-21,89.2000
1966-03-22,89.4600
1966-03-23,89.1300
1966-03-24,89.2900
1966-03-25,89.5400
1966-03-28,89.6200
1966-03-29,89.2700
1966-03-30,88.7800
1966-03-31,89.2300
1966-04-01,89.9400
1966-04-04,90.7600
1966-04-05,91.3100
1966-04-06,91.5600
1966-04-07,91.7600
1966-04-11,91.7900
1966-04-12,91.4500
1966-04-13,91.5400
1966-04-14,91.8700
1966-04-15,91.9900
1966-04-18,91.5800
1966-04-19,91.5700
1966-04-20,92.0800
1966-04-21,92.4200
1966-04-22,92.2700
1966-04-25,92.0800
1966-04-26,91.9900
1966-04-27,91.7600
1966-04-28,91.1300
1966-04-29,91.0600
1966-05-02,90.9000
1966-05-03,89.8500
1966-05-04,89.3900
1966-05-05,87.9300
1966-05-06,87.8400
1966-05-09,86.3200
1966-05-10,87.0800
1966-05-11,87.2300
1966-05-12,86.2300
1966-05-13,85.4700
1966-05-16,84.4100
1966-05-17,83.6300
1966-05-18,85.1200
1966-05-19,85.0200
1966-05-20,85.4300
1966-05-23,86.2000
1966-05-24,86.7700
1966-05-25,87.0700
1966-05-26,87.0700
1966-05-27,87.3300
1966-05-31,86.1300
1966-06-01,86.1000
1966-06-02,85.9600
1966-06-03,86.0600
1966-06-06,85.4200
1966-06-07,84.8300
1966-06-08,84.9300
1966-06-09,85.5000
1966-06-10,86.4400
1966-06-13,86.8300
1966-06-14,87.0700
1966-06-15,86.7300
1966-06-16,86.4700
1966-06-17,86.5100
1966-06-20,86.4800
1966-06-21,86.7100
1966-06-22,86.8500
1966-06-23,86.5000
1966-06-24,86.5800
1966-06-27,86.0800
1966-06-28,85.6700
1966-06-29,84.8600
1966-06-30,84.7400
1966-07-01,85.6100
1966-07-05,85.8200
1966-07-06,87.0600
1966-07-07,87.3800
1966-07-08,87.6100
1966-07-11,87.4500
1966-07-12,86.8800
1966-07-13,86.3000
1966-07-14,86.8200
1966-07-15,87.0800
1966-07-18,86.9900
1966-07-19,86.3300
1966-07-20,85.5100
1966-07-21,85.5200
1966-07-22,85.4100
1966-07-25,83.8300
1966-07-26,83.7000
1966-07-27,84.1000
1966-07-28,83.7700
1966-07-29,83.6000
1966-08-01,82.3100
1966-08-02,82.3300
1966-08-03,83.1500
1966-08-04,83.9300
1966-08-05,84.0000
1966-08-08,83.7500
1966-08-09,83.4900
1966-08-10,83.1100
1966-08-11,83.0200
1966-08-12,83.1700
1966-08-15,82.7400
1966-08-16,81.6300
1966-08-17,81.1800
1966-08-18,80.1600
1966-08-19,79.6200
1966-08-22,78.2400
1966-08-23,78.1100
1966-08-24,79.0700
1966-08-25,78.0600
1966-08-26,76.4100
1966-08-29,74.5300
1966-08-30,75.8600
1966-08-31,77.1000
1966-09-01,77.7000
1966-09-02,77.4200
1966-09-06,76.9600
1966-09-07,76.3400
1966-09-08,76.0500
1966-09-09,76.2900
1966-09-12,77.9100
1966-09-13,78.3200
1966-09-14,79.1300
1966-09-15,80.0800
1966-09-16,79.9900
1966-09-19,79.5900
1966-09-20,79.0400
1966-09-21,77.7100
1966-09-22,77.9400
1966-09-23,77.6700
1966-09-26,77.8600
1966-09-27,78.1000
1966-09-28,77.1100
1966-09-29,76.3100
1966-09-30,76.5600
1966-10-03,74.9000
1966-10-04,75.1000
1966-10-05,74.6900
1966-10-06,74.0500
1966-10-07,73.2000
1966-10-10,74.5300
1966-10-11,74.9100
1966-10-12,77.0400
1966-10-13,76.8900
1966-10-14,76.6000
1966-10-17,77.4700
1966-10-18,78.6800
1966-10-19,78.0500
1966-10-20,77.8400
1966-10-21,78.1900
1966-10-24,78.4200
1966-10-25,78.9000
1966-10-26,79.5800
1966-10-27,80.2300
1966-10-28,80.2400
1966-10-31,80.2000
1966-11-01,80.8100
1966-11-02,80.8800
1966-11-03,80.5600
1966-11-04,80.8100
1966-11-07,80.7300
1966-11-09,81.3800
1966-11-10,81.8900
1966-11-11,81.9400
1966-11-14,81.3700
1966-11-15,81.6900
1966-11-16,82.3700
1966-11-17,81.8000
1966-11-18,81.2600
1966-11-21,80.0900
1966-11-22,79.6700
1966-11-23,80.2100
1966-11-25,80.8500
1966-11-28,80.7100
1966-11-29,80.4200
1966-11-30,80.4500
1966-12-01,80.0800
1966-12-02,80.1300
1966-12-05,80.2400
1966-12-06,80.8400
1966-12-07,81.7200
1966-12-08,82.0500
1966-12-09,82.1400
1966-12-12,83.0000
1966-12-13,82.7300
1966-12-14,82.6400
1966-12-15,81.6400
1966-12-16,81.5800
1966-12-19,81.2700
1966-12-20,80.9600
1966-12-21,81.3800
1966-12-22,81.6900
1966-12-23,81.4700
1966-12-27,81.0000
1966-12-28,80.6100
1966-12-29,80.3700
1966-12-30,80.3300
1967-01-03,80.3800
1967-01-04,80.5500
1967-01-05,81.6000
1967-01-06,82.1800
1967-01-09,82.8100
1967-01-10,82.8100
1967-01-11,83.4700
1967-01-12,83.9100
1967-01-13,84.5300
1967-01-16,84.3100
1967-01-17,85.2400
1967-01-18,85.7900
1967-01-19,85.8200
1967-01-20,86.0700
1967-01-23,86.3900
1967-01-24,86.5100
1967-01-25,85.8500
1967-01-26,85.8100
1967-01-27,86.1600
1967-01-30,86.6600
1967-01-31,86.6100
1967-02-01,86.4300
1967-02-02,86.7300
1967-02-03,87.3600
1967-02-06,87.1800
1967-02-07,86.9500
1967-02-08,87.7200
1967-02-09,87.3600
1967-02-10,87.4900
1967-02-13,87.5800
1967-02-14,88.1700
1967-02-15,88.2700
1967-02-16,87.8600
1967-02-17,87.8900
1967-02-20,87.4000
1967-02-21,87.3400
1967-02-23,87.4500
1967-02-24,87.4100
1967-02-27,86.4600
1967-02-28,86.7800
1967-03-01,87.6800
1967-03-02,88.1600
1967-03-03,88.2900
1967-03-06,88.1000
1967-03-07,88.1600
1967-03-08,88.2700
1967-03-09,88.5300
1967-03-10,88.8900
1967-03-13,88.4300
1967-03-14,88.3500
1967-03-15,89.1900
1967-03-16,90.0900
1967-03-17,90.2500
1967-03-20,90.2000
1967-03-21,90.0000
1967-03-22,90.2500
1967-03-23,90.9400
1967-03-27,90.8700
1967-03-28,90.9100
1967-03-29,90.7300
1967-03-30,90.7000
1967-03-31,90.2000
1967-04-03,89.2400
1967-04-04,89.2200
1967-04-05,89.7900
1967-04-06,89.9400
1967-04-07,89.3600
1967-04-10,88.2400
1967-04-11,88.8800
1967-04-12,88.7800
1967-04-13,89.4600
1967-04-14,90.4300
1967-04-17,91.0700
1967-04-18,91.8600
1967-04-19,91.9400
1967-04-20,92.1100
1967-04-21,92.3000
1967-04-24,92.6200
1967-04-25,93.1100
1967-04-26,93.0200
1967-04-27,93.8100
1967-04-28,94.0100
1967-05-01,93.8700
1967-05-02,93.6700
1967-05-03,93.9100
1967-05-04,94.3200
1967-05-05,94.4400
1967-05-08,94.5800
1967-05-09,93.6000
1967-05-10,93.3500
1967-05-11,93.7500
1967-05-12,93.4800
1967-05-15,92.7100
1967-05-16,93.1400
1967-05-17,92.7800
1967-05-18,92.5300
1967-05-19,92.0700
1967-05-22,91.6700
1967-05-23,91.2300
1967-05-24,90.1800
1967-05-25,91.1900
1967-05-26,90.9800
1967-05-29,90.4900
1967-05-31,89.0800
1967-06-01,90.2300
1967-06-02,89.7900
1967-06-05,88.4300
1967-06-06,90.2300
1967-06-07,90.9100
1967-06-08,91.4000
1967-06-09,91.5600
1967-06-12,92.0400
1967-06-13,92.6200
1967-06-14,92.4000
1967-06-15,92.4900
1967-06-16,92.5400
1967-06-19,92.5100
1967-06-20,92.4800
1967-06-21,92.2000
1967-06-22,91.9700
1967-06-23,92.0000
1967-06-26,91.6400
1967-06-27,91.3000
1967-06-28,91.3100
1967-06-29,90.8500
1967-06-30,90.6400
1967-07-03,90.9100
1967-07-05,91.3600
1967-07-06,91.3200
1967-07-07,91.6900
1967-07-10,92.0500
1967-07-11,92.4800
1967-07-12,92.4000
1967-07-13,92.4200
1967-07-14,92.7400
1967-07-17,92.7500
1967-07-18,93.5000
1967-07-19,93.6500
1967-07-20,93.8500
1967-07-21,94.0400
1967-07-24,93.7300
1967-07-25,93.7400
1967-07-26,94.0600
1967-07-27,94.3500
1967-07-28,94.4900
1967-07-31,94.7500
1967-08-01,95.3700
1967-08-02,95.7800
1967-08-03,95.6600
1967-08-04,95.8300
1967-08-07,95.5800
1967-08-08,95.6900
1967-08-09,95.7800
1967-08-10,95.5300
1967-08-11,95.1500
1967-08-14,94.6400
1967-08-15,94.7700
1967-08-16,94.5500
1967-08-17,94.6300
1967-08-18,94.7800
1967-08-21,94.2500
1967-08-22,93.7400
1967-08-23,93.6100
1967-08-24,93.0900
1967-08-25,92.7000
1967-08-28,92.6400
1967-08-29,92.8800
1967-08-30,93.0700
1967-08-31,93.6400
1967-09-01,93.6800
1967-09-05,94.2100
1967-09-06,94.3900
1967-09-07,94.3300
1967-09-08,94.3600
1967-09-11,94.5400
1967-09-12,94.9900
1967-09-13,95.9900
1967-09-14,96.2000
1967-09-15,96.2700
1967-09-18,96.5300
1967-09-19,96.1700
1967-09-20,96.1300
1967-09-21,96.7500
1967-09-22,97.0000
1967-09-25,97.5900
1967-09-26,96.7600
1967-09-27,96.7900
1967-09-28,96.7900
1967-09-29,96.7100
1967-10-02,96.3200
1967-10-03,96.6500
1967-10-04,96.4300
1967-10-05,96.6700
1967-10-06,97.2600
1967-10-09,97.5100
1967-10-10,96.8400
1967-10-11,96.3700
1967-10-12,95.7500
1967-10-13,96.0000
1967-10-16,95.2500
1967-10-17,95.0000
1967-10-18,95.2500
1967-10-19,95.4300
1967-10-20,95.3800
1967-10-23,94.9600
1967-10-24,94.4200
1967-10-25,94.5200
1967-10-26,94.9400
1967-10-27,94.9600
1967-10-30,94.7900
1967-10-31,93.9000
1967-11-01,92.7100
1967-11-02,92.3400
1967-11-03,91.7800
1967-11-06,91.4800
1967-11-08,91.1400
1967-11-09,91.5900
1967-11-10,92.2100
1967-11-13,91.9700
1967-11-14,91.3900
1967-11-15,91.7600
1967-11-16,92.6000
1967-11-17,92.8200
1967-11-20,91.6500
1967-11-21,93.1000
1967-11-22,93.6500
1967-11-24,93.9000
1967-11-27,94.1700
1967-11-28,94.4700
1967-11-29,94.4700
1967-11-30,94.0000
1967-12-01,94.5000
1967-12-04,95.1000
1967-12-05,95.2300
1967-12-06,95.6400
1967-12-07,95.5300
1967-12-08,95.4200
1967-12-11,95.1200
1967-12-12,95.0100
1967-12-13,95.3400
1967-12-14,95.4700
1967-12-15,95.0300
1967-12-18,94.7700
1967-12-19,94.6300
1967-12-20,95.1500
1967-12-21,95.3800
1967-12-22,95.2000
1967-12-26,95.2600
1967-12-27,95.9100
1967-12-28,95.8900
1967-12-29,96.4700
1968-01-02,96.1100
1968-01-03,95.6700
1968-01-04,95.3600
1968-01-05,95.9400
1968-01-08,96.6200
1968-01-09,96.5000
1968-01-10,96.5200
1968-01-11,96.6200
1968-01-12,96.7200
1968-01-15,96.4200
1968-01-16,95.8200
1968-01-17,95.6400
1968-01-18,95.5600
1968-01-19,95.2400
1968-01-22,94.0300
1968-01-23,93.6600
1968-01-24,93.1700
1968-01-25,93.3000
1968-01-26,93.4500
1968-01-29,93.3500
1968-01-30,92.8900
1968-01-31,92.2400
1968-02-01,92.5600
1968-02-02,92.2700
1968-02-05,91.8700
1968-02-06,91.9000
1968-02-07,92.0600
1968-02-08,90.9000
1968-02-09,89.8600
1968-02-13,89.0700
1968-02-14,90.1400
1968-02-15,90.3000
1968-02-16,89.9600
1968-02-19,90.3100
1968-02-20,90.8300
1968-02-21,91.2400
1968-02-23,90.8900
1968-02-26,90.1800
1968-02-27,90.5300
1968-02-28,90.0800
1968-02-29,89.3600
1968-03-01,89.1100
1968-03-04,87.9200
1968-03-05,87.7200
1968-03-06,89.2600
1968-03-07,89.1000
1968-03-08,89.0300
1968-03-11,90.1300
1968-03-12,90.2300
1968-03-13,90.0300
1968-03-14,88.3200
1968-03-15,89.1000
1968-03-18,89.5900
1968-03-19,88.9900
1968-03-20,88.9800
1968-03-21,88.3300
1968-03-22,88.4200
1968-03-25,88.3300
1968-03-26,88.9300
1968-03-27,89.6600
1968-03-28,89.5700
1968-03-29,90.2000
1968-04-01,92.4800
1968-04-02,92.6400
1968-04-03,93.4700
1968-04-04,93.8400
1968-04-05,93.2900
1968-04-08,94.9500
1968-04-10,95.6700
1968-04-11,96.5300
1968-04-15,96.5900
1968-04-16,96.6200
1968-04-17,96.8100
1968-04-18,97.0800
1968-04-19,95.8500
1968-04-22,95.3200
1968-04-23,96.4800
1968-04-24,96.6200
1968-04-25,96.9200
1968-04-26,97.2100
1968-04-29,97.4600
1968-04-30,97.5900
1968-05-01,97.9700
1968-05-02,98.5900
1968-05-03,98.6600
1968-05-06,98.3500
1968-05-07,98.9000
1968-05-08,98.9100
1968-05-09,98.3900
1968-05-10,98.5000
1968-05-13,98.1900
1968-05-14,98.1200
1968-05-15,98.0700
1968-05-16,97.6000
1968-05-17,96.9000
1968-05-20,96.4500
1968-05-21,96.9300
1968-05-22,97.1800
1968-05-23,96.9700
1968-05-24,97.1500
1968-05-27,96.9900
1968-05-28,97.6200
1968-05-29,97.9200
1968-05-31,98.6800
1968-06-03,99.9900
1968-06-04,100.3800
1968-06-05,99.8900
1968-06-06,100.6500
1968-06-07,101.2700
1968-06-10,101.4100
1968-06-11,101.6600
1968-06-13,101.2500
1968-06-14,101.1300
1968-06-17,100.1300
1968-06-18,99.9900
1968-06-20,100.5100
1968-06-21,100.6600
1968-06-24,100.3900
1968-06-25,100.0800
1968-06-27,99.9800
1968-06-28,99.5800
1968-07-01,99.4000
1968-07-02,99.7400
1968-07-03,100.9100
1968-07-08,101.9400
1968-07-09,102.2300
1968-07-11,102.3900
1968-07-12,102.3400
1968-07-15,102.2600
1968-07-16,101.7000
1968-07-18,101.4400
1968-07-19,100.4600
1968-07-22,99.3300
1968-07-23,99.2100
1968-07-25,97.9400
1968-07-26,98.3400
1968-07-29,97.6500
1968-07-30,97.7400
1968-08-01,97.2800
1968-08-02,96.6300
1968-08-05,96.8500
1968-08-06,97.2500
1968-08-08,97.0400
1968-08-09,97.0100
1968-08-12,98.0100
1968-08-13,98.5300
1968-08-15,98.0700
1968-08-16,98.6800
1968-08-19,99.0000
1968-08-20,98.9600
1968-08-22,98.7000
1968-08-23,98.6900
1968-08-26,98.9400
1968-08-27,98.8100
1968-08-29,98.7400
1968-08-30,98.8600
1968-09-03,99.3200
1968-09-04,100.0200
1968-09-05,100.7400
1968-09-06,101.2000
1968-09-09,101.2300
1968-09-10,100.7300
1968-09-12,100.5200
1968-09-13,100.8600
1968-09-16,101.2400
1968-09-17,101.5000
1968-09-19,101.5900
1968-09-20,101.6600
1968-09-23,102.2400
1968-09-24,102.5900
1968-09-26,102.3600
1968-09-27,102.3100
1968-09-30,102.6700
1968-10-01,102.8600
1968-10-03,103.3400
1968-10-04,103.7100
1968-10-07,103.7000
1968-10-08,103.7400
1968-10-10,103.2900
1968-10-11,103.1800
1968-10-14,103.3200
1968-10-15,103.5300
1968-10-17,104.0100
1968-10-18,104.8200
1968-10-21,104.9900
1968-10-22,104.5700
1968-10-24,103.8400
1968-10-25,104.2000
1968-10-28,103.9000
1968-10-29,103.8000
1968-10-31,103.4100
1968-11-01,103.0600
1968-11-04,103.1000
1968-11-06,103.2700
1968-11-07,103.5000
1968-11-08,103.9500
1968-11-12,104.6200
1968-11-13,105.1300
1968-11-14,105.2000
1968-11-15,105.7800
1968-11-18,105.9200
1968-11-19,106.1400
1968-11-21,105.9700
1968-11-22,106.3000
1968-11-25,106.4800
1968-11-26,107.2600
1968-11-27,107.7600
1968-11-29,108.3700
1968-12-02,108.1200
1968-12-03,108.0200
1968-12-05,107.6700
1968-12-06,107.9300
1968-12-09,107.6600
1968-12-10,107.3900
1968-12-12,107.3200
1968-12-13,107.5800
1968-12-16,107.1000
1968-12-17,106.6600
1968-12-19,106.9700
1968-12-20,106.3400
1968-12-23,105.2100
1968-12-24,105.0400
1968-12-26,105.1500
1968-12-27,104.7400
1968-12-30,103.8000
1968-12-31,103.8600
1969-01-02,103.9300
1969-01-03,103.9900
1969-01-06,102.4700
1969-01-07,101.2200
1969-01-08,100.8000
1969-01-09,101.2200
1969-01-10,100.9300
1969-01-13,100.4400
1969-01-14,101.1300
1969-01-15,101.6200
1969-01-16,102.1800
1969-01-17,102.0300
1969-01-20,101.6900
1969-01-21,101.6300
1969-01-22,101.9800
1969-01-23,102.4300
1969-01-24,102.3800
1969-01-27,102.4000
1969-01-28,102.4100
1969-01-29,102.5100
1969-01-30,102.5500
1969-01-31,103.0100
1969-02-03,102.8900
1969-02-04,102.9200
1969-02-05,103.2000
1969-02-06,103.5400
1969-02-07,103.5300
1969-02-11,103.6500
1969-02-12,103.6300
1969-02-13,103.7100
1969-02-14,103.6100
1969-02-17,102.4400
1969-02-18,101.4000
1969-02-19,100.6500
1969-02-20,99.9700
1969-02-24,98.6000
1969-02-25,97.9800
1969-02-26,98.4500
1969-02-27,98.1400
1969-02-28,98.1300
1969-03-03,98.3800
1969-03-04,99.3200
1969-03-05,99.7100
1969-03-06,98.7000
1969-03-07,98.6500
1969-03-10,98.9900
1969-03-11,99.3200
1969-03-12,99.0500
1969-03-13,98.3900
1969-03-14,98.0000
1969-03-17,98.2500
1969-03-18,98.4900
1969-03-19,99.2100
1969-03-20,99.8400
1969-03-21,99.6300
1969-03-24,99.5000
1969-03-25,99.6600
1969-03-26,100.3900
1969-03-27,101.1000
1969-03-28,101.5100
1969-04-01,101.4200
1969-04-02,100.7800
1969-04-03,100.6800
1969-04-07,99.8900
1969-04-08,100.1400
1969-04-09,101.0200
1969-04-10,101.5500
1969-04-11,101.6500
1969-04-14,101.5700
1969-04-15,101.5300
1969-04-16,100.6300
1969-04-17,100.7800
1969-04-18,101.2400
1969-04-21,100.5600
1969-04-22,100.7800
1969-04-23,100.8000
1969-04-24,101.2700
1969-04-25,101.7200
1969-04-28,102.0300
1969-04-29,102.7900
1969-04-30,103.6900
1969-05-01,103.5100
1969-05-02,104.0000
1969-05-05,104.3700
1969-05-06,104.8600
1969-05-07,104.6700
1969-05-08,105.1000
1969-05-09,105.0500
1969-05-12,104.8900
1969-05-13,105.3400
1969-05-14,106.1600
1969-05-15,105.8500
1969-05-16,105.9400
1969-05-19,104.9700
1969-05-20,104.0400
1969-05-21,104.4700
1969-05-22,104.6000
1969-05-23,104.5900
1969-05-26,104.3600
1969-05-27,103.5700
1969-05-28,103.2600
1969-05-29,103.4600
1969-06-02,102.9400
1969-06-03,102.6300
1969-06-04,102.5900
1969-06-05,102.7600
1969-06-06,102.1200
1969-06-09,101.2000
1969-06-10,100.4200
1969-06-11,99.0500
1969-06-12,98.2600
1969-06-13,98.6500
1969-06-16,98.3200
1969-06-17,97.9500
1969-06-18,97.8100
1969-06-19,97.2400
1969-06-20,96.6700
1969-06-23,96.2300
1969-06-24,97.3200
1969-06-25,97.0100
1969-06-26,97.2500
1969-06-27,97.3300
1969-06-30,97.7100
1969-07-01,98.0800
1969-07-02,98.9400
1969-07-03,99.6100
1969-07-07,99.0300
1969-07-08,97.6300
1969-07-09,96.8800
1969-07-10,95.3800
1969-07-11,95.7700
1969-07-14,94.5500
1969-07-15,94.2400
1969-07-16,95.1800
1969-07-17,95.7600
1969-07-18,94.9500
1969-07-22,93.5200
1969-07-23,93.1200
1969-07-24,92.8000
1969-07-25,92.0600
1969-07-28,90.2100
1969-07-29,89.4800
1969-07-30,89.9300
1969-07-31,91.8300
1969-08-01,93.4700
1969-08-04,92.9900
1969-08-05,93.4100
1969-08-06,93.9200
1969-08-07,93.9900
1969-08-08,93.9400
1969-08-11,93.3600
1969-08-12,92.6300
1969-08-13,92.7000
1969-08-14,93.3400
1969-08-15,94.0000
1969-08-18,94.5700
1969-08-19,95.0700
1969-08-20,95.0700
1969-08-21,95.3500
1969-08-22,95.9200
1969-08-25,94.9300
1969-08-26,94.3000
1969-08-27,94.4900
1969-08-28,94.8900
1969-08-29,95.5100
1969-09-02,95.5400
1969-09-03,94.9800
1969-09-04,94.2000
1969-09-05,93.6400
1969-09-08,92.7000
1969-09-09,93.3800
1969-09-10,94.9500
1969-09-11,94.2200
1969-09-12,94.1300
1969-09-15,94.8700
1969-09-16,94.9500
1969-09-17,94.7600
1969-09-18,94.9000
1969-09-19,95.1900
1969-09-22,95.6300
1969-09-23,95.6300
1969-09-24,95.5000
1969-09-25,94.7700
1969-09-26,94.1600
1969-09-29,93.4100
1969-09-30,93.1200
1969-10-01,92.5200
1969-10-02,93.2400
1969-10-03,93.1900
1969-10-06,93.3600
1969-10-07,93.0900
1969-10-08,92.6700
1969-10-09,93.0300
1969-10-10,93.5600
1969-10-13,94.9500
1969-10-14,95.7000
1969-10-15,95.7200
1969-10-16,96.3700
1969-10-17,96.2500
1969-10-20,96.4600
1969-10-21,97.2000
1969-10-22,97.8300
1969-10-23,97.4600
1969-10-24,98.1200
1969-10-27,97.9400
1969-10-28,97.6600
1969-10-29,96.8100
1969-10-30,96.9300
1969-10-31,97.2400
1969-11-03,97.1500
1969-11-04,97.2100
1969-11-05,97.6400
1969-11-06,97.6700
1969-11-07,98.2600
1969-11-10,98.3300
1969-11-11,98.0700
1969-11-12,97.8900
1969-11-13,97.4200
1969-11-14,97.0700
1969-11-17,96.4100
1969-11-18,96.3900
1969-11-19,95.9000
1969-11-20,94.9100
1969-11-21,94.3200
1969-11-24,93.2400
1969-11-25,92.9400
1969-11-26,93.2700
1969-11-28,93.8100
1969-12-01,93.2200
1969-12-02,92.6500
1969-12-03,91.6500
1969-12-04,91.9500
1969-12-05,91.7300
1969-12-08,90.6300
1969-12-09,90.5500
1969-12-10,90.4800
1969-12-11,90.5200
1969-12-12,90.8100
1969-12-15,90.5400
1969-12-16,89.7200
1969-12-17,89.2000
1969-12-18,90.6100
1969-12-19,91.3800
1969-12-22,90.5800
1969-12-23,90.2300
1969-12-24,91.1800
1969-12-26,91.8900
1969-12-29,91.2500
1969-12-30,91.6000
1969-12-31,92.0600
1970-01-02,93.0000
1970-01-05,93.4600
1970-01-06,92.8200
1970-01-07,92.6300
1970-01-08,92.6800
1970-01-09,92.4000
1970-01-12,91.7000
1970-01-13,91.7900
1970-01-14,91.6500
1970-01-15,91.6800
1970-01-16,90.9200
1970-01-19,89.6500
1970-01-20,89.8300
1970-01-21,89.9100
1970-01-22,89.9500
1970-01-23,89.0700
1970-01-26,88.1700
1970-01-27,87.6200
1970-01-28,86.7900
1970-01-29,85.6900
1970-01-30,85.0200
1970-02-02,85.7500
1970-02-03,86.7700
1970-02-04,86.2400
1970-02-05,85.9000
1970-02-06,86.3300
1970-02-09,87.0100
1970-02-10,86.1000
1970-02-11,86.9400
1970-02-12,86.7300
1970-02-13,86.5400
1970-02-16,86.4700
1970-02-17,86.3700
1970-02-18,87.4400
1970-02-19,87.7600
1970-02-20,88.0300
1970-02-24,87.9900
1970-02-25,89.3500
1970-02-26,88.9000
1970-02-27,89.5000
1970-03-02,89.7100
1970-03-03,90.2300
1970-03-04,90.0400
1970-03-05,90.0000
1970-03-06,89.4400
1970-03-09,88.5100
1970-03-10,88.7500
1970-03-11,88.6900
1970-03-12,88.3300
1970-03-13,87.8600
1970-03-16,86.9100
1970-03-17,87.2900
1970-03-18,87.5400
1970-03-19,87.4200
1970-03-20,87.0600
1970-03-23,86.9900
1970-03-24,87.9800
1970-03-25,89.7700
1970-03-26,89.9200
1970-03-30,89.6300
1970-03-31,89.6300
1970-04-01,90.0700
1970-04-02,89.7900
1970-04-03,89.3900
1970-04-06,88.7600
1970-04-07,88.5200
1970-04-08,88.4900
1970-04-09,88.5300
1970-04-10,88.2400
1970-04-13,87.6400
1970-04-14,86.8900
1970-04-15,86.7300
1970-04-16,85.8800
1970-04-17,85.6700
1970-04-20,85.8300
1970-04-21,85.3800
1970-04-22,84.2700
1970-04-23,83.0400
1970-04-24,82.7700
1970-04-27,81.4600
1970-04-28,80.2700
1970-04-29,81.8100
1970-04-30,81.5200
1970-05-01,81.4400
1970-05-04,79.0000
1970-05-05,78.6000
1970-05-06,79.4700
1970-05-07,79.8300
1970-05-08,79.4400
1970-05-11,78.6000
1970-05-12,77.8500
1970-05-13,76.5300
1970-05-14,75.4400
1970-05-15,76.9000
1970-05-18,76.9600
1970-05-19,75.4600
1970-05-20,73.5200
1970-05-21,72.1600
1970-05-22,72.2500
1970-05-25,70.2500
1970-05-26,69.2900
1970-05-27,72.7700
1970-05-28,74.6100
1970-05-29,76.5500
1970-06-01,77.8400
1970-06-02,77.8400
1970-06-03,78.5200
1970-06-04,77.3600
1970-06-05,76.1700
1970-06-08,76.0000
1970-06-09,76.2500
1970-06-10,75.4800
1970-06-11,74.4500
1970-06-12,74.2100
1970-06-15,74.3800
1970-06-16,76.1500
1970-06-17,76.0000
1970-06-18,76.5100
1970-06-19,77.0500
1970-06-22,76.6400
1970-06-23,74.7600
1970-06-24,73.9700
1970-06-25,74.0200
1970-06-26,73.4700
1970-06-29,72.8900
1970-06-30,72.7200
1970-07-01,73.0400
1970-07-02,72.9200
1970-07-06,71.7800
1970-07-07,71.2300
1970-07-08,73.0000
1970-07-09,74.0600
1970-07-10,74.5700
1970-07-13,74.4800
1970-07-14,74.4200
1970-07-15,75.2300
1970-07-16,76.3400
1970-07-17,77.6900
1970-07-20,77.7200
1970-07-21,76.9800
1970-07-22,77.0300
1970-07-23,78.0000
1970-07-24,77.8200
1970-07-27,77.6500
1970-07-28,77.7700
1970-07-29,78.0400
1970-07-30,78.0700
1970-07-31,78.0500
1970-08-03,77.0200
1970-08-04,77.1900
1970-08-05,77.1800
1970-08-06,77.0800
1970-08-07,77.2800
1970-08-10,76.2000
1970-08-11,75.8200
1970-08-12,75.4200
1970-08-13,74.7600
1970-08-14,75.1800
1970-08-17,75.3300
1970-08-18,76.2000
1970-08-19,76.9600
1970-08-20,77.6400
1970-08-21,79.2400
1970-08-24,80.9900
1970-08-25,81.1200
1970-08-26,81.2100
1970-08-27,81.0800
1970-08-28,81.8600
1970-08-31,81.5200
1970-09-01,80.9500
1970-09-02,80.9600
1970-09-03,82.0900
1970-09-04,82.8300
1970-09-08,83.0400
1970-09-09,82.7900
1970-09-10,82.3000
1970-09-11,82.5200
1970-09-14,82.0700
1970-09-15,81.3600
1970-09-16,81.7900
1970-09-17,82.2900
1970-09-18,82.6200
1970-09-21,81.9100
1970-09-22,81.6600
1970-09-23,82.8300
1970-09-24,83.9100
1970-09-25,83.9700
1970-09-28,83.8600
1970-09-29,84.3000
1970-09-30,84.2100
1970-10-01,84.3200
1970-10-02,85.1600
1970-10-05,86.4700
1970-10-06,86.8500
1970-10-07,86.8900
1970-10-08,85.9500
1970-10-09,85.0800
1970-10-12,84.1700
1970-10-13,84.0600
1970-10-14,84.1900
1970-10-15,84.6500
1970-10-16,84.2800
1970-10-19,83.1500
1970-10-20,83.6400
1970-10-21,83.6600
1970-10-22,83.3800
1970-10-23,83.7700
1970-10-26,83.3100
1970-10-27,83.1200
1970-10-28,83.4300
1970-10-29,83.3600
1970-10-30,83.2500
1970-11-02,83.5100
1970-11-03,84.2200
1970-11-04,84.3900
1970-11-05,84.1000
1970-11-06,84.2200
1970-11-09,84.6700
1970-11-10,84.7900
1970-11-11,85.0300
1970-11-12,84.1500
1970-11-13,83.3700
1970-11-16,83.2400
1970-11-17,83.3400
1970-11-18,82.7900
1970-11-19,82.9100
1970-11-20,83.7200
1970-11-23,84.2400
1970-11-24,84.7800
1970-11-25,85.0900
1970-11-27,85.9300
1970-11-30,87.2000
1970-12-01,87.4700
1970-12-02,88.4800
1970-12-03,88.9000
1970-12-04,89.4600
1970-12-07,89.9400
1970-12-08,89.4700
1970-12-09,89.5400
1970-12-10,89.9200
1970-12-11,90.2600
1970-12-14,89.8000
1970-12-15,89.6600
1970-12-16,89.7200
1970-12-17,90.0400
1970-12-18,90.2200
1970-12-21,89.9400
1970-12-22,90.0400
1970-12-23,90.1000
1970-12-24,90.6100
1970-12-28,91.0900
1970-12-29,92.0800
1970-12-30,92.2700
1970-12-31,92.1500
1971-01-04,91.1500
1971-01-05,91.8000
1971-01-06,92.3500
1971-01-07,92.3800
1971-01-08,92.1900
1971-01-11,91.9800
1971-01-12,92.7200
1971-01-13,92.5600
1971-01-14,92.8000
1971-01-15,93.0300
1971-01-18,93.4100
1971-01-19,93.7600
1971-01-20,93.7800
1971-01-21,94.1900
1971-01-22,94.8800
1971-01-25,95.2800
1971-01-26,95.5900
1971-01-27,94.8900
1971-01-28,95.2100
1971-01-29,95.8800
1971-02-01,96.4200
1971-02-02,96.4300
1971-02-03,96.6300
1971-02-04,96.6200
1971-02-05,96.9300
1971-02-08,97.4500
1971-02-09,97.5100
1971-02-10,97.3900
1971-02-11,97.9100
1971-02-12,98.4300
1971-02-16,98.6600
1971-02-17,98.2000
1971-02-18,97.5600
1971-02-19,96.7400
1971-02-22,95.7200
1971-02-23,96.0900
1971-02-24,96.7300
1971-02-25,96.9200
1971-02-26,96.7500
1971-03-01,97.0000
1971-03-02,96.9800
1971-03-03,96.9500
1971-03-04,97.9200
1971-03-05,98.9600
1971-03-08,99.3800
1971-03-09,99.4600
1971-03-10,99.3000
1971-03-11,99.3900
1971-03-12,99.5700
1971-03-15,100.7100
1971-03-16,101.2100
1971-03-17,101.1200
1971-03-18,101.1900
1971-03-19,101.0100
1971-03-22,100.6200
1971-03-23,100.2800
1971-03-24,99.6200
1971-03-25,99.6100
1971-03-26,99.9500
1971-03-29,100.0300
1971-03-30,100.2600
1971-03-31,100.3100
1971-04-01,100.3900
1971-04-02,100.5600
1971-04-05,100.7900
1971-04-06,101.5100
1971-04-07,101.9800
1971-04-08,102.1000
1971-04-12,102.8800
1971-04-13,102.9800
1971-04-14,103.3700
1971-04-15,103.5200
1971-04-16,103.4900
1971-04-19,104.0100
1971-04-20,103.6100
1971-04-21,103.3600
1971-04-22,103.5600
1971-04-23,104.0500
1971-04-26,103.9400
1971-04-27,104.3900
1971-04-28,104.7700
1971-04-29,104.6300
1971-04-30,103.9500
1971-05-03,103.2900
1971-05-04,103.7900
1971-05-05,103.7800
1971-05-06,103.2300
1971-05-07,102.8700
1971-05-10,102.3600
1971-05-11,102.6200
1971-05-12,102.9000
1971-05-13,102.6900
1971-05-14,102.2100
1971-05-17,100.6900
1971-05-18,100.8300
1971-05-19,101.0700
1971-05-20,101.3100
1971-05-21,100.9900
1971-05-24,100.1300
1971-05-25,99.4700
1971-05-26,99.5900
1971-05-27,99.4000
1971-05-28,99.6300
1971-06-01,100.2000
1971-06-02,100.9600
1971-06-03,101.0100
1971-06-04,101.3000
1971-06-07,101.1400
1971-06-08,100.3200
1971-06-09,100.2900
1971-06-10,100.6400
1971-06-11,101.0700
1971-06-14,100.2200
1971-06-15,100.3200
1971-06-16,100.5200
1971-06-17,100.5000
1971-06-18,98.9700
1971-06-21,97.8700
1971-06-22,97.5900
1971-06-23,98.4100
1971-06-24,98.1700
1971-06-25,97.9900
1971-06-28,97.7400
1971-06-29,98.8200
1971-06-30,99.7000
1971-07-01,99.7800
1971-07-02,99.7800
1971-07-06,99.7600
1971-07-07,100.0400
1971-07-08,100.3400
1971-07-09,100.6900
1971-07-12,100.8200
1971-07-13,99.5000
1971-07-14,99.2200
1971-07-15,99.2800
1971-07-16,99.1100
1971-07-19,98.9300
1971-07-20,99.3200
1971-07-21,99.2800
1971-07-22,99.1100
1971-07-23,98.9400
1971-07-26,98.6700
1971-07-27,97.7800
1971-07-28,97.0700
1971-07-29,96.0200
1971-07-30,95.5800
1971-08-02,95.9600
1971-08-03,94.5100
1971-08-04,93.8900
1971-08-05,94.0900
1971-08-06,94.2500
1971-08-09,93.5300
1971-08-10,93.5400
1971-08-11,94.6600
1971-08-12,96.0000
1971-08-13,95.6900
1971-08-16,98.7600
1971-08-17,99.9900
1971-08-18,98.6000
1971-08-19,98.1600
1971-08-20,98.3300
1971-08-23,99.3400
1971-08-24,100.4000
1971-08-25,100.4100
1971-08-26,100.2400
1971-08-27,100.4800
1971-08-30,99.5200
1971-08-31,99.0300
1971-09-01,99.0700
1971-09-02,99.2900
1971-09-03,100.6900
1971-09-07,101.1500
1971-09-08,101.3400
1971-09-09,100.8000
1971-09-10,100.4200
1971-09-13,100.0700
1971-09-14,99.3400
1971-09-15,99.7700
1971-09-16,99.6600
1971-09-17,99.9600
1971-09-20,99.6800
1971-09-21,99.3400
1971-09-22,98.4700
1971-09-23,98.3800
1971-09-24,98.1500
1971-09-27,97.6200
1971-09-28,97.8800
1971-09-29,97.9000
1971-09-30,98.3400
1971-10-01,98.9300
1971-10-04,99.2100
1971-10-05,99.1100
1971-10-06,99.8200
1971-10-07,100.0200
1971-10-08,99.3600
1971-10-11,99.1600
1971-10-12,99.5700
1971-10-13,99.0300
1971-10-14,98.1300
1971-10-15,97.7900
1971-10-18,97.3500
1971-10-19,97.0000
1971-10-20,95.6500
1971-10-21,95.6000
1971-10-22,95.5100
1971-10-25,95.1000
1971-10-26,94.7400
1971-10-27,93.7900
1971-10-28,93.9600
1971-10-29,94.2300
1971-11-01,92.8000
1971-11-02,93.1800
1971-11-03,94.9100
1971-11-04,94.7900
1971-11-05,94.4600
1971-11-08,94.3900
1971-11-09,94.4600
1971-11-10,93.4100
1971-11-11,92.1200
1971-11-12,92.1200
1971-11-15,91.8100
1971-11-16,92.7100
1971-11-17,92.8500
1971-11-18,92.1300
1971-11-19,91.6100
1971-11-22,90.7900
1971-11-23,90.1600
1971-11-24,90.3300
1971-11-26,91.9400
1971-11-29,93.4100
1971-11-30,93.9900
1971-12-01,95.5400
1971-12-02,95.8400
1971-12-03,97.0600
1971-12-06,96.5100
1971-12-07,96.8700
1971-12-08,96.9200
1971-12-09,96.9600
1971-12-10,97.6900
1971-12-13,97.9100
1971-12-14,97.6700
1971-12-15,98.5400
1971-12-16,99.7400
1971-12-17,100.2600
1971-12-20,101.5500
1971-12-21,101.8000
1971-12-22,101.1800
1971-12-23,100.7400
1971-12-27,100.9500
1971-12-28,101.9500
1971-12-29,102.2100
1971-12-30,101.7800
1971-12-31,102.0900
1972-01-03,101.6700
1972-01-04,102.0900
1972-01-05,103.0700
1972-01-06,103.5100
1972-01-07,103.4700
1972-01-10,103.3200
1972-01-11,103.6500
1972-01-12,103.5900
1972-01-13,102.9900
1972-01-14,103.3900
1972-01-17,103.7000
1972-01-18,104.0500
1972-01-19,103.8800
1972-01-20,103.8800
1972-01-21,103.6500
1972-01-24,102.5700
1972-01-25,102.7800
1972-01-26,102.5000
1972-01-27,103.5000
1972-01-28,104.1600
1972-01-31,103.9400
1972-02-01,104.0100
1972-02-02,104.6800
1972-02-03,104.6400
1972-02-04,104.8600
1972-02-07,104.5400
1972-02-08,104.7400
1972-02-09,105.5500
1972-02-10,105.5900
1972-02-11,105.0800
1972-02-14,104.5900
1972-02-15,105.0300
1972-02-16,105.6200
1972-02-17,105.5900
1972-02-18,105.2800
1972-02-22,105.2900
1972-02-23,105.3800
1972-02-24,105.4500
1972-02-25,106.1800
1972-02-28,106.1900
1972-02-29,106.5700
1972-03-01,107.3500
1972-03-02,107.3200
1972-03-03,107.9400
1972-03-06,108.7700
1972-03-07,108.8700
1972-03-08,108.9600
1972-03-09,108.9400
1972-03-10,108.3700
1972-03-13,107.3300
1972-03-14,107.6100
1972-03-15,107.7500
1972-03-16,107.5000
1972-03-17,107.9200
1972-03-20,107.5900
1972-03-21,106.6900
1972-03-22,106.8400
1972-03-23,107.7500
1972-03-24,107.5200
1972-03-27,107.3000
1972-03-28,107.1700
1972-03-29,106.4900
1972-03-30,107.2000
1972-04-03,107.4800
1972-04-04,108.1200
1972-04-05,109.0000
1972-04-06,109.4200
1972-04-07,109.6200
1972-04-10,109.4500
1972-04-11,109.7600
1972-04-12,110.1800
1972-04-13,109.9100
1972-04-14,109.8400
1972-04-17,109.5100
1972-04-18,109.7700
1972-04-19,109.2000
1972-04-20,109.0400
1972-04-21,108.8900
1972-04-24,108.1900
1972-04-25,107.1200
1972-04-26,106.8900
1972-04-27,107.0500
1972-04-28,107.6700
1972-05-01,106.6900
1972-05-02,106.0800
1972-05-03,105.9900
1972-05-04,106.2500
1972-05-05,106.6300
1972-05-08,106.1400
1972-05-09,104.7400
1972-05-10,105.4200
1972-05-11,105.7700
1972-05-12,106.3800
1972-05-15,106.8600
1972-05-16,106.6600
1972-05-17,106.8900
1972-05-18,107.9400
1972-05-19,108.9800
1972-05-22,109.6900
1972-05-23,109.7800
1972-05-24,110.3100
1972-05-25,110.4600
1972-05-26,110.6600
1972-05-30,110.3500
1972-05-31,109.5300
1972-06-01,109.6900
1972-06-02,109.7300
1972-06-05,108.8200
1972-06-06,108.2100
1972-06-07,107.6500
1972-06-08,107.2800
1972-06-09,106.8600
1972-06-12,107.0100
1972-06-13,107.5500
1972-06-14,108.3900
1972-06-15,108.4400
1972-06-16,108.3600
1972-06-19,108.1100
1972-06-20,108.5600
1972-06-21,108.7900
1972-06-22,108.6800
1972-06-23,108.2700
1972-06-26,107.4800
1972-06-27,107.3700
1972-06-28,107.0200
1972-06-29,106.8200
1972-06-30,107.1400
1972-07-03,107.4900
1972-07-05,108.1000
1972-07-06,109.0400
1972-07-07,108.6900
1972-07-10,108.1100
1972-07-11,107.3200
1972-07-12,106.8900
1972-07-13,106.2800
1972-07-14,106.8000
1972-07-17,105.8800
1972-07-18,105.8300
1972-07-19,106.1400
1972-07-20,105.8100
1972-07-21,106.6600
1972-07-24,107.9200
1972-07-25,107.6000
1972-07-26,107.5300
1972-07-27,107.2800
1972-07-28,107.3800
1972-07-31,107.3900
1972-08-01,108.4000
1972-08-02,109.2900
1972-08-03,110.1400
1972-08-04,110.4300
1972-08-07,110.6100
1972-08-08,110.6900
1972-08-09,110.8600
1972-08-10,111.0500
1972-08-11,111.9500
1972-08-14,112.5500
1972-08-15,112.0600
1972-08-16,111.6600
1972-08-17,111.3400
1972-08-18,111.7600
1972-08-21,111.7200
1972-08-22,112.4100
1972-08-23,112.2600
1972-08-24,111.0200
1972-08-25,110.6700
1972-08-28,110.2300
1972-08-29,110.4100
1972-08-30,110.5700
1972-08-31,111.0900
1972-09-01,111.5100
1972-09-05,111.2300
1972-09-06,110.5500
1972-09-07,110.2900
1972-09-08,110.1500
1972-09-11,109.5100
1972-09-12,108.4700
1972-09-13,108.9000
1972-09-14,108.9300
1972-09-15,108.8100
1972-09-18,108.6100
1972-09-19,108.5500
1972-09-20,108.6000
1972-09-21,108.4300
1972-09-22,108.5200
1972-09-25,108.0500
1972-09-26,108.1700
1972-09-27,109.6600
1972-09-28,110.3500
1972-09-29,110.5500
1972-10-02,110.1600
1972-10-03,110.3000
1972-10-04,110.0900
1972-10-05,108.8900
1972-10-06,109.6200
1972-10-09,109.9000
1972-10-10,109.9900
1972-10-11,109.5000
1972-10-12,108.6000
1972-10-13,107.9200
1972-10-16,106.7700
1972-10-17,107.5000
1972-10-18,108.1900
1972-10-19,108.0500
1972-10-20,109.2400
1972-10-23,110.3500
1972-10-24,110.8100
1972-10-25,110.7200
1972-10-26,110.9900
1972-10-27,110.6200
1972-10-30,110.5900
1972-10-31,111.5800
1972-11-01,112.6700
1972-11-02,113.2300
1972-11-03,114.2200
1972-11-06,113.9800
1972-11-08,113.3500
1972-11-09,113.5000
1972-11-10,113.7300
1972-11-13,113.9000
1972-11-14,114.9500
1972-11-15,114.5000
1972-11-16,115.1300
1972-11-17,115.4900
1972-11-20,115.5300
1972-11-21,116.2100
1972-11-22,116.9000
1972-11-24,117.2700
1972-11-27,116.7200
1972-11-28,116.4700
1972-11-29,116.5200
1972-11-30,116.6700
1972-12-01,117.3800
1972-12-04,117.7700
1972-12-05,117.5800
1972-12-06,118.0100
1972-12-07,118.6000
1972-12-08,118.8600
1972-12-11,119.1200
1972-12-12,118.6600
1972-12-13,118.5600
1972-12-14,118.2400
1972-12-15,118.2600
1972-12-18,116.9000
1972-12-19,116.3400
1972-12-20,115.9500
1972-12-21,115.1100
1972-12-22,115.8300
1972-12-26,116.3000
1972-12-27,116.9300
1972-12-29,118.0500
1973-01-02,119.1000
1973-01-03,119.5700
1973-01-04,119.4000
1973-01-05,119.8700
1973-01-08,119.8500
1973-01-09,119.7300
1973-01-10,119.4300
1973-01-11,120.2400
1973-01-12,119.3000
1973-01-15,118.4400
1973-01-16,118.1400
1973-01-17,118.6800
1973-01-18,118.8500
1973-01-19,118.7800
1973-01-22,118.2100
1973-01-23,118.2200
1973-01-24,116.7300
1973-01-26,116.4500
1973-01-29,116.0100
1973-01-30,115.8300
1973-01-31,116.0300
1973-02-01,114.7600
1973-02-02,114.3500
1973-02-05,114.2300
1973-02-06,114.4500
1973-02-07,113.6600
1973-02-08,113.1600
1973-02-09,114.6800
1973-02-12,116.0600
1973-02-13,116.7800
1973-02-14,115.1000
1973-02-15,114.4500
1973-02-16,114.9800
1973-02-20,115.4000
1973-02-21,114.6900
1973-02-22,114.4400
1973-02-23,113.1600
1973-02-26,112.1900
1973-02-27,110.9000
1973-02-28,111.6800
1973-03-01,111.0500
1973-03-02,112.2800
1973-03-05,112.6800
1973-03-06,114.1000
1973-03-07,114.4500
1973-03-08,114.2300
1973-03-09,113.7900
1973-03-12,113.8600
1973-03-13,114.4800
1973-03-14,114.9800
1973-03-15,114.1200
1973-03-16,113.5400
1973-03-19,112.1700
1973-03-20,111.9500
1973-03-21,110.4900
1973-03-22,108.8400
1973-03-23,108.8800
1973-03-26,109.8400
1973-03-27,111.5600
1973-03-28,111.6200
1973-03-29,112.7100
1973-03-30,111.5200
1973-04-02,110.1800
1973-04-03,109.2400
1973-04-04,108.7700
1973-04-05,108.5200
1973-04-06,109.2800
1973-04-09,110.8600
1973-04-10,112.2100
1973-04-11,112.6800
1973-04-12,112.5800
1973-04-13,112.0800
1973-04-16,111.4400
1973-04-17,110.9400
1973-04-18,111.5400
1973-04-19,112.1700
1973-04-23,111.5700
1973-04-24,109.9900
1973-04-25,108.3400
1973-04-26,108.8900
1973-04-27,107.2300
1973-04-30,106.9700
1973-05-01,107.1000
1973-05-02,108.4300
1973-05-03,110.2200
1973-05-04,111.0000
1973-05-07,110.5300
1973-05-08,111.2500
1973-05-09,110.4400
1973-05-10,109.5400
1973-05-11,108.1700
1973-05-14,105.9000
1973-05-15,106.5700
1973-05-16,106.4300
1973-05-17,105.5600
1973-05-18,103.8600
1973-05-21,102.7300
1973-05-22,103.5800
1973-05-23,104.0700
1973-05-24,107.1400
1973-05-25,107.9400
1973-05-29,107.5100
1973-05-30,105.9100
1973-05-31,104.9500
1973-06-01,103.9300
1973-06-04,102.9700
1973-06-05,104.6200
1973-06-06,104.3100
1973-06-07,105.8400
1973-06-08,107.0300
1973-06-11,106.7000
1973-06-12,108.2900
1973-06-13,107.6000
1973-06-14,106.4000
1973-06-15,105.1000
1973-06-18,103.6000
1973-06-19,103.9900
1973-06-20,104.4400
1973-06-21,103.2100
1973-06-22,103.7000
1973-06-25,102.2500
1973-06-26,103.3000
1973-06-27,103.6200
1973-06-28,104.6900
1973-06-29,104.2600
1973-07-02,102.9000
1973-07-03,101.8700
1973-07-05,101.7800
1973-07-06,101.2800
1973-07-09,102.1400
1973-07-10,103.5200
1973-07-11,105.8000
1973-07-12,105.5000
1973-07-13,104.0900
1973-07-16,105.6700
1973-07-17,105.7200
1973-07-18,106.3500
1973-07-19,106.5500
1973-07-20,107.1400
1973-07-23,107.5200
1973-07-24,108.1400
1973-07-25,109.6400
1973-07-26,109.8500
1973-07-27,109.5900
1973-07-30,109.2500
1973-07-31,108.2200
1973-08-01,106.8300
1973-08-02,106.6700
1973-08-03,106.4900
1973-08-06,106.7300
1973-08-07,106.5500
1973-08-08,105.5500
1973-08-09,105.6100
1973-08-10,104.7700
1973-08-13,103.7100
1973-08-14,102.7100
1973-08-15,103.0100
1973-08-16,102.2900
1973-08-17,102.3100
1973-08-20,101.6100
1973-08-21,100.8900
1973-08-22,100.5300
1973-08-23,101.9100
1973-08-24,101.6200
1973-08-27,102.4200
1973-08-28,103.0200
1973-08-29,104.0300
1973-08-30,103.8800
1973-08-31,104.2500
1973-09-04,104.5100
1973-09-05,104.6400
1973-09-06,105.1500
1973-09-07,104.7600
1973-09-10,103.8500
1973-09-11,103.2200
1973-09-12,103.0600
1973-09-13,103.3600
1973-09-14,104.4400
1973-09-17,104.1500
1973-09-18,103.7700
1973-09-19,105.8800
1973-09-20,106.7600
1973-09-21,107.2000
1973-09-24,107.3600
1973-09-25,108.0500
1973-09-26,108.8300
1973-09-27,109.0800
1973-09-28,108.4300
1973-10-01,108.2100
1973-10-02,108.7900
1973-10-03,108.7800
1973-10-04,108.4100
1973-10-05,109.8500
1973-10-08,110.2300
1973-10-09,110.1300
1973-10-10,109.2200
1973-10-11,111.0900
1973-10-12,111.4400
1973-10-15,110.0500
1973-10-16,110.1900
1973-10-17,109.9700
1973-10-18,110.0100
1973-10-19,110.2200
1973-10-22,109.1600
1973-10-23,109.7500
1973-10-24,110.2700
1973-10-25,110.5000
1973-10-26,111.3800
1973-10-29,111.1500
1973-10-30,109.3300
1973-10-31,108.2900
1973-11-01,107.6900
1973-11-02,107.0700
1973-11-05,105.5200
1973-11-06,104.9600
1973-11-07,105.8000
1973-11-08,107.0200
1973-11-09,105.3000
1973-11-12,104.4400
1973-11-13,104.3600
1973-11-14,102.4500
1973-11-15,102.4300
1973-11-16,103.8800
1973-11-19,100.7100
1973-11-20,98.6600
1973-11-21,99.7600
1973-11-23,99.4400
1973-11-26,96.5800
1973-11-27,95.7000
1973-11-28,97.6500
1973-11-29,97.3100
1973-11-30,95.9600
1973-12-03,93.9000
1973-12-04,93.5900
1973-12-05,92.1600
1973-12-06,94.4200
1973-12-07,96.5100
1973-12-10,97.9500
1973-12-11,96.0400
1973-12-12,93.5700
1973-12-13,92.3800
1973-12-14,93.2900
1973-12-17,92.7500
1973-12-18,94.7400
1973-12-19,94.8200
1973-12-20,94.5500
1973-12-21,93.5400
1973-12-24,92.9000
1973-12-26,95.7400
1973-12-27,97.7400
1973-12-28,97.5400
1973-12-31,97.5500
1974-01-02,97.6800
1974-01-03,99.8000
1974-01-04,98.9000
1974-01-07,98.0700
1974-01-08,96.1200
1974-01-09,93.4200
1974-01-10,92.3900
1974-01-11,93.6600
1974-01-14,93.4200
1974-01-15,94.2300
1974-01-16,95.6700
1974-01-17,97.3000
1974-01-18,95.5600
1974-01-21,95.4000
1974-01-22,96.5500
1974-01-23,97.0700
1974-01-24,96.8200
1974-01-25,96.6300
1974-01-28,96.0900
1974-01-29,96.0100
1974-01-30,97.0600
1974-01-31,96.5700
1974-02-01,95.3200
1974-02-04,93.2900
1974-02-05,93.0000
1974-02-06,93.2600
1974-02-07,93.3000
1974-02-08,92.3300
1974-02-11,90.6600
1974-02-12,90.9400
1974-02-13,90.9800
1974-02-14,90.9500
1974-02-15,92.2700
1974-02-19,92.1200
1974-02-20,93.4400
1974-02-21,94.7100
1974-02-22,95.3900
1974-02-25,95.0300
1974-02-26,96.0000
1974-02-27,96.4000
1974-02-28,96.2200
1974-03-01,95.5300
1974-03-04,95.5300
1974-03-05,97.3200
1974-03-06,97.9800
1974-03-07,96.9400
1974-03-08,97.7800
1974-03-11,98.8800
1974-03-12,99.1500
1974-03-13,99.7400
1974-03-14,99.6500
1974-03-15,99.2800
1974-03-18,98.0500
1974-03-19,97.2300
1974-03-20,97.5700
1974-03-21,97.3400
1974-03-22,97.2700
1974-03-25,97.6400
1974-03-26,97.9500
1974-03-27,96.5900
1974-03-28,94.8200
1974-03-29,93.9800
1974-04-01,93.2500
1974-04-02,93.3500
1974-04-03,94.3300
1974-04-04,94.3300
1974-04-05,93.0100
1974-04-08,92.0300
1974-04-09,92.6100
1974-04-10,92.4000
1974-04-11,92.1200
1974-04-15,92.0500
1974-04-16,93.6600
1974-04-17,94.3600
1974-04-18,94.7800
1974-04-19,93.7500
1974-04-22,93.3800
1974-04-23,91.8100
1974-04-24,90.3000
1974-04-25,89.5700
1974-04-26,90.1800
1974-04-29,90.0000
1974-04-30,90.3100
1974-05-01,92.2200
1974-05-02,92.0900
1974-05-03,91.2900
1974-05-06,91.1200
1974-05-07,91.4600
1974-05-08,91.6400
1974-05-09,92.9600
1974-05-10,91.4700
1974-05-13,90.6600
1974-05-14,90.6900
1974-05-15,90.4500
1974-05-16,89.7200
1974-05-17,88.2100
1974-05-20,87.8600
1974-05-21,87.9100
1974-05-22,87.0900
1974-05-23,87.2900
1974-05-24,88.5800
1974-05-28,88.3700
1974-05-29,86.8900
1974-05-30,87.4300
1974-05-31,87.2800
1974-06-03,89.1000
1974-06-04,90.1400
1974-06-05,90.3100
1974-06-06,91.9600
1974-06-07,92.5500
1974-06-10,93.1000
1974-06-11,92.2800
1974-06-12,92.0600
1974-06-13,92.3400
1974-06-14,91.3000
1974-06-17,90.0400
1974-06-18,89.4500
1974-06-19,88.8400
1974-06-20,88.2100
1974-06-21,87.4600
1974-06-24,87.6900
1974-06-25,88.9800
1974-06-26,87.6700
1974-06-27,86.3100
1974-06-28,86.0000
1974-07-01,86.0200
1974-07-02,84.3000
1974-07-03,84.2500
1974-07-05,83.6600
1974-07-08,81.0900
1974-07-09,81.4800
1974-07-10,79.9900
1974-07-11,79.8900
1974-07-12,83.1500
1974-07-15,83.7800
1974-07-16,82.8100
1974-07-17,83.7000
1974-07-18,83.7800
1974-07-19,83.5400
1974-07-22,83.8100
1974-07-23,84.6500
1974-07-24,84.9900
1974-07-25,83.9800
1974-07-26,82.4000
1974-07-29,80.9400
1974-07-30,80.5000
1974-07-31,79.3100
1974-08-01,78.7500
1974-08-02,78.5900
1974-08-05,79.2900
1974-08-06,80.5200
1974-08-07,82.6500
1974-08-08,81.5700
1974-08-09,80.8600
1974-08-12,79.7500
1974-08-13,78.4900
1974-08-14,76.7300
1974-08-15,76.3000
1974-08-16,75.6700
1974-08-19,74.5700
1974-08-20,74.9500
1974-08-21,73.5100
1974-08-22,72.8000
1974-08-23,71.5500
1974-08-26,72.1600
1974-08-27,70.9400
1974-08-28,70.7600
1974-08-29,69.9900
1974-08-30,72.1500
1974-09-03,70.5200
1974-09-04,68.6900
1974-09-05,70.8700
1974-09-06,71.4200
1974-09-09,69.7200
1974-09-10,69.2400
1974-09-11,68.5500
1974-09-12,66.7100
1974-09-13,65.2000
1974-09-16,66.2300
1974-09-17,67.3800
1974-09-18,67.7200
1974-09-19,70.0900
1974-09-20,70.1400
1974-09-23,69.4200
1974-09-24,68.0200
1974-09-25,67.5700
1974-09-26,66.4600
1974-09-27,64.9400
1974-09-30,63.5400
1974-10-01,63.3900
1974-10-02,63.3800
1974-10-03,62.2800
1974-10-04,62.3400
1974-10-07,64.9500
1974-10-08,64.8400
1974-10-09,67.8200
1974-10-10,69.7900
1974-10-11,71.1400
1974-10-14,72.7400
1974-10-15,71.4400
1974-10-16,70.3300
1974-10-17,71.1700
1974-10-18,72.2800
1974-10-21,73.5000
1974-10-22,73.1300
1974-10-23,71.0300
1974-10-24,70.2200
1974-10-25,70.1200
1974-10-28,70.0900
1974-10-29,72.8300
1974-10-30,74.3100
1974-10-31,73.9000
1974-11-01,73.8800
1974-11-04,73.0800
1974-11-05,75.1100
1974-11-06,74.7500
1974-11-07,75.2100
1974-11-08,74.9100
1974-11-11,75.1500
1974-11-12,73.6700
1974-11-13,73.3500
1974-11-14,73.0600
1974-11-15,71.9100
1974-11-18,69.2700
1974-11-19,68.2000
1974-11-20,67.9000
1974-11-21,68.1800
1974-11-22,68.9000
1974-11-25,68.8300
1974-11-26,69.4700
1974-11-27,69.9400
1974-11-29,69.9700
1974-12-02,68.1100
1974-12-03,67.1700
1974-12-04,67.4100
1974-12-05,66.1300
1974-12-06,65.0100
1974-12-09,65.6000
1974-12-10,67.2800
1974-12-11,67.6700
1974-12-12,67.4500
1974-12-13,67.0700
1974-12-16,66.4600
1974-12-17,67.5800
1974-12-18,67.9000
1974-12-19,67.6500
1974-12-20,66.9100
1974-12-23,65.9600
1974-12-24,66.8800
1974-12-26,67.4400
1974-12-27,67.1400
1974-12-30,67.1600
1974-12-31,68.5600
1975-01-02,70.2300
1975-01-03,70.7100
1975-01-06,71.0700
1975-01-07,71.0200
1975-01-08,70.0400
1975-01-09,71.1700
1975-01-10,72.6100
1975-01-13,72.3100
1975-01-14,71.6800
1975-01-15,72.1400
1975-01-16,72.0500
1975-01-17,70.9600
1975-01-20,71.0800
1975-01-21,70.7000
1975-01-22,71.7400
1975-01-23,72.0700
1975-01-24,72.9800
1975-01-27,75.3700
1975-01-28,76.0300
1975-01-29,77.2600
1975-01-30,76.2100
1975-01-31,76.9800
1975-02-03,77.8200
1975-02-04,77.6100
1975-02-05,78.9500
1975-02-06,78.5600
1975-02-07,78.6300
1975-02-10,78.3600
1975-02-11,78.5800
1975-02-12,79.9200
1975-02-13,81.0100
1975-02-14,81.5000
1975-02-18,80.9300
1975-02-19,81.4400
1975-02-20,82.2100
1975-02-21,82.6200
1975-02-24,81.4400
1975-02-25,79.5300
1975-02-26,80.3700
1975-02-27,80.7700
1975-02-28,81.5900
1975-03-03,83.0300
1975-03-04,83.5600
1975-03-05,82.9000
1975-03-06,83.6900
1975-03-07,84.3000
1975-03-10,84.9500
1975-03-11,84.3600
1975-03-12,83.5900
1975-03-13,83.7400
1975-03-14,84.7600
1975-03-17,86.0100
1975-03-18,85.1300
1975-03-19,84.3400
1975-03-20,83.6100
1975-03-21,83.3900
1975-03-24,81.4200
1975-03-25,82.0600
1975-03-26,83.5900
1975-03-27,83.8500
1975-03-31,83.3600
1975-04-01,82.6400
1975-04-02,82.4300
1975-04-03,81.5100
1975-04-04,80.8800
1975-04-07,80.3500
1975-04-08,80.9900
1975-04-09,82.8400
1975-04-10,83.7700
1975-04-11,84.1800
1975-04-14,85.6000
1975-04-15,86.3000
1975-04-16,86.6000
1975-04-17,87.2500
1975-04-18,86.3000
1975-04-21,87.2300
1975-04-22,87.0900
1975-04-23,86.1200
1975-04-24,86.0400
1975-04-25,86.6200
1975-04-28,86.2300
1975-04-29,85.6400
1975-04-30,87.3000
1975-05-01,88.1000
1975-05-02,89.2200
1975-05-05,90.0800
1975-05-06,88.6400
1975-05-07,89.0800
1975-05-08,89.5600
1975-05-09,90.5300
1975-05-12,90.6100
1975-05-13,91.5800
1975-05-14,92.2700
1975-05-15,91.4100
1975-05-16,90.4300
1975-05-19,90.5300
1975-05-20,90.0700
1975-05-21,89.0600
1975-05-22,89.3900
1975-05-23,90.5800
1975-05-27,90.3400
1975-05-28,89.7100
1975-05-29,89.6800
1975-05-30,91.1500
1975-06-02,92.5800
1975-06-03,92.8900
1975-06-04,92.6000
1975-06-05,92.6900
1975-06-06,92.4800
1975-06-09,91.2100
1975-06-10,90.4400
1975-06-11,90.5500
1975-06-12,90.0800
1975-06-13,90.5200
1975-06-16,91.4600
1975-06-17,90.5800
1975-06-18,90.3900
1975-06-19,92.0200
1975-06-20,92.6100
1975-06-23,93.6200
1975-06-24,94.1900
1975-06-25,94.6200
1975-06-26,94.8100
1975-06-27,94.8100
1975-06-30,95.1900
1975-07-01,94.8500
1975-07-02,94.1800
1975-07-03,94.3600
1975-07-07,93.5400
1975-07-08,93.3900
1975-07-09,94.8000
1975-07-10,94.8100
1975-07-11,94.6600
1975-07-14,95.1900
1975-07-15,95.6100
1975-07-16,94.6100
1975-07-17,93.6300
1975-07-18,93.2000
1975-07-21,92.4400
1975-07-22,91.4500
1975-07-23,90.1800
1975-07-24,90.0700
1975-07-25,89.2900
1975-07-28,88.6900
1975-07-29,88.1900
1975-07-30,88.8300
1975-07-31,88.7500
1975-08-01,87.9900
1975-08-04,87.1500
1975-08-05,86.2300
1975-08-06,86.2500
1975-08-07,86.3000
1975-08-08,86.0200
1975-08-11,86.5500
1975-08-12,87.1200
1975-08-13,85.9700
1975-08-14,85.6000
1975-08-15,86.3600
1975-08-18,86.2000
1975-08-19,84.9500
1975-08-20,83.2200
1975-08-21,83.0700
1975-08-22,84.2800
1975-08-25,85.0600
1975-08-26,83.9600
1975-08-27,84.4300
1975-08-28,86.4000
1975-08-29,86.8800
1975-09-02,85.4800
1975-09-03,86.0300
1975-09-04,86.2000
1975-09-05,85.6200
1975-09-08,85.8900
1975-09-09,84.6000
1975-09-10,83.7900
1975-09-11,83.4500
1975-09-12,83.3000
1975-09-15,82.8800
1975-09-16,82.0900
1975-09-17,82.3700
1975-09-18,84.0600
1975-09-19,85.8800
1975-09-22,85.0700
1975-09-23,84.9400
1975-09-24,85.7400
1975-09-25,85.6400
1975-09-26,86.1900
1975-09-29,85.0300
1975-09-30,83.8700
1975-10-01,82.9300
1975-10-02,83.8200
1975-10-03,85.9500
1975-10-06,86.8800
1975-10-07,86.7700
1975-10-08,87.9400
1975-10-09,88.3700
1975-10-10,88.2100
1975-10-13,89.4600
1975-10-14,89.2800
1975-10-15,89.2300
1975-10-16,89.3700
1975-10-17,88.8600
1975-10-20,89.8200
1975-10-21,90.5600
1975-10-22,90.7100
1975-10-23,91.2400
1975-10-24,89.8300
1975-10-27,89.7300
1975-10-28,90.5100
1975-10-29,89.3900
1975-10-30,89.3100
1975-10-31,89.0400
1975-11-03,88.0900
1975-11-04,88.5100
1975-11-05,89.1500
1975-11-06,89.5500
1975-11-07,89.3300
1975-11-10,89.3400
1975-11-11,89.8700
1975-11-12,91.1900
1975-11-13,91.0400
1975-11-14,90.9700
1975-11-17,91.4600
1975-11-18,91.0000
1975-11-19,89.9800
1975-11-20,89.6400
1975-11-21,89.5300
1975-11-24,89.7000
1975-11-25,90.7100
1975-11-26,90.9400
1975-11-28,91.2400
1975-12-01,90.6700
1975-12-02,89.3300
1975-12-03,87.6000
1975-12-04,87.8400
1975-12-05,86.8200
1975-12-08,87.0700
1975-12-09,87.3000
1975-12-10,88.0800
1975-12-11,87.8000
1975-12-12,87.8300
1975-12-15,88.0900
1975-12-16,88.9300
1975-12-17,89.1500
1975-12-18,89.4300
1975-12-19,88.8000
1975-12-22,88.1400
1975-12-23,88.7300
1975-12-24,89.4600
1975-12-26,90.2500
1975-12-29,90.1300
1975-12-30,89.7700
1975-12-31,90.1900
1976-01-02,90.9000
1976-01-05,92.5800
1976-01-06,93.5300
1976-01-07,93.9500
1976-01-08,94.5800
1976-01-09,94.9500
1976-01-12,96.3300
1976-01-13,95.5700
1976-01-14,97.1300
1976-01-15,96.6100
1976-01-16,97.0000
1976-01-19,98.3200
1976-01-20,98.8600
1976-01-21,98.2400
1976-01-22,98.0400
1976-01-23,99.2100
1976-01-26,99.6800
1976-01-27,99.0700
1976-01-28,98.5300
1976-01-29,100.1100
1976-01-30,100.8600
1976-02-02,100.8700
1976-02-03,101.1800
1976-02-04,101.9100
1976-02-05,100.3900
1976-02-06,99.4600
1976-02-09,99.6200
1976-02-10,100.4700
1976-02-11,100.7700
1976-02-12,100.2500
1976-02-13,99.6700
1976-02-17,99.0500
1976-02-18,99.8500
1976-02-19,101.4100
1976-02-20,102.1000
1976-02-23,101.6100
1976-02-24,102.0300
1976-02-25,101.6900
1976-02-26,100.1100
1976-02-27,99.7100
1976-03-01,100.0200
1976-03-02,100.5600
1976-03-03,99.9800
1976-03-04,98.9200
1976-03-05,99.1100
1976-03-08,100.1900
1976-03-09,100.5800
1976-03-10,100.9400
1976-03-11,101.8900
1976-03-12,100.8600
1976-03-15,99.8000
1976-03-16,100.9200
1976-03-17,100.8600
1976-03-18,100.4500
1976-03-19,100.5800
1976-03-22,100.7100
1976-03-23,102.2400
1976-03-24,103.4200
1976-03-25,102.8500
1976-03-26,102.8500
1976-03-29,102.4100
1976-03-30,102.0100
1976-03-31,102.7700
1976-04-01,102.2400
1976-04-02,102.2500
1976-04-05,103.5100
1976-04-06,103.3600
1976-04-07,102.2100
1976-04-08,101.2800
1976-04-09,100.3500
1976-04-12,100.2000
1976-04-13,101.0500
1976-04-14,100.3100
1976-04-15,100.6700
1976-04-19,101.4400
1976-04-20,102.8700
1976-04-21,103.3200
1976-04-22,102.9800
1976-04-23,102.2900
1976-04-26,102.4300
1976-04-27,101.8600
1976-04-28,102.1300
1976-04-29,102.1300
1976-04-30,101.6400
1976-05-03,100.9200
1976-05-04,101.4200
1976-05-05,100.8800
1976-05-06,101.1600
1976-05-07,101.8800
1976-05-10,103.1000
1976-05-11,102.9500
1976-05-12,102.7700
1976-05-13,102.1600
1976-05-14,101.3400
1976-05-17,101.0900
1976-05-18,101.2600
1976-05-19,101.1800
1976-05-20,102.0000
1976-05-21,101.2600
1976-05-24,99.4400
1976-05-25,99.4900
1976-05-26,99.3400
1976-05-27,99.3800
1976-05-28,100.1800
1976-06-01,99.8500
1976-06-02,100.2200
1976-06-03,100.1300
1976-06-04,99.1500
1976-06-07,98.6300
1976-06-08,98.8000
1976-06-09,98.7400
1976-06-10,99.5600
1976-06-11,100.9200
1976-06-14,101.9500
1976-06-15,101.4600
1976-06-16,102.0100
1976-06-17,103.6100
1976-06-18,103.7600
1976-06-21,104.2800
1976-06-22,103.4700
1976-06-23,103.2500
1976-06-24,103.0000
1976-06-25,103.7200
1976-06-28,103.4300
1976-06-29,103.8600
1976-06-30,104.2800
1976-07-01,103.5900
1976-07-02,104.1100
1976-07-06,103.5400
1976-07-07,103.8300
1976-07-08,103.9800
1976-07-09,104.9800
1976-07-12,105.9000
1976-07-13,105.6700
1976-07-14,105.9500
1976-07-15,105.2000
1976-07-16,104.6800
1976-07-19,104.2900
1976-07-20,103.7200
1976-07-21,103.8200
1976-07-22,103.9300
1976-07-23,104.0600
1976-07-26,104.0700
1976-07-27,103.4800
1976-07-28,103.0500
1976-07-29,102.9300
1976-07-30,103.4400
1976-08-02,103.1900
1976-08-03,104.1400
1976-08-04,104.4300
1976-08-05,103.8500
1976-08-06,103.7900
1976-08-09,103.4900
1976-08-10,104.4100
1976-08-11,104.0600
1976-08-12,104.2200
1976-08-13,104.2500
1976-08-16,104.4300
1976-08-17,104.8000
1976-08-18,104.5600
1976-08-19,103.3900
1976-08-20,102.3700
1976-08-23,101.9600
1976-08-24,101.2700
1976-08-25,102.0300
1976-08-26,101.3200
1976-08-27,101.4800
1976-08-30,102.0700
1976-08-31,102.9100
1976-09-01,104.0600
1976-09-02,103.9200
1976-09-03,104.3000
1976-09-07,105.0300
1976-09-08,104.9400
1976-09-09,104.4000
1976-09-10,104.6500
1976-09-13,104.2900
1976-09-14,103.9400
1976-09-15,104.2500
1976-09-16,105.3400
1976-09-17,106.2700
1976-09-20,106.3200
1976-09-21,107.8300
1976-09-22,107.4600
1976-09-23,106.9200
1976-09-24,106.8000
1976-09-27,107.2700
1976-09-28,105.9200
1976-09-29,105.3700
1976-09-30,105.2400
1976-10-01,104.1700
1976-10-04,104.0300
1976-10-05,103.2300
1976-10-06,102.9700
1976-10-07,103.5400
1976-10-08,102.5600
1976-10-11,101.6400
1976-10-12,100.8100
1976-10-13,102.1200
1976-10-14,100.8800
1976-10-15,100.8500
1976-10-18,101.4700
1976-10-19,101.4500
1976-10-20,101.7400
1976-10-21,100.7700
1976-10-22,99.9600
1976-10-25,100.0700
1976-10-26,101.0600
1976-10-27,101.7600
1976-10-28,101.6100
1976-10-29,102.9000
1976-11-01,103.1000
1976-11-03,101.9200
1976-11-04,102.4100
1976-11-05,100.8200
1976-11-08,99.6000
1976-11-09,99.3200
1976-11-10,98.8100
1976-11-11,99.6400
1976-11-12,99.2400
1976-11-15,99.9000
1976-11-16,100.0400
1976-11-17,100.6100
1976-11-18,101.8900
1976-11-19,101.9200
1976-11-22,102.5900
1976-11-23,101.9600
1976-11-24,102.4100
1976-11-26,103.1500
1976-11-29,102.4400
1976-11-30,102.1000
1976-12-01,102.4900
1976-12-02,102.1200
1976-12-03,102.7600
1976-12-06,103.5600
1976-12-07,103.4900
1976-12-08,104.0800
1976-12-09,104.5100
1976-12-10,104.7000
1976-12-13,104.6300
1976-12-14,105.0700
1976-12-15,105.1400
1976-12-16,104.8000
1976-12-17,104.2600
1976-12-20,103.6500
1976-12-21,104.2200
1976-12-22,104.7100
1976-12-23,104.8400
1976-12-27,106.0600
1976-12-28,106.7700
1976-12-29,106.3400
1976-12-30,106.8800
1976-12-31,107.4600
1977-01-03,107.0000
1977-01-04,105.7000
1977-01-05,104.7600
1977-01-06,105.0200
1977-01-07,105.0100
1977-01-10,105.2000
1977-01-11,104.1200
1977-01-12,103.4000
1977-01-13,104.2000
1977-01-14,104.0100
1977-01-17,103.7300
1977-01-18,103.3200
1977-01-19,103.8500
1977-01-20,102.9700
1977-01-21,103.3200
1977-01-24,103.2500
1977-01-25,103.1300
1977-01-26,102.3400
1977-01-27,101.7900
1977-01-28,101.9300
1977-01-31,102.0300
1977-02-01,102.5400
1977-02-02,102.3600
1977-02-03,101.8500
1977-02-04,101.8800
1977-02-07,101.8900
1977-02-08,101.6000
1977-02-09,100.7300
1977-02-10,100.8200
1977-02-11,100.2200
1977-02-14,100.7400
1977-02-15,101.0400
1977-02-16,101.5000
1977-02-17,100.9200
1977-02-18,100.4900
1977-02-22,100.4900
1977-02-23,100.1900
1977-02-24,99.6000
1977-02-25,99.4800
1977-02-28,99.8200
1977-03-01,100.6600
1977-03-02,100.3900
1977-03-03,100.8800
1977-03-04,101.2000
1977-03-07,101.2500
1977-03-08,100.8700
1977-03-09,100.1000
1977-03-10,100.6700
1977-03-11,100.6500
1977-03-14,101.4200
1977-03-15,101.9800
1977-03-16,102.1700
1977-03-17,102.0800
1977-03-18,101.8600
1977-03-21,101.3100
1977-03-22,101.0000
1977-03-23,100.2000
1977-03-24,99.7000
1977-03-25,99.0600
1977-03-28,99.0000
1977-03-29,99.6900
1977-03-30,98.5400
1977-03-31,98.4200
1977-04-01,99.2100
1977-04-04,98.2300
1977-04-05,98.0100
1977-04-06,97.9100
1977-04-07,98.3500
1977-04-11,98.8800
1977-04-12,100.1500
1977-04-13,100.1600
1977-04-14,101.0000
1977-04-15,101.0400
1977-04-18,100.5400
1977-04-19,100.0700
1977-04-20,100.4000
1977-04-21,99.7500
1977-04-22,98.4400
1977-04-25,97.1500
1977-04-26,97.1100
1977-04-27,97.9600
1977-04-28,98.2000
1977-04-29,98.4400
1977-05-02,98.9300
1977-05-03,99.4300
1977-05-04,99.9600
1977-05-05,100.1100
1977-05-06,99.4900
1977-05-09,99.1800
1977-05-10,99.4700
1977-05-11,98.7800
1977-05-12,98.7300
1977-05-13,99.0300
1977-05-16,99.4700
1977-05-17,99.7700
1977-05-18,100.3000
1977-05-19,99.8800
1977-05-20,99.4500
1977-05-23,98.1500
1977-05-24,97.6700
1977-05-25,96.7700
1977-05-26,97.0100
1977-05-27,96.2700
1977-05-31,96.1200
1977-06-01,96.9300
1977-06-02,96.7400
1977-06-03,97.6900
1977-06-06,97.2300
1977-06-07,97.7300
1977-06-08,98.2000
1977-06-09,98.1400
1977-06-10,98.4600
1977-06-13,98.7400
1977-06-14,99.8600
1977-06-15,99.6100
1977-06-16,99.8500
1977-06-17,99.9700
1977-06-20,100.4200
1977-06-21,100.7400
1977-06-22,100.4600
1977-06-23,100.6200
1977-06-24,101.1900
1977-06-27,100.9800
1977-06-28,100.1400
1977-06-29,100.1100
1977-06-30,100.4800
1977-07-01,100.1000
1977-07-05,100.0900
1977-07-06,99.5800
1977-07-07,99.0000
1977-07-08,99.7900
1977-07-11,99.5500
1977-07-12,99.4500
1977-07-13,99.5900
1977-07-15,100.1800
1977-07-18,100.9500
1977-07-19,101.7900
1977-07-20,101.7300
1977-07-21,101.5900
1977-07-22,101.6700
1977-07-25,100.8500
1977-07-26,100.2700
1977-07-27,98.6400
1977-07-28,98.7900
1977-07-29,98.8500
1977-08-01,99.1200
1977-08-02,98.5000
1977-08-03,98.3700
1977-08-04,98.7400
1977-08-05,98.7600
1977-08-08,97.9900
1977-08-09,98.0500
1977-08-10,98.9200
1977-08-11,98.1600
1977-08-12,97.8800
1977-08-15,98.1800
1977-08-16,97.7300
1977-08-17,97.7400
1977-08-18,97.6800
1977-08-19,97.5100
1977-08-22,97.7900
1977-08-23,97.6200
1977-08-24,97.2300
1977-08-25,96.1500
1977-08-26,96.0600
1977-08-29,96.9200
1977-08-30,96.3800
1977-08-31,96.7700
1977-09-01,96.8300
1977-09-02,97.4500
1977-09-06,97.7100
1977-09-07,98.0100
1977-09-08,97.2800
1977-09-09,96.3700
1977-09-12,96.0300
1977-09-13,96.0900
1977-09-14,96.5500
1977-09-15,96.8000
1977-09-16,96.4800
1977-09-19,95.8500
1977-09-20,95.8900
1977-09-21,95.1000
1977-09-22,95.0900
1977-09-23,95.0400
1977-09-26,95.3800
1977-09-27,95.2400
1977-09-28,95.3100
1977-09-29,95.8500
1977-09-30,96.5300
1977-10-03,96.7400
1977-10-04,96.0300
1977-10-05,95.6800
1977-10-06,96.0500
1977-10-07,95.9700
1977-10-10,95.7500
1977-10-11,94.9300
1977-10-12,94.0400
1977-10-13,93.4600
1977-10-14,93.5600
1977-10-17,93.4700
1977-10-18,93.4600
1977-10-19,92.3800
1977-10-20,92.6700
1977-10-21,92.3200
1977-10-24,91.6300
1977-10-25,91.0000
1977-10-26,92.1000
1977-10-27,92.3400
1977-10-28,92.6100
1977-10-31,92.3400
1977-11-01,91.3500
1977-11-02,90.7100
1977-11-03,90.7600
1977-11-04,91.5800
1977-11-07,92.2900
1977-11-08,92.4600
1977-11-09,92.9800
1977-11-10,94.7100
1977-11-11,95.9800
1977-11-14,95.3200
1977-11-15,95.9300
1977-11-16,95.4500
1977-11-17,95.1600
1977-11-18,95.3300
1977-11-21,95.2500
1977-11-22,96.0900
1977-11-23,96.4900
1977-11-25,96.6900
1977-11-28,96.0400
1977-11-29,94.5500
1977-11-30,94.8300
1977-12-01,94.6900
1977-12-02,94.6700
1977-12-05,94.2700
1977-12-06,92.8300
1977-12-07,92.7800
1977-12-08,92.9600
1977-12-09,93.6500
1977-12-12,93.6300
1977-12-13,93.5600
1977-12-14,94.0300
1977-12-15,93.5500
1977-12-16,93.4000
1977-12-19,92.6900
1977-12-20,92.5000
1977-12-21,93.0500
1977-12-22,93.8000
1977-12-23,94.6900
1977-12-27,94.6900
1977-12-28,94.7500
1977-12-29,94.9400
1977-12-30,95.1000
1978-01-03,93.8200
1978-01-04,93.5200
1978-01-05,92.7400
1978-01-06,91.6200
1978-01-09,90.6400
1978-01-10,90.1700
1978-01-11,89.7400
1978-01-12,89.8200
1978-01-13,89.6900
1978-01-16,89.4300
1978-01-17,89.8800
1978-01-18,90.5600
1978-01-19,90.0900
1978-01-20,89.8900
1978-01-23,89.2400
1978-01-24,89.2500
1978-01-25,89.3900
1978-01-26,88.5800
1978-01-27,88.5800
1978-01-30,89.3400
1978-01-31,89.2500
1978-02-01,89.9300
1978-02-02,90.1300
1978-02-03,89.6200
1978-02-06,89.5000
1978-02-07,90.3300
1978-02-08,90.8300
1978-02-09,90.3000
1978-02-10,90.0800
1978-02-13,89.8600
1978-02-14,89.0400
1978-02-15,88.8300
1978-02-16,88.0800
1978-02-17,87.9600
1978-02-21,87.5900
1978-02-22,87.5600
1978-02-23,87.6400
1978-02-24,88.4900
1978-02-27,87.7200
1978-02-28,87.0400
1978-03-01,87.1900
1978-03-02,87.3200
1978-03-03,87.4500
1978-03-06,86.9000
1978-03-07,87.3600
1978-03-08,87.3400
1978-03-09,87.8900
1978-03-10,88.8800
1978-03-13,88.9500
1978-03-14,89.3500
1978-03-15,89.1200
1978-03-16,89.5100
1978-03-17,90.2000
1978-03-20,90.8200
1978-03-21,89.7900
1978-03-22,89.4700
1978-03-23,89.3600
1978-03-27,88.8700
1978-03-28,89.5000
1978-03-29,89.6400
1978-03-30,89.4100
1978-03-31,89.2100
1978-04-03,88.4600
1978-04-04,88.8600
1978-04-05,89.6400
1978-04-06,89.7900
1978-04-07,90.1700
1978-04-10,90.4900
1978-04-11,90.2500
1978-04-12,90.1100
1978-04-13,90.9800
1978-04-14,92.9200
1978-04-17,94.4500
1978-04-18,93.4300
1978-04-19,93.8600
1978-04-20,94.5400
1978-04-21,94.3400
1978-04-24,95.7700
1978-04-25,96.6400
1978-04-26,96.8200
1978-04-27,95.8600
1978-04-28,96.8300
1978-05-01,97.6700
1978-05-02,97.2500
1978-05-03,96.2600
1978-05-04,95.9300
1978-05-05,96.5300
1978-05-08,96.1900
1978-05-09,95.9000
1978-05-10,95.9200
1978-05-11,97.2000
1978-05-12,98.0700
1978-05-15,98.7600
1978-05-16,99.3500
1978-05-17,99.6000
1978-05-18,98.6200
1978-05-19,98.1200
1978-05-22,99.0900
1978-05-23,98.0500
1978-05-24,97.0800
1978-05-25,96.8000
1978-05-26,96.5800
1978-05-30,96.8600
1978-05-31,97.2900
1978-06-01,97.3500
1978-06-02,98.1400
1978-06-05,99.9500
1978-06-06,100.3200
1978-06-07,100.1200
1978-06-08,100.2100
1978-06-09,99.9300
1978-06-12,99.5500
1978-06-13,99.5700
1978-06-14,99.4800
1978-06-15,98.3400
1978-06-16,97.4200
1978-06-19,97.4900
1978-06-20,96.5100
1978-06-21,96.0100
1978-06-22,96.2400
1978-06-23,95.8500
1978-06-26,94.6000
1978-06-27,94.9800
1978-06-28,95.4000
1978-06-29,95.5700
1978-06-30,95.5300
1978-07-03,95.0900
1978-07-05,94.2700
1978-07-06,94.3200
1978-07-07,94.8900
1978-07-10,95.2700
1978-07-11,95.9300
1978-07-12,96.2400
1978-07-13,96.2500
1978-07-14,97.5800
1978-07-17,97.7800
1978-07-18,96.8700
1978-07-19,98.1200
1978-07-20,98.0300
1978-07-21,97.7500
1978-07-24,97.7200
1978-07-25,98.4400
1978-07-26,99.0800
1978-07-27,99.5400
1978-07-28,100.0000
1978-07-31,100.6800
1978-08-01,100.6600
1978-08-02,102.9200
1978-08-03,103.5100
1978-08-04,103.9200
1978-08-07,103.5500
1978-08-08,104.0100
1978-08-09,104.5000
1978-08-10,103.6600
1978-08-11,103.9600
1978-08-14,103.9700
1978-08-15,103.8500
1978-08-16,104.6500
1978-08-17,105.0800
1978-08-18,104.7300
1978-08-21,103.8900
1978-08-22,104.3100
1978-08-23,104.9100
1978-08-24,105.0800
1978-08-25,104.9000
1978-08-28,103.9600
1978-08-29,103.3900
1978-08-30,103.5000
1978-08-31,103.2900
1978-09-01,103.6800
1978-09-05,104.4900
1978-09-06,105.3800
1978-09-07,105.4200
1978-09-08,106.7900
1978-09-11,106.9800
1978-09-12,106.9900
1978-09-13,106.3400
1978-09-14,105.1000
1978-09-15,104.1200
1978-09-18,103.2100
1978-09-19,102.5300
1978-09-20,101.7300
1978-09-21,101.9000
1978-09-22,101.8400
1978-09-25,101.8600
1978-09-26,102.6200
1978-09-27,101.6600
1978-09-28,101.9600
1978-09-29,102.5400
1978-10-02,102.9600
1978-10-03,102.6000
1978-10-04,103.0600
1978-10-05,103.2700
1978-10-06,103.5200
1978-10-09,104.5900
1978-10-10,104.4600
1978-10-11,105.3900
1978-10-12,104.8800
1978-10-13,104.6600
1978-10-16,102.6100
1978-10-17,101.2600
1978-10-18,100.4900
1978-10-19,99.3300
1978-10-20,97.9500
1978-10-23,98.1800
1978-10-24,97.4900
1978-10-25,97.3100
1978-10-26,96.0300
1978-10-27,94.5900
1978-10-30,95.0600
1978-10-31,93.1500
1978-11-01,96.8500
1978-11-02,95.6100
1978-11-03,96.1800
1978-11-06,95.1900
1978-11-07,93.8500
1978-11-08,94.4500
1978-11-09,94.4200
1978-11-10,94.7700
1978-11-13,93.1300
1978-11-14,92.4900
1978-11-15,92.7100
1978-11-16,93.7100
1978-11-17,94.4200
1978-11-20,95.2500
1978-11-21,95.0100
1978-11-22,95.4800
1978-11-24,95.7900
1978-11-27,95.9900
1978-11-28,95.1500
1978-11-29,93.7500
1978-11-30,94.7000
1978-12-01,96.2800
1978-12-04,96.1500
1978-12-05,97.4400
1978-12-06,97.4900
1978-12-07,97.0800
1978-12-08,96.6300
1978-12-11,97.1100
1978-12-12,96.5900
1978-12-13,96.0600
1978-12-14,96.0400
1978-12-15,95.3300
1978-12-18,93.4400
1978-12-19,94.2400
1978-12-20,94.6800
1978-12-21,94.7100
1978-12-22,96.3100
1978-12-26,97.5200
1978-12-27,96.6600
1978-12-28,96.2800
1978-12-29,96.1100
1979-01-02,96.7300
1979-01-03,97.8000
1979-01-04,98.5800
1979-01-05,99.1300
1979-01-08,98.8000
1979-01-09,99.3300
1979-01-10,98.7700
1979-01-11,99.1000
1979-01-12,99.9300
1979-01-15,100.6900
1979-01-16,99.4600
1979-01-17,99.4800
1979-01-18,99.7200
1979-01-19,99.7500
1979-01-22,99.9000
1979-01-23,100.6000
1979-01-24,100.1600
1979-01-25,101.1900
1979-01-26,101.8600
1979-01-29,101.5500
1979-01-30,101.0500
1979-01-31,99.9300
1979-02-01,99.9600
1979-02-02,99.5000
1979-02-05,98.0900
1979-02-06,98.0500
1979-02-07,97.1600
1979-02-08,97.6500
1979-02-09,97.8700
1979-02-12,98.2000
1979-02-13,98.9300
1979-02-14,98.8700
1979-02-15,98.7300
1979-02-16,98.6700
1979-02-20,99.4200
1979-02-21,99.0700
1979-02-22,98.3300
1979-02-23,97.7800
1979-02-26,97.6700
1979-02-27,96.1300
1979-02-28,96.2800
1979-03-01,96.9000
1979-03-02,96.9700
1979-03-05,98.0600
1979-03-06,97.8700
1979-03-07,98.4400
1979-03-08,99.5800
1979-03-09,99.5400
1979-03-12,99.6700
1979-03-13,99.8400
1979-03-14,99.7100
1979-03-15,99.8600
1979-03-16,100.6900
1979-03-19,101.0600
1979-03-20,100.5000
1979-03-21,101.2500
1979-03-22,101.6700
1979-03-23,101.6000
1979-03-26,101.0400
1979-03-27,102.4800
1979-03-28,102.1200
1979-03-29,102.0300
1979-03-30,101.5900
1979-04-02,100.9000
1979-04-03,102.4000
1979-04-04,102.6500
1979-04-05,103.2600
1979-04-06,103.1800
1979-04-09,102.8700
1979-04-10,103.3400
1979-04-11,102.3100
1979-04-12,102.0000
1979-04-16,101.1200
1979-04-17,101.2400
1979-04-18,101.7000
1979-04-19,101.2800
1979-04-20,101.2300
1979-04-23,101.5700
1979-04-24,102.2000
1979-04-25,102.5000
1979-04-26,102.0100
1979-04-27,101.8000
1979-04-30,101.7600
1979-05-01,101.6800
1979-05-02,101.7200
1979-05-03,101.8100
1979-05-04,100.6900
1979-05-07,99.0200
1979-05-08,99.1700
1979-05-09,99.4600
1979-05-10,98.5200
1979-05-11,98.5200
1979-05-14,98.0600
1979-05-15,98.1400
1979-05-16,98.4200
1979-05-17,99.9400
1979-05-18,99.9300
1979-05-21,100.1400
1979-05-22,100.5100
1979-05-23,99.8800
1979-05-24,99.9300
1979-05-25,100.2200
1979-05-29,100.0500
1979-05-30,99.1100
1979-05-31,99.0800
1979-06-01,99.1700
1979-06-04,99.3200
1979-06-05,100.6200
1979-06-06,101.3000
1979-06-07,101.7900
1979-06-08,101.4900
1979-06-11,101.9100
1979-06-12,102.8500
1979-06-13,102.3100
1979-06-14,102.2000
1979-06-15,102.0900
1979-06-18,101.5600
1979-06-19,101.5800
1979-06-20,101.6300
1979-06-21,102.0900
1979-06-22,102.6400
1979-06-25,102.0900
1979-06-26,101.6600
1979-06-27,102.2700
1979-06-28,102.8000
1979-06-29,102.9100
1979-07-02,101.9900
1979-07-03,102.0900
1979-07-05,102.4300
1979-07-06,103.6200
1979-07-09,104.4700
1979-07-10,104.2000
1979-07-11,103.6400
1979-07-12,102.6900
1979-07-13,102.3200
1979-07-16,102.7400
1979-07-17,101.8300
1979-07-18,101.6900
1979-07-19,101.6100
1979-07-20,101.8200
1979-07-23,101.5900
1979-07-24,101.9700
1979-07-25,103.0800
1979-07-26,103.1000
1979-07-27,103.1000
1979-07-30,103.1500
1979-07-31,103.8100
1979-08-01,104.1700
1979-08-02,104.1000
1979-08-03,104.0400
1979-08-06,104.3000
1979-08-07,105.6500
1979-08-08,105.9800
1979-08-09,105.4900
1979-08-10,106.4000
1979-08-13,107.4200
1979-08-14,107.5200
1979-08-15,108.2500
1979-08-16,108.0900
1979-08-17,108.3000
1979-08-20,108.8300
1979-08-21,108.9100
1979-08-22,108.9900
1979-08-23,108.6300
1979-08-24,108.6000
1979-08-27,109.1400
1979-08-28,109.0200
1979-08-29,109.0200
1979-08-30,109.0200
1979-08-31,109.3200
1979-09-04,107.4400
1979-09-05,106.4000
1979-09-06,106.8500
1979-09-07,107.6600
1979-09-10,108.1700
1979-09-11,107.5100
1979-09-12,107.8200
1979-09-13,107.8500
1979-09-14,108.7600
1979-09-17,108.8400
1979-09-18,108.0000
1979-09-19,108.2800
1979-09-20,110.5100
1979-09-21,110.4700
1979-09-24,109.6100
1979-09-25,109.6800
1979-09-26,109.9600
1979-09-27,110.2100
1979-09-28,109.3200
1979-10-01,108.5600
1979-10-02,109.5900
1979-10-03,109.5900
1979-10-04,110.1700
1979-10-05,111.2700
1979-10-08,109.8800
1979-10-09,106.6300
1979-10-10,105.3000
1979-10-11,105.0500
1979-10-12,104.4900
1979-10-15,103.3600
1979-10-16,103.1900
1979-10-17,103.3900
1979-10-18,103.6100
1979-10-19,101.6000
1979-10-22,100.7100
1979-10-23,100.2800
1979-10-24,100.4400
1979-10-25,100.0000
1979-10-26,100.5700
1979-10-29,100.7100
1979-10-30,102.6700
1979-10-31,101.8200
1979-11-01,102.5700
1979-11-02,102.5100
1979-11-05,101.8200
1979-11-06,101.2000
1979-11-07,99.8700
1979-11-08,100.3000
1979-11-09,101.5100
1979-11-12,103.5100
1979-11-13,102.9400
1979-11-14,103.3900
1979-11-15,104.1300
1979-11-16,103.7900
1979-11-19,104.2300
1979-11-20,103.6900
1979-11-21,103.8900
1979-11-23,104.6700
1979-11-26,106.8000
1979-11-27,106.3800
1979-11-28,106.7700
1979-11-29,106.8100
1979-11-30,106.1600
1979-12-03,105.8300
1979-12-04,106.7900
1979-12-05,107.2500
1979-12-06,108.0000
1979-12-07,107.5200
1979-12-10,107.6700
1979-12-11,107.4900
1979-12-12,107.5200
1979-12-13,107.6700
1979-12-14,108.9200
1979-12-17,109.3300
1979-12-18,108.3000
1979-12-19,108.2000
1979-12-20,108.2600
1979-12-21,107.5900
1979-12-24,107.6600
1979-12-26,107.7800
1979-12-27,107.9600
1979-12-28,107.8400
1979-12-31,107.9400
1980-01-02,105.7600
1980-01-03,105.2200
1980-01-04,106.5200
1980-01-07,106.8100
1980-01-08,108.9500
1980-01-09,109.0500
1980-01-10,109.8900
1980-01-11,109.9200
1980-01-14,110.3800
1980-01-15,111.1400
1980-01-16,111.0500
1980-01-17,110.7000
1980-01-18,111.0700
1980-01-21,112.1000
1980-01-22,111.5100
1980-01-23,113.4400
1980-01-24,113.7000
1980-01-25,113.6100
1980-01-28,114.8500
1980-01-29,114.0700
1980-01-30,115.2000
1980-01-31,114.1600
1980-02-01,115.1200
1980-02-04,114.3700
1980-02-05,114.6600
1980-02-06,115.7200
1980-02-07,116.2800
1980-02-08,117.9500
1980-02-11,117.1200
1980-02-12,117.9000
1980-02-13,118.4400
1980-02-14,116.7200
1980-02-15,115.4100
1980-02-19,114.6000
1980-02-20,116.4700
1980-02-21,115.2800
1980-02-22,115.0400
1980-02-25,113.3300
1980-02-26,113.9800
1980-02-27,112.3800
1980-02-28,112.3500
1980-02-29,113.6600
1980-03-03,112.5000
1980-03-04,112.7800
1980-03-05,111.1300
1980-03-06,108.6500
1980-03-07,106.9000
1980-03-10,106.5100
1980-03-11,107.7800
1980-03-12,106.8700
1980-03-13,105.6200
1980-03-14,105.4300
1980-03-17,102.2600
1980-03-18,104.1000
1980-03-19,104.3100
1980-03-20,103.1200
1980-03-21,102.3100
1980-03-24,99.2800
1980-03-25,99.1900
1980-03-26,98.6800
1980-03-27,98.2200
1980-03-28,100.6800
1980-03-31,102.0900
1980-04-01,102.1800
1980-04-02,102.6800
1980-04-03,102.1500
1980-04-07,100.1900
1980-04-08,101.2000
1980-04-09,103.1100
1980-04-10,104.0800
1980-04-11,103.7900
1980-04-14,102.8400
1980-04-15,102.6300
1980-04-16,101.5400
1980-04-17,101.0500
1980-04-18,100.5500
1980-04-21,99.8000
1980-04-22,103.4300
1980-04-23,103.7300
1980-04-24,104.4000
1980-04-25,105.1600
1980-04-28,105.6400
1980-04-29,105.8600
1980-04-30,106.2900
1980-05-01,105.4600
1980-05-02,105.5800
1980-05-05,106.3800
1980-05-06,106.2500
1980-05-07,107.1800
1980-05-08,106.1300
1980-05-09,104.7200
1980-05-12,104.7800
1980-05-13,106.3000
1980-05-14,106.8500
1980-05-15,106.9900
1980-05-16,107.3500
1980-05-19,107.6700
1980-05-20,107.6200
1980-05-21,107.7200
1980-05-22,109.0100
1980-05-23,110.6200
1980-05-27,111.4000
1980-05-28,112.0600
1980-05-29,110.2700
1980-05-30,111.2400
1980-06-02,110.7600
1980-06-03,110.5100
1980-06-04,112.6100
1980-06-05,112.7800
1980-06-06,113.2000
1980-06-09,113.7100
1980-06-10,114.6600
1980-06-11,116.0200
1980-06-12,115.5200
1980-06-13,115.8100
1980-06-16,116.0900
1980-06-17,116.0300
1980-06-18,116.2600
1980-06-19,114.6600
1980-06-20,114.0600
1980-06-23,114.5100
1980-06-24,115.1400
1980-06-25,116.7200
1980-06-26,116.1900
1980-06-27,116.0000
1980-06-30,114.2400
1980-07-01,114.9300
1980-07-02,115.6800
1980-07-03,117.4600
1980-07-07,118.2900
1980-07-08,117.8400
1980-07-09,117.9800
1980-07-10,116.9500
1980-07-11,117.8400
1980-07-14,120.0100
1980-07-15,119.3000
1980-07-16,119.6300
1980-07-17,121.4400
1980-07-18,122.0400
1980-07-21,122.5100
1980-07-22,122.1900
1980-07-23,121.9300
1980-07-24,121.7900
1980-07-25,120.7800
1980-07-28,121.4300
1980-07-29,122.4000
1980-07-30,122.2300
1980-07-31,121.6700
1980-08-01,121.2100
1980-08-04,120.9800
1980-08-05,120.7400
1980-08-06,121.5500
1980-08-07,123.3000
1980-08-08,123.6100
1980-08-11,124.7800
1980-08-12,123.7900
1980-08-13,123.2800
1980-08-14,125.2500
1980-08-15,125.7200
1980-08-18,123.3900
1980-08-19,122.6000
1980-08-20,123.7700
1980-08-21,125.4600
1980-08-22,126.0200
1980-08-25,125.1600
1980-08-26,124.8400
1980-08-27,123.5200
1980-08-28,122.0800
1980-08-29,122.3800
1980-09-02,123.7300
1980-09-03,126.1200
1980-09-04,125.4200
1980-09-05,124.8800
1980-09-08,123.3100
1980-09-09,124.0700
1980-09-10,124.8100
1980-09-11,125.6600
1980-09-12,125.5400
1980-09-15,125.6700
1980-09-16,126.7400
1980-09-17,128.8700
1980-09-18,128.4000
1980-09-19,129.2500
1980-09-22,130.4000
1980-09-23,129.4300
1980-09-24,130.3700
1980-09-25,128.7200
1980-09-26,126.3500
1980-09-29,123.5400
1980-09-30,125.4600
1980-10-01,127.1300
1980-10-02,128.0900
1980-10-03,129.3300
1980-10-06,131.7300
1980-10-07,131.0000
1980-10-08,131.6500
1980-10-09,131.0400
1980-10-10,130.2900
1980-10-13,132.0300
1980-10-14,132.0200
1980-10-15,133.7000
1980-10-16,132.2200
1980-10-17,131.5200
1980-10-20,132.6100
1980-10-21,131.8400
1980-10-22,131.9200
1980-10-23,129.5300
1980-10-24,129.8500
1980-10-27,127.8800
1980-10-28,128.0500
1980-10-29,127.9100
1980-10-30,126.2900
1980-10-31,127.4700
1980-11-03,129.0400
1980-11-05,131.3300
1980-11-06,128.9100
1980-11-07,129.1800
1980-11-10,129.4800
1980-11-11,131.2600
1980-11-12,134.5900
1980-11-13,136.4900
1980-11-14,137.1500
1980-11-17,137.7500
1980-11-18,139.7000
1980-11-19,139.0600
1980-11-20,140.4000
1980-11-21,139.1100
1980-11-24,138.3100
1980-11-25,139.3300
1980-11-26,140.1700
1980-11-28,140.5200
1980-12-01,137.2100
1980-12-02,136.9700
1980-12-03,136.7100
1980-12-04,136.4800
1980-12-05,134.0300
1980-12-08,130.6100
1980-12-09,130.4800
1980-12-10,128.2600
1980-12-11,127.3600
1980-12-12,129.2300
1980-12-15,129.4500
1980-12-16,130.6000
1980-12-17,132.8900
1980-12-18,133.0000
1980-12-19,133.7000
1980-12-22,135.7800
1980-12-23,135.3000
1980-12-24,135.8800
1980-12-26,136.5700
1980-12-29,135.0300
1980-12-30,135.3300
1980-12-31,135.7600
1981-01-02,136.3400
1981-01-05,137.9700
1981-01-06,138.1200
1981-01-07,135.0800
1981-01-08,133.0600
1981-01-09,133.4800
1981-01-12,133.5200
1981-01-13,133.2900
1981-01-14,133.4700
1981-01-15,134.2200
1981-01-16,134.7700
1981-01-19,134.3700
1981-01-20,131.6500
1981-01-21,131.3600
1981-01-22,130.2600
1981-01-23,130.2300
1981-01-26,129.8400
1981-01-27,131.1200
1981-01-28,130.3400
1981-01-29,130.2400
1981-01-30,129.5500
1981-02-02,126.9100
1981-02-03,128.4600
1981-02-04,128.5900
1981-02-05,129.6300
1981-02-06,130.6000
1981-02-09,129.2700
1981-02-10,129.2400
1981-02-11,128.2400
1981-02-12,127.4800
1981-02-13,126.9800
1981-02-17,127.8100
1981-02-18,128.4800
1981-02-19,126.6100
1981-02-20,126.5800
1981-02-23,127.3500
1981-02-24,127.3900
1981-02-25,128.5200
1981-02-26,130.1000
1981-02-27,131.2700
1981-03-02,132.0100
1981-03-03,130.5600
1981-03-04,130.8600
1981-03-05,129.9300
1981-03-06,129.8500
1981-03-09,131.1200
1981-03-10,130.4600
1981-03-11,129.9500
1981-03-12,133.1900
1981-03-13,133.1100
1981-03-16,134.6800
1981-03-17,133.9200
1981-03-18,134.2200
1981-03-19,133.4600
1981-03-20,134.0800
1981-03-23,135.6900
1981-03-24,134.6700
1981-03-25,137.1100
1981-03-26,136.2700
1981-03-27,134.6500
1981-03-30,134.2800
1981-03-31,136.0000
1981-04-01,136.5700
1981-04-02,136.3200
1981-04-03,135.4900
1981-04-06,133.9300
1981-04-07,133.9100
1981-04-08,134.9100
1981-04-09,134.6700
1981-04-10,134.5100
1981-04-13,133.1500
1981-04-14,132.6800
1981-04-15,134.1700
1981-04-16,134.7000
1981-04-20,135.4500
1981-04-21,134.2300
1981-04-22,134.1400
1981-04-23,133.9400
1981-04-24,135.1400
1981-04-27,135.4800
1981-04-28,134.3300
1981-04-29,133.0500
1981-04-30,132.8100
1981-05-01,132.7200
1981-05-04,130.6700
1981-05-05,130.3200
1981-05-06,130.7800
1981-05-07,131.6700
1981-05-08,131.6600
1981-05-11,129.7100
1981-05-12,130.7200
1981-05-13,130.5500
1981-05-14,131.2800
1981-05-15,132.1700
1981-05-18,132.5400
1981-05-19,132.0900
1981-05-20,132.0000
1981-05-21,131.7500
1981-05-22,131.3300
1981-05-26,132.7700
1981-05-27,133.7700
1981-05-28,133.4500
1981-05-29,132.5900
1981-06-01,132.4100
1981-06-02,130.6200
1981-06-03,130.7100
1981-06-04,130.9600
1981-06-05,132.2200
1981-06-08,132.2400
1981-06-09,131.9700
1981-06-10,132.3200
1981-06-11,133.7500
1981-06-12,133.4900
1981-06-15,133.6100
1981-06-16,132.1500
1981-06-17,133.3200
1981-06-18,131.6400
1981-06-19,132.2700
1981-06-22,131.9500
1981-06-23,133.3500
1981-06-24,132.6600
1981-06-25,132.8100
1981-06-26,132.5600
1981-06-29,131.8900
1981-06-30,131.2100
1981-07-01,129.7700
1981-07-02,128.6400
1981-07-06,127.3700
1981-07-07,128.2400
1981-07-08,128.3200
1981-07-09,129.3000
1981-07-10,129.3700
1981-07-13,129.6400
1981-07-14,129.6500
1981-07-15,130.2500
1981-07-16,130.3400
1981-07-17,130.7600
1981-07-20,128.7200
1981-07-21,128.3400
1981-07-22,127.1300
1981-07-23,127.4000
1981-07-24,128.4600
1981-07-27,129.9000
1981-07-28,129.1400
1981-07-29,129.1600
1981-07-30,130.0100
1981-07-31,130.9200
1981-08-03,130.4800
1981-08-04,131.9800
1981-08-05,132.6700
1981-08-06,132.6400
1981-08-07,131.7500
1981-08-10,132.5400
1981-08-11,133.8500
1981-08-12,133.4000
1981-08-13,133.5100
1981-08-14,132.4900
1981-08-17,131.2200
1981-08-18,130.1100
1981-08-19,130.4900
1981-08-20,130.6900
1981-08-21,129.2300
1981-08-24,125.5000
1981-08-25,126.1300
1981-08-26,124.9600
1981-08-27,123.5100
1981-08-28,124.0800
1981-08-31,122.7900
1981-09-01,123.0200
1981-09-02,123.4900
1981-09-03,121.2400
1981-09-04,120.0700
1981-09-08,117.9800
1981-09-09,118.4000
1981-09-10,120.1400
1981-09-11,121.6100
1981-09-14,120.6600
1981-09-15,119.7700
1981-09-16,118.8700
1981-09-17,117.1500
1981-09-18,116.2600
1981-09-21,117.2400
1981-09-22,116.6800
1981-09-23,115.6500
1981-09-24,115.0100
1981-09-25,112.7700
1981-09-28,115.5300
1981-09-29,115.9400
1981-09-30,116.1800
1981-10-01,117.0800
1981-10-02,119.3600
1981-10-05,119.5100
1981-10-06,119.3900
1981-10-07,121.3100
1981-10-08,122.3100
1981-10-09,121.4500
1981-10-12,121.2100
1981-10-13,120.9800
1981-10-14,118.8000
1981-10-15,119.7100
1981-10-16,119.1900
1981-10-19,118.9800
1981-10-20,120.2800
1981-10-21,120.1000
1981-10-22,119.6400
1981-10-23,118.6000
1981-10-26,118.1600
1981-10-27,119.2900
1981-10-28,119.4500
1981-10-29,119.0600
1981-10-30,121.8900
1981-11-02,124.2000
1981-11-03,124.8000
1981-11-04,124.7400
1981-11-05,123.5400
1981-11-06,122.6700
1981-11-09,123.2900
1981-11-10,122.7000
1981-11-11,122.9200
1981-11-12,123.1900
1981-11-13,121.6700
1981-11-16,120.2400
1981-11-17,121.1500
1981-11-18,120.2600
1981-11-19,120.7100
1981-11-20,121.7100
1981-11-23,121.6000
1981-11-24,123.5100
1981-11-25,124.0500
1981-11-27,125.0900
1981-11-30,126.3500
1981-12-01,126.1000
1981-12-02,124.6900
1981-12-03,125.1200
1981-12-04,126.2600
1981-12-07,125.1900
1981-12-08,124.8200
1981-12-09,125.4800
1981-12-10,125.7100
1981-12-11,124.9300
1981-12-14,122.7800
1981-12-15,122.9900
1981-12-16,122.4200
1981-12-17,123.1200
1981-12-18,124.0000
1981-12-21,123.3400
1981-12-22,122.8800
1981-12-23,122.3100
1981-12-24,122.5400
1981-12-28,122.2700
1981-12-29,121.6700
1981-12-30,122.3000
1981-12-31,122.5500
1982-01-04,122.7400
1982-01-05,120.0500
1982-01-06,119.1800
1982-01-07,118.9300
1982-01-08,119.5500
1982-01-11,116.7800
1982-01-12,116.3000
1982-01-13,114.8800
1982-01-14,115.5400
1982-01-15,116.3300
1982-01-18,117.2200
1982-01-19,115.9700
1982-01-20,115.2700
1982-01-21,115.7500
1982-01-22,115.3800
1982-01-25,115.4100
1982-01-26,115.1900
1982-01-27,115.1400
1982-01-28,118.9200
1982-01-29,120.4000
1982-02-01,117.7800
1982-02-02,118.0100
1982-02-03,116.4800
1982-02-04,116.4200
1982-02-05,117.2600
1982-02-08,114.6300
1982-02-09,113.6800
1982-02-10,114.6600
1982-02-11,114.4300
1982-02-12,114.3800
1982-02-16,114.0600
1982-02-17,113.6900
1982-02-18,113.8200
1982-02-19,113.2200
1982-02-22,111.5900
1982-02-23,111.5100
1982-02-24,113.4700
1982-02-25,113.2100
1982-02-26,113.1100
1982-03-01,113.3100
1982-03-02,112.6800
1982-03-03,110.9200
1982-03-04,109.8800
1982-03-05,109.3400
1982-03-08,107.3400
1982-03-09,108.8300
1982-03-10,109.4100
1982-03-11,109.3600
1982-03-12,108.6100
1982-03-15,109.4500
1982-03-16,109.2800
1982-03-17,109.0800
1982-03-18,110.3000
1982-03-19,110.6100
1982-03-22,112.7700
1982-03-23,113.5500
1982-03-24,112.9700
1982-03-25,113.2100
1982-03-26,111.9400
1982-03-29,112.3000
1982-03-30,112.2700
1982-03-31,111.9600
1982-04-01,113.7900
1982-04-02,115.1200
1982-04-05,114.7300
1982-04-06,115.3600
1982-04-07,115.4600
1982-04-08,116.2200
1982-04-12,116.0000
1982-04-13,115.9900
1982-04-14,115.8300
1982-04-15,116.3500
1982-04-16,116.8100
1982-04-19,116.7000
1982-04-20,115.4400
1982-04-21,115.7200
1982-04-22,117.1900
1982-04-23,118.6400
1982-04-26,119.2600
1982-04-27,118.0000
1982-04-28,117.2600
1982-04-29,116.1300
1982-04-30,116.4400
1982-05-03,116.8100
1982-05-04,117.4600
1982-05-05,117.6700
1982-05-06,118.6800
1982-05-07,119.4700
1982-05-10,118.3800
1982-05-11,119.4200
1982-05-12,119.1700
1982-05-13,118.2200
1982-05-14,118.0100
1982-05-17,116.7100
1982-05-18,115.8400
1982-05-19,114.8900
1982-05-20,114.5900
1982-05-21,114.8900
1982-05-24,114.7900
1982-05-25,114.4000
1982-05-26,113.1100
1982-05-27,112.6600
1982-05-28,111.8800
1982-06-01,111.6800
1982-06-02,112.0400
1982-06-03,111.8600
1982-06-04,110.0900
1982-06-07,110.1200
1982-06-08,109.6300
1982-06-09,108.9900
1982-06-10,109.6100
1982-06-11,111.2400
1982-06-14,109.9600
1982-06-15,109.9600
1982-06-16,108.8700
1982-06-17,107.6000
1982-06-18,107.2800
1982-06-21,107.2000
1982-06-22,108.3000
1982-06-23,110.1400
1982-06-24,109.8300
1982-06-25,109.1400
1982-06-28,110.2600
1982-06-29,110.2100
1982-06-30,109.6100
1982-07-01,108.7100
1982-07-02,107.6500
1982-07-06,107.2900
1982-07-07,107.2200
1982-07-08,107.5300
1982-07-09,108.8300
1982-07-12,109.5700
1982-07-13,109.4500
1982-07-14,110.4400
1982-07-15,110.4700
1982-07-16,111.0700
1982-07-19,110.7300
1982-07-20,111.5400
1982-07-21,111.4200
1982-07-22,111.4700
1982-07-23,111.1700
1982-07-26,110.3600
1982-07-27,109.4300
1982-07-28,107.7300
1982-07-29,107.7200
1982-07-30,107.0900
1982-08-02,108.9800
1982-08-03,107.8300
1982-08-04,106.1400
1982-08-05,105.1600
1982-08-06,103.7100
1982-08-09,103.0800
1982-08-10,102.8400
1982-08-11,102.6000
1982-08-12,102.4200
1982-08-13,103.8500
1982-08-16,104.0900
1982-08-17,109.0400
1982-08-18,108.5300
1982-08-19,109.1600
1982-08-20,113.0200
1982-08-23,116.1100
1982-08-24,115.3400
1982-08-25,117.5800
1982-08-26,118.5500
1982-08-27,117.1100
1982-08-30,117.6600
1982-08-31,119.5100
1982-09-01,118.2500
1982-09-02,120.2800
1982-09-03,122.6800
1982-09-07,121.3700
1982-09-08,122.2000
1982-09-09,121.9700
1982-09-10,120.9700
1982-09-13,122.2400
1982-09-14,123.1000
1982-09-15,124.2900
1982-09-16,123.7700
1982-09-17,122.5500
1982-09-20,122.5100
1982-09-21,124.8800
1982-09-22,123.9900
1982-09-23,123.8100
1982-09-24,123.3200
1982-09-27,123.6200
1982-09-28,123.2400
1982-09-29,121.6300
1982-09-30,120.4200
1982-10-01,121.9700
1982-10-04,121.5100
1982-10-05,121.9800
1982-10-06,126.9700
1982-10-07,128.8000
1982-10-08,131.0500
1982-10-11,134.4700
1982-10-12,134.4400
1982-10-13,136.7100
1982-10-14,134.5700
1982-10-15,133.5700
1982-10-18,136.7300
1982-10-19,136.5800
1982-10-20,139.2300
1982-10-21,139.0600
1982-10-22,138.8300
1982-10-25,133.3200
1982-10-26,134.4800
1982-10-27,135.2800
1982-10-28,133.5900
1982-10-29,133.7100
1982-11-01,135.4700
1982-11-02,137.4900
1982-11-03,142.8700
1982-11-04,141.8600
1982-11-05,142.1600
1982-11-08,140.4400
1982-11-09,143.0200
1982-11-10,141.1600
1982-11-11,141.7600
1982-11-12,139.5300
1982-11-15,137.0300
1982-11-16,135.4200
1982-11-17,137.9300
1982-11-18,138.3400
1982-11-19,137.0200
1982-11-22,134.2200
1982-11-23,132.9300
1982-11-24,133.8800
1982-11-26,134.8800
1982-11-29,134.2000
1982-11-30,138.5400
1982-12-01,138.7200
1982-12-02,138.8200
1982-12-03,138.6900
1982-12-06,141.7700
1982-12-07,142.7200
1982-12-08,141.8100
1982-12-09,140.0000
1982-12-10,139.5700
1982-12-13,139.9500
1982-12-14,137.3900
1982-12-15,135.2400
1982-12-16,135.3000
1982-12-17,137.4900
1982-12-20,136.2600
1982-12-21,138.6100
1982-12-22,138.8300
1982-12-23,139.7200
1982-12-27,142.1800
1982-12-28,140.7700
1982-12-29,141.2400
1982-12-30,140.3300
1982-12-31,140.6400
1983-01-03,138.3400
1983-01-04,141.3500
1983-01-05,141.9600
1983-01-06,145.2700
1983-01-07,145.1800
1983-01-10,146.7800
1983-01-11,145.7800
1983-01-12,146.6900
1983-01-13,145.7200
1983-01-14,146.6500
1983-01-17,146.7100
1983-01-18,146.4000
1983-01-19,145.2700
1983-01-20,146.2900
1983-01-21,143.8500
1983-01-24,139.9700
1983-01-25,141.7500
1983-01-26,141.5400
1983-01-27,144.2700
1983-01-28,144.5100
1983-01-31,145.3000
1983-02-01,142.9600
1983-02-02,143.2300
1983-02-03,144.2600
1983-02-04,146.1400
1983-02-07,146.9300
1983-02-08,145.7000
1983-02-09,145.0000
1983-02-10,147.5000
1983-02-11,147.6300
1983-02-14,148.9200
1983-02-15,148.3000
1983-02-16,147.4300
1983-02-17,147.4400
1983-02-18,148.0000
1983-02-22,145.4800
1983-02-23,146.7900
1983-02-24,149.6000
1983-02-25,149.7400
1983-02-28,148.0600
1983-03-01,150.8800
1983-03-02,152.3000
1983-03-03,153.4800
1983-03-04,153.6700
1983-03-07,153.6700
1983-03-08,151.2600
1983-03-09,152.8700
1983-03-10,151.8000
1983-03-11,151.2400
1983-03-14,150.8300
1983-03-15,151.3600
1983-03-16,149.8000
1983-03-17,149.5900
1983-03-18,149.9000
1983-03-21,151.1900
1983-03-22,150.6600
1983-03-23,152.8100
1983-03-24,153.3700
1983-03-25,152.6700
1983-03-28,151.8500
1983-03-29,151.5900
1983-03-30,153.3900
1983-03-31,152.9600
1983-04-04,153.0200
1983-04-05,151.8900
1983-04-06,151.0400
1983-04-07,151.7600
1983-04-08,152.8500
1983-04-11,155.1400
1983-04-12,155.8200
1983-04-13,156.7700
1983-04-14,158.1100
1983-04-15,158.7500
1983-04-18,159.7400
1983-04-19,158.7100
1983-04-20,160.7100
1983-04-21,160.0500
1983-04-22,160.4200
1983-04-25,158.8100
1983-04-26,161.8100
1983-04-27,161.4400
1983-04-28,162.9500
1983-04-29,164.4200
1983-05-02,162.1100
1983-05-03,162.3400
1983-05-04,163.3100
1983-05-05,164.2800
1983-05-06,166.1000
1983-05-09,165.8100
1983-05-10,165.9500
1983-05-11,164.9600
1983-05-12,164.2500
1983-05-13,164.9000
1983-05-16,163.4000
1983-05-17,163.7100
1983-05-18,163.2700
1983-05-19,161.9900
1983-05-20,162.1400
1983-05-23,163.4300
1983-05-24,165.5400
1983-05-25,166.2100
1983-05-26,165.4800
1983-05-27,164.4600
1983-05-31,162.3900
1983-06-01,162.5500
1983-06-02,163.9800
1983-06-03,164.4200
1983-06-06,164.8300
1983-06-07,162.7700
1983-06-08,161.3600
1983-06-09,161.8300
1983-06-10,162.6800
1983-06-13,164.8400
1983-06-14,165.5300
1983-06-15,167.1200
1983-06-16,169.1400
1983-06-17,169.1300
1983-06-20,169.0200
1983-06-21,170.5300
1983-06-22,170.9900
1983-06-23,170.5700
1983-06-24,170.4000
1983-06-27,168.4600
1983-06-28,165.6800
1983-06-29,166.6400
1983-06-30,168.1100
1983-07-01,168.9100
1983-07-05,166.6000
1983-07-06,168.4800
1983-07-07,167.5600
1983-07-08,167.0800
1983-07-11,168.1100
1983-07-12,165.5300
1983-07-13,165.4600
1983-07-14,166.0100
1983-07-15,164.2900
1983-07-18,163.9500
1983-07-19,164.8300
1983-07-20,169.2900
1983-07-21,169.0600
1983-07-22,168.8900
1983-07-25,169.5300
1983-07-26,170.3500
1983-07-27,167.5900
1983-07-28,165.0400
1983-07-29,162.5600
1983-08-01,162.0400
1983-08-02,162.0100
1983-08-03,163.4400
1983-08-04,161.3300
1983-08-05,161.7400
1983-08-08,159.1800
1983-08-09,160.1300
1983-08-10,161.5400
1983-08-11,161.5500
1983-08-12,162.1600
1983-08-15,163.7100
1983-08-16,163.4100
1983-08-17,165.2900
1983-08-18,163.5500
1983-08-19,163.9800
1983-08-22,164.3400
1983-08-23,162.7700
1983-08-24,161.2500
1983-08-25,160.8400
1983-08-26,162.1400
1983-08-29,162.2500
1983-08-30,162.5800
1983-08-31,164.4000
1983-09-01,164.2300
1983-09-02,165.0000
1983-09-06,167.8900
1983-09-07,167.9600
1983-09-08,167.7700
1983-09-09,166.9200
1983-09-12,165.4800
1983-09-13,164.8000
1983-09-14,165.3600
1983-09-15,164.3800
1983-09-16,166.2400
1983-09-19,167.6200
1983-09-20,169.2500
1983-09-21,168.4100
1983-09-22,169.7600
1983-09-23,169.5100
1983-09-26,170.0700
1983-09-27,168.4300
1983-09-28,168.0100
1983-09-29,167.2300
1983-09-30,166.0700
1983-10-03,165.8000
1983-10-04,166.2700
1983-10-05,167.7400
1983-10-06,170.2800
1983-10-07,170.8000
1983-10-10,172.6500
1983-10-11,170.3400
1983-10-12,169.6300
1983-10-13,169.8800
1983-10-14,169.8600
1983-10-17,170.4300
1983-10-18,167.8100
1983-10-19,166.7300
1983-10-20,166.9800
1983-10-21,165.9500
1983-10-24,165.9900
1983-10-25,166.4700
1983-10-26,165.3800
1983-10-27,164.8400
1983-10-28,163.3700
1983-10-31,163.5500
1983-11-01,163.6400
1983-11-02,164.8400
1983-11-03,163.4500
1983-11-04,162.4400
1983-11-07,161.9100
1983-11-08,161.7600
1983-11-09,163.9700
1983-11-10,164.4100
1983-11-11,166.2900
1983-11-14,166.5800
1983-11-15,165.3600
1983-11-16,166.0800
1983-11-17,166.1300
1983-11-18,165.0900
1983-11-21,166.0500
1983-11-22,166.8400
1983-11-23,166.9600
1983-11-25,167.1800
1983-11-28,166.5400
1983-11-29,167.9100
1983-11-30,166.4000
1983-12-01,166.4900
1983-12-02,165.4400
1983-12-05,165.7700
1983-12-06,165.4700
1983-12-07,165.9100
1983-12-08,165.2000
1983-12-09,165.0900
1983-12-12,165.6200
1983-12-13,164.9300
1983-12-14,163.3300
1983-12-15,161.6700
1983-12-16,162.3900
1983-12-19,162.3200
1983-12-20,162.0000
1983-12-21,163.5600
1983-12-22,163.2700
1983-12-23,163.2200
1983-12-27,164.7600
1983-12-28,165.3400
1983-12-29,164.8600
1983-12-30,164.9300
1984-01-03,164.0400
1984-01-04,166.7800
1984-01-05,168.8100
1984-01-06,169.2800
1984-01-09,168.9000
1984-01-10,167.9500
1984-01-11,167.7900
1984-01-12,167.7500
1984-01-13,167.0200
1984-01-16,167.1800
1984-01-17,167.8300
1984-01-18,167.5500
1984-01-19,167.0400
1984-01-20,166.2100
1984-01-23,164.8700
1984-01-24,165.9400
1984-01-25,164.8400
1984-01-26,164.2400
1984-01-27,163.9400
1984-01-30,162.8700
1984-01-31,163.4100
1984-02-01,162.7400
1984-02-02,163.3600
1984-02-03,160.9100
1984-02-06,158.0800
1984-02-07,158.7400
1984-02-08,155.8500
1984-02-09,155.4200
1984-02-10,156.3000
1984-02-13,154.9500
1984-02-14,156.6100
1984-02-15,156.2500
1984-02-16,156.1300
1984-02-17,155.7400
1984-02-21,154.6400
1984-02-22,154.3100
1984-02-23,154.2900
1984-02-24,157.5100
1984-02-27,159.3000
1984-02-28,156.8200
1984-02-29,157.0600
1984-03-01,158.1900
1984-03-02,159.2400
1984-03-05,157.8900
1984-03-06,156.2500
1984-03-07,154.5700
1984-03-08,155.1900
1984-03-09,154.3500
1984-03-12,156.3400
1984-03-13,156.7800
1984-03-14,156.7700
1984-03-15,157.4100
1984-03-16,159.2700
1984-03-19,157.7800
1984-03-20,158.8600
1984-03-21,158.6600
1984-03-22,156.6900
1984-03-23,156.8600
1984-03-26,156.6700
1984-03-27,157.3000
1984-03-28,159.8800
1984-03-29,159.5200
1984-03-30,159.1800
1984-04-02,157.9800
1984-04-03,157.6600
1984-04-04,157.5400
1984-04-05,155.0400
1984-04-06,155.4800
1984-04-09,155.4500
1984-04-10,155.8700
1984-04-11,155.0000
1984-04-12,157.7300
1984-04-13,157.3100
1984-04-16,158.3200
1984-04-17,158.9700
1984-04-18,157.9000
1984-04-19,158.0200
1984-04-23,156.8000
1984-04-24,158.0700
1984-04-25,158.6500
1984-04-26,160.3000
1984-04-27,159.8900
1984-04-30,160.0500
1984-05-01,161.6800
1984-05-02,161.9000
1984-05-03,161.2000
1984-05-04,159.1100
1984-05-07,159.4700
1984-05-08,160.5200
1984-05-09,160.1100
1984-05-10,160.0000
1984-05-11,158.4900
1984-05-14,157.5000
1984-05-15,158.0000
1984-05-16,157.9900
1984-05-17,156.5700
1984-05-18,155.7800
1984-05-21,154.7300
1984-05-22,153.8800
1984-05-23,153.1500
1984-05-24,151.2300
1984-05-25,151.6200
1984-05-29,150.2900
1984-05-30,150.3500
1984-05-31,150.5500
1984-06-01,153.2400
1984-06-04,154.3400
1984-06-05,153.6500
1984-06-06,155.0100
1984-06-07,154.9200
1984-06-08,155.1700
1984-06-11,153.0600
1984-06-12,152.1900
1984-06-13,152.1300
1984-06-14,150.3900
1984-06-15,149.0300
1984-06-18,151.7300
1984-06-19,152.6100
1984-06-20,154.8400
1984-06-21,154.5100
1984-06-22,154.4600
1984-06-25,153.9700
1984-06-26,152.7100
1984-06-27,151.6400
1984-06-28,152.8400
1984-06-29,153.1800
1984-07-02,153.2000
1984-07-03,153.7000
1984-07-05,152.7600
1984-07-06,152.2400
1984-07-09,153.3600
1984-07-10,152.8900
1984-07-11,150.5600
1984-07-12,150.0300
1984-07-13,150.8800
1984-07-16,151.6000
1984-07-17,152.3800
1984-07-18,151.4000
1984-07-19,150.3700
1984-07-20,149.5500
1984-07-23,148.9500
1984-07-24,147.8200
1984-07-25,148.8300
1984-07-26,150.0800
1984-07-27,151.1900
1984-07-30,150.1900
1984-07-31,150.6600
1984-08-01,154.0800
1984-08-02,157.9900
1984-08-03,162.3500
1984-08-06,162.6000
1984-08-07,162.7100
1984-08-08,161.7500
1984-08-09,165.5400
1984-08-10,165.4200
1984-08-13,165.4300
1984-08-14,164.4200
1984-08-15,162.8000
1984-08-16,163.7700
1984-08-17,164.1400
1984-08-20,164.9400
1984-08-21,167.8300
1984-08-22,167.0600
1984-08-23,167.1200
1984-08-24,167.5100
1984-08-27,166.4400
1984-08-28,167.4000
1984-08-29,167.1000
1984-08-30,166.6000
1984-08-31,166.6800
1984-09-04,164.8800
1984-09-05,164.2900
1984-09-06,165.6500
1984-09-07,164.3700
1984-09-10,164.2600
1984-09-11,164.4500
1984-09-12,164.6800
1984-09-13,167.9400
1984-09-14,168.7800
1984-09-17,168.8700
1984-09-18,167.6500
1984-09-19,166.9400
1984-09-20,167.4700
1984-09-21,165.6700
1984-09-24,165.2800
1984-09-25,165.6200
1984-09-26,166.2800
1984-09-27,166.9600
1984-09-28,166.1000
1984-10-01,164.6200
1984-10-02,163.5900
1984-10-03,162.4400
1984-10-04,162.9200
1984-10-05,162.6800
1984-10-08,162.1300
1984-10-09,161.6700
1984-10-10,162.1100
1984-10-11,162.7800
1984-10-12,164.1800
1984-10-15,165.7700
1984-10-16,164.7800
1984-10-17,164.1400
1984-10-18,168.1000
1984-10-19,167.9600
1984-10-22,167.3600
1984-10-23,167.0900
1984-10-24,167.2000
1984-10-25,166.3100
1984-10-26,165.2900
1984-10-29,164.7800
1984-10-30,166.8400
1984-10-31,166.0900
1984-11-01,167.4900
1984-11-02,167.4200
1984-11-05,168.5800
1984-11-06,170.4100
1984-11-07,169.1700
1984-11-08,168.6800
1984-11-09,167.6000
1984-11-12,167.3600
1984-11-13,165.9700
1984-11-14,165.9900
1984-11-15,165.8900
1984-11-16,164.1000
1984-11-19,163.1000
1984-11-20,164.1800
1984-11-21,164.5200
1984-11-23,166.9200
1984-11-26,165.5500
1984-11-27,166.2900
1984-11-28,165.0200
1984-11-29,163.9100
1984-11-30,163.5800
1984-12-03,162.8200
1984-12-04,163.3800
1984-12-05,162.1000
1984-12-06,162.7600
1984-12-07,162.2600
1984-12-10,162.8300
1984-12-11,163.0700
1984-12-12,162.6300
1984-12-13,161.8100
1984-12-14,162.6900
1984-12-17,163.6100
1984-12-18,168.1100
1984-12-19,167.1600
1984-12-20,166.3800
1984-12-21,165.5100
1984-12-24,166.7600
1984-12-26,166.4700
1984-12-27,165.7500
1984-12-28,166.2600
1984-12-31,167.2400
1985-01-02,165.3700
1985-01-03,164.5700
1985-01-04,163.6800
1985-01-07,164.2400
1985-01-08,163.9900
1985-01-09,165.1800
1985-01-10,168.3100
1985-01-11,167.9100
1985-01-14,170.5100
1985-01-15,170.8100
1985-01-16,171.1900
1985-01-17,170.7300
1985-01-18,171.3200
1985-01-21,175.2300
1985-01-22,175.4800
1985-01-23,177.3000
1985-01-24,176.7100
1985-01-25,177.3500
1985-01-28,177.4000
1985-01-29,179.1800
1985-01-30,179.3900
1985-01-31,179.6300
1985-02-01,178.6300
1985-02-04,180.3500
1985-02-05,180.6100
1985-02-06,180.4300
1985-02-07,181.8200
1985-02-08,182.1900
1985-02-11,180.5100
1985-02-12,180.5600
1985-02-13,183.3500
1985-02-14,182.4100
1985-02-15,181.6000
1985-02-19,181.3300
1985-02-20,181.1800
1985-02-21,180.1900
1985-02-22,179.3600
1985-02-25,179.2300
1985-02-26,181.1700
1985-02-27,180.7100
1985-02-28,181.1800
1985-03-01,183.2300
1985-03-04,182.0600
1985-03-05,182.2300
1985-03-06,180.6500
1985-03-07,179.5100
1985-03-08,179.1000
1985-03-11,178.7900
1985-03-12,179.6600
1985-03-13,178.1900
1985-03-14,177.8400
1985-03-15,176.5300
1985-03-18,176.8800
1985-03-19,179.5400
1985-03-20,179.0800
1985-03-21,179.3500
1985-03-22,179.0400
1985-03-25,177.9700
1985-03-26,178.4300
1985-03-27,179.5400
1985-03-28,179.5400
1985-03-29,180.6600
1985-04-01,181.2700
1985-04-02,180.5300
1985-04-03,179.1100
1985-04-04,179.0300
1985-04-08,178.0300
1985-04-09,178.2100
1985-04-10,179.4200
1985-04-11,180.1900
1985-04-12,180.5400
1985-04-15,180.9200
1985-04-16,181.2000
1985-04-17,181.6800
1985-04-18,180.8400
1985-04-19,181.1100
1985-04-22,180.7000
1985-04-23,181.8800
1985-04-24,182.2600
1985-04-25,183.4300
1985-04-26,182.1800
1985-04-29,180.6300
1985-04-30,179.8300
1985-05-01,178.3700
1985-05-02,179.0100
1985-05-03,180.0800
1985-05-06,179.9900
1985-05-07,180.7600
1985-05-08,180.6200
1985-05-09,181.9200
1985-05-10,184.2800
1985-05-13,184.6100
1985-05-14,183.8700
1985-05-15,184.5400
1985-05-16,185.6600
1985-05-17,187.4200
1985-05-20,189.7200
1985-05-21,189.6400
1985-05-22,188.5600
1985-05-23,187.6000
1985-05-24,188.2900
1985-05-28,187.8600
1985-05-29,187.6800
1985-05-30,187.7500
1985-05-31,189.5500
1985-06-03,189.3200
1985-06-04,190.0400
1985-06-05,190.1600
1985-06-06,191.0600
1985-06-07,189.6800
1985-06-10,189.5100
1985-06-11,189.0400
1985-06-12,187.6100
1985-06-13,185.3300
1985-06-14,187.1000
1985-06-17,186.5300
1985-06-18,187.3400
1985-06-19,186.6300
1985-06-20,186.7300
1985-06-21,189.6100
1985-06-24,189.1500
1985-06-25,189.7400
1985-06-26,190.0600
1985-06-27,191.2300
1985-06-28,191.8500
1985-07-01,192.4300
1985-07-02,192.0100
1985-07-03,191.4500
1985-07-05,192.5200
1985-07-08,191.9300
1985-07-09,191.0500
1985-07-10,192.3700
1985-07-11,192.9400
1985-07-12,193.2900
1985-07-15,192.7200
1985-07-16,194.7200
1985-07-17,195.6500
1985-07-18,194.3800
1985-07-19,195.1300
1985-07-22,194.3500
1985-07-23,192.5500
1985-07-24,191.5800
1985-07-25,192.0600
1985-07-26,192.4000
1985-07-29,189.6000
1985-07-30,189.9300
1985-07-31,190.9200
1985-08-01,192.1100
1985-08-02,191.4800
1985-08-05,190.6200
1985-08-06,187.9300
1985-08-07,187.6800
1985-08-08,188.9500
1985-08-09,188.3200
1985-08-12,187.6300
1985-08-13,187.3000
1985-08-14,187.4100
1985-08-15,187.2600
1985-08-16,186.1000
1985-08-19,186.3800
1985-08-20,188.0800
1985-08-21,189.1600
1985-08-22,187.3600
1985-08-23,187.1700
1985-08-26,187.3100
1985-08-27,188.1000
1985-08-28,188.8300
1985-08-29,188.9300
1985-08-30,188.6300
1985-09-03,187.9100
1985-09-04,187.3700
1985-09-05,187.2700
1985-09-06,188.2400
1985-09-09,188.2500
1985-09-10,186.9000
1985-09-11,185.0300
1985-09-12,183.6900
1985-09-13,182.9100
1985-09-16,182.8800
1985-09-17,181.3600
1985-09-18,181.7100
1985-09-19,183.3900
1985-09-20,182.0500
1985-09-23,184.3000
1985-09-24,182.6200
1985-09-25,180.6600
1985-09-26,181.2900
1985-09-27,181.3000
1985-09-30,182.0800
1985-10-01,185.0700
1985-10-02,184.0600
1985-10-03,184.3600
1985-10-04,183.2200
1985-10-07,181.8700
1985-10-08,181.8700
1985-10-09,182.5200
1985-10-10,182.7800
1985-10-11,184.2800
1985-10-14,186.3700
1985-10-15,186.0800
1985-10-16,187.9800
1985-10-17,187.6600
1985-10-18,187.0400
1985-10-21,186.9600
1985-10-22,188.0400
1985-10-23,189.0900
1985-10-24,188.5000
1985-10-25,187.5200
1985-10-28,187.7600
1985-10-29,189.2300
1985-10-30,190.0700
1985-10-31,189.8200
1985-11-01,191.5300
1985-11-04,191.2500
1985-11-05,192.3700
1985-11-06,192.7600
1985-11-07,192.6200
1985-11-08,193.7200
1985-11-11,197.2800
1985-11-12,198.0800
1985-11-13,197.1000
1985-11-14,199.0600
1985-11-15,198.1100
1985-11-18,198.7100
1985-11-19,198.6700
1985-11-20,198.9900
1985-11-21,201.4100
1985-11-22,201.5200
1985-11-25,200.3500
1985-11-26,200.6700
1985-11-27,202.5400
1985-11-29,202.1700
1985-12-02,200.4600
1985-12-03,200.8600
1985-12-04,204.2300
1985-12-05,203.8800
1985-12-06,202.9900
1985-12-09,204.2500
1985-12-10,204.3900
1985-12-11,206.3100
1985-12-12,206.7300
1985-12-13,209.9400
1985-12-16,212.0200
1985-12-17,210.6500
1985-12-18,209.8100
1985-12-19,210.0200
1985-12-20,210.9400
1985-12-23,208.5700
1985-12-24,207.1400
1985-12-26,207.1500
1985-12-27,209.6100
1985-12-30,210.6800
1985-12-31,211.2800
1986-01-02,209.5900
1986-01-03,210.8800
1986-01-06,210.6500
1986-01-07,213.8000
1986-01-08,207.9700
1986-01-09,206.1100
1986-01-10,205.9600
1986-01-13,206.7200
1986-01-14,206.6400
1986-01-15,208.2600
1986-01-16,209.1700
1986-01-17,208.4300
1986-01-20,207.5300
1986-01-21,205.7900
1986-01-22,203.4900
1986-01-23,204.2500
1986-01-24,206.4300
1986-01-27,207.3900
1986-01-28,209.8100
1986-01-29,210.2900
1986-01-30,209.3300
1986-01-31,211.7800
1986-02-03,213.9600
1986-02-04,212.7900
1986-02-05,212.9600
1986-02-06,213.4700
1986-02-07,214.5600
1986-02-10,216.2400
1986-02-11,215.9200
1986-02-12,215.9700
1986-02-13,217.4000
1986-02-14,219.7600
1986-02-18,222.4500
1986-02-19,219.7600
1986-02-20,222.2200
1986-02-21,224.6200
1986-02-24,224.3400
1986-02-25,223.7900
1986-02-26,224.0400
1986-02-27,226.7700
1986-02-28,226.9200
1986-03-03,225.4200
1986-03-04,224.3800
1986-03-05,224.3400
1986-03-06,225.1300
1986-03-07,225.5700
1986-03-10,226.5800
1986-03-11,231.6900
1986-03-12,232.5400
1986-03-13,233.1900
1986-03-14,236.5500
1986-03-17,234.6700
1986-03-18,235.7800
1986-03-19,235.6000
1986-03-20,236.5400
1986-03-21,233.3400
1986-03-24,235.3300
1986-03-25,234.7200
1986-03-26,237.3000
1986-03-27,238.9700
1986-03-31,238.9000
1986-04-01,235.1400
1986-04-02,235.7100
1986-04-03,232.4700
1986-04-04,228.6900
1986-04-07,228.6300
1986-04-08,233.5200
1986-04-09,233.7500
1986-04-10,236.4400
1986-04-11,235.9700
1986-04-14,237.2800
1986-04-15,237.7300
1986-04-16,242.2200
1986-04-17,243.0300
1986-04-18,242.3800
1986-04-21,244.7400
1986-04-22,242.4200
1986-04-23,241.7500
1986-04-24,242.0200
1986-04-25,242.2900
1986-04-28,243.0800
1986-04-29,240.5100
1986-04-30,235.5200
1986-05-01,235.1600
1986-05-02,234.7900
1986-05-05,237.7300
1986-05-06,237.2400
1986-05-07,236.0800
1986-05-08,237.1300
1986-05-09,237.8500
1986-05-12,237.5800
1986-05-13,236.4100
1986-05-14,237.5400
1986-05-15,234.4300
1986-05-16,232.7600
1986-05-19,233.2000
1986-05-20,236.1100
1986-05-21,235.4500
1986-05-22,240.1200
1986-05-23,241.3500
1986-05-27,244.7500
1986-05-28,246.6300
1986-05-29,247.9800
1986-05-30,247.3500
1986-06-02,245.0400
1986-06-03,245.5100
1986-06-04,243.9400
1986-06-05,245.6500
1986-06-06,245.6700
1986-06-09,239.9600
1986-06-10,239.5800
1986-06-11,241.1300
1986-06-12,241.4900
1986-06-13,245.7300
1986-06-16,246.1300
1986-06-17,244.3500
1986-06-18,244.9900
1986-06-19,244.0600
1986-06-20,247.5800
1986-06-23,245.2600
1986-06-24,247.0300
1986-06-25,248.9300
1986-06-26,248.7400
1986-06-27,249.6000
1986-06-30,250.8400
1986-07-01,252.0400
1986-07-02,252.7000
1986-07-03,251.7900
1986-07-07,244.0500
1986-07-08,241.5900
1986-07-09,242.8200
1986-07-10,243.0100
1986-07-11,242.2200
1986-07-14,238.1100
1986-07-15,233.6600
1986-07-16,235.0100
1986-07-17,236.0700
1986-07-18,236.3600
1986-07-21,236.2400
1986-07-22,238.1800
1986-07-23,238.6700
1986-07-24,237.9500
1986-07-25,240.2200
1986-07-28,236.0100
1986-07-29,234.5500
1986-07-30,236.5900
1986-07-31,236.1200
1986-08-01,234.9100
1986-08-04,235.9900
1986-08-05,237.0300
1986-08-06,236.8400
1986-08-07,237.0400
1986-08-08,236.8800
1986-08-11,240.6800
1986-08-12,243.3400
1986-08-13,245.6700
1986-08-14,246.2500
1986-08-15,247.1500
1986-08-18,247.3800
1986-08-19,246.5100
1986-08-20,249.7700
1986-08-21,249.6700
1986-08-22,250.1900
1986-08-25,247.8100
1986-08-26,252.8400
1986-08-27,253.3000
1986-08-28,252.8400
1986-08-29,252.9300
1986-09-02,248.5200
1986-09-03,250.0800
1986-09-04,253.8300
1986-09-05,250.4700
1986-09-08,248.1400
1986-09-09,247.6700
1986-09-10,247.0600
1986-09-11,235.1800
1986-09-12,230.6700
1986-09-15,231.9400
1986-09-16,231.7200
1986-09-17,231.6800
1986-09-18,232.3100
1986-09-19,232.2100
1986-09-22,234.9300
1986-09-23,235.6700
1986-09-24,236.2800
1986-09-25,231.8300
1986-09-26,232.2300
1986-09-29,229.9100
1986-09-30,231.3200
1986-10-01,233.6000
1986-10-02,233.9200
1986-10-03,233.7100
1986-10-06,234.7800
1986-10-07,234.4100
1986-10-08,236.6800
1986-10-09,235.8500
1986-10-10,235.4800
1986-10-13,235.9100
1986-10-14,235.3700
1986-10-15,238.8000
1986-10-16,239.5300
1986-10-17,238.8400
1986-10-20,235.9700
1986-10-21,235.8800
1986-10-22,236.2600
1986-10-23,239.2800
1986-10-24,238.2600
1986-10-27,238.7700
1986-10-28,239.2600
1986-10-29,240.9400
1986-10-30,243.7100
1986-10-31,243.9800
1986-11-03,245.8000
1986-11-04,246.2000
1986-11-05,246.5800
1986-11-06,245.8700
1986-11-07,245.7700
1986-11-10,246.1300
1986-11-11,247.0800
1986-11-12,246.6400
1986-11-13,243.0200
1986-11-14,244.5000
1986-11-17,243.2100
1986-11-18,236.7800
1986-11-19,237.6600
1986-11-20,242.0500
1986-11-21,245.8600
1986-11-24,247.4500
1986-11-25,248.1700
1986-11-26,248.7700
1986-11-28,249.2200
1986-12-01,249.0500
1986-12-02,254.0000
1986-12-03,253.8500
1986-12-04,253.0400
1986-12-05,251.1700
1986-12-08,251.1600
1986-12-09,249.2800
1986-12-10,250.9600
1986-12-11,248.1700
1986-12-12,247.3500
1986-12-15,248.2100
1986-12-16,250.0400
1986-12-17,247.5600
1986-12-18,246.7800
1986-12-19,249.7300
1986-12-22,248.7500
1986-12-23,246.3400
1986-12-24,246.7500
1986-12-26,246.9200
1986-12-29,244.6700
1986-12-30,243.3700
1986-12-31,242.1700
1987-01-02,246.4500
1987-01-05,252.1900
1987-01-06,252.7800
1987-01-07,255.3300
1987-01-08,257.2900
1987-01-09,258.7300
1987-01-12,260.3000
1987-01-13,259.9500
1987-01-14,262.6400
1987-01-15,265.4900
1987-01-16,266.2800
1987-01-19,269.3400
1987-01-20,269.0400
1987-01-21,267.8400
1987-01-22,273.9100
1987-01-23,270.1000
1987-01-26,269.6100
1987-01-27,273.7500
1987-01-28,275.4000
1987-01-29,274.2400
1987-01-30,274.0800
1987-02-02,276.4500
1987-02-03,275.9900
1987-02-04,279.6400
1987-02-05,281.1600
1987-02-06,280.0400
1987-02-09,278.1600
1987-02-10,275.0700
1987-02-11,277.5400
1987-02-12,275.6200
1987-02-13,279.7000
1987-02-17,285.4900
1987-02-18,285.4200
1987-02-19,285.5700
1987-02-20,285.4800
1987-02-23,282.3800
1987-02-24,282.8800
1987-02-25,284.0000
1987-02-26,282.9600
1987-02-27,284.2000
1987-03-02,283.0000
1987-03-03,284.1200
1987-03-04,288.6200
1987-03-05,290.5200
1987-03-06,290.6600
1987-03-09,288.3000
1987-03-10,290.8600
1987-03-11,290.3100
1987-03-12,291.2200
1987-03-13,289.8900
1987-03-16,288.2300
1987-03-17,292.4700
1987-03-18,292.7800
1987-03-19,294.0800
1987-03-20,298.1700
1987-03-23,301.1600
1987-03-24,301.6400
1987-03-25,300.3800
1987-03-26,300.9300
1987-03-27,296.1300
1987-03-30,289.2000
1987-03-31,291.7000
1987-04-01,292.3900
1987-04-02,293.6300
1987-04-03,300.4100
1987-04-06,301.9500
1987-04-07,296.6900
1987-04-08,297.2600
1987-04-09,292.8600
1987-04-10,292.4900
1987-04-13,285.6200
1987-04-14,279.1600
1987-04-15,284.4400
1987-04-16,286.9100
1987-04-20,286.0900
1987-04-21,293.0700
1987-04-22,287.1900
1987-04-23,286.8200
1987-04-24,281.5200
1987-04-27,281.8300
1987-04-28,282.5100
1987-04-29,284.5700
1987-04-30,288.3600
1987-05-01,288.0300
1987-05-04,289.3600
1987-05-05,295.3400
1987-05-06,295.4700
1987-05-07,294.7100
1987-05-08,293.3700
1987-05-11,291.5700
1987-05-12,293.3000
1987-05-13,293.9800
1987-05-14,294.2400
1987-05-15,287.4300
1987-05-18,286.6500
1987-05-19,279.6200
1987-05-20,278.2100
1987-05-21,280.1700
1987-05-22,282.1600
1987-05-26,289.1100
1987-05-27,288.7300
1987-05-28,290.7600
1987-05-29,290.1000
1987-06-01,289.8300
1987-06-02,288.4600
1987-06-03,293.4700
1987-06-04,295.0900
1987-06-05,293.4500
1987-06-08,296.7200
1987-06-09,297.2800
1987-06-10,297.4700
1987-06-11,298.7300
1987-06-12,301.6200
1987-06-15,303.1400
1987-06-16,304.7600
1987-06-17,304.8100
1987-06-18,305.6900
1987-06-19,306.9700
1987-06-22,309.6500
1987-06-23,308.4300
1987-06-24,306.8600
1987-06-25,308.9600
1987-06-26,307.1600
1987-06-29,307.9000
1987-06-30,304.0000
1987-07-01,302.9400
1987-07-02,305.6300
1987-07-06,304.9200
1987-07-07,307.4000
1987-07-08,308.2900
1987-07-09,307.5200
1987-07-10,308.3700
1987-07-13,307.6300
1987-07-14,310.6800
1987-07-15,310.4200
1987-07-16,312.7000
1987-07-17,314.5900
1987-07-20,311.3900
1987-07-21,308.5500
1987-07-22,308.4700
1987-07-23,307.8100
1987-07-24,309.2700
1987-07-27,310.6500
1987-07-28,312.3300
1987-07-29,315.6500
1987-07-30,318.0500
1987-07-31,318.6600
1987-08-03,317.5700
1987-08-04,316.2300
1987-08-05,318.4500
1987-08-06,322.0900
1987-08-07,323.0000
1987-08-10,328.0000
1987-08-11,333.3300
1987-08-12,332.3900
1987-08-13,334.6500
1987-08-14,333.9900
1987-08-17,334.1100
1987-08-18,329.2500
1987-08-19,329.8300
1987-08-20,334.8400
1987-08-21,335.9000
1987-08-24,333.3300
1987-08-25,336.7700
1987-08-26,334.5700
1987-08-27,331.3800
1987-08-28,327.0400
1987-08-31,329.8000
1987-09-01,323.4000
1987-09-02,321.6800
1987-09-03,320.2100
1987-09-04,316.7000
1987-09-08,313.5600
1987-09-09,313.9200
1987-09-10,317.1300
1987-09-11,321.9800
1987-09-14,323.0800
1987-09-15,317.7400
1987-09-16,314.8600
1987-09-17,314.9300
1987-09-18,314.8600
1987-09-21,310.5400
1987-09-22,319.5000
1987-09-23,321.1900
1987-09-24,319.7200
1987-09-25,320.1600
1987-09-28,323.2000
1987-09-29,321.6900
1987-09-30,321.8300
1987-10-01,327.3300
1987-10-02,328.0700
1987-10-05,328.0800
1987-10-06,319.2200
1987-10-07,318.5400
1987-10-08,314.1600
1987-10-09,311.0700
1987-10-12,309.3900
1987-10-13,314.5200
1987-10-14,305.2300
1987-10-15,298.0800
1987-10-16,282.7000
1987-10-19,224.8400
1987-10-20,236.8300
1987-10-21,258.3800
1987-10-22,248.2500
1987-10-23,248.2200
1987-10-26,227.6700
1987-10-27,233.1900
1987-10-28,233.2800
1987-10-29,244.7700
1987-10-30,251.7900
1987-11-02,255.7500
1987-11-03,250.8200
1987-11-04,248.9600
1987-11-05,254.4800
1987-11-06,250.4100
1987-11-09,243.1700
1987-11-10,239.0000
1987-11-11,241.9000
1987-11-12,248.5200
1987-11-13,245.6400
1987-11-16,246.7600
1987-11-17,243.0400
1987-11-18,245.5500
1987-11-19,240.0500
1987-11-20,242.0000
1987-11-23,242.9900
1987-11-24,246.3900
1987-11-25,244.1000
1987-11-27,240.3400
1987-11-30,230.3000
1987-12-01,232.0000
1987-12-02,233.4500
1987-12-03,225.2100
1987-12-04,223.9200
1987-12-07,228.7600
1987-12-08,234.9100
1987-12-09,238.8900
1987-12-10,233.5700
1987-12-11,235.3200
1987-12-14,242.1900
1987-12-15,242.8000
1987-12-16,248.0800
1987-12-17,242.9800
1987-12-18,249.1600
1987-12-21,249.5400
1987-12-22,249.9500
1987-12-23,253.1600
1987-12-24,252.0200
1987-12-28,245.5700
1987-12-29,244.5900
1987-12-30,247.8600
1987-12-31,247.0800
1988-01-04,255.9400
1988-01-05,258.6300
1988-01-06,258.8900
1988-01-07,261.0700
1988-01-08,243.4000
1988-01-11,247.4900
1988-01-12,245.4200
1988-01-13,245.8100
1988-01-14,245.8800
1988-01-15,252.0500
1988-01-18,251.8800
1988-01-19,249.3200
1988-01-20,242.6300
1988-01-21,243.1400
1988-01-22,246.5000
1988-01-25,252.1700
1988-01-26,249.5700
1988-01-27,249.3800
1988-01-28,253.2900
1988-01-29,257.0700
1988-02-01,255.0400
1988-02-02,255.5700
1988-02-03,252.2100
1988-02-04,252.2100
1988-02-05,250.9600
1988-02-08,249.1000
1988-02-09,251.7200
1988-02-10,256.6600
1988-02-11,255.9500
1988-02-12,257.6300
1988-02-16,259.8300
1988-02-17,259.2100
1988-02-18,257.9100
1988-02-19,261.6100
1988-02-22,265.6400
1988-02-23,265.0200
1988-02-24,264.4300
1988-02-25,261.5800
1988-02-26,262.4600
1988-02-29,267.8200
1988-03-01,267.2200
1988-03-02,267.9800
1988-03-03,267.8800
1988-03-04,267.3000
1988-03-07,267.3800
1988-03-08,269.4300
1988-03-09,269.0600
1988-03-10,263.8400
1988-03-11,264.9400
1988-03-14,266.3700
1988-03-15,266.1300
1988-03-16,268.6500
1988-03-17,271.2200
1988-03-18,271.1200
1988-03-21,268.7400
1988-03-22,268.8400
1988-03-23,268.9100
1988-03-24,263.3500
1988-03-25,258.5100
1988-03-28,258.0600
1988-03-29,260.0700
1988-03-30,258.0700
1988-03-31,258.8900
1988-04-04,256.0900
1988-04-05,258.5100
1988-04-06,265.4900
1988-04-07,266.1600
1988-04-08,269.4300
1988-04-11,270.1600
1988-04-12,271.3700
1988-04-13,271.5700
1988-04-14,259.7500
1988-04-15,259.7700
1988-04-18,259.2100
1988-04-19,257.9200
1988-04-20,256.1300
1988-04-21,256.4200
1988-04-22,260.1400
1988-04-25,262.4600
1988-04-26,263.9300
1988-04-27,263.8000
1988-04-28,262.6100
1988-04-29,261.3300
1988-05-02,261.5600
1988-05-03,263.0000
1988-05-04,260.3200
1988-05-05,258.7900
1988-05-06,257.4800
1988-05-09,256.5400
1988-05-10,257.6200
1988-05-11,253.3100
1988-05-12,253.8500
1988-05-13,256.7800
1988-05-16,258.7100
1988-05-17,255.3900
1988-05-18,251.3500
1988-05-19,252.5700
1988-05-20,253.0200
1988-05-23,250.8300
1988-05-24,253.5100
1988-05-25,253.7600
1988-05-26,254.6300
1988-05-27,253.4200
1988-05-31,262.1600
1988-06-01,266.6900
1988-06-02,265.3300
1988-06-03,266.4500
1988-06-06,267.0500
1988-06-07,265.1700
1988-06-08,271.5200
1988-06-09,270.2000
1988-06-10,271.2600
1988-06-13,271.4300
1988-06-14,274.3000
1988-06-15,274.4500
1988-06-16,269.7700
1988-06-17,270.6800
1988-06-20,268.9400
1988-06-21,271.6700
1988-06-22,275.6600
1988-06-23,274.8200
1988-06-24,273.7800
1988-06-27,269.0600
1988-06-28,272.3100
1988-06-29,270.9800
1988-06-30,273.5000
1988-07-01,271.7800
1988-07-05,275.8100
1988-07-06,272.0200
1988-07-07,271.7800
1988-07-08,270.0200
1988-07-11,270.5500
1988-07-12,267.8500
1988-07-13,269.3200
1988-07-14,270.2600
1988-07-15,272.0500
1988-07-18,270.5100
1988-07-19,268.4700
1988-07-20,270.0000
1988-07-21,266.6600
1988-07-22,263.5000
1988-07-25,264.6800
1988-07-26,265.1900
1988-07-27,262.5000
1988-07-28,266.0200
1988-07-29,272.0200
1988-08-01,272.2100
1988-08-02,272.0600
1988-08-03,272.9800
1988-08-04,271.9300
1988-08-05,271.1500
1988-08-08,269.9800
1988-08-09,266.4900
1988-08-10,261.9000
1988-08-11,262.7500
1988-08-12,262.5500
1988-08-15,258.6900
1988-08-16,260.5600
1988-08-17,260.7700
1988-08-18,261.0300
1988-08-19,260.2400
1988-08-22,256.9800
1988-08-23,257.0900
1988-08-24,261.1300
1988-08-25,259.1800
1988-08-26,259.6800
1988-08-29,262.3300
1988-08-30,262.5100
1988-08-31,261.5200
1988-09-01,258.3500
1988-09-02,264.4800
1988-09-06,265.5900
1988-09-07,265.8700
1988-09-08,265.8800
1988-09-09,266.8400
1988-09-12,266.4700
1988-09-13,267.4300
1988-09-14,269.3100
1988-09-15,268.1300
1988-09-16,270.6500
1988-09-19,268.8200
1988-09-20,269.7300
1988-09-21,270.1600
1988-09-22,269.1800
1988-09-23,269.7600
1988-09-26,268.8800
1988-09-27,268.2600
1988-09-28,269.0800
1988-09-29,272.5900
1988-09-30,271.9100
1988-10-03,271.3800
1988-10-04,270.6200
1988-10-05,271.8600
1988-10-06,272.3900
1988-10-07,278.0700
1988-10-10,278.2400
1988-10-11,277.9300
1988-10-12,273.9800
1988-10-13,275.2200
1988-10-14,275.5000
1988-10-17,276.4100
1988-10-18,279.3800
1988-10-19,276.9700
1988-10-20,282.8800
1988-10-21,283.6600
1988-10-24,282.2800
1988-10-25,282.3800
1988-10-26,281.3800
1988-10-27,277.2800
1988-10-28,278.5300
1988-10-31,278.9700
1988-11-01,279.0600
1988-11-02,279.0600
1988-11-03,279.2000
1988-11-04,276.3100
1988-11-07,273.9300
1988-11-08,275.1500
1988-11-09,273.3300
1988-11-10,273.6900
1988-11-11,267.9200
1988-11-14,267.7200
1988-11-15,268.3400
1988-11-16,263.8200
1988-11-17,264.6000
1988-11-18,266.4700
1988-11-21,266.2200
1988-11-22,267.2100
1988-11-23,269.0000
1988-11-25,267.2300
1988-11-28,268.6400
1988-11-29,270.9100
1988-11-30,273.7000
1988-12-01,272.4900
1988-12-02,271.8100
1988-12-05,274.9300
1988-12-06,277.5900
1988-12-07,278.1300
1988-12-08,276.5700
1988-12-09,277.0300
1988-12-12,276.5200
1988-12-13,276.3100
1988-12-14,275.3100
1988-12-15,274.2800
1988-12-16,276.2900
1988-12-19,278.9100
1988-12-20,277.4700
1988-12-21,277.3800
1988-12-22,276.8700
1988-12-23,277.8700
1988-12-27,276.8300
1988-12-28,277.0800
1988-12-29,279.4000
1988-12-30,277.7200
1989-01-03,275.3100
1989-01-04,279.4300
1989-01-05,280.0100
1989-01-06,280.6700
1989-01-09,280.9800
1989-01-10,280.3800
1989-01-11,282.0100
1989-01-12,283.1700
1989-01-13,283.8700
1989-01-16,284.1400
1989-01-17,283.5500
1989-01-18,286.5300
1989-01-19,286.9000
1989-01-20,286.6300
1989-01-23,284.5000
1989-01-24,288.4900
1989-01-25,289.1400
1989-01-26,291.6900
1989-01-27,293.8200
1989-01-30,294.9900
1989-01-31,297.4700
1989-02-01,297.0900
1989-02-02,296.8400
1989-02-03,296.9700
1989-02-06,296.0400
1989-02-07,299.6300
1989-02-08,298.6500
1989-02-09,296.0600
1989-02-10,292.0200
1989-02-13,292.5400
1989-02-14,291.8100
1989-02-15,294.2400
1989-02-16,294.8100
1989-02-17,296.7600
1989-02-21,295.9800
1989-02-22,290.9100
1989-02-23,292.0500
1989-02-24,287.1300
1989-02-27,287.8200
1989-02-28,288.8600
1989-03-01,287.1100
1989-03-02,289.9500
1989-03-03,291.1800
1989-03-06,294.8100
1989-03-07,293.8700
1989-03-08,294.0800
1989-03-09,293.9300
1989-03-10,292.8800
1989-03-13,295.3200
1989-03-14,295.1400
1989-03-15,296.6700
1989-03-16,299.4400
1989-03-17,292.6900
1989-03-20,289.9200
1989-03-21,291.3300
1989-03-22,290.4900
1989-03-23,288.9800
1989-03-27,290.5700
1989-03-28,291.5900
1989-03-29,292.3500
1989-03-30,292.5200
1989-03-31,294.8700
1989-04-03,296.3900
1989-04-04,295.3100
1989-04-05,296.2400
1989-04-06,295.2900
1989-04-07,297.1600
1989-04-10,297.1100
1989-04-11,298.4900
1989-04-12,298.9900
1989-04-13,296.4000
1989-04-14,301.3600
1989-04-17,301.7200
1989-04-18,306.0200
1989-04-19,307.1500
1989-04-20,306.1900
1989-04-21,309.6100
1989-04-24,308.6900
1989-04-25,306.7500
1989-04-26,306.9300
1989-04-27,309.5800
1989-04-28,309.6400
1989-05-01,309.1200
1989-05-02,308.1200
1989-05-03,308.1600
1989-05-04,307.7700
1989-05-05,307.6100
1989-05-08,306.0000
1989-05-09,305.1900
1989-05-10,305.8000
1989-05-11,306.9500
1989-05-12,313.8400
1989-05-15,316.1600
1989-05-16,315.2800
1989-05-17,317.4800
1989-05-18,317.9700
1989-05-19,321.2400
1989-05-22,321.9800
1989-05-23,318.3200
1989-05-24,319.1400
1989-05-25,319.1700
1989-05-26,321.5900
1989-05-30,319.0500
1989-05-31,320.5200
1989-06-01,321.9700
1989-06-02,325.5200
1989-06-05,322.0300
1989-06-06,324.2400
1989-06-07,326.9500
1989-06-08,326.7500
1989-06-09,326.6900
1989-06-12,326.2400
1989-06-13,323.9100
1989-06-14,323.8300
1989-06-15,320.0800
1989-06-16,321.3500
1989-06-19,321.8900
1989-06-20,321.2500
1989-06-21,320.4800
1989-06-22,322.3200
1989-06-23,328.0000
1989-06-26,326.6000
1989-06-27,328.4400
1989-06-28,325.8100
1989-06-29,319.6800
1989-06-30,317.9800
1989-07-03,319.2300
1989-07-05,320.6400
1989-07-06,321.5500
1989-07-07,324.9100
1989-07-10,327.0700
1989-07-11,328.7800
1989-07-12,329.8100
1989-07-13,329.9500
1989-07-14,331.8400
1989-07-17,332.4400
1989-07-18,331.3500
1989-07-19,335.7300
1989-07-20,333.5100
1989-07-21,335.9000
1989-07-24,333.6700
1989-07-25,333.8800
1989-07-26,338.0500
1989-07-27,341.9900
1989-07-28,342.1500
1989-07-31,346.0800
1989-08-01,343.7500
1989-08-02,344.3400
1989-08-03,344.7400
1989-08-04,343.9200
1989-08-07,349.4100
1989-08-08,349.3500
1989-08-09,346.9400
1989-08-10,348.2500
1989-08-11,344.7400
1989-08-14,343.0600
1989-08-15,344.7100
1989-08-16,345.6600
1989-08-17,344.4500
1989-08-18,346.0300
1989-08-21,340.6700
1989-08-22,341.1900
1989-08-23,344.7000
1989-08-24,351.5200
1989-08-25,350.5200
1989-08-28,352.0900
1989-08-29,349.8400
1989-08-30,350.6500
1989-08-31,351.4500
1989-09-01,353.7300
1989-09-05,352.5600
1989-09-06,349.2400
1989-09-07,348.3500
1989-09-08,348.7600
1989-09-11,347.6600
1989-09-12,348.7000
1989-09-13,345.4600
1989-09-14,343.1600
1989-09-15,345.0600
1989-09-18,346.7300
1989-09-19,346.5500
1989-09-20,346.4700
1989-09-21,345.7000
1989-09-22,347.0500
1989-09-25,344.2300
1989-09-26,344.3300
1989-09-27,345.1000
1989-09-28,348.6000
1989-09-29,349.1500
1989-10-02,350.8700
1989-10-03,354.7100
1989-10-04,356.9400
1989-10-05,356.9700
1989-10-06,358.7800
1989-10-09,359.8000
1989-10-10,359.1300
1989-10-11,356.9900
1989-10-12,355.3900
1989-10-13,333.6200
1989-10-16,342.8500
1989-10-17,341.1600
1989-10-18,341.7600
1989-10-19,347.1300
1989-10-20,347.1600
1989-10-23,344.8300
1989-10-24,343.7000
1989-10-25,342.5000
1989-10-26,337.9300
1989-10-27,335.0600
1989-10-30,335.0700
1989-10-31,340.3600
1989-11-01,341.2000
1989-11-02,338.4800
1989-11-03,337.6200
1989-11-06,332.6100
1989-11-07,334.8100
1989-11-08,338.1500
1989-11-09,336.5700
1989-11-10,339.1000
1989-11-13,339.5500
1989-11-14,337.9900
1989-11-15,340.5400
1989-11-16,340.5800
1989-11-17,341.6100
1989-11-20,339.3500
1989-11-21,339.5900
1989-11-22,341.9100
1989-11-24,343.9700
1989-11-27,345.6100
1989-11-28,345.7700
1989-11-29,343.6000
1989-11-30,345.9900
1989-12-01,350.6300
1989-12-04,351.4100
1989-12-05,349.5800
1989-12-06,348.5500
1989-12-07,347.5900
1989-12-08,348.6900
1989-12-11,348.5600
1989-12-12,351.7300
1989-12-13,352.7500
1989-12-14,350.9300
1989-12-15,350.0600
1989-12-18,343.6900
1989-12-19,342.4600
1989-12-20,342.8400
1989-12-21,344.7800
1989-12-22,347.4200
1989-12-26,346.8100
1989-12-27,348.8100
1989-12-28,350.6700
1989-12-29,353.4000
1990-01-02,359.6900
1990-01-03,358.7600
1990-01-04,355.6700
1990-01-05,352.2000
1990-01-08,353.7900
1990-01-09,349.6200
1990-01-10,347.3100
1990-01-11,348.5300
1990-01-12,339.9300
1990-01-15,337.0000
1990-01-16,340.7500
1990-01-17,337.4000
1990-01-18,338.1900
1990-01-19,339.1500
1990-01-22,330.3800
1990-01-23,331.6100
1990-01-24,330.2600
1990-01-25,326.0800
1990-01-26,325.8000
1990-01-29,325.2000
1990-01-30,322.9800
1990-01-31,329.0800
1990-02-01,328.7900
1990-02-02,330.9200
1990-02-05,331.8500
1990-02-06,329.6600
1990-02-07,333.7500
1990-02-08,332.9600
1990-02-09,333.6200
1990-02-12,330.0800
1990-02-13,331.0200
1990-02-14,332.0100
1990-02-15,334.8900
1990-02-16,332.7200
1990-02-20,327.9900
1990-02-21,327.6700
1990-02-22,325.7000
1990-02-23,324.1500
1990-02-26,328.6700
1990-02-27,330.2600
1990-02-28,331.8900
1990-03-01,332.7400
1990-03-02,335.5400
1990-03-05,333.7400
1990-03-06,337.9300
1990-03-07,336.9500
1990-03-08,340.2700
1990-03-09,337.9300
1990-03-12,338.6700
1990-03-13,336.0000
1990-03-14,336.8700
1990-03-15,338.0700
1990-03-16,341.9100
1990-03-19,343.5300
1990-03-20,341.5700
1990-03-21,339.7400
1990-03-22,335.6900
1990-03-23,337.2200
1990-03-26,337.6300
1990-03-27,341.5000
1990-03-28,342.0000
1990-03-29,340.7900
1990-03-30,339.9400
1990-04-02,338.7000
1990-04-03,343.6400
1990-04-04,341.0900
1990-04-05,340.7300
1990-04-06,340.0800
1990-04-09,341.3700
1990-04-10,342.0700
1990-04-11,341.9200
1990-04-12,344.3400
1990-04-16,344.7400
1990-04-17,344.6800
1990-04-18,340.7200
1990-04-19,338.0900
1990-04-20,335.1200
1990-04-23,331.0500
1990-04-24,330.3600
1990-04-25,332.0300
1990-04-26,332.9200
1990-04-27,329.1100
1990-04-30,330.8000
1990-05-01,332.2500
1990-05-02,334.4800
1990-05-03,335.5700
1990-05-04,338.3900
1990-05-07,340.5300
1990-05-08,342.0100
1990-05-09,342.8600
1990-05-10,343.8200
1990-05-11,352.0000
1990-05-14,354.7500
1990-05-15,354.2800
1990-05-16,354.0000
1990-05-17,354.4700
1990-05-18,354.6400
1990-05-21,358.0000
1990-05-22,358.4300
1990-05-23,359.2900
1990-05-24,358.4100
1990-05-25,354.5800
1990-05-29,360.6500
1990-05-30,360.8600
1990-05-31,361.2300
1990-06-01,363.1600
1990-06-04,367.4000
1990-06-05,366.6400
1990-06-06,364.9600
1990-06-07,363.1500
1990-06-08,358.7100
1990-06-11,361.6300
1990-06-12,366.2500
1990-06-13,364.9000
1990-06-14,362.9000
1990-06-15,362.9100
1990-06-18,356.8800
1990-06-19,358.4700
1990-06-20,359.1000
1990-06-21,360.4700
1990-06-22,355.4300
1990-06-25,352.3100
1990-06-26,352.0600
1990-06-27,355.1400
1990-06-28,357.6300
1990-06-29,358.0200
1990-07-02,359.5400
1990-07-03,360.1600
1990-07-05,355.6800
1990-07-06,358.4200
1990-07-09,359.5200
1990-07-10,356.4900
1990-07-11,361.2300
1990-07-12,365.4400
1990-07-13,367.3100
1990-07-16,368.9500
1990-07-17,367.5200
1990-07-18,364.2200
1990-07-19,365.3200
1990-07-20,361.6100
1990-07-23,355.3100
1990-07-24,355.7900
1990-07-25,357.0900
1990-07-26,355.9100
1990-07-27,353.4400
1990-07-30,355.5500
1990-07-31,356.1500
1990-08-01,355.5200
1990-08-02,351.4800
1990-08-03,344.8600
1990-08-06,334.4300
1990-08-07,334.8300
1990-08-08,338.3500
1990-08-09,339.9400
1990-08-10,335.5200
1990-08-13,338.8400
1990-08-14,339.3900
1990-08-15,340.0600
1990-08-16,332.3900
1990-08-17,327.8300
1990-08-20,328.5100
1990-08-21,321.8600
1990-08-22,316.5500
1990-08-23,307.0600
1990-08-24,311.5100
1990-08-27,321.4400
1990-08-28,321.3400
1990-08-29,324.1900
1990-08-30,318.7100
1990-08-31,322.5600
1990-09-04,323.0900
1990-09-05,324.3900
1990-09-06,320.4600
1990-09-07,323.4000
1990-09-10,321.6300
1990-09-11,321.0400
1990-09-12,322.5400
1990-09-13,318.6500
1990-09-14,316.8300
1990-09-17,317.7700
1990-09-18,318.6000
1990-09-19,316.6000
1990-09-20,311.4800
1990-09-21,311.3200
1990-09-24,304.5900
1990-09-25,308.2600
1990-09-26,305.0600
1990-09-27,300.9700
1990-09-28,306.0500
1990-10-01,314.9400
1990-10-02,315.2100
1990-10-03,311.4000
1990-10-04,312.6900
1990-10-05,311.5000
1990-10-08,313.4800
1990-10-09,305.1000
1990-10-10,300.3900
1990-10-11,295.4600
1990-10-12,300.0300
1990-10-15,303.2300
1990-10-16,298.9200
1990-10-17,298.7600
1990-10-18,305.7400
1990-10-19,312.4800
1990-10-22,314.7600
1990-10-23,312.3600
1990-10-24,312.6000
1990-10-25,310.1700
1990-10-26,304.7100
1990-10-29,301.8800
1990-10-30,304.0600
1990-10-31,304.0000
1990-11-01,307.0200
1990-11-02,311.8500
1990-11-05,314.5900
1990-11-06,311.6200
1990-11-07,306.0100
1990-11-08,307.6100
1990-11-09,313.7400
1990-11-12,319.4800
1990-11-13,317.6700
1990-11-14,320.4000
1990-11-15,317.0200
1990-11-16,317.1200
1990-11-19,319.3400
1990-11-20,315.3100
1990-11-21,316.0300
1990-11-23,315.1000
1990-11-26,316.5100
1990-11-27,318.1000
1990-11-28,317.9500
1990-11-29,316.4200
1990-11-30,322.2200
1990-12-03,324.1000
1990-12-04,326.3500
1990-12-05,329.9200
1990-12-06,329.0700
1990-12-07,327.7500
1990-12-10,328.8900
1990-12-11,326.4400
1990-12-12,330.1900
1990-12-13,329.3400
1990-12-14,326.8200
1990-12-17,326.0200
1990-12-18,330.0500
1990-12-19,330.2000
1990-12-20,330.1200
1990-12-21,331.7500
1990-12-24,329.9000
1990-12-26,330.8500
1990-12-27,328.2900
1990-12-28,328.7200
1990-12-31,330.2200
1991-01-02,326.4500
1991-01-03,321.9100
1991-01-04,321.0000
1991-01-07,315.4400
1991-01-08,314.9000
1991-01-09,311.4900
1991-01-10,314.5300
1991-01-11,315.2300
1991-01-14,312.4900
1991-01-15,313.7300
1991-01-16,316.1700
1991-01-17,327.9700
1991-01-18,332.2300
1991-01-21,331.0600
1991-01-22,328.3100
1991-01-23,330.2100
1991-01-24,334.7800
1991-01-25,336.0700
1991-01-28,336.0300
1991-01-29,335.8400
1991-01-30,340.9100
1991-01-31,343.9300
1991-02-01,343.0500
1991-02-04,348.3400
1991-02-05,351.2600
1991-02-06,358.0700
1991-02-07,356.5200
1991-02-08,359.3500
1991-02-11,368.5800
1991-02-12,365.5000
1991-02-13,369.0200
1991-02-14,364.2200
1991-02-15,369.0600
1991-02-19,369.3900
1991-02-20,365.1400
1991-02-21,364.9700
1991-02-22,365.6500
1991-02-25,367.2600
1991-02-26,362.8100
1991-02-27,367.7400
1991-02-28,367.0700
1991-03-01,370.4700
1991-03-04,369.3300
1991-03-05,376.7200
1991-03-06,376.1700
1991-03-07,375.9100
1991-03-08,374.9500
1991-03-11,372.9600
1991-03-12,370.0300
1991-03-13,374.5700
1991-03-14,373.5000
1991-03-15,373.5900
1991-03-18,372.1100
1991-03-19,366.5900
1991-03-20,367.9200
1991-03-21,366.5800
1991-03-22,367.4800
1991-03-25,369.8300
1991-03-26,376.3000
1991-03-27,375.3500
1991-03-28,375.2200
1991-04-01,371.3000
1991-04-02,379.5000
1991-04-03,378.9400
1991-04-04,379.7700
1991-04-05,375.3600
1991-04-08,378.6600
1991-04-09,373.5600
1991-04-10,373.1500
1991-04-11,377.6300
1991-04-12,380.4000
1991-04-15,381.1900
1991-04-16,387.6200
1991-04-17,390.4500
1991-04-18,388.4600
1991-04-19,384.2000
1991-04-22,380.9500
1991-04-23,381.7600
1991-04-24,382.7600
1991-04-25,379.2500
1991-04-26,379.0200
1991-04-29,373.6600
1991-04-30,375.3500
1991-05-01,380.2900
1991-05-02,380.5200
1991-05-03,380.8000
1991-05-06,380.0800
1991-05-07,377.3200
1991-05-08,378.5100
1991-05-09,383.2500
1991-05-10,375.7400
1991-05-13,376.7600
1991-05-14,371.6200
1991-05-15,368.5700
1991-05-16,372.1900
1991-05-17,372.3900
1991-05-20,372.2800
1991-05-21,375.3500
1991-05-22,376.1900
1991-05-23,374.9700
1991-05-24,377.4900
1991-05-28,381.9400
1991-05-29,382.7900
1991-05-30,386.9600
1991-05-31,389.8300
1991-06-03,388.0600
1991-06-04,387.7400
1991-06-05,385.0900
1991-06-06,383.6300
1991-06-07,379.4300
1991-06-10,378.5700
1991-06-11,381.0500
1991-06-12,376.6500
1991-06-13,377.6300
1991-06-14,382.2900
1991-06-17,380.1300
1991-06-18,378.5900
1991-06-19,375.0900
1991-06-20,375.4200
1991-06-21,377.7500
1991-06-24,370.9400
1991-06-25,370.6500
1991-06-26,371.5900
1991-06-27,374.4000
1991-06-28,371.1600
1991-07-01,377.9200
1991-07-02,377.4700
1991-07-03,373.3300
1991-07-05,374.0800
1991-07-08,377.9400
1991-07-09,376.1100
1991-07-10,375.7400
1991-07-11,376.9700
1991-07-12,380.2500
1991-07-15,382.3900
1991-07-16,381.5400
1991-07-17,381.1800
1991-07-18,385.3700
1991-07-19,384.2200
1991-07-22,382.8800
1991-07-23,379.4200
1991-07-24,378.6400
1991-07-25,380.9600
1991-07-26,380.9300
1991-07-29,383.1500
1991-07-30,386.6900
1991-07-31,387.8100
1991-08-01,387.1200
1991-08-02,387.1800
1991-08-05,385.0600
1991-08-06,390.6200
1991-08-07,390.5600
1991-08-08,389.3200
1991-08-09,387.1200
1991-08-12,388.0200
1991-08-13,389.6200
1991-08-14,389.9000
1991-08-15,389.3300
1991-08-16,385.5800
1991-08-19,376.4700
1991-08-20,379.4300
1991-08-21,390.5900
1991-08-22,391.3300
1991-08-23,394.1700
1991-08-26,393.8500
1991-08-27,393.0600
1991-08-28,396.6400
1991-08-29,396.4700
1991-08-30,395.4300
1991-09-03,392.1500
1991-09-04,389.9700
1991-09-05,389.1400
1991-09-06,389.1000
1991-09-09,388.5700
1991-09-10,384.5600
1991-09-11,385.0900
1991-09-12,387.3400
1991-09-13,383.5900
1991-09-16,385.7800
1991-09-17,385.5000
1991-09-18,386.9400
1991-09-19,387.5600
1991-09-20,387.9200
1991-09-23,385.9200
1991-09-24,387.7100
1991-09-25,386.8800
1991-09-26,386.4900
1991-09-27,385.9000
1991-09-30,387.8600
1991-10-01,389.2000
1991-10-02,388.2600
1991-10-03,384.4700
1991-10-04,381.2400
1991-10-07,379.5000
1991-10-08,380.6700
1991-10-09,376.8000
1991-10-10,380.5500
1991-10-11,381.4500
1991-10-14,386.4700
1991-10-15,391.0100
1991-10-16,392.8000
1991-10-17,391.9200
1991-10-18,392.5000
1991-10-21,390.0200
1991-10-22,387.8300
1991-10-23,387.9400
1991-10-24,385.0700
1991-10-25,384.2000
1991-10-28,389.5200
1991-10-29,391.4800
1991-10-30,392.9600
1991-10-31,392.4600
1991-11-01,391.3200
1991-11-04,390.2800
1991-11-05,388.7100
1991-11-06,389.9700
1991-11-07,393.7200
1991-11-08,392.8900
1991-11-11,393.1200
1991-11-12,396.7400
1991-11-13,397.4100
1991-11-14,397.1500
1991-11-15,382.6200
1991-11-18,385.2400
1991-11-19,379.4200
1991-11-20,378.5300
1991-11-21,380.0600
1991-11-22,376.1400
1991-11-25,375.3400
1991-11-26,377.9600
1991-11-27,376.5500
1991-11-29,375.2200
1991-12-02,381.4000
1991-12-03,380.9600
1991-12-04,380.0700
1991-12-05,377.4000
1991-12-06,379.0900
1991-12-09,378.2600
1991-12-10,377.9000
1991-12-11,377.7000
1991-12-12,381.5500
1991-12-13,384.4700
1991-12-16,384.4600
1991-12-17,382.7400
1991-12-18,383.4800
1991-12-19,382.5200
1991-12-20,387.0400
1991-12-23,396.8200
1991-12-24,399.3300
1991-12-26,404.8400
1991-12-27,406.4600
1991-12-30,415.1400
1991-12-31,417.0900
1992-01-02,417.2600
1992-01-03,419.3400
1992-01-06,417.9600
1992-01-07,417.4000
1992-01-08,418.1000
1992-01-09,417.6100
1992-01-10,415.1000
1992-01-13,414.3400
1992-01-14,420.4400
1992-01-15,420.7700
1992-01-16,418.2100
1992-01-17,418.8600
1992-01-20,416.3600
1992-01-21,412.6400
1992-01-22,418.1300
1992-01-23,414.9600
1992-01-24,415.4800
1992-01-27,414.9900
1992-01-28,414.9600
1992-01-29,410.3400
1992-01-30,411.6300
1992-01-31,408.7900
1992-02-03,409.5300
1992-02-04,413.8500
1992-02-05,413.8400
1992-02-06,413.8200
1992-02-07,411.0900
1992-02-10,413.7700
1992-02-11,413.7600
1992-02-12,417.1300
1992-02-13,413.6900
1992-02-14,412.4800
1992-02-18,407.3800
1992-02-19,408.2600
1992-02-20,413.9000
1992-02-21,411.4600
1992-02-24,412.2700
1992-02-25,410.4500
1992-02-26,415.3500
1992-02-27,413.8600
1992-02-28,412.7000
1992-03-02,412.4500
1992-03-03,412.8500
1992-03-04,409.3300
1992-03-05,406.5100
1992-03-06,404.4400
1992-03-09,405.2100
1992-03-10,406.8900
1992-03-11,404.0300
1992-03-12,403.8900
1992-03-13,405.8400
1992-03-16,406.3900
1992-03-17,409.5800
1992-03-18,409.1500
1992-03-19,409.8000
1992-03-20,411.3000
1992-03-23,409.9100
1992-03-24,408.8800
1992-03-25,407.5200
1992-03-26,407.8600
1992-03-27,403.5000
1992-03-30,403.0000
1992-03-31,403.6900
1992-04-01,404.2300
1992-04-02,400.5000
1992-04-03,401.5500
1992-04-06,405.5900
1992-04-07,398.0600
1992-04-08,394.5000
1992-04-09,400.6400
1992-04-10,404.2900
1992-04-13,406.0800
1992-04-14,412.3900
1992-04-15,416.2800
1992-04-16,416.0500
1992-04-20,410.1600
1992-04-21,410.2600
1992-04-22,409.8100
1992-04-23,411.6000
1992-04-24,409.0200
1992-04-27,408.4500
1992-04-28,409.1100
1992-04-29,412.0200
1992-04-30,414.9500
1992-05-01,412.5300
1992-05-04,416.9100
1992-05-05,416.8400
1992-05-06,416.7900
1992-05-07,415.8500
1992-05-08,416.0500
1992-05-11,418.4900
1992-05-12,416.2900
1992-05-13,416.4500
1992-05-14,413.1400
1992-05-15,410.0900
1992-05-18,412.8100
1992-05-19,416.3700
1992-05-20,415.3900
1992-05-21,412.6000
1992-05-22,414.0200
1992-05-26,411.4100
1992-05-27,412.1700
1992-05-28,416.7400
1992-05-29,415.3500
1992-06-01,417.3000
1992-06-02,413.5000
1992-06-03,414.5900
1992-06-04,413.2600
1992-06-05,413.4800
1992-06-08,413.3600
1992-06-09,410.0600
1992-06-10,407.2500
1992-06-11,409.0500
1992-06-12,409.7600
1992-06-15,410.2900
1992-06-16,408.3200
1992-06-17,402.2600
1992-06-18,400.9600
1992-06-19,403.6700
1992-06-22,403.4000
1992-06-23,404.0400
1992-06-24,403.8300
1992-06-25,403.1200
1992-06-26,403.4500
1992-06-29,408.9400
1992-06-30,408.1400
1992-07-01,412.8800
1992-07-02,411.7700
1992-07-06,413.8400
1992-07-07,409.1600
1992-07-08,410.2800
1992-07-09,414.2300
1992-07-10,414.6200
1992-07-13,414.8700
1992-07-14,417.6800
1992-07-15,417.1000
1992-07-16,417.5400
1992-07-17,415.6200
1992-07-20,413.7500
1992-07-21,413.7600
1992-07-22,410.9300
1992-07-23,412.0800
1992-07-24,411.6000
1992-07-27,411.5400
1992-07-28,417.5200
1992-07-29,422.2300
1992-07-30,423.9200
1992-07-31,424.2100
1992-08-03,425.0900
1992-08-04,424.3600
1992-08-05,422.1900
1992-08-06,420.5900
1992-08-07,418.8800
1992-08-10,419.4200
1992-08-11,418.9000
1992-08-12,417.7800
1992-08-13,417.7300
1992-08-14,419.9100
1992-08-17,420.7400
1992-08-18,421.3400
1992-08-19,418.1800
1992-08-20,418.2600
1992-08-21,414.8500
1992-08-24,410.7200
1992-08-25,411.6100
1992-08-26,413.5100
1992-08-27,413.5300
1992-08-28,414.8400
1992-08-31,414.0300
1992-09-01,416.0700
1992-09-02,417.9800
1992-09-03,417.9800
1992-09-04,417.0800
1992-09-08,414.4400
1992-09-09,416.3600
1992-09-10,419.9500
1992-09-11,419.5800
1992-09-14,425.2700
1992-09-15,419.7700
1992-09-16,419.9200
1992-09-17,419.9300
1992-09-18,422.9300
1992-09-21,422.1400
1992-09-22,417.1400
1992-09-23,417.4400
1992-09-24,418.4700
1992-09-25,414.3500
1992-09-28,416.6200
1992-09-29,416.8000
1992-09-30,417.8000
1992-10-01,416.2900
1992-10-02,410.4700
1992-10-05,407.5700
1992-10-06,407.1800
1992-10-07,404.2500
1992-10-08,407.7500
1992-10-09,402.6600
1992-10-12,407.4400
1992-10-13,409.3000
1992-10-14,409.3700
1992-10-15,409.6000
1992-10-16,411.7300
1992-10-19,414.9800
1992-10-20,415.4800
1992-10-21,415.6700
1992-10-22,414.9000
1992-10-23,414.1000
1992-10-26,418.1600
1992-10-27,418.4900
1992-10-28,420.1300
1992-10-29,420.8600
1992-10-30,418.6800
1992-11-02,422.7500
1992-11-03,419.9200
1992-11-04,417.1100
1992-11-05,418.3400
1992-11-06,417.5800
1992-11-09,418.5900
1992-11-10,418.6200
1992-11-11,422.2000
1992-11-12,422.8700
1992-11-13,422.4300
1992-11-16,420.6800
1992-11-17,419.2700
1992-11-18,422.8500
1992-11-19,423.6100
1992-11-20,426.6500
1992-11-23,425.1200
1992-11-24,427.5900
1992-11-25,429.1900
1992-11-27,430.1600
1992-11-30,431.3500
1992-12-01,430.7800
1992-12-02,429.8900
1992-12-03,429.9100
1992-12-04,432.0600
1992-12-07,435.3100
1992-12-08,436.9900
1992-12-09,435.6500
1992-12-10,434.6400
1992-12-11,433.7300
1992-12-14,432.8400
1992-12-15,432.5700
1992-12-16,431.5200
1992-12-17,435.4300
1992-12-18,441.2800
1992-12-21,440.7000
1992-12-22,440.3100
1992-12-23,439.0300
1992-12-24,439.7700
1992-12-28,439.1500
1992-12-29,437.9800
1992-12-30,438.8200
1992-12-31,435.7100
1993-01-04,435.3800
1993-01-05,434.3400
1993-01-06,434.5200
1993-01-07,430.7300
1993-01-08,429.0500
1993-01-11,430.9500
1993-01-12,431.0400
1993-01-13,433.0300
1993-01-14,435.9400
1993-01-15,437.1500
1993-01-18,436.8400
1993-01-19,435.1300
1993-01-20,433.3700
1993-01-21,435.4900
1993-01-22,436.1100
1993-01-25,440.0100
1993-01-26,439.9500
1993-01-27,438.1100
1993-01-28,438.6600
1993-01-29,43.938
1993-02-01,44.25
1993-02-02,44.34375
1993-02-03,44.8125
1993-02-04,45
1993-02-05,44.96875
1993-02-08,44.96875
1993-02-09,44.65625
1993-02-10,44.71875
1993-02-11,44.9375
1993-02-12,44.59375
1993-02-16,43.46875
1993-02-17,43.4375
1993-02-18,43.40625
1993-02-19,43.5625
1993-02-22,43.71875
1993-02-23,43.6875
1993-02-24,44.25
1993-02-25,44.34375
1993-02-26,44.40625
1993-03-01,44.28125
1993-03-02,44.9375
1993-03-03,45.125
1993-03-04,44.875
1993-03-05,44.75
1993-03-08,45.75
1993-03-09,45.59375
1993-03-10,45.6875
1993-03-11,45.5625
1993-03-12,45.09375
1993-03-15,45.3125
1993-03-16,45.3125
1993-03-17,45.03125
1993-03-18,45.3125
1993-03-19,45.03125
1993-03-22,44.78125
1993-03-23,44.875
1993-03-24,44.875
1993-03-25,45.15625
1993-03-26,44.90625
1993-03-29,45.09375
1993-03-30,45.21875
1993-03-31,45.1875
1993-04-01,45.03125
1993-04-02,44.09375
1993-04-05,44.3125
1993-04-06,44.1875
1993-04-07,44.34375
1993-04-08,44.28125
1993-04-12,44.90625
1993-04-13,45
1993-04-14,44.9375
1993-04-15,44.9375
1993-04-16,44.9375
1993-04-19,44.75
1993-04-20,44.53125
1993-04-21,44.5
1993-04-22,43.9375
1993-04-23,43.75
1993-04-26,43.40625
1993-04-27,43.875
1993-04-28,43.78125
1993-04-29,43.96875
1993-04-30,44.03125
1993-05-03,44.3125
1993-05-04,44.46875
1993-05-05,44.59375
1993-05-06,44.4375
1993-05-07,44.34375
1993-05-10,44.4375
1993-05-11,44.625
1993-05-12,44.5625
1993-05-13,44.03125
1993-05-14,44
1993-05-17,44.15625
1993-05-18,44.125
1993-05-19,45.03125
1993-05-20,45.15625
1993-05-21,44.75
1993-05-24,44.9375
1993-05-25,45.03125
1993-05-26,45.59375
1993-05-27,45.4375
1993-05-28,45.21875
1993-06-01,45.65625
1993-06-02,45.59375
1993-06-03,45.4375
1993-06-04,45.28125
1993-06-07,45.125
1993-06-08,44.71875
1993-06-09,44.875
1993-06-10,44.90625
1993-06-11,45.09375
1993-06-14,45.03125
1993-06-15,44.9375
1993-06-16,45.03125
1993-06-17,45.1875
1993-06-18,44.5
1993-06-21,44.59375
1993-06-22,44.625
1993-06-23,44.21875
1993-06-24,44.8125
1993-06-25,44.78125
1993-06-28,45.28125
1993-06-29,45.0625
1993-06-30,45.0625
1993-07-01,44.9375
1993-07-02,44.6875
1993-07-06,44.21875
1993-07-07,44.34375
1993-07-08,44.84375
1993-07-09,44.96875
1993-07-12,44.9375
1993-07-13,44.90625
1993-07-14,45.0625
1993-07-15,44.875
1993-07-16,44.75
1993-07-19,44.71875
1993-07-20,44.84375
1993-07-21,44.8125
1993-07-22,44.5
1993-07-23,44.71875
1993-07-26,44.96875
1993-07-27,44.9375
1993-07-28,44.84375
1993-07-29,45.09375
1993-07-30,44.84375
1993-08-02,44.96875
1993-08-03,45
1993-08-04,45
1993-08-05,44.90625
1993-08-06,44.96875
1993-08-09,45.21875
1993-08-10,45.1875
1993-08-11,45.1875
1993-08-12,45.0625
1993-08-13,45.125
1993-08-16,45.375
1993-08-17,45.53125
1993-08-18,45.78125
1993-08-19,45.78125
1993-08-20,45.8125
1993-08-23,45.71875
1993-08-24,46.21875
1993-08-25,46.25
1993-08-26,46.28125
1993-08-27,46.25
1993-08-30,46.4375
1993-08-31,46.5625
1993-09-01,46.5
1993-09-02,46.34375
1993-09-03,46.375
1993-09-07,46.0625
1993-09-08,45.90625
1993-09-09,46
1993-09-10,46.40625
1993-09-13,46.4375
1993-09-14,46.25
1993-09-15,46.375
1993-09-16,46.28125
1993-09-17,45.8125
1993-09-20,45.4375
1993-09-21,45.28125
1993-09-22,45.65625
1993-09-23,45.90625
1993-09-24,45.78125
1993-09-27,46.28125
1993-09-28,46.1875
1993-09-29,46.03125
1993-09-30,45.9375
1993-10-01,46.15625
1993-10-04,46.21875
1993-10-05,46.15625
1993-10-06,46.125
1993-10-07,46
1993-10-08,46.0625
1993-10-11,46.15625
1993-10-12,46.21875
1993-10-13,46.21875
1993-10-14,46.8125
1993-10-15,47.0625
1993-10-18,46.9375
1993-10-19,46.59375
1993-10-20,46.65625
1993-10-21,46.59375
1993-10-22,46.375
1993-10-25,46.5
1993-10-26,46.46875
1993-10-27,46.5
1993-10-28,46.84375
1993-10-29,46.84375
1993-11-01,46.96875
1993-11-02,46.9375
1993-11-03,46.34375
1993-11-04,45.84375
1993-11-05,46.0625
1993-11-08,46.125
1993-11-09,46.15625
1993-11-10,46.5
1993-11-11,46.375
1993-11-12,46.59375
1993-11-15,46.5625
1993-11-16,46.78125
1993-11-17,46.53125
1993-11-18,46.40625
1993-11-19,46.3125
1993-11-22,46.03125
1993-11-23,46.28125
1993-11-24,46.46875
1993-11-26,46.5
1993-11-29,46.3125
1993-11-30,46.34375
1993-12-01,46.40625
1993-12-02,46.53125
1993-12-03,46.71875
1993-12-06,46.875
1993-12-07,46.84375
1993-12-08,46.84375
1993-12-09,46.6875
1993-12-10,46.59375
1993-12-13,46.875
1993-12-14,46.53125
1993-12-15,46.46875
1993-12-16,46.625
1993-12-17,46.5625
1993-12-20,46.625
1993-12-21,46.46875
1993-12-22,46.78125
1993-12-23,46.75
1993-12-27,47
1993-12-28,47.09375
1993-12-29,47.03125
1993-12-30,46.84375
1993-12-31,46.59375
1994-01-03,46.46875
1994-01-04,46.65625
1994-01-05,46.75
1994-01-06,46.75
1994-01-07,47.03125
1994-01-10,47.59375
1994-01-11,47.5
1994-01-12,47.34375
1994-01-13,47.21875
1994-01-14,47.40625
1994-01-17,47.40625
1994-01-18,47.46875
1994-01-19,47.34375
1994-01-20,47.46875
1994-01-21,47.375
1994-01-24,47.1875
1994-01-25,47.1875
1994-01-26,47.3125
1994-01-27,47.75
1994-01-28,47.875
1994-01-31,48.21875
1994-02-01,47.96875
1994-02-02,48.28125
1994-02-03,48.0625
1994-02-04,46.96875
1994-02-07,47.1875
1994-02-08,47.21875
1994-02-09,47.40625
1994-02-10,47
1994-02-11,47.15625
1994-02-14,47.21875
1994-02-15,47.46875
1994-02-16,47.4375
1994-02-17,47.15625
1994-02-18,46.875
1994-02-22,47.34375
1994-02-23,47.21875
1994-02-24,46.59375
1994-02-25,46.8125
1994-02-28,46.8125
1994-03-01,46.625
1994-03-02,46.6875
1994-03-03,46.5625
1994-03-04,46.6875
1994-03-07,46.9375
1994-03-08,46.75
1994-03-09,46.96875
1994-03-10,46.59375
1994-03-11,46.84375
1994-03-14,46.90625
1994-03-15,46.875
1994-03-16,47.25
1994-03-17,47.25
1994-03-18,46.96875
1994-03-21,46.84375
1994-03-22,46.96875
1994-03-23,46.9375
1994-03-24,46.375
1994-03-25,45.9375
1994-03-28,46
1994-03-29,45.09375
1994-03-30,44.46875
1994-03-31,44.59375
1994-04-04,43.90625
1994-04-05,44.8125
1994-04-06,44.8125
1994-04-07,45.03125
1994-04-08,44.6875
1994-04-11,44.875
1994-04-12,44.8125
1994-04-13,44.578
1994-04-14,44.59375
1994-04-15,44.59375
1994-04-18,44.296875
1994-04-19,44.359375
1994-04-20,44.3125
1994-04-21,44.90625
1994-04-22,44.859375
1994-04-25,45.328125
1994-04-26,45.28125
1994-04-28,44.953125
1994-04-29,45.09375
1994-05-02,45.375
1994-05-03,45.328125
1994-05-04,45.25
1994-05-05,45.1875
1994-05-06,44.75
1994-05-09,44.359375
1994-05-10,44.703125
1994-05-11,44.296875
1994-05-12,44.515625
1994-05-13,44.515625
1994-05-16,44.53125
1994-05-17,45.1875
1994-05-18,45.515625
1994-05-19,45.734375
1994-05-20,45.5625
1994-05-23,45.484375
1994-05-24,45.671875
1994-05-25,45.796875
1994-05-26,45.828125
1994-05-27,45.875
1994-05-31,45.8125
1994-06-01,46.015625
1994-06-02,45.96875
1994-06-03,46.234375
1994-06-06,46.21875
1994-06-07,46.15625
1994-06-08,45.78125
1994-06-09,46.03125
1994-06-10,46.109375
1994-06-13,46.171875
1994-06-14,46.53125
1994-06-15,46.34375
1994-06-16,46.4375
1994-06-17,45.875
1994-06-20,45.484375
1994-06-21,45.09375
1994-06-22,45.265625
1994-06-23,45
1994-06-24,44.0625
1994-06-27,44.828125
1994-06-28,44.609375
1994-06-29,44.75
1994-06-30,44.46875
1994-07-01,44.5625
1994-07-05,44.796875
1994-07-06,44.734375
1994-07-07,44.921875
1994-07-08,44.90625
1994-07-11,44.75
1994-07-12,44.8125
1994-07-13,44.890625
1994-07-14,45.375
1994-07-15,45.390625
1994-07-18,45.46875
1994-07-19,45.375
1994-07-20,45.171875
1994-07-21,45.265625
1994-07-22,45.34375
1994-07-25,45.40625
1994-07-26,45.359375
1994-07-27,45.359375
1994-07-28,45.453125
1994-07-29,45.90625
1994-08-01,46.125
1994-08-02,46.1875
1994-08-03,46.203125
1994-08-04,45.9375
1994-08-05,45.78125
1994-08-08,45.890625
1994-08-09,45.96875
1994-08-10,46.140625
1994-08-11,45.96875
1994-08-12,46.328125
1994-08-15,46.3125
1994-08-16,46.640625
1994-08-17,46.609375
1994-08-18,46.453125
1994-08-19,46.421875
1994-08-22,46.375
1994-08-23,46.640625
1994-08-24,47.140625
1994-08-25,47.015625
1994-08-26,47.6875
1994-08-29,47.65625
1994-08-30,47.78125
1994-08-31,47.65625
1994-09-01,47.5
1994-09-02,47.296875
1994-09-06,47.3125
1994-09-07,47.265625
1994-09-08,47.5
1994-09-09,47
1994-09-12,46.859375
1994-09-13,47
1994-09-14,47.046875
1994-09-15,47.640625
1994-09-16,47.015625
1994-09-19,47.0625
1994-09-20,46.171875
1994-09-21,46.171875
1994-09-22,46.0625
1994-09-23,45.90625
1994-09-26,46.140625
1994-09-27,46.109375
1994-09-28,46.46875
1994-09-29,46.234375
1994-09-30,46.171875
1994-10-03,46.0625
1994-10-04,45.375
1994-10-05,45.390625
1994-10-06,45.25
1994-10-07,45.453125
1994-10-10,45.9375
1994-10-11,46.625
1994-10-12,46.6875
1994-10-13,46.84375
1994-10-14,47.046875
1994-10-17,46.953125
1994-10-18,46.84375
1994-10-19,47.0625
1994-10-20,46.75
1994-10-21,46.5625
1994-10-24,46.171875
1994-10-25,46.21875
1994-10-26,46.390625
1994-10-27,46.671875
1994-10-28,47.65625
1994-10-31,47.484375
1994-11-01,46.953125
1994-11-02,46.6875
1994-11-03,46.9375
1994-11-04,46.328125
1994-11-07,46.46875
1994-11-08,46.828125
1994-11-09,46.90625
1994-11-10,46.578125
1994-11-11,46.40625
1994-11-14,46.84375
1994-11-15,46.6875
1994-11-16,46.84375
1994-11-17,46.53125
1994-11-18,46.46875
1994-11-21,46
1994-11-22,45
1994-11-23,45.25
1994-11-25,45.46875
1994-11-28,45.671875
1994-11-29,45.65625
1994-11-30,45.59375
1994-12-01,45.140625
1994-12-02,45.5625
1994-12-05,45.609375
1994-12-06,45.640625
1994-12-07,45.3125
1994-12-08,44.875
1994-12-09,45.046875
1994-12-12,45.34375
1994-12-13,45.515625
1994-12-14,45.75
1994-12-15,45.890625
1994-12-16,45.75
1994-12-19,45.8125
1994-12-20,45.671875
1994-12-21,46.15625
1994-12-22,46.015625
1994-12-23,46.0625
1994-12-27,46.3125
1994-12-28,46.078125
1994-12-29,46.109375
1994-12-30,45.5625
1995-01-03,45.78125
1995-01-04,46
1995-01-05,46
1995-01-06,46.046875
1995-01-09,46.09375
1995-01-10,46.140625
1995-01-11,46.171875
1995-01-12,46.1875
1995-01-13,46.734375
1995-01-16,47.015625
1995-01-17,47.03125
1995-01-18,46.984375
1995-01-19,46.71875
1995-01-20,46.546875
1995-01-23,46.6875
1995-01-24,46.75
1995-01-25,46.875
1995-01-26,46.921875
1995-01-27,47.109375
1995-01-30,46.90625
1995-01-31,47.09375
1995-02-01,47.078125
1995-02-02,47.359375
1995-02-03,48.03125
1995-02-06,48.234375
1995-02-07,48.296875
1995-02-08,48.296875
1995-02-09,48.296875
1995-02-10,48.359375
1995-02-13,48.375
1995-02-14,48.4375
1995-02-15,48.703125
1995-02-16,48.640625
1995-02-17,48.453125
1995-02-21,48.4375
1995-02-22,48.796875
1995-02-23,48.875
1995-02-24,49
1995-02-27,48.609375
1995-02-28,49.015625
1995-03-01,48.703125
1995-03-02,48.765625
1995-03-03,48.78125
1995-03-06,48.8125
1995-03-07,48.4375
1995-03-08,48.5625
1995-03-09,48.546875
1995-03-10,49.265625
1995-03-13,49.21875
1995-03-14,49.578125
1995-03-15,49.484375
1995-03-16,49.78125
1995-03-17,49.5625
1995-03-20,49.5625
1995-03-21,49.4375
1995-03-22,49.484375
1995-03-23,49.515625
1995-03-24,50.21875
1995-03-27,50.421875
1995-03-28,50.421875
1995-03-29,50.40625
1995-03-30,50.3125
1995-03-31,50.109375
1995-04-03,50.234375
1995-04-04,50.5625
1995-04-05,50.5625
1995-04-06,50.75
1995-04-07,50.703125
1995-04-10,50.796875
1995-04-11,50.625
1995-04-12,50.796875
1995-04-13,51.078125
1995-04-17,50.78125
1995-04-18,50.609375
1995-04-19,50.5625
1995-04-20,50.640625
1995-04-21,50.890625
1995-04-24,51.484375
1995-04-25,51.34375
1995-04-26,51.390625
1995-04-27,51.515625
1995-04-28,51.59375
1995-05-01,51.453125
1995-05-02,51.5625
1995-05-03,52.28125
1995-05-04,52.25
1995-05-05,52.1875
1995-05-08,52.5625
1995-05-09,52.515625
1995-05-10,52.578125
1995-05-11,52.71875
1995-05-12,52.75
1995-05-15,53
1995-05-16,53.03125
1995-05-17,52.828125
1995-05-18,52.0625
1995-05-19,52.09375
1995-05-22,52.671875
1995-05-23,53.15625
1995-05-24,53.125
1995-05-25,53.171875
1995-05-26,52.5625
1995-05-30,52.546875
1995-05-31,53.640625
1995-06-01,53.5
1995-06-02,53.546875
1995-06-05,53.875
1995-06-06,53.78125
1995-06-07,53.5
1995-06-08,53.375
1995-06-09,53.0625
1995-06-12,53.359375
1995-06-13,53.9375
1995-06-14,53.890625
1995-06-15,54.125
1995-06-16,53.96875
1995-06-19,54.578125
1995-06-20,54.4375
1995-06-21,54.40625
1995-06-22,55.125
1995-06-23,55.015625
1995-06-26,54.359375
1995-06-27,54.25
1995-06-28,54.53125
1995-06-29,54.4375
1995-06-30,54.40625
1995-07-03,54.609375
1995-07-05,54.8125
1995-07-06,55.515625
1995-07-07,55.765625
1995-07-10,55.796875
1995-07-11,55.53125
1995-07-12,56.21875
1995-07-13,56.09375
1995-07-14,56.046875
1995-07-17,56.359375
1995-07-18,55.875
1995-07-19,55.265625
1995-07-20,55.46875
1995-07-21,55.40625
1995-07-24,55.8125
1995-07-25,56.234375
1995-07-26,56.1875
1995-07-27,56.65625
1995-07-28,56.296875
1995-07-31,56.15625
1995-08-01,56.0625
1995-08-02,55.9375
1995-08-03,55.921875
1995-08-04,55.984375
1995-08-07,56.109375
1995-08-08,56.109375
1995-08-09,56.09375
1995-08-10,55.96875
1995-08-11,55.65625
1995-08-14,56.15625
1995-08-15,56.046875
1995-08-16,56.203125
1995-08-17,56.109375
1995-08-18,56.171875
1995-08-21,56.015625
1995-08-22,56.125
1995-08-23,55.921875
1995-08-24,55.984375
1995-08-25,56.296875
1995-08-28,56.09375
1995-08-29,56.234375
1995-08-30,56.359375
1995-08-31,56.40625
1995-09-01,56.65625
1995-09-05,57.1875
1995-09-06,57.296875
1995-09-07,57.328125
1995-09-08,57.546875
1995-09-11,57.703125
1995-09-12,57.96875
1995-09-13,58.234375
1995-09-14,58.765625
1995-09-15,58.4375
1995-09-18,58.21875
1995-09-19,58.5
1995-09-20,58.78125
1995-09-21,58.296875
1995-09-22,58.3125
1995-09-25,58.21875
1995-09-26,58.203125
1995-09-27,58.15625
1995-09-28,58.59375
1995-09-29,58.484375
1995-10-02,58.1875
1995-10-03,58.25
1995-10-04,58.1875
1995-10-05,58.359375
1995-10-06,58.40625
1995-10-09,57.921875
1995-10-10,57.890625
1995-10-11,58.078125
1995-10-12,58.4375
1995-10-13,58.625
1995-10-16,58.34375
1995-10-17,58.734375
1995-10-18,58.90625
1995-10-19,59.1875
1995-10-20,58.828125
1995-10-23,58.703125
1995-10-24,58.765625
1995-10-25,58.28125
1995-10-26,57.75
1995-10-27,58.1875
1995-10-30,58.5625
1995-10-31,58.3125
1995-11-01,58.78125
1995-11-02,59.15625
1995-11-03,59.234375
1995-11-06,59.03125
1995-11-07,58.8125
1995-11-08,59.34375
1995-11-09,59.5625
1995-11-10,59.53125
1995-11-13,59.46875
1995-11-14,59.078125
1995-11-15,59.671875
1995-11-16,60
1995-11-17,60.1875
1995-11-20,59.875
1995-11-21,60.359375
1995-11-22,60.171875
1995-11-24,60.328125
1995-11-27,60.34375
1995-11-28,60.984375
1995-11-29,61.046875
1995-11-30,60.90625
1995-12-01,60.984375
1995-12-04,61.734375
1995-12-05,62.140625
1995-12-06,62.28125
1995-12-07,61.953125
1995-12-08,62.15625
1995-12-11,62.421875
1995-12-12,62.234375
1995-12-13,62.625
1995-12-14,62.171875
1995-12-15,61.8125
1995-12-18,60.625
1995-12-19,61.265625
1995-12-20,60.671875
1995-12-21,60.984375
1995-12-22,61.203125
1995-12-26,61.5
1995-12-27,61.46875
1995-12-28,61.40625
1995-12-29,61.484375
1996-01-02,62.140625
1996-01-03,62.3125
1996-01-04,61.71875
1996-01-05,61.59375
1996-01-08,61.828125
1996-01-09,60.765625
1996-01-10,59.96875
1996-01-11,60.328125
1996-01-12,60.234375
1996-01-15,60.109375
1996-01-16,60.84375
1996-01-17,60.65625
1996-01-18,60.859375
1996-01-19,61.265625
1996-01-22,61.28125
1996-01-23,61.421875
1996-01-24,61.921875
1996-01-25,61.703125
1996-01-26,62.234375
1996-01-29,62.484375
1996-01-30,63.015625
1996-01-31,63.671875
1996-02-01,63.90625
1996-02-02,63.640625
1996-02-05,64.15625
1996-02-06,64.765625
1996-02-07,65.140625
1996-02-08,65.84375
1996-02-09,65.828125
1996-02-12,66.328125
1996-02-13,66.1875
1996-02-14,65.609375
1996-02-15,65.203125
1996-02-16,64.9375
1996-02-20,64.296875
1996-02-21,65.09375
1996-02-22,66.125
1996-02-23,65.9375
1996-02-26,65
1996-02-27,64.796875
1996-02-28,64.5
1996-02-29,63.875
1996-03-01,64.890625
1996-03-04,65.265625
1996-03-05,65.875
1996-03-06,65.296875
1996-03-07,65.625
1996-03-08,63.5
1996-03-11,64.234375
1996-03-12,63.734375
1996-03-13,64.171875
1996-03-14,64.453125
1996-03-15,64.125
1996-03-18,65.359375
1996-03-19,65.21875
1996-03-20,65.140625
1996-03-21,64.984375
1996-03-22,65.15625
1996-03-25,65.03125
1996-03-26,65.34375
1996-03-27,64.75
1996-03-28,65
1996-03-29,64.6875
1996-04-01,65.4375
1996-04-02,65.5625
1996-04-03,65.5625
1996-04-04,65.515625
1996-04-08,64.390625
1996-04-09,64.140625
1996-04-10,63
1996-04-11,62.921875
1996-04-12,63.71875
1996-04-15,64.25
1996-04-16,64.4375
1996-04-17,64.28125
1996-04-18,64.375
1996-04-19,64.53125
1996-04-22,65.03125
1996-04-23,65.234375
1996-04-24,65
1996-04-25,65.296875
1996-04-26,65.4375
1996-04-29,65.4375
1996-04-30,65.390625
1996-05-01,65.53125
1996-05-02,64.40625
1996-05-03,64.3125
1996-05-06,64.25
1996-05-07,63.984375
1996-05-08,64.78125
1996-05-09,64.734375
1996-05-10,65.375
1996-05-13,66.359375
1996-05-14,66.765625
1996-05-15,66.6875
1996-05-16,66.828125
1996-05-17,67.1875
1996-05-20,67.640625
1996-05-21,67.546875
1996-05-22,68.1875
1996-05-23,67.90625
1996-05-24,68.171875
1996-05-28,67.484375
1996-05-29,67.03125
1996-05-30,67.375
1996-05-31,66.875
1996-06-03,67.0625
1996-06-04,67.53125
1996-06-05,68.125
1996-06-06,67.625
1996-06-07,67.625
1996-06-10,67.40625
1996-06-11,67.34375
1996-06-12,67.21875
1996-06-13,67.21875
1996-06-14,66.9375
1996-06-17,66.890625
1996-06-18,66.34375
1996-06-19,66.640625
1996-06-20,66.59375
1996-06-21,66.8125
1996-06-24,66.9375
1996-06-25,66.859375
1996-06-26,66.40625
1996-06-27,66.875
1996-06-28,67.109375
1996-07-01,67.6875
1996-07-02,67.4375
1996-07-03,67.296875
1996-07-05,65.578125
1996-07-08,65.3125
1996-07-09,65.578125
1996-07-10,65.84375
1996-07-11,64.515625
1996-07-12,64.5625
1996-07-15,62.65625
1996-07-16,62.8125
1996-07-17,63.5625
1996-07-18,64.4375
1996-07-19,63.96875
1996-07-22,63.5
1996-07-23,62.6875
1996-07-24,62.8125
1996-07-25,63.375
1996-07-26,63.71875
1996-07-29,63.015625
1996-07-30,63.625
1996-07-31,64.09375
1996-08-01,65.15625
1996-08-02,66.5625
1996-08-05,66.171875
1996-08-06,66.375
1996-08-07,66.546875
1996-08-08,66.4375
1996-08-09,66.21875
1996-08-12,66.703125
1996-08-13,66.171875
1996-08-14,66.40625
1996-08-15,66.28125
1996-08-16,66.84375
1996-08-19,66.875
1996-08-20,66.828125
1996-08-21,66.59375
1996-08-22,67.21875
1996-08-23,66.859375
1996-08-26,66.53125
1996-08-27,66.78125
1996-08-28,66.671875
1996-08-29,66.015625
1996-08-30,65.328125
1996-09-03,65.75
1996-09-04,65.8125
1996-09-05,65.015625
1996-09-06,65.9375
1996-09-09,66.71875
1996-09-10,66.6875
1996-09-11,67.0625
1996-09-12,67.53125
1996-09-13,68.5625
1996-09-16,68.8125
1996-09-17,68.65625
1996-09-18,68.484375
1996-09-19,68.75
1996-09-20,68.640625
1996-09-23,68.625
1996-09-24,68.609375
1996-09-25,68.65625
1996-09-26,68.625
1996-09-27,68.6875
1996-09-30,68.625
1996-10-01,69
1996-10-02,69.46875
1996-10-03,69.40625
1996-10-04,70.34375
1996-10-07,70.421875
1996-10-08,70.140625
1996-10-09,69.59375
1996-10-10,69.453125
1996-10-11,70.3125
1996-10-14,70.40625
1996-10-15,70.3125
1996-10-16,70.65625
1996-10-17,70.84375
1996-10-18,71.21875
1996-10-21,71.125
1996-10-22,70.625
1996-10-23,70.859375
1996-10-24,70.25
1996-10-25,70.3125
1996-10-28,69.84375
1996-10-29,70.40625
1996-10-30,70.171875
1996-10-31,70.84375
1996-11-01,70.59375
1996-11-04,71.0625
1996-11-05,71.46875
1996-11-06,72.84375
1996-11-07,73.015625
1996-11-08,73.421875
1996-11-11,73.34375
1996-11-12,73.125
1996-11-13,73.453125
1996-11-14,73.9375
1996-11-15,74.03125
1996-11-18,74.046875
1996-11-19,74.578125
1996-11-20,74.703125
1996-11-21,74.59375
1996-11-22,75.171875
1996-11-25,76.125
1996-11-26,75.875
1996-11-27,75.734375
1996-11-29,76.015625
1996-12-02,76.046875
1996-12-03,74.75
1996-12-04,74.953125
1996-12-05,74.75
1996-12-06,74.3125
1996-12-09,75.40625
1996-12-10,75.046875
1996-12-11,74.359375
1996-12-12,73.125
1996-12-13,73.3125
1996-12-16,72.375
1996-12-17,72.953125
1996-12-18,73.53125
1996-12-19,75.046875
1996-12-20,74.84375
1996-12-23,74.65625
1996-12-24,75.203125
1996-12-26,75.78125
1996-12-27,75.875
1996-12-30,75.21875
1996-12-31,73.84375
1997-01-02,74.03125
1997-01-03,75.09375
1997-01-06,74.4375
1997-01-07,75.34375
1997-01-08,74.6875
1997-01-09,75.3125
1997-01-10,76.125
1997-01-13,76.015625
1997-01-14,76.96875
1997-01-15,76.78125
1997-01-16,77.09375
1997-01-17,77.5625
1997-01-20,77.65625
1997-01-21,78.28125
1997-01-22,78.84375
1997-01-23,77.75
1997-01-24,76.75
1997-01-27,76.53125
1997-01-28,76.75
1997-01-29,77.5
1997-01-30,78.5
1997-01-31,78.40625
1997-02-03,78.640625
1997-02-04,79.125
1997-02-05,77.640625
1997-02-06,78.15625
1997-02-07,79.21875
1997-02-10,78.46875
1997-02-11,79.375
1997-02-12,80.5
1997-02-13,81.375
1997-02-14,81.1875
1997-02-18,81.875
1997-02-19,81.328125
1997-02-20,80.34375
1997-02-21,80.375
1997-02-24,81.328125
1997-02-25,81.390625
1997-02-26,80.59375
1997-02-27,79.390625
1997-02-28,79.15625
1997-03-03,79.6875
1997-03-04,79.25
1997-03-05,80.59375
1997-03-06,80.125
1997-03-07,80.84375
1997-03-10,81.6875
1997-03-11,81.25
1997-03-12,80.53125
1997-03-13,79.28125
1997-03-14,79.6875
1997-03-17,79.90625
1997-03-18,79.046875
1997-03-19,78.78125
1997-03-20,78.375
1997-03-21,78.4375
1997-03-24,79.53125
1997-03-25,78.75
1997-03-26,79.09375
1997-03-27,77
1997-03-31,757.1200
1997-04-01,75.859375
1997-04-02,74.5
1997-04-03,74.90625
1997-04-04,75.84375
1997-04-07,76.140625
1997-04-08,76.6875
1997-04-09,76.0625
1997-04-10,75.78125
1997-04-11,73.375
1997-04-14,74.359375
1997-04-15,75.625
1997-04-16,76.5
1997-04-17,76.1875
1997-04-18,76.5625
1997-04-21,76.0625
1997-04-22,77.734375
1997-04-23,77.8125
1997-04-24,77.421875
1997-04-25,76.53125
1997-04-28,77.28125
1997-04-29,79.71875
1997-04-30,80.09375
1997-05-01,80
1997-05-02,81.4375
1997-05-05,83.375
1997-05-06,83.3125
1997-05-07,81.5
1997-05-08,82.0625
1997-05-09,82.625
1997-05-12,84
1997-05-13,83.65625
1997-05-14,83.8125
1997-05-15,84.375
1997-05-16,83.21875
1997-05-19,83.46875
1997-05-20,84.46875
1997-05-21,84.28125
1997-05-22,84
1997-05-23,84.78125
1997-05-27,85.125
1997-05-28,85.109375
1997-05-29,84.609375
1997-05-30,85.15625
1997-06-02,84.78125
1997-06-03,84.5
1997-06-04,84.40625
1997-06-05,84.71875
1997-06-06,86.375
1997-06-09,86.8125
1997-06-10,87.078125
1997-06-11,87.28125
1997-06-12,88.96875
1997-06-13,89.71875
1997-06-16,89.75
1997-06-17,89.625
1997-06-18,89.3125
1997-06-19,90.234375
1997-06-20,89.578125
1997-06-23,87.40625
1997-06-24,89.625
1997-06-25,89
1997-06-26,88.5625
1997-06-27,88.90625
1997-06-30,88.3125
1997-07-01,89.34375
1997-07-02,90.8125
1997-07-03,92.0625
1997-07-07,91.125
1997-07-08,92.078125
1997-07-09,91.0625
1997-07-10,91.46875
1997-07-11,91.78125
1997-07-14,92.0625
1997-07-15,92.53125
1997-07-16,93.75
1997-07-17,93.28125
1997-07-18,91.296875
1997-07-21,91.3125
1997-07-22,93.734375
1997-07-23,93.65625
1997-07-24,94.09375
1997-07-25,94.03125
1997-07-28,93.96875
1997-07-29,94.28125
1997-07-30,95.40625
1997-07-31,95.3125
1997-08-01,94.9375
1997-08-04,95.1875
1997-08-05,95.25
1997-08-06,96.03125
1997-08-07,95.3125
1997-08-08,93.375
1997-08-11,94.0625
1997-08-12,92.5625
1997-08-13,92.28125
1997-08-14,92.625
1997-08-15,89.78125
1997-08-18,91.78125
1997-08-19,92.84375
1997-08-20,94.25
1997-08-21,92.59375
1997-08-22,92.5625
1997-08-25,92.21875
1997-08-26,90.859375
1997-08-27,91.40625
1997-08-28,90.015625
1997-08-29,90.375
1997-09-02,93.3125
1997-09-03,92.8125
1997-09-04,93.40625
1997-09-05,93.140625
1997-09-08,93.546875
1997-09-09,93.59375
1997-09-10,91.65625
1997-09-11,91.1875
1997-09-12,92.65625
1997-09-15,92.5
1997-09-16,94.8125
1997-09-17,94.8125
1997-09-18,95.21875
1997-09-19,95.03125
1997-09-22,95.5625
1997-09-23,95.125
1997-09-24,94.34375
1997-09-25,93.6875
1997-09-26,94.46875
1997-09-29,95.375
1997-09-30,94.375
1997-10-01,95.625
1997-10-02,96.15625
1997-10-03,96.640625
1997-10-06,97.28125
1997-10-07,98.1875
1997-10-08,97.5
1997-10-09,97.15625
1997-10-10,96.875
1997-10-13,96.96875
1997-10-14,97
1997-10-15,96.78125
1997-10-16,95.25
1997-10-17,94.28125
1997-10-20,95.625
1997-10-21,97.484375
1997-10-22,96.84375
1997-10-23,94.9375
1997-10-24,94
1997-10-27,87.1875
1997-10-28,92.21875
1997-10-29,91.96875
1997-10-30,89.9375
1997-10-31,92.0625
1997-11-03,94
1997-11-04,94
1997-11-05,94.3125
1997-11-06,93.953125
1997-11-07,92.9375
1997-11-10,92.375
1997-11-11,92.40625
1997-11-12,90.5
1997-11-13,91.8125
1997-11-14,93.0625
1997-11-17,94.78125
1997-11-18,94.1875
1997-11-19,94.65625
1997-11-20,96.09375
1997-11-21,96.75
1997-11-24,95
1997-11-25,95.25
1997-11-26,95.53125
1997-11-28,95.625
1997-12-01,98.09375
1997-12-02,97.5
1997-12-03,97.78125
1997-12-04,97.6875
1997-12-05,98.9375
1997-12-08,98.65625
1997-12-09,98.0625
1997-12-10,97.21875
1997-12-11,95.5625
1997-12-12,95.75
1997-12-15,96.71875
1997-12-16,97.3125
1997-12-17,96.8125
1997-12-18,95.875
1997-12-19,94.78125
1997-12-22,95.390625
1997-12-23,93.6875
1997-12-24,93.40625
1997-12-26,93.78125
1997-12-29,95.625
1997-12-30,97.125
1997-12-31,97.0625
1998-01-02,97.5625
1998-01-05,97.78125
1998-01-06,96.21875
1998-01-07,96.46875
1998-01-08,95.625
1998-01-09,92.3125
1998-01-12,94
1998-01-13,95.3125
1998-01-14,95.75
1998-01-15,94.953125
1998-01-16,96.3125
1998-01-20,97.875
1998-01-21,96.9375
1998-01-22,96.078125
1998-01-23,95.9375
1998-01-26,95.875
1998-01-27,96.84375
1998-01-28,97.71875
1998-01-29,98.25
1998-01-30,98.3125
1998-02-02,99.9375
1998-02-03,100.6875
1998-02-04,100.5625
1998-02-05,100.5
1998-02-06,101.625
1998-02-09,101.28125
1998-02-10,102.25
1998-02-11,102.15625
1998-02-12,102.59375
1998-02-13,102
1998-02-17,102.5
1998-02-18,103.4375
1998-02-19,102.890625
1998-02-20,103.65625
1998-02-23,104.0625
1998-02-24,103.25
1998-02-25,104.53125
1998-02-26,105.125
1998-02-27,105.125
1998-03-02,104.90625
1998-03-03,105.5
1998-03-04,104.8125
1998-03-05,103.84375
1998-03-06,105.9375
1998-03-09,105.5625
1998-03-10,106.5625
1998-03-11,107.0625
1998-03-12,107.5
1998-03-13,107.09375
1998-03-16,108.25
1998-03-17,108.5625
1998-03-18,108.96875
1998-03-19,109.25
1998-03-20,109.875
1998-03-23,109.625
1998-03-24,110.5625
1998-03-25,110.15625
1998-03-26,110.09375
1998-03-27,109.625
1998-03-30,109.5625
1998-03-31,109.9375
1998-04-01,110.828125
1998-04-02,112.03125
1998-04-03,112.59375
1998-04-06,111.6875
1998-04-07,110.9375
1998-04-08,110.3125
1998-04-09,111.1875
1998-04-13,110.875
1998-04-14,111.8125
1998-04-15,112.125
1998-04-16,110.8125
1998-04-17,112.28125
1998-04-20,112.25
1998-04-21,112.78125
1998-04-22,113.09375
1998-04-23,112
1998-04-24,110.8125
1998-04-27,108.71875
1998-04-28,108.5625
1998-04-29,109.3125
1998-04-30,111.34375
1998-05-01,112.59375
1998-05-04,112.3125
1998-05-05,111.53125
1998-05-06,110.21875
1998-05-07,109.34375
1998-05-08,111.125
1998-05-11,110.75
1998-05-12,111.9375
1998-05-13,112.21875
1998-05-14,111.65625
1998-05-15,111.03125
1998-05-18,110.59375
1998-05-19,111.34375
1998-05-20,112.40625
1998-05-21,111.6875
1998-05-22,111.25
1998-05-26,109.46875
1998-05-27,109.625
1998-05-28,110.125
1998-05-29,109.03125
1998-06-01,109.53125
1998-06-02,109.625
1998-06-03,107.875
1998-06-04,109.875
1998-06-05,112
1998-06-08,111.875
1998-06-09,112.21875
1998-06-10,111.5
1998-06-11,109.40625
1998-06-12,110.4375
1998-06-15,107.53125
1998-06-16,109.1875
1998-06-17,111.46875
1998-06-18,110.96875
1998-06-19,110.0625
1998-06-22,110.59375
1998-06-23,111.90625
1998-06-24,113.40625
1998-06-25,113.21875
1998-06-26,113.6875
1998-06-29,114.09375
1998-06-30,113.3125
1998-07-01,114.625
1998-07-02,114.84375
1998-07-06,116
1998-07-07,115.78125
1998-07-08,116.625
1998-07-09,115.84375
1998-07-10,116.46875
1998-07-13,116.5
1998-07-14,117.8125
1998-07-15,117.59375
1998-07-16,118.40625
1998-07-17,118.5625
1998-07-20,118.5625
1998-07-21,116.5
1998-07-22,116.5
1998-07-23,114.1875
1998-07-24,114.09375
1998-07-27,114.90625
1998-07-28,112.96875
1998-07-29,112.53125
1998-07-30,114.21875
1998-07-31,111.78125
1998-08-03,111.3125
1998-08-04,107
1998-08-05,108.46875
1998-08-06,108.9375
1998-08-07,109.125
1998-08-10,108.5
1998-08-11,106.875
1998-08-12,108.6875
1998-08-13,107.375
1998-08-14,106.125
1998-08-17,108.375
1998-08-18,110.375
1998-08-19,110.09375
1998-08-20,109.4375
1998-08-21,108.5625
1998-08-24,109.25
1998-08-25,109.5
1998-08-26,108.875
1998-08-27,103.75
1998-08-28,103.375
1998-08-31,96
1998-09-01,100.0625
1998-09-02,99.34375
1998-09-03,98.5625
1998-09-04,97.75
1998-09-08,103
1998-09-09,100.5
1998-09-10,98.5
1998-09-11,101.6875
1998-09-14,103.4375
1998-09-15,104.0625
1998-09-16,105
1998-09-17,102
1998-09-18,102.09375
1998-09-21,102.03125
1998-09-22,102.875
1998-09-23,107
1998-09-24,104.375
1998-09-25,104.25
1998-09-28,105.1875
1998-09-29,104.9375
1998-09-30,101.75
1998-10-01,98.8125
1998-10-02,100.71875
1998-10-05,98.6875
1998-10-06,98.59375
1998-10-07,97.125
1998-10-08,96.59375
1998-10-09,98.53125
1998-10-12,99.96875
1998-10-13,99.625
1998-10-14,100.5625
1998-10-15,105.96875
1998-10-16,106
1998-10-19,106.375
1998-10-20,107
1998-10-21,106.625
1998-10-22,108.21875
1998-10-23,106.84375
1998-10-26,107.625
1998-10-27,107
1998-10-28,106.8125
1998-10-29,109.40625
1998-10-30,110
1998-11-02,111.875
1998-11-03,111.0625
1998-11-04,112.25
1998-11-05,113.78125
1998-11-06,114.125
1998-11-09,113.3125
1998-11-10,113
1998-11-11,112.25
1998-11-12,112.125
1998-11-13,113.21875
1998-11-16,114.0625
1998-11-17,114.0625
1998-11-18,114.75
1998-11-19,115.75
1998-11-20,116.625
1998-11-23,119.375
1998-11-24,118.625
1998-11-25,118.625
1998-11-27,119.5
1998-11-30,116.125
1998-12-01,117.625
1998-12-02,117.28125
1998-12-03,115.34375
1998-12-04,118.375
1998-12-07,118.9375
1998-12-08,118.40625
1998-12-09,118.625
1998-12-10,116.890625
1998-12-11,117.125
1998-12-14,113.75
1998-12-15,116.6875
1998-12-16,116.53125
1998-12-17,118.390625
1998-12-18,118.5
1998-12-21,120.15625
1998-12-22,120.6875
1998-12-23,123.21875
1998-12-24,122.6875
1998-12-28,122.375
1998-12-29,124.3125
1998-12-30,123.3125
1998-12-31,123.3125
1999-01-04,123.03125
1999-01-05,124.4375
1999-01-06,127.4375
1999-01-07,126.8125
1999-01-08,127.75
1999-01-11,126.53125
1999-01-12,124.25
1999-01-13,123.375
1999-01-14,121.21875
1999-01-15,124.375
1999-01-19,125.1875
1999-01-20,126.1875
1999-01-21,122.84375
1999-01-22,122.5625
1999-01-25,123.8125
1999-01-26,126.0625
1999-01-27,124.59375
1999-01-28,126.6875
1999-01-29,127.65625
1999-02-01,126.90625
1999-02-02,126.125
1999-02-03,127.40625
1999-02-04,125.5
1999-02-05,124.0625
1999-02-08,124.3125
1999-02-09,121.53125
1999-02-10,122.3125
1999-02-11,125.125
1999-02-12,123.625
1999-02-16,122.875
1999-02-17,122.75
1999-02-18,123.71875
1999-02-19,124.25
1999-02-22,127.5625
1999-02-23,127.5
1999-02-24,125.25
1999-02-25,124.0625
1999-02-26,123.5625
1999-03-01,123.90625
1999-03-02,122.8125
1999-03-03,123.46875
1999-03-04,125.03125
1999-03-05,127.546875
1999-03-08,128.375
1999-03-09,128.0625
1999-03-10,129.1875
1999-03-11,130.625
1999-03-12,129.375
1999-03-15,131.21875
1999-03-16,130.71875
1999-03-17,130.15625
1999-03-18,132.25
1999-03-19,129.6875
1999-03-22,129.9375
1999-03-23,126.1875
1999-03-24,126.90625
1999-03-25,129.5
1999-03-26,128.5625
1999-03-29,131.15625
1999-03-30,130.46875
1999-03-31,128.375
1999-04-01,129.34375
1999-04-05,132.40625
1999-04-06,132.09375
1999-04-07,133.15625
1999-04-08,134.84375
1999-04-09,134.875
1999-04-12,136.3125
1999-04-13,135.4375
1999-04-14,133.15625
1999-04-15,132.65625
1999-04-16,131.53125
1999-04-19,129.5
1999-04-20,131.125
1999-04-21,134.875
1999-04-22,136.15625
1999-04-23,135.8125
1999-04-26,136.59375
1999-04-27,137.25
1999-04-28,135.375
1999-04-29,134.34375
1999-04-30,133.25
1999-05-03,135.6875
1999-05-04,133.75
1999-05-05,134.8125
1999-05-06,133.984375
1999-05-07,135
1999-05-10,134.328125
1999-05-11,135.6875
1999-05-12,136.75
1999-05-13,137.34375
1999-05-14,133.78125
1999-05-17,134.1875
1999-05-18,133.9375
1999-05-19,134.90625
1999-05-20,134.09375
1999-05-21,133.34375
1999-05-24,131.125
1999-05-25,129
1999-05-26,130.4375
1999-05-27,128.5625
1999-05-28,130.203125
1999-06-01,129.75
1999-06-02,129.875
1999-06-03,130.59375
1999-06-04,133.21875
1999-06-07,133.5625
1999-06-08,132.25
1999-06-09,132.125
1999-06-10,130.90625
1999-06-11,129.8125
1999-06-14,129.9375
1999-06-15,130.8125
1999-06-16,133.3125
1999-06-17,134.5625
1999-06-18,134.3125
1999-06-21,134.625
1999-06-22,133.6875
1999-06-23,133.03125
1999-06-24,132.03125
1999-06-25,131.703125
1999-06-28,133.3125
1999-06-29,134.5625
1999-06-30,137
1999-07-01,138.03125
1999-07-02,139.40625
1999-07-06,139.375
1999-07-07,139.5625
1999-07-08,139.671875
1999-07-09,140.5
1999-07-12,139.875
1999-07-13,139.375
1999-07-14,140.15625
1999-07-15,141.046875
1999-07-16,141.8125
1999-07-19,140.875
1999-07-20,137.984375
1999-07-21,137.828125
1999-07-22,136.015625
1999-07-23,135.75
1999-07-26,134.75
1999-07-27,135.875
1999-07-28,136.3125
1999-07-29,134.40625
1999-07-30,132.75
1999-08-02,133.0625
1999-08-03,132.4375
1999-08-04,130.625
1999-08-05,131.8125
1999-08-06,130.375
1999-08-09,130.09375
1999-08-10,128.65625
1999-08-11,130.21875
1999-08-12,130.140625
1999-08-13,133.15625
1999-08-16,133.75
1999-08-17,134.625
1999-08-18,133.65625
1999-08-19,132.5625
1999-08-20,133.90625
1999-08-23,136.46875
1999-08-24,136.96875
1999-08-25,138.375
1999-08-26,136.71875
1999-08-27,135.0625
1999-08-30,132.5625
1999-08-31,132.0625
1999-09-01,133.6875
1999-09-02,132.109375
1999-09-03,135.96875
1999-09-07,135.46875
1999-09-08,134.8125
1999-09-09,134.75
1999-09-10,135.875
1999-09-13,134.953125
1999-09-14,134.0625
1999-09-15,131.9375
1999-09-16,132.453125
1999-09-17,133.75
1999-09-20,133.5625
1999-09-21,130.75
1999-09-22,130.601563
1999-09-23,127.875
1999-09-24,127.75
1999-09-27,128.59375
1999-09-28,128.34375
1999-09-29,126.8125
1999-09-30,128.75
1999-10-01,128.46875
1999-10-04,130.75
1999-10-05,130.625
1999-10-06,132.625
1999-10-07,131.875
1999-10-08,133.875
1999-10-11,133.65625
1999-10-12,131.59375
1999-10-13,128.1875
1999-10-14,128.15625
1999-10-15,124.875
1999-10-18,125.78125
1999-10-19,127
1999-10-20,128.25
1999-10-21,129
1999-10-22,130.09375
1999-10-25,129.4375
1999-10-26,127.8125
1999-10-27,130.125
1999-10-28,134.5625
1999-10-29,137
1999-11-01,135.5625
1999-11-02,134.59375
1999-11-03,135.5
1999-11-04,136.53125
1999-11-05,137.875
1999-11-08,138
1999-11-09,136.703125
1999-11-10,137.71875
1999-11-11,138.5
1999-11-12,139.75
1999-11-15,140.078125
1999-11-16,141.25
1999-11-17,141.5625
1999-11-18,142.625
1999-11-19,142.496094
1999-11-22,142.46875
1999-11-23,141.21875
1999-11-24,142.0625
1999-11-26,141.375
1999-11-29,140.9375
1999-11-30,139.390625
1999-12-01,140.40625
1999-12-02,141.25
1999-12-03,143.84375
1999-12-06,142.78125
1999-12-07,141.625
1999-12-08,140.71875
1999-12-09,141.40625
1999-12-10,141.875
1999-12-13,142.125
1999-12-14,140.75
1999-12-15,141.484375
1999-12-16,142.125
1999-12-17,142.6875
1999-12-20,141.65625
1999-12-21,143.8125
1999-12-22,144.1875
1999-12-23,146.484375
1999-12-27,146.28125
1999-12-28,146.1875
1999-12-29,146.8125
1999-12-30,146.640625
1999-12-31,146.875
2000-01-03,145.4375
2000-01-04,139.75
2000-01-05,140
2000-01-06,137.75
2000-01-07,145.75
2000-01-10,146.25
2000-01-11,144.3125
2000-01-12,143.0625
2000-01-13,145
2000-01-14,146.96875
2000-01-18,145.8125
2000-01-19,146.25
2000-01-20,144.75
2000-01-21,144.4375
2000-01-24,140.34375
2000-01-25,141.9375
2000-01-26,140.8125
2000-01-27,140.25
2000-01-28,135.875
2000-01-31,139.625
2000-02-01,140.9375
2000-02-02,141.0625
2000-02-03,143.1875
2000-02-04,142.59375
2000-02-07,142.375
2000-02-08,144.3125
2000-02-09,141.28125
2000-02-10,141.5625
2000-02-11,138.6875
2000-02-14,139.5
2000-02-15,141.09375
2000-02-16,139.1875
2000-02-17,138.28125
2000-02-18,135.3125
2000-02-22,134.96875
2000-02-23,136.5625
2000-02-24,133.8125
2000-02-25,133.328125
2000-02-28,136.125
2000-02-29,137.4375
2000-03-01,138.4375
2000-03-02,138.53125
2000-03-03,141.125
2000-03-06,139.8125
2000-03-07,137.046875
2000-03-08,136.875
2000-03-09,140.875
2000-03-10,140.1875
2000-03-13,138.59375
2000-03-14,136.625
2000-03-15,139.8125
2000-03-16,146.34375
2000-03-17,146.9375
2000-03-20,146.78125
2000-03-21,149.1875
2000-03-22,150.09375
2000-03-23,152.5
2000-03-24,153.5625
2000-03-27,151.9375
2000-03-28,151.0625
2000-03-29,151.21875
2000-03-30,148.6875
2000-03-31,150.375
2000-04-03,151.25
2000-04-04,145.75
2000-04-05,149.1875
2000-04-06,150.484375
2000-04-07,151.4375
2000-04-10,150.84375
2000-04-11,150.40625
2000-04-12,146.28125
2000-04-13,144.25
2000-04-14,138.375
2000-04-17,140.75
2000-04-18,144.46875
2000-04-19,143.125
2000-04-20,143.8125
2000-04-24,142.25
2000-04-25,148.15625
2000-04-26,146.484375
2000-04-27,146
2000-04-28,145.09375
2000-05-01,147.0625
2000-05-02,144.125
2000-05-03,141.625
2000-05-04,141.8125
2000-05-05,143.53125
2000-05-08,142.453125
2000-05-09,141.3125
2000-05-10,138.125
2000-05-11,141.28125
2000-05-12,142.8125
2000-05-15,145.28125
2000-05-16,146.5625
2000-05-17,145.15625
2000-05-18,143.8125
2000-05-19,141.125
2000-05-22,140.0625
2000-05-23,138
2000-05-24,140.25
2000-05-25,137.84375
2000-05-26,138
2000-05-30,142.71875
2000-05-31,142.8125
2000-06-01,145.3125
2000-06-02,147.84375
2000-06-05,147.125
2000-06-06,146.46875
2000-06-07,147.484375
2000-06-08,146.90625
2000-06-09,146.59375
2000-06-12,144.875
2000-06-13,147.59375
2000-06-14,147.84375
2000-06-15,148.15625
2000-06-16,146.59375
2000-06-19,148.46875
2000-06-20,147.9375
2000-06-21,147.84375
2000-06-22,145.625
2000-06-23,144.375
2000-06-26,146.234375
2000-06-27,145.15625
2000-06-28,145.5625
2000-06-29,144.1875
2000-06-30,145.28125
2000-07-03,147.28125
2000-07-05,144.625
2000-07-06,145.75
2000-07-07,148.09375
2000-07-10,147.84375
2000-07-11,148.15625
2000-07-12,149.125
2000-07-13,149.78125
2000-07-14,151.25
2000-07-17,151
2000-07-18,149.765625
2000-07-19,148.6875
2000-07-20,150.625
2000-07-21,147.6875
2000-07-24,146.84375
2000-07-25,147.3125
2000-07-26,145.875
2000-07-27,145.375
2000-07-28,142.09375
2000-07-31,142.90625
2000-08-01,143.875
2000-08-02,144.59375
2000-08-03,145.59375
2000-08-04,146.375
2000-08-07,148.125
2000-08-08,148.6875
2000-08-09,147.4375
2000-08-10,146.71875
2000-08-11,147.328125
2000-08-14,149.28125
2000-08-15,149.15625
2000-08-16,148.625
2000-08-17,150.1875
2000-08-18,149.6875
2000-08-21,150.5625
2000-08-22,150.3125
2000-08-23,150.84375
2000-08-24,151.3125
2000-08-25,151.25
2000-08-28,151.765625
2000-08-29,151.796875
2000-08-30,150.34375
2000-08-31,152.34375
2000-09-01,152.375
2000-09-05,151.28125
2000-09-06,149.78125
2000-09-07,150.84375
2000-09-08,149.8125
2000-09-11,149.59375
2000-09-12,148.46875
2000-09-13,148.890625
2000-09-14,148.46875
2000-09-15,146.09375
2000-09-18,144.65625
2000-09-19,145.96875
2000-09-20,144.890625
2000-09-21,145.1875
2000-09-22,145.28125
2000-09-25,144.15625
2000-09-26,142.40625
2000-09-27,143.15625
2000-09-28,146.125
2000-09-29,143.625
2000-10-02,143.84375
2000-10-03,142.5
2000-10-04,143.6875
2000-10-05,144.1875
2000-10-06,141.0625
2000-10-09,140
2000-10-10,137.6875
2000-10-11,136.53125
2000-10-12,133.125
2000-10-13,137.5625
2000-10-16,138.1875
2000-10-17,134.75
2000-10-18,134.25
2000-10-19,139.28125
2000-10-20,139.90625
2000-10-23,140.53125
2000-10-24,139.59375
2000-10-25,136.3125
2000-10-26,136.6875
2000-10-27,139.28125
2000-10-30,140.53125
2000-10-31,142.953125
2000-11-01,142.46875
2000-11-02,142.703125
2000-11-03,142.78125
2000-11-06,143.78125
2000-11-07,143.75
2000-11-08,140.5625
2000-11-09,140.03125
2000-11-10,136.625
2000-11-13,135.5625
2000-11-14,139.125
2000-11-15,139.5625
2000-11-16,137.375
2000-11-17,136.640625
2000-11-20,134.6875
2000-11-21,135.375
2000-11-22,132.140625
2000-11-24,134.84375
2000-11-27,136.03125
2000-11-28,133.6875
2000-11-29,133.4375
2000-11-30,132.28125
2000-12-01,132.21875
2000-12-04,133.34375
2000-12-05,137.71875
2000-12-06,135.515625
2000-12-07,133.65625
2000-12-08,133.96875
2000-12-11,138.625
2000-12-12,138.03125
2000-12-13,136.140625
2000-12-14,134.40625
2000-12-15,130.96875
2000-12-18,132.71875
2000-12-19,130.015625
2000-12-20,126.25
2000-12-21,127.125
2000-12-22,130.9375
2000-12-26,132.34375
2000-12-27,133.3125
2000-12-28,133.71875
2000-12-29,131.1875
2001-01-02,128.8125
2001-01-03,135
2001-01-04,133.546875
2001-01-05,129.1875
2001-01-08,130.1875
2001-01-09,129.84375
2001-01-10,132.125
2001-01-11,132.25
2001-01-12,132
2001-01-16,132.84375
2001-01-17,133.453125
2001-01-18,134.78125
2001-01-19,134.015625
2001-01-22,134.90625
2001-01-23,135.96875
2001-01-24,136.375
2001-01-25,136.03125
2001-01-26,135.875
2001-01-29,136.6
2001-01-30,137.8
2001-01-31,137.02
2001-02-01,137.93
2001-02-02,134.8
2001-02-05,135.79
2001-02-06,135.39
2001-02-07,134.69
2001-02-08,133.12
2001-02-09,131.84
2001-02-12,133.35
2001-02-13,132.26
2001-02-14,132.06
2001-02-15,133.34
2001-02-16,130.4
2001-02-20,128.39
2001-02-21,125.62
2001-02-22,125.81
2001-02-23,124.96
2001-02-26,127.62
2001-02-27,126.44
2001-02-28,123.95
2001-03-01,124.6
2001-03-02,123.61
2001-03-05,124.74
2001-03-06,126.08
2001-03-07,126.98
2001-03-08,127.12
2001-03-09,123.36
2001-03-12,118.08
2001-03-13,120.02
2001-03-14,117.65
2001-03-15,117.68
2001-03-16,115.01
2001-03-19,117.35
2001-03-20,114.2
2001-03-21,112.26
2001-03-22,111.12
2001-03-23,114.48
2001-03-26,115.94
2001-03-27,118.31
2001-03-28,115.04
2001-03-29,115.48
2001-03-30,116.69
2001-04-02,114.2
2001-04-03,110.39
2001-04-04,110.85
2001-04-05,115.05
2001-04-06,113.3
2001-04-09,114.56
2001-04-10,116.65
2001-04-11,116.73
2001-04-12,118.85
2001-04-16,117.6
2001-04-17,119.26
2001-04-18,124
2001-04-19,125.65
2001-04-20,124.5
2001-04-23,122.24
2001-04-24,121.58
2001-04-25,123.17
2001-04-26,123.72
2001-04-27,125.78
2001-04-30,124.91
2001-05-01,127.05
2001-05-02,126.82
2001-05-03,125.21
2001-05-04,127.34
2001-05-07,126.24
2001-05-08,126.18
2001-05-09,125.65
2001-05-10,126.02
2001-05-11,125.15
2001-05-14,125.4
2001-05-15,125.98
2001-05-16,128.95
2001-05-17,129.15
2001-05-18,129.74
2001-05-21,131.65
2001-05-22,131.48
2001-05-23,129.25
2001-05-24,129.63
2001-05-25,128.1
2001-05-29,127.08
2001-05-30,125.3
2001-05-31,125.95
2001-06-01,126.73
2001-06-04,127.34
2001-06-05,128.8
2001-06-06,127.73
2001-06-07,128.19
2001-06-08,127
2001-06-11,126.1
2001-06-12,125.88
2001-06-13,124.8
2001-06-14,122
2001-06-15,121.85
2001-06-18,121.26
2001-06-19,121.79
2001-06-20,122.43
2001-06-21,123.82
2001-06-22,122.85
2001-06-25,121.72
2001-06-26,121.55
2001-06-27,121.48
2001-06-28,122.15
2001-06-29,122.6
2001-07-02,124.13
2001-07-03,124.1
2001-07-05,121.68
2001-07-06,119.05
2001-07-09,119.7
2001-07-10,118.26
2001-07-11,118.38
2001-07-12,121.19
2001-07-13,122.24
2001-07-16,120.71
2001-07-17,121.84
2001-07-18,121.01
2001-07-19,122.07
2001-07-20,121.34
2001-07-23,118.95
2001-07-24,117.8
2001-07-25,119.1
2001-07-26,120.35
2001-07-27,120.81
2001-07-30,120.85
2001-07-31,121.35
2001-08-01,122.11
2001-08-02,122.61
2001-08-03,121.94
2001-08-06,120.3
2001-08-07,120.77
2001-08-08,118.53
2001-08-09,118.88
2001-08-10,119.29
2001-08-13,119.32
2001-08-14,119.27
2001-08-15,118.24
2001-08-16,118.65
2001-08-17,116.75
2001-08-20,117.83
2001-08-21,115.82
2001-08-22,117.02
2001-08-23,116.6
2001-08-24,119.02
2001-08-27,118.31
2001-08-28,116.58
2001-08-29,115.54
2001-08-30,113.32
2001-08-31,114.15
2001-09-04,113.42
2001-09-05,113.7
2001-09-06,110.77
2001-09-07,108.72
2001-09-10,110.05
2001-09-17,104.3
2001-09-18,104.05
2001-09-19,101.95
2001-09-20,98.71
2001-09-21,97.28
2001-09-24,100.7
2001-09-25,101.75
2001-09-26,101.39
2001-09-27,102.27
2001-09-28,104.44
2001-10-01,104.27
2001-10-02,105.58
2001-10-03,107.35
2001-10-04,107.44
2001-10-05,107.23
2001-10-08,106.53
2001-10-09,105.96
2001-10-10,108.32
2001-10-11,110
2001-10-12,109.5
2001-10-15,109.3
2001-10-16,109.99
2001-10-17,107.65
2001-10-18,107.42
2001-10-19,107.35
2001-10-22,109.47
2001-10-23,108.91
2001-10-24,108.62
2001-10-25,110.57
2001-10-26,110.32
2001-10-29,107.45
2001-10-30,106.16
2001-10-31,105.8
2001-11-01,108.51
2001-11-02,109.25
2001-11-05,110.68
2001-11-06,112.4
2001-11-07,112.25
2001-11-08,112.6
2001-11-09,112.72
2001-11-12,112.03
2001-11-13,114.55
2001-11-14,114.66
2001-11-15,114.87
2001-11-16,114.36
2001-11-19,115.77
2001-11-20,114.8
2001-11-21,114.04
2001-11-23,115.68
2001-11-26,115.93
2001-11-27,115.43
2001-11-28,113.34
2001-11-29,114.87
2001-11-30,114.05
2001-12-03,113.37
2001-12-04,115.29
2001-12-05,117.4
2001-12-06,117.34
2001-12-07,116.56
2001-12-10,114.38
2001-12-11,114.15
2001-12-12,114.28
2001-12-13,112.06
2001-12-14,113.13
2001-12-17,114.3
2001-12-18,114.98
2001-12-19,115.79
2001-12-20,114.65
2001-12-21,114.95
2001-12-24,114.73
2001-12-26,115.36
2001-12-27,116.06
2001-12-28,116
2001-12-31,114.3
2002-01-02,115.53
2002-01-03,116.84
2002-01-04,117.62
2002-01-07,116.79
2002-01-08,116.52
2002-01-09,115.57
2002-01-10,116.08
2002-01-11,114.94
2002-01-14,114.22
2002-01-15,115.15
2002-01-16,112.82
2002-01-17,113.67
2002-01-18,113.15
2002-01-22,112.37
2002-01-23,113.23
2002-01-24,113.58
2002-01-25,113.55
2002-01-28,113.86
2002-01-29,110.28
2002-01-30,111.87
2002-01-31,113.18
2002-02-01,112.65
2002-02-04,109.85
2002-02-05,109.17
2002-02-06,108.7
2002-02-07,108.02
2002-02-08,110.09
2002-02-11,111.44
2002-02-12,111.09
2002-02-13,112.27
2002-02-14,112.06
2002-02-15,110.89
2002-02-19,108.76
2002-02-20,110.59
2002-02-21,108.3
2002-02-22,109.64
2002-02-25,111.45
2002-02-26,111.22
2002-02-27,111.65
2002-02-28,111.15
2002-03-01,113.74
2002-03-04,115.75
2002-03-05,115.38
2002-03-06,116.75
2002-03-07,116.5
2002-03-08,116.99
2002-03-11,117.24
2002-03-12,117.17
2002-03-13,116.04
2002-03-14,115.88
2002-03-15,116.65
2002-03-18,116.67
2002-03-19,117.45
2002-03-20,115.24
2002-03-21,115.29
2002-03-22,115.04
2002-03-25,113.61
2002-03-26,114.27
2002-03-27,114.57
2002-03-28,114.52
2002-04-01,114.57
2002-04-02,113.94
2002-04-03,113.14
2002-04-04,112.67
2002-04-05,112.69
2002-04-08,112.93
2002-04-09,112.14
2002-04-10,113.41
2002-04-11,110.59
2002-04-12,111.42
2002-04-15,110.57
2002-04-16,113.2
2002-04-17,112.96
2002-04-18,112.47
2002-04-19,112.88
2002-04-22,111
2002-04-23,110.52
2002-04-24,109.41
2002-04-25,109.47
2002-04-26,107.39
2002-04-29,106.86
2002-04-30,107.86
2002-05-01,109.18
2002-05-02,108.76
2002-05-03,107.58
2002-05-06,105.47
2002-05-07,105.1
2002-05-08,109.01
2002-05-09,107.75
2002-05-10,105.72
2002-05-13,107.87
2002-05-14,110.22
2002-05-15,109.79
2002-05-16,110.36
2002-05-17,110.9
2002-05-20,109.7
2002-05-21,108.7
2002-05-22,108.94
2002-05-23,110.1
2002-05-24,108.69
2002-05-28,108.1
2002-05-29,107.3
2002-05-30,107
2002-05-31,107.22
2002-06-03,104.37
2002-06-04,104.63
2002-06-05,105.61
2002-06-06,103.46
2002-06-07,103.34
2002-06-10,103.74
2002-06-11,101.96
2002-06-12,102.58
2002-06-13,101.55
2002-06-14,101.4
2002-06-17,104.12
2002-06-18,104.97
2002-06-19,102.52
2002-06-20,101.21
2002-06-21,99.28
2002-06-24,99.8
2002-06-25,97.56
2002-06-26,97.72
2002-06-27,99.43
2002-06-28,98.96
2002-07-01,97.03
2002-07-02,94.97
2002-07-03,95.51
2002-07-05,99.31
2002-07-08,98.07
2002-07-09,95.6
2002-07-10,92.12
2002-07-11,92.87
2002-07-12,91.85
2002-07-15,92.34
2002-07-16,90.56
2002-07-17,90.74
2002-07-18,87.8
2002-07-19,84.71
2002-07-22,82.2
2002-07-23,79.95
2002-07-24,84.72
2002-07-25,84
2002-07-26,85.6
2002-07-29,89.77
2002-07-30,90.94
2002-07-31,91.16
2002-08-01,88.78
2002-08-02,86.79
2002-08-05,83.77
2002-08-06,86.59
2002-08-07,88.1
2002-08-08,90.95
2002-08-09,91.29
2002-08-12,90.62
2002-08-13,88.97
2002-08-14,92.22
2002-08-15,93.5
2002-08-16,93.22
2002-08-19,95.4
2002-08-20,94.39
2002-08-21,95.75
2002-08-22,96.68
2002-08-23,94.6
2002-08-26,95.26
2002-08-27,94.16
2002-08-28,92.1
2002-08-29,92.14
2002-08-30,91.78
2002-09-03,88.28
2002-09-04,89.54
2002-09-05,88.78
2002-09-06,90
2002-09-09,90.66
2002-09-10,91.7
2002-09-11,91.13
2002-09-12,89.45
2002-09-13,89.67
2002-09-16,89.89
2002-09-17,87.83
2002-09-18,86.95
2002-09-19,84.7
2002-09-20,84.35
2002-09-23,83.66
2002-09-24,82.31
2002-09-25,84.35
2002-09-26,85.73
2002-09-27,82.75
2002-09-30,81.79
2002-10-01,85.72
2002-10-02,83.15
2002-10-03,82.31
2002-10-04,80.8
2002-10-07,79.13
2002-10-08,80.37
2002-10-09,78.1
2002-10-10,80.63
2002-10-11,84.16
2002-10-14,84.63
2002-10-15,88.7
2002-10-16,86.55
2002-10-17,88.27
2002-10-18,88.64
2002-10-21,90.17
2002-10-22,89.52
2002-10-23,90.2
2002-10-24,88.36
2002-10-25,90.2
2002-10-28,89.61
2002-10-29,88.57
2002-10-30,89.43
2002-10-31,88.52
2002-11-01,90.27
2002-11-04,91.13
2002-11-05,91.85
2002-11-06,93.04
2002-11-07,90.76
2002-11-08,89.65
2002-11-11,88.26
2002-11-12,88.96
2002-11-13,89.05
2002-11-14,90.73
2002-11-15,91.4
2002-11-18,90.48
2002-11-19,90.36
2002-11-20,92.37
2002-11-21,94.09
2002-11-22,93.42
2002-11-25,93.48
2002-11-26,91.7
2002-11-27,94.28
2002-11-29,93.98
2002-12-02,94.13
2002-12-03,92.87
2002-12-04,92.45
2002-12-05,91.43
2002-12-06,92.03
2002-12-09,89.5
2002-12-10,90.7
2002-12-11,90.78
2002-12-12,90.77
2002-12-13,89.34
2002-12-16,91.65
2002-12-17,90.85
2002-12-18,89.8
2002-12-19,89.16
2002-12-20,89.99
2002-12-23,90.02
2002-12-24,89.355
2002-12-26,89.39
2002-12-27,87.38
2002-12-30,88.11
2002-12-31,88.23
2003-01-02,91.07
2003-01-03,91.35
2003-01-06,92.96
2003-01-07,92.73
2003-01-08,91.39
2003-01-09,92.81
2003-01-10,93.06
2003-01-13,93.03
2003-01-14,93.33
2003-01-15,92.4
2003-01-16,92.02
2003-01-17,90.66
2003-01-21,89.25
2003-01-22,88.17
2003-01-23,88.71
2003-01-24,86.38
2003-01-27,85.2
2003-01-28,85.83
2003-01-29,86.48
2003-01-30,84.43
2003-01-31,86.06
2003-02-03,86.23
2003-02-04,85.38
2003-02-05,84.85
2003-02-06,84.45
2003-02-07,83.42
2003-02-10,84.01
2003-02-11,83.43
2003-02-12,82.1
2003-02-13,82.35
2003-02-14,84.15
2003-02-18,85.63
2003-02-19,85.18
2003-02-20,84.33
2003-02-21,85.18
2003-02-24,83.8
2003-02-25,84.47
2003-02-26,83.24
2003-02-27,84.34
2003-02-28,84.9
2003-03-03,84.09
2003-03-04,82.75
2003-03-05,83.45
2003-03-06,82.75
2003-03-07,83.32
2003-03-10,81.32
2003-03-11,80.52
2003-03-12,81.06
2003-03-13,83.86
2003-03-14,84.13
2003-03-17,86.78
2003-03-18,87.29
2003-03-19,87.96
2003-03-20,88.15
2003-03-21,89.67
2003-03-24,86.69
2003-03-25,87.52
2003-03-26,87.08
2003-03-27,87.15
2003-03-28,86.71
2003-03-31,84.74
2003-04-01,86.04
2003-04-02,88.12
2003-04-03,87.7
2003-04-04,88.22
2003-04-07,88.05
2003-04-08,88.19
2003-04-09,87.03
2003-04-10,87.51
2003-04-11,87.15
2003-04-14,88.95
2003-04-15,89.78
2003-04-16,88.25
2003-04-17,89.56
2003-04-21,89.65
2003-04-22,91.34
2003-04-23,92.18
2003-04-24,91.36
2003-04-25,90.23
2003-04-28,91.79
2003-04-29,91.79
2003-04-30,91.91
2003-05-01,91.9
2003-05-02,93.21
2003-05-05,93.03
2003-05-06,93.91
2003-05-07,93.39
2003-05-08,92.45
2003-05-09,93.73
2003-05-12,94.88
2003-05-13,94.71
2003-05-14,94.51
2003-05-15,95.11
2003-05-16,94.87
2003-05-19,92.65
2003-05-20,92.46
2003-05-21,92.65
2003-05-22,93.57
2003-05-23,93.76
2003-05-27,95.4
2003-05-28,95.67
2003-05-29,95.42
2003-05-30,96.95
2003-06-02,97.35
2003-06-03,97.75
2003-06-04,99.16
2003-06-05,99.65
2003-06-06,99.26
2003-06-09,98.25
2003-06-10,99.25
2003-06-11,100.3
2003-06-12,100.61
2003-06-13,99.56
2003-06-16,101.66
2003-06-17,101.66
2003-06-18,101.57
2003-06-19,100.02
2003-06-20,99.44
2003-06-23,98.42
2003-06-24,98.52
2003-06-25,97.53
2003-06-26,98.8
2003-06-27,97.66
2003-06-30,97.63
2003-07-01,98.53
2003-07-02,99.77
2003-07-03,98.74
2003-07-07,100.7
2003-07-08,101.15
2003-07-09,100.58
2003-07-10,99.3
2003-07-11,100.24
2003-07-14,100.73
2003-07-15,100.51
2003-07-16,99.92
2003-07-17,98.5
2003-07-18,99.51
2003-07-21,98.28
2003-07-22,99.17
2003-07-23,99.24
2003-07-24,98.49
2003-07-25,100.23
2003-07-28,99.86
2003-07-29,99.4
2003-07-30,99.16
2003-07-31,99.39
2003-08-01,98.51
2003-08-04,98.51
2003-08-05,96.42
2003-08-06,96.98
2003-08-07,98
2003-08-08,98.28
2003-08-11,98.65
2003-08-12,99.55
2003-08-13,99.04
2003-08-14,99.31
2003-08-15,99.62
2003-08-18,100.48
2003-08-19,100.86
2003-08-20,100.45
2003-08-21,100.77
2003-08-22,99.77
2003-08-25,99.93
2003-08-26,100.11
2003-08-27,100.14
2003-08-28,100.76
2003-08-29,101.44
2003-09-02,102.8
2003-09-03,103.36
2003-09-04,103.41
2003-09-05,102.83
2003-09-08,103.68
2003-09-09,103
2003-09-10,101.96
2003-09-11,102.26
2003-09-12,102.45
2003-09-15,102.09
2003-09-16,103.58
2003-09-17,103.38
2003-09-18,104.6
2003-09-19,103.67
2003-09-22,102.55
2003-09-23,102.94
2003-09-24,101.11
2003-09-25,100.28
2003-09-26,99.95
2003-09-29,100.93
2003-09-30,99.95
2003-10-01,102.08
2003-10-02,102.45
2003-10-03,103.39
2003-10-06,103.86
2003-10-07,104.26
2003-10-08,104
2003-10-09,104.28
2003-10-10,104.57
2003-10-13,104.9
2003-10-14,105.27
2003-10-15,104.99
2003-10-16,105.41
2003-10-17,104.26
2003-10-20,105.04
2003-10-21,104.86
2003-10-22,103.54
2003-10-23,103.35
2003-10-24,103.58
2003-10-27,103.63
2003-10-28,105.04
2003-10-29,105.18
2003-10-30,105.4
2003-10-31,105.3
2003-11-03,105.99
2003-11-04,105.76
2003-11-05,105.84
2003-11-06,106.4
2003-11-07,105.61
2003-11-10,105.18
2003-11-11,105.15
2003-11-12,106.33
2003-11-13,106.36
2003-11-14,105.46
2003-11-17,104.93
2003-11-18,103.84
2003-11-19,104.72
2003-11-20,103.78
2003-11-21,104.21
2003-11-24,105.59
2003-11-25,105.99
2003-11-26,106.37
2003-11-28,106.45
2003-12-01,107.6
2003-12-02,107.33
2003-12-03,107.16
2003-12-04,107.6
2003-12-05,106.85
2003-12-08,107.57
2003-12-09,106.74
2003-12-10,106.73
2003-12-11,107.93
2003-12-12,108.14
2003-12-15,107.6
2003-12-16,108.16
2003-12-17,108.5
2003-12-18,109.72
2003-12-19,108.9
2003-12-22,109.66
2003-12-23,109.73
2003-12-24,109.62
2003-12-26,109.7
2003-12-29,111.16
2003-12-30,111.18
2003-12-31,111.28
2004-01-02,111.23
2004-01-05,112.44
2004-01-06,112.55
2004-01-07,112.93
2004-01-08,113.38
2004-01-09,112.39
2004-01-12,113.22
2004-01-13,112.56
2004-01-14,113.5
2004-01-15,113.78
2004-01-16,114.23
2004-01-20,114.2
2004-01-21,115.1
2004-01-22,114.8
2004-01-23,114.43
2004-01-26,115.87
2004-01-27,114.68
2004-01-28,113.37
2004-01-29,113.48
2004-01-30,113.48
2004-02-02,113.97
2004-02-03,113.78
2004-02-04,112.85
2004-02-05,113.18
2004-02-06,114.45
2004-02-09,114.48
2004-02-10,114.85
2004-02-11,116.07
2004-02-12,115.65
2004-02-13,115.13
2004-02-17,116.17
2004-02-18,115.66
2004-02-19,115.23
2004-02-20,114.88
2004-02-23,114.59
2004-02-24,114.39
2004-02-25,114.87
2004-02-26,114.94
2004-02-27,115.02
2004-03-01,116.16
2004-03-02,115.48
2004-03-03,115.69
2004-03-04,115.99
2004-03-05,116.38
2004-03-08,114.96
2004-03-09,114.5
2004-03-10,112.58
2004-03-11,111.12
2004-03-12,112.58
2004-03-15,111.2
2004-03-16,111.79
2004-03-17,113.04
2004-03-18,113.07
2004-03-19,111.06
2004-03-22,109.65
2004-03-23,109.46
2004-03-24,109.55
2004-03-25,111
2004-03-26,111.03
2004-03-29,112.59
2004-03-30,112.97
2004-03-31,113.1
2004-04-01,113.78
2004-04-02,114.64
2004-04-05,115.27
2004-04-06,114.9
2004-04-07,114.63
2004-04-08,114.37
2004-04-12,114.82
2004-04-13,113.21
2004-04-14,113.39
2004-04-15,112.96
2004-04-16,113.83
2004-04-19,113.83
2004-04-20,111.92
2004-04-21,112.67
2004-04-22,114.25
2004-04-23,114.36
2004-04-26,114.2
2004-04-27,114.3
2004-04-28,112.82
2004-04-29,111.83
2004-04-30,110.96
2004-05-03,112.15
2004-05-04,112.06
2004-05-05,112.78
2004-05-06,111.81
2004-05-07,109.96
2004-05-10,108.83
2004-05-11,109.75
2004-05-12,110.45
2004-05-13,109.99
2004-05-14,110.04
2004-05-17,109.1
2004-05-18,109.65
2004-05-19,109.27
2004-05-20,109.62
2004-05-21,109.81
2004-05-24,110.27
2004-05-25,111.85
2004-05-26,112.24
2004-05-27,112.87
2004-05-28,112.86
2004-06-01,112.71
2004-06-02,113.13
2004-06-03,112.09
2004-06-04,112.98
2004-06-07,114.7
2004-06-08,114.86
2004-06-09,113.79
2004-06-10,114.35
2004-06-14,113.22
2004-06-15,114.02
2004-06-16,114
2004-06-17,113.83
2004-06-18,113.63
2004-06-21,113.2
2004-06-22,113.77
2004-06-23,114.75
2004-06-24,114.39
2004-06-25,113.84
2004-06-28,113.45
2004-06-29,113.92
2004-06-30,114.53
2004-07-01,112.94
2004-07-02,112.88
2004-07-06,111.89
2004-07-07,112.22
2004-07-08,111.42
2004-07-09,111.73
2004-07-12,111.78
2004-07-13,111.86
2004-07-14,111.52
2004-07-15,110.8
2004-07-16,110.71
2004-07-19,110.24
2004-07-20,111.64
2004-07-21,109.58
2004-07-22,109.88
2004-07-23,108.96
2004-07-26,108.75
2004-07-27,109.77
2004-07-28,110.1
2004-07-29,110.57
2004-07-30,110.84
2004-08-02,111.07
2004-08-03,110.21
2004-08-04,110.2
2004-08-05,108.4
2004-08-06,106.85
2004-08-09,107
2004-08-10,108.22
2004-08-11,108.16
2004-08-12,106.98
2004-08-13,107.19
2004-08-16,108.3
2004-08-17,108.91
2004-08-18,110.03
2004-08-19,109.71
2004-08-20,110.48
2004-08-23,110.2
2004-08-24,110.35
2004-08-25,111.1
2004-08-26,111.1
2004-08-27,111.45
2004-08-30,110.53
2004-08-31,111.11
2004-09-01,111.32
2004-09-02,112.58
2004-09-03,112.12
2004-09-07,112.86
2004-09-08,112.58
2004-09-09,112.48
2004-09-10,113.06
2004-09-13,113.43
2004-09-14,113.66
2004-09-15,112.8
2004-09-16,113.14
2004-09-17,113.15
2004-09-20,112.47
2004-09-21,112.96
2004-09-22,111.55
2004-09-23,110.95
2004-09-24,111.46
2004-09-27,110.75
2004-09-28,111.28
2004-09-29,111.84
2004-09-30,111.76
2004-10-01,113.65
2004-10-04,113.84
2004-10-05,113.9
2004-10-06,114.62
2004-10-07,113.45
2004-10-08,112.51
2004-10-11,112.97
2004-10-12,112.53
2004-10-13,111.54
2004-10-14,110.64
2004-10-15,111.26
2004-10-18,111.68
2004-10-19,110.74
2004-10-20,110.52
2004-10-21,111.24
2004-10-22,109.99
2004-10-25,109.86
2004-10-26,111.54
2004-10-27,112.88
2004-10-28,113.22
2004-10-29,113.2
2004-11-01,113.51
2004-11-02,113.55
2004-11-03,114.98
2004-11-04,116.55
2004-11-05,117.28
2004-11-08,117.11
2004-11-09,116.88
2004-11-10,116.97
2004-11-11,117.86
2004-11-12,118.79
2004-11-15,118.73
2004-11-16,117.88
2004-11-17,118.58
2004-11-18,118.74
2004-11-19,117.42
2004-11-22,117.98
2004-11-23,118.16
2004-11-24,118.44
2004-11-26,118.35
2004-11-29,117.81
2004-11-30,117.89
2004-12-01,119.23
2004-12-02,119.33
2004-12-03,119.25
2004-12-06,119.21
2004-12-07,118.1
2004-12-08,118.79
2004-12-09,119.21
2004-12-10,119.33
2004-12-13,120.37
2004-12-14,120.79
2004-12-15,120.88
2004-12-16,120.81
2004-12-17,119.44
2004-12-20,119.47
2004-12-21,120.39
2004-12-22,120.68
2004-12-23,120.77
2004-12-27,120.52
2004-12-28,121.18
2004-12-29,121.36
2004-12-30,121.13
2004-12-31,120.87
2005-01-03,120.3
2005-01-04,118.73
2005-01-05,118.01
2005-01-06,118.61
2005-01-07,118.44
2005-01-10,119
2005-01-11,118.18
2005-01-12,118.57
2005-01-13,117.62
2005-01-14,118.24
2005-01-18,119.47
2005-01-19,118.22
2005-01-20,117.5
2005-01-21,116.78
2005-01-24,116.55
2005-01-25,116.88
2005-01-26,117.23
2005-01-27,117.43
2005-01-28,117.43
2005-01-31,118.16
2005-02-01,118.91
2005-02-02,119.27
2005-02-03,118.96
2005-02-04,120.23
2005-02-07,120.07
2005-02-08,120.21
2005-02-09,119.31
2005-02-10,119.74
2005-02-11,120.77
2005-02-14,120.68
2005-02-15,121.13
2005-02-16,121.21
2005-02-17,120.23
2005-02-18,120.39
2005-02-22,118.6
2005-02-23,119.45
2005-02-24,120.24
2005-02-25,121.43
2005-02-28,120.63
2005-03-01,121.23
2005-03-02,121.17
2005-03-03,121.22
2005-03-04,122.73
2005-03-07,122.79
2005-03-08,122.33
2005-03-09,120.97
2005-03-10,121.24
2005-03-11,120.39
2005-03-14,121.14
2005-03-15,120.14
2005-03-16,119.12
2005-03-17,119.36
2005-03-18,118.54
2005-03-21,118.1
2005-03-22,116.9
2005-03-23,117
2005-03-24,117.14
2005-03-28,117.31
2005-03-29,116.53
2005-03-30,118.18
2005-03-31,117.96
2005-04-01,117.43
2005-04-04,117.63
2005-04-05,118.19
2005-04-06,118.6
2005-04-07,119.24
2005-04-08,118
2005-04-11,118.09
2005-04-12,118.7
2005-04-13,117.3
2005-04-14,115.77
2005-04-15,114.15
2005-04-18,114.5
2005-04-19,115.41
2005-04-20,113.8
2005-04-21,116.01
2005-04-22,115.57
2005-04-25,116.33
2005-04-26,115.2
2005-04-27,115.65
2005-04-28,114.2
2005-04-29,115.75
2005-05-02,116.4
2005-05-03,116.6
2005-05-04,117.5
2005-05-05,117.46
2005-05-06,117.09
2005-05-09,117.82
2005-05-10,116.6
2005-05-11,117.24
2005-05-12,115.95
2005-05-13,115.72
2005-05-16,116.8
2005-05-17,117.58
2005-05-18,118.79
2005-05-19,119.29
2005-05-20,119.12
2005-05-23,119.78
2005-05-24,119.5
2005-05-25,119.41
2005-05-26,120.05
2005-05-27,120.25
2005-05-31,119.48
2005-06-01,120.5
2005-06-02,120.76
2005-06-03,120.15
2005-06-06,120.04
2005-06-07,120.13
2005-06-08,119.91
2005-06-09,120.48
2005-06-10,120.2
2005-06-13,120.58
2005-06-14,120.86
2005-06-15,121.09
2005-06-16,121.4
2005-06-17,121.36
2005-06-20,121.4
2005-06-21,121.47
2005-06-22,121.57
2005-06-23,119.86
2005-06-24,118.98
2005-06-27,119.15
2005-06-28,120.15
2005-06-29,119.83
2005-06-30,119.18
2005-07-01,119.53
2005-07-05,120.49
2005-07-06,119.48
2005-07-07,119.95
2005-07-08,121.32
2005-07-11,121.94
2005-07-12,122.26
2005-07-13,122.43
2005-07-14,122.91
2005-07-15,122.84
2005-07-18,122.35
2005-07-19,123.02
2005-07-20,123.44
2005-07-21,122.72
2005-07-22,123.54
2005-07-25,123.19
2005-07-26,123.34
2005-07-27,123.79
2005-07-28,124.57
2005-07-29,123.74
2005-08-01,123.65
2005-08-02,124.39
2005-08-03,124.72
2005-08-04,123.72
2005-08-05,122.88
2005-08-08,122.65
2005-08-09,123.39
2005-08-10,123.33
2005-08-11,123.82
2005-08-12,123.06
2005-08-15,123.82
2005-08-16,122.21
2005-08-17,122.2
2005-08-18,122.19
2005-08-19,122.47
2005-08-22,122.47
2005-08-23,122.24
2005-08-24,121.15
2005-08-25,121.59
2005-08-26,120.76
2005-08-29,121.69
2005-08-30,121.05
2005-08-31,122.58
2005-09-01,122.49
2005-09-02,122.27
2005-09-06,123.7
2005-09-07,123.91
2005-09-08,123.5
2005-09-09,124.6
2005-09-12,124.35
2005-09-13,123.66
2005-09-14,123.21
2005-09-15,123.15
2005-09-16,123.5
2005-09-19,123.09
2005-09-20,122.05
2005-09-21,120.91
2005-09-22,121.34
2005-09-23,121.44
2005-09-26,121.58
2005-09-27,121.55
2005-09-28,121.67
2005-09-29,122.66
2005-09-30,123.04
2005-10-03,122.6
2005-10-04,121.22
2005-10-05,119.63
2005-10-06,119.2
2005-10-07,119.61
2005-10-10,118.6
2005-10-11,118.43
2005-10-12,117.5
2005-10-13,117.43
2005-10-14,118.67
2005-10-17,119.11
2005-10-18,117.82
2005-10-19,119.78
2005-10-20,117.67
2005-10-21,118.13
2005-10-24,119.96
2005-10-25,119.72
2005-10-26,119.37
2005-10-27,118.1
2005-10-28,119.8
2005-10-31,120.13
2005-11-01,120.49
2005-11-02,121.75
2005-11-03,122.27
2005-11-04,122.11
2005-11-07,122.23
2005-11-08,122.23
2005-11-09,122.39
2005-11-10,123.34
2005-11-11,123.76
2005-11-14,123.69
2005-11-15,123.24
2005-11-16,123.49
2005-11-17,124.64
2005-11-18,125.13
2005-11-21,125.76
2005-11-22,126.3
2005-11-23,127.03
2005-11-25,127.13
2005-11-28,126.23
2005-11-29,126.09
2005-11-30,125.41
2005-12-01,126.69
2005-12-02,126.85
2005-12-05,126.58
2005-12-06,126.82
2005-12-07,126.08
2005-12-08,126
2005-12-09,126.33
2005-12-12,126.45
2005-12-13,127.31
2005-12-14,127.81
2005-12-15,127.44
2005-12-16,126.36
2005-12-19,125.71
2005-12-20,125.83
2005-12-21,126.03
2005-12-22,126.69
2005-12-23,126.76
2005-12-27,125.47
2005-12-28,125.75
2005-12-29,125.19
2005-12-30,124.51
2006-01-03,126.7
2006-01-04,127.3
2006-01-05,127.38
2006-01-06,128.44
2006-01-09,128.77
2006-01-10,128.9
2006-01-11,129.31
2006-01-12,128.8
2006-01-13,128.68
2006-01-17,128.33
2006-01-18,127.82
2006-01-19,128.31
2006-01-20,125.97
2006-01-23,126.42
2006-01-24,126.55
2006-01-25,126.66
2006-01-26,127.36
2006-01-27,128.54
2006-01-30,128.44
2006-01-31,127.5
2006-02-01,128.39
2006-02-02,126.9
2006-02-03,126.27
2006-02-06,126.6
2006-02-07,125.48
2006-02-08,126.62
2006-02-09,126.41
2006-02-10,126.64
2006-02-13,126.41
2006-02-14,127.75
2006-02-15,128.2
2006-02-16,129.16
2006-02-17,128.81
2006-02-21,128.49
2006-02-22,129.27
2006-02-23,129.08
2006-02-24,129.41
2006-02-27,129.46
2006-02-28,128.23
2006-03-01,129.37
2006-03-02,129.36
2006-03-03,128.76
2006-03-06,128.17
2006-03-07,127.97
2006-03-08,128.24
2006-03-09,127.38
2006-03-10,128.59
2006-03-13,128.83
2006-03-14,130.18
2006-03-15,130.76
2006-03-16,131.03
2006-03-17,130.62
2006-03-20,130.41
2006-03-21,129.59
2006-03-22,130.38
2006-03-23,130.11
2006-03-24,130.21
2006-03-27,130.02
2006-03-28,129.22
2006-03-29,130.03
2006-03-30,129.8
2006-03-31,129.83
2006-04-03,129.73
2006-04-04,130.56
2006-04-05,131.01
2006-04-06,130.87
2006-04-07,129.54
2006-04-10,129.74
2006-04-11,128.64
2006-04-12,128.88
2006-04-13,128.71
2006-04-17,128.66
2006-04-18,130.7
2006-04-19,130.95
2006-04-20,131.13
2006-04-21,131.15
2006-04-24,130.91
2006-04-25,130.37
2006-04-26,130.4
2006-04-27,131.03
2006-04-28,131.47
2006-05-01,130.4
2006-05-02,131.38
2006-05-03,130.89
2006-05-04,131.36
2006-05-05,132.52
2006-05-08,132.36
2006-05-09,132.62
2006-05-10,132.55
2006-05-11,130.95
2006-05-12,129.24
2006-05-15,129.5
2006-05-16,129.31
2006-05-17,126.85
2006-05-18,126.21
2006-05-19,127.1
2006-05-22,126.13
2006-05-23,125.17
2006-05-24,126.17
2006-05-25,127.73
2006-05-26,128.38
2006-05-30,126.1
2006-05-31,127.51
2006-06-01,128.73
2006-06-02,129
2006-06-05,127.12
2006-06-06,126.81
2006-06-07,125.86
2006-06-08,125.75
2006-06-09,125.35
2006-06-12,123.99
2006-06-13,122.55
2006-06-14,123.5
2006-06-15,126.12
2006-06-16,124.65
2006-06-19,123.67
2006-06-20,124.09
2006-06-21,125.01
2006-06-22,124.46
2006-06-23,124.44
2006-06-26,124.99
2006-06-27,123.91
2006-06-28,124.75
2006-06-29,127.27
2006-06-30,127.23
2006-07-03,127.8
2006-07-05,127.07
2006-07-06,127.44
2006-07-07,126.61
2006-07-10,126.85
2006-07-11,127.41
2006-07-12,126.05
2006-07-13,124
2006-07-14,123.52
2006-07-17,123.34
2006-07-18,123.97
2006-07-19,125.69
2006-07-20,124.83
2006-07-21,123.95
2006-07-24,126.21
2006-07-25,126.66
2006-07-26,126.83
2006-07-27,126.71
2006-07-28,127.98
2006-07-31,127.85
2006-08-01,127.22
2006-08-02,128.08
2006-08-03,128.42
2006-08-04,128.2
2006-08-07,127.95
2006-08-08,127.41
2006-08-09,126.98
2006-08-10,127.37
2006-08-11,127.01
2006-08-14,127.11
2006-08-15,128.63
2006-08-16,129.79
2006-08-17,130.03
2006-08-18,130.69
2006-08-21,130.13
2006-08-22,130.12
2006-08-23,129.76
2006-08-24,129.65
2006-08-25,129.81
2006-08-28,130.43
2006-08-29,130.58
2006-08-30,130.66
2006-08-31,130.64
2006-09-01,131.42
2006-09-05,131.67
2006-09-06,130.51
2006-09-07,129.91
2006-09-08,130.28
2006-09-11,130.41
2006-09-12,131.69
2006-09-13,132.22
2006-09-14,132.23
2006-09-15,131.96
2006-09-18,132.14
2006-09-19,131.81
2006-09-20,132.51
2006-09-21,131.87
2006-09-22,131.47
2006-09-25,132.48
2006-09-26,133.58
2006-09-27,133.74
2006-09-28,133.69
2006-09-29,133.58
2006-10-02,133.08
2006-10-03,133.36
2006-10-04,134.92
2006-10-05,135.18
2006-10-06,135.01
2006-10-09,135.09
2006-10-10,135.27
2006-10-11,135.11
2006-10-12,136.28
2006-10-13,136.63
2006-10-16,136.84
2006-10-17,136.41
2006-10-18,136.59
2006-10-19,136.81
2006-10-20,136.84
2006-10-23,137.47
2006-10-24,137.88
2006-10-25,138.35
2006-10-26,138.78
2006-10-27,137.91
2006-10-30,137.81
2006-10-31,137.79
2006-11-01,136.86
2006-11-02,136.78
2006-11-03,136.54
2006-11-06,138.08
2006-11-07,138.61
2006-11-08,138.91
2006-11-09,138.18
2006-11-10,138.24
2006-11-13,138.58
2006-11-14,139.62
2006-11-15,140.02
2006-11-16,140.38
2006-11-17,140.42
2006-11-20,140.5
2006-11-21,140.64
2006-11-22,140.92
2006-11-24,140.35
2006-11-27,138.42
2006-11-28,139.02
2006-11-29,140.47
2006-11-30,140.53
2006-12-01,140.22
2006-12-04,141.29
2006-12-05,141.9
2006-12-06,141.78
2006-12-07,141.16
2006-12-08,141.42
2006-12-11,141.83
2006-12-12,141.72
2006-12-13,141.87
2006-12-14,143.12
2006-12-15,142.34
2006-12-18,141.95
2006-12-19,142.22
2006-12-20,142.14
2006-12-21,141.62
2006-12-22,140.75
2006-12-26,141.58
2006-12-27,142.51
2006-12-28,142.21
2006-12-29,141.62
2007-01-03,141.37
2007-01-04,141.67
2007-01-05,140.54
2007-01-08,141.19
2007-01-09,141.07
2007-01-10,141.54
2007-01-11,142.16
2007-01-12,143.24
2007-01-16,142.96
2007-01-17,143.02
2007-01-18,142.54
2007-01-19,142.82
2007-01-22,142.38
2007-01-23,142.8
2007-01-24,143.95
2007-01-25,142.26
2007-01-26,142.16
2007-01-29,142.05
2007-01-30,142.79
2007-01-31,143.75
2007-02-01,144.61
2007-02-02,144.81
2007-02-05,144.85
2007-02-06,144.89
2007-02-07,145.21
2007-02-08,145.02
2007-02-09,143.94
2007-02-12,143.45
2007-02-13,144.66
2007-02-14,145.61
2007-02-15,145.8
2007-02-16,145.73
2007-02-20,146.04
2007-02-21,145.98
2007-02-22,145.87
2007-02-23,145.3
2007-02-26,145.17
2007-02-27,139.5
2007-02-28,140.93
2007-03-01,140.51
2007-03-02,138.67
2007-03-05,137.35
2007-03-06,139.7
2007-03-07,139.56
2007-03-08,140.74
2007-03-09,140.78
2007-03-12,140.99
2007-03-13,138.25
2007-03-14,139.28
2007-03-15,139.47
2007-03-16,138.53
2007-03-19,140.2
2007-03-20,140.97
2007-03-21,143.29
2007-03-22,143.18
2007-03-23,143.39
2007-03-26,143.2
2007-03-27,142.86
2007-03-28,141.82
2007-03-29,141.97
2007-03-30,142
2007-04-02,142.16
2007-04-03,143.69
2007-04-04,143.85
2007-04-05,144.24
2007-04-09,144.44
2007-04-10,144.61
2007-04-11,144.02
2007-04-12,144.66
2007-04-13,145.32
2007-04-16,146.7
2007-04-17,147.09
2007-04-18,147.27
2007-04-19,147.23
2007-04-20,148.62
2007-04-23,148.06
2007-04-24,148.12
2007-04-25,149.48
2007-04-26,149.65
2007-04-27,149.53
2007-04-30,148.29
2007-05-01,148.67
2007-05-02,149.54
2007-05-03,150.35
2007-05-04,150.92
2007-05-07,150.95
2007-05-08,150.75
2007-05-09,151.16
2007-05-10,149.58
2007-05-11,150.86
2007-05-14,150.53
2007-05-15,150.57
2007-05-16,151.6
2007-05-17,151.3
2007-05-18,152.62
2007-05-21,152.54
2007-05-22,152.42
2007-05-23,152.44
2007-05-24,151.06
2007-05-25,151.69
2007-05-29,152.24
2007-05-30,153.48
2007-05-31,153.32
2007-06-01,154.08
2007-06-04,154.1
2007-06-05,153.49
2007-06-06,151.84
2007-06-07,149.1
2007-06-08,151.04
2007-06-11,151.3
2007-06-12,149.65
2007-06-13,151.89
2007-06-14,152.86
2007-06-15,153.07
2007-06-18,152.89
2007-06-19,153.27
2007-06-20,151.14
2007-06-21,151.98
2007-06-22,150.55
2007-06-25,149.83
2007-06-26,148.29
2007-06-27,150.4
2007-06-28,150.38
2007-06-29,150.43
2007-07-02,151.79
2007-07-03,152.34
2007-07-05,152.18
2007-07-06,152.98
2007-07-09,153
2007-07-10,150.92
2007-07-11,151.99
2007-07-12,154.39
2007-07-13,154.85
2007-07-16,154.83
2007-07-17,154.75
2007-07-18,154.47
2007-07-19,155.07
2007-07-20,153.5
2007-07-23,153.97
2007-07-24,151.3
2007-07-25,151.61
2007-07-26,148.02
2007-07-27,145.11
2007-07-30,147.38
2007-07-31,145.72
2007-08-01,146.43
2007-08-02,147.6
2007-08-03,143.8
2007-08-06,146.21
2007-08-07,147.77
2007-08-08,149.83
2007-08-09,145.39
2007-08-10,144.71
2007-08-13,145.23
2007-08-14,143.01
2007-08-15,141.04
2007-08-16,142.1
2007-08-17,144.71
2007-08-20,144.64
2007-08-21,144.93
2007-08-22,146.65
2007-08-23,146.52
2007-08-24,148.33
2007-08-27,146.95
2007-08-28,143.72
2007-08-29,146.54
2007-08-30,146.15
2007-08-31,147.59
2007-09-04,149.08
2007-09-05,147.79
2007-09-06,148.13
2007-09-07,146.07
2007-09-10,145.79
2007-09-11,147.49
2007-09-12,147.87
2007-09-13,148.91
2007-09-14,148.9
2007-09-17,148.1
2007-09-18,152.46
2007-09-19,153.36
2007-09-20,152.28
2007-09-21,151.97
2007-09-24,151.69
2007-09-25,151.39
2007-09-26,152.19
2007-09-27,153.09
2007-09-28,152.58
2007-10-01,154.3
2007-10-02,154.09
2007-10-03,153.78
2007-10-04,154.02
2007-10-05,155.85
2007-10-08,155.02
2007-10-09,156.48
2007-10-10,156.22
2007-10-11,155.47
2007-10-12,156.33
2007-10-15,155.01
2007-10-16,153.78
2007-10-17,154.25
2007-10-18,153.69
2007-10-19,149.67
2007-10-22,150.54
2007-10-23,151.76
2007-10-24,151.48
2007-10-25,151.84
2007-10-26,153.62
2007-10-29,154.13
2007-10-30,153.06
2007-10-31,154.65
2007-11-01,151.03
2007-11-02,151.2
2007-11-05,150.05
2007-11-06,152.07
2007-11-07,147.91
2007-11-08,147.16
2007-11-09,145.14
2007-11-12,143.7
2007-11-13,148.08
2007-11-14,147.67
2007-11-15,145.54
2007-11-16,145.79
2007-11-19,143.76
2007-11-20,144.64
2007-11-21,141.68
2007-11-23,144.13
2007-11-26,140.95
2007-11-27,142.57
2007-11-28,147.13
2007-11-29,147.18
2007-11-30,148.66
2007-12-03,147.68
2007-12-04,146.36
2007-12-05,148.81
2007-12-06,150.94
2007-12-07,150.91
2007-12-10,152.08
2007-12-11,147.91
2007-12-12,149.37
2007-12-13,149.06
2007-12-14,147.17
2007-12-17,145.07
2007-12-18,145.88
2007-12-19,145.88
2007-12-20,146.8
2007-12-21,148.13
2007-12-24,149.23
2007-12-26,149.55
2007-12-27,147.67
2007-12-28,147.3
2007-12-31,146.21
2008-01-02,144.93
2008-01-03,144.86
2008-01-04,141.31
2008-01-07,141.19
2008-01-08,138.91
2008-01-09,140.37
2008-01-10,141.29
2008-01-11,140.15
2008-01-14,141.28
2008-01-15,138.17
2008-01-16,136.98
2008-01-17,133.43
2008-01-18,132.06
2008-01-22,130.72
2008-01-23,133.86
2008-01-24,134.99
2008-01-25,133.04
2008-01-28,135.24
2008-01-29,135.91
2008-01-30,134.91
2008-01-31,137.37
2008-02-01,139.58
2008-02-04,137.82
2008-02-05,134.13
2008-02-06,133.05
2008-02-07,133.93
2008-02-08,133.07
2008-02-11,133.75
2008-02-12,134.99
2008-02-13,136.37
2008-02-14,135.17
2008-02-15,135.14
2008-02-19,135.52
2008-02-20,135.92
2008-02-21,134.79
2008-02-22,135.62
2008-02-25,137.33
2008-02-26,138.36
2008-02-27,138.22
2008-02-28,136.87
2008-02-29,133.82
2008-03-03,133.5
2008-03-04,132.99
2008-03-05,133.83
2008-03-06,131.06
2008-03-07,129.71
2008-03-10,128
2008-03-11,132.6
2008-03-12,131.36
2008-03-13,131.65
2008-03-14,129.61
2008-03-17,128.3
2008-03-18,133.63
2008-03-19,130.32
2008-03-20,132.08
2008-03-24,134.72
2008-03-25,134.85
2008-03-26,133.2
2008-03-27,132.78
2008-03-28,131.51
2008-03-31,131.97
2008-04-01,136.61
2008-04-02,136.7
2008-04-03,137.04
2008-04-04,136.89
2008-04-07,136.96
2008-04-08,136.82
2008-04-09,135.83
2008-04-10,136.02
2008-04-11,133.38
2008-04-14,132.93
2008-04-15,133.24
2008-04-16,136.85
2008-04-17,137.05
2008-04-18,138.48
2008-04-21,138.55
2008-04-22,137.94
2008-04-23,137.72
2008-04-24,138.32
2008-04-25,139.6
2008-04-28,139.63
2008-04-29,139.08
2008-04-30,138.26
2008-05-01,141.12
2008-05-02,141.51
2008-05-05,140.83
2008-05-06,142.05
2008-05-07,139.52
2008-05-08,139.16
2008-05-09,138.9
2008-05-12,140.46
2008-05-13,140.48
2008-05-14,140.77
2008-05-15,142.53
2008-05-16,142.66
2008-05-19,143.05
2008-05-20,141.89
2008-05-21,139.49
2008-05-22,139.51
2008-05-23,137.64
2008-05-27,138.66
2008-05-28,139.3
2008-05-29,140
2008-05-30,140.35
2008-06-02,138.9
2008-06-03,138.09
2008-06-04,138.02
2008-06-05,140.78
2008-06-06,136.29
2008-06-09,136.62
2008-06-10,135.94
2008-06-11,133.94
2008-06-12,134.45
2008-06-13,136.15
2008-06-16,136.23
2008-06-17,135.57
2008-06-18,134.25
2008-06-19,134.42
2008-06-20,131.58
2008-06-23,131.45
2008-06-24,131.19
2008-06-25,131.81
2008-06-26,128.23
2008-06-27,127.53
2008-06-30,127.98
2008-07-01,128.38
2008-07-02,126.18
2008-07-03,126.31
2008-07-07,125.02
2008-07-08,127.24
2008-07-09,124.79
2008-07-10,125.3
2008-07-11,123.84
2008-07-14,122.72
2008-07-15,120.99
2008-07-16,123.96
2008-07-17,125.2
2008-07-18,125.98
2008-07-21,126.05
2008-07-22,127.48
2008-07-23,128.17
2008-07-24,125.51
2008-07-25,125.48
2008-07-28,123.64
2008-07-29,126.28
2008-07-30,128.53
2008-07-31,126.83
2008-08-01,126.16
2008-08-04,124.99
2008-08-05,128.36
2008-08-06,128.93
2008-08-07,127.01
2008-08-08,129.37
2008-08-11,130.71
2008-08-12,129.35
2008-08-13,128.57
2008-08-14,129.54
2008-08-15,130.17
2008-08-18,128.39
2008-08-19,126.99
2008-08-20,127.58
2008-08-21,127.8
2008-08-22,129.65
2008-08-25,127.02
2008-08-26,127.39
2008-08-27,128.63
2008-08-28,130.19
2008-08-29,128.79
2008-09-02,127.99
2008-09-03,127.88
2008-09-04,124.03
2008-09-05,124.42
2008-09-08,126.99
2008-09-09,123.22
2008-09-10,123.72
2008-09-11,125.51
2008-09-12,126.09
2008-09-15,120.09
2008-09-16,122.1
2008-09-17,116.61
2008-09-18,120.07
2008-09-19,124.12
2008-09-22,121.31
2008-09-23,118.55
2008-09-24,118.93
2008-09-25,120.79
2008-09-26,120.85
2008-09-29,111.38
2008-09-30,115.99
2008-10-01,116.06
2008-10-02,111.85
2008-10-03,110.34
2008-10-06,104.72
2008-10-07,100.03
2008-10-08,97.51
2008-10-09,90.7
2008-10-10,88.5
2008-10-13,101.35
2008-10-14,99.85
2008-10-15,90.02
2008-10-16,93.77
2008-10-17,93.21
2008-10-20,98.81
2008-10-21,95.86
2008-10-22,90.64
2008-10-23,91.69
2008-10-24,87.04
2008-10-27,83.95
2008-10-28,93.76
2008-10-29,93.08
2008-10-30,96.3
2008-10-31,96.83
2008-11-03,97.11
2008-11-04,100.41
2008-11-05,96.19
2008-11-06,90.86
2008-11-07,93.86
2008-11-10,92.63
2008-11-11,89.77
2008-11-12,85.82
2008-11-13,91.17
2008-11-14,86.62
2008-11-17,85.47
2008-11-18,87.08
2008-11-19,81.5
2008-11-20,75.45
2008-11-21,79.52
2008-11-24,85.03
2008-11-25,85.66
2008-11-26,88.97
2008-11-28,90.09
2008-12-01,82.11
2008-12-02,85.27
2008-12-03,87.32
2008-12-04,85.3
2008-12-05,87.93
2008-12-08,91
2008-12-09,89.5
2008-12-10,90.11
2008-12-11,87.94
2008-12-12,88.99
2008-12-15,87.75
2008-12-16,91.88
2008-12-17,90.99
2008-12-18,89.29
2008-12-19,88.19
2008-12-22,87.06
2008-12-23,86.16
2008-12-24,86.66
2008-12-26,87.16
2008-12-29,86.91
2008-12-30,88.97
2008-12-31,90.24
2009-01-02,92.96
2009-01-05,92.85
2009-01-06,93.47
2009-01-07,90.67
2009-01-08,91.042
2009-01-09,89.09
2009-01-12,86.95
2009-01-13,87.11
2009-01-14,84.37
2009-01-15,84.4
2009-01-16,85.06
2009-01-20,80.57
2009-01-21,84.05
2009-01-22,82.75
2009-01-23,83.11
2009-01-26,83.68
2009-01-27,84.53
2009-01-28,87.39
2009-01-29,84.55
2009-01-30,82.83
2009-02-02,82.58
2009-02-03,83.74
2009-02-04,83.33
2009-02-05,84.57
2009-02-06,86.979
2009-02-09,87.1
2009-02-10,83.11
2009-02-11,83.6
2009-02-12,83.66
2009-02-13,82.76
2009-02-17,79.22
2009-02-18,79.03
2009-02-19,78.181
2009-02-20,77.42
2009-02-23,74.65
2009-02-24,77.48
2009-02-25,76.872
2009-02-26,75.62
2009-02-27,73.93
2009-03-02,70.6
2009-03-03,70.07
2009-03-04,71.73
2009-03-05,68.8
2009-03-06,68.92
2009-03-09,68.11
2009-03-10,72.17
2009-03-11,72.64
2009-03-12,75.5
2009-03-13,76.09
2009-03-16,75.86
2009-03-17,78.18
2009-03-18,79.93
2009-03-19,78.94
2009-03-20,76.71
2009-03-23,82.22
2009-03-24,80.6
2009-03-25,81.45
2009-03-26,83.11
2009-03-27,81.61
2009-03-30,78.79
2009-03-31,79.52
2009-04-01,81.06
2009-04-02,83.43
2009-04-03,84.26
2009-04-06,83.6
2009-04-07,81.65
2009-04-08,82.53
2009-04-09,85.81
2009-04-13,85.83
2009-04-14,84.35
2009-04-15,85.25
2009-04-16,86.5
2009-04-17,87.08
2009-04-20,83.43
2009-04-21,85.06
2009-04-22,84.54
2009-04-23,85.37
2009-04-24,86.66
2009-04-27,85.84
2009-04-28,85.57
2009-04-29,87.39
2009-04-30,87.42
2009-05-01,87.89
2009-05-04,90.88
2009-05-05,90.57
2009-05-06,92.141
2009-05-07,90.86
2009-05-08,92.98
2009-05-11,91.24
2009-05-12,90.97
2009-05-13,88.68
2009-05-14,89.44
2009-05-15,88.71
2009-05-18,91.23
2009-05-19,91.12
2009-05-20,90.51
2009-05-21,89.21
2009-05-22,89.02
2009-05-26,91.3
2009-05-27,89.67
2009-05-28,90.92
2009-05-29,92.53
2009-06-01,94.77
2009-06-02,94.85
2009-06-03,93.65
2009-06-04,94.53
2009-06-05,94.55
2009-06-08,94.16
2009-06-09,94.64
2009-06-10,94.4
2009-06-11,94.82
2009-06-12,95.08
2009-06-15,92.9
2009-06-16,91.64
2009-06-17,91.55
2009-06-18,92.219
2009-06-19,92.04
2009-06-22,89.28
2009-06-23,89.35
2009-06-24,90.118
2009-06-25,92.08
2009-06-26,91.84
2009-06-29,92.7
2009-06-30,91.95
2009-07-01,92.33
2009-07-02,89.81
2009-07-06,89.8
2009-07-07,88.06
2009-07-08,88
2009-07-09,88.17
2009-07-10,87.96
2009-07-13,90.102
2009-07-14,90.61
2009-07-15,93.26
2009-07-16,94.15
2009-07-17,94.13
2009-07-20,95.131
2009-07-21,95.57
2009-07-22,95.55
2009-07-23,97.661
2009-07-24,98.06
2009-07-27,98.35
2009-07-28,97.89
2009-07-29,97.652
2009-07-30,98.67
2009-07-31,98.81
2009-08-03,100.44
2009-08-04,100.7
2009-08-05,100.41
2009-08-06,99.89
2009-08-07,101.202
2009-08-10,100.99
2009-08-11,99.73
2009-08-12,100.8
2009-08-13,101.57
2009-08-14,100.79
2009-08-17,98.31
2009-08-18,99.09
2009-08-19,99.96
2009-08-20,100.99
2009-08-21,102.97
2009-08-24,102.96
2009-08-25,103.16
2009-08-26,103.17
2009-08-27,103.4
2009-08-28,103.38
2009-08-31,102.46
2009-09-01,100.2
2009-09-02,99.82
2009-09-03,100.65
2009-09-04,102.06
2009-09-08,102.94
2009-09-09,103.73
2009-09-10,104.79
2009-09-11,104.77
2009-09-14,105.28
2009-09-15,105.72
2009-09-16,107.32
2009-09-17,107.16
2009-09-18,106.72
2009-09-21,106.45
2009-09-22,107.07
2009-09-23,106.18
2009-09-24,105.01
2009-09-25,104.45
2009-09-28,106.32
2009-09-29,106
2009-09-30,105.59
2009-10-01,103
2009-10-02,102.49
2009-10-05,104.02
2009-10-06,105.51
2009-10-07,105.8
2009-10-08,106.61
2009-10-09,107.26
2009-10-12,107.68
2009-10-13,107.46
2009-10-14,109.31
2009-10-15,109.71
2009-10-16,108.89
2009-10-19,109.79
2009-10-20,109.211
2009-10-21,108.23
2009-10-22,109.33
2009-10-23,108.08
2009-10-26,106.91
2009-10-27,106.42
2009-10-28,104.41
2009-10-29,106.65
2009-10-30,103.56
2009-11-02,104.32
2009-11-03,104.65
2009-11-04,104.92
2009-11-05,106.8501
2009-11-06,107.13
2009-11-09,109.57
2009-11-10,109.59
2009-11-11,110.15
2009-11-12,109.03
2009-11-13,109.62
2009-11-16,111.21
2009-11-17,111.339
2009-11-18,111.27
2009-11-19,109.82
2009-11-20,109.43
2009-11-23,110.82
2009-11-24,110.99
2009-11-25,111.38
2009-11-27,109.57
2009-11-30,109.94
2009-12-01,111.3
2009-12-02,111.25
2009-12-03,110.38
2009-12-04,111.01
2009-12-07,110.84
2009-12-08,109.61
2009-12-09,110.021
2009-12-10,110.64
2009-12-11,111.11
2009-12-14,111.87
2009-12-15,111.35
2009-12-16,111.52
2009-12-17,110.18
2009-12-18,110.21
2009-12-21,111.33
2009-12-22,111.73
2009-12-23,111.95
2009-12-24,112.48
2009-12-28,112.72
2009-12-29,112.562
2009-12-30,112.52
2009-12-31,111.44
2010-01-04,113.33
2010-01-05,113.63
2010-01-06,113.71
2010-01-07,114.19
2010-01-08,114.57
2010-01-11,114.73
2010-01-12,113.66
2010-01-13,114.62
2010-01-14,114.93
2010-01-15,113.64
2010-01-19,115.06
2010-01-20,113.89
2010-01-21,111.7
2010-01-22,109.21
2010-01-25,109.77
2010-01-26,109.31
2010-01-27,109.83
2010-01-28,108.57
2010-01-29,107.39
2010-02-01,109.06
2010-02-02,110.38
2010-02-03,109.83
2010-02-04,106.44
2010-02-05,106.66
2010-02-08,105.89
2010-02-09,107.22
2010-02-10,107.01
2010-02-11,108.13
2010-02-12,108.04
2010-02-16,109.74
2010-02-17,110.26
2010-02-18,110.91
2010-02-19,111.14
2010-02-22,111.16
2010-02-23,109.81
2010-02-24,110.82
2010-02-25,110.67
2010-02-26,110.74
2010-03-01,111.89
2010-03-02,112.2
2010-03-03,112.3
2010-03-04,112.641
2010-03-05,114.25
2010-03-08,114.27
2010-03-09,114.46
2010-03-10,114.97
2010-03-11,115.45
2010-03-12,115.46
2010-03-15,115.49
2010-03-16,116.41
2010-03-17,117.1
2010-03-18,117.0375
2010-03-19,115.97
2010-03-22,116.5925
2010-03-23,117.41
2010-03-24,116.84
2010-03-25,116.65
2010-03-26,116.582
2010-03-29,117.32
2010-03-30,117.4
2010-03-31,117
2010-04-01,117.8
2010-04-05,118.76
2010-04-06,119.04
2010-04-07,118.36
2010-04-08,118.7725
2010-04-09,119.55
2010-04-12,119.74
2010-04-13,119.83
2010-04-14,121.19
2010-04-15,121.29
2010-04-16,119.36
2010-04-19,119.81
2010-04-20,120.88
2010-04-21,120.66
2010-04-22,121.02
2010-04-23,121.8125
2010-04-26,121.35
2010-04-27,118.48
2010-04-28,119.38
2010-04-29,120.8575
2010-04-30,118.8125
2010-05-03,120.35
2010-05-04,117.52
2010-05-05,116.82
2010-05-06,112.942
2010-05-07,111.26
2010-05-10,116.16
2010-05-11,115.83
2010-05-12,117.45
2010-05-13,115.99
2010-05-14,113.89
2010-05-17,113.95
2010-05-18,112.4
2010-05-19,111.76
2010-05-20,107.54
2010-05-21,109.115
2010-05-24,107.71
2010-05-25,107.818
2010-05-26,107.17
2010-05-27,110.76
2010-05-28,109.369
2010-06-01,107.53
2010-06-02,110.33
2010-06-03,110.71
2010-06-04,106.82
2010-06-07,105.49
2010-06-08,106.62
2010-06-09,106.05
2010-06-10,109.15
2010-06-11,109.68
2010-06-14,109.509
2010-06-15,112
2010-06-16,111.96
2010-06-17,112.14
2010-06-18,111.729
2010-06-21,111.41
2010-06-22,109.57
2010-06-23,109.23
2010-06-24,107.42
2010-06-25,107.8675
2010-06-28,107.53
2010-06-29,104.21
2010-06-30,103.22
2010-07-01,102.76
2010-07-02,102.2
2010-07-06,102.87
2010-07-07,106.1075
2010-07-08,107.16
2010-07-09,107.96
2010-07-12,108.03
2010-07-13,109.66
2010-07-14,109.651
2010-07-15,109.68
2010-07-16,106.66
2010-07-19,107.29
2010-07-20,108.48
2010-07-21,107.07
2010-07-22,109.461
2010-07-23,110.41
2010-07-26,111.56
2010-07-27,111.55
2010-07-28,110.83
2010-07-29,110.29
2010-07-30,110.27
2010-08-02,112.76
2010-08-03,112.22
2010-08-04,112.97
2010-08-05,112.85
2010-08-06,112.392
2010-08-09,112.992
2010-08-10,112.375
2010-08-11,109.3
2010-08-12,108.63
2010-08-13,108.31
2010-08-16,108.26
2010-08-17,109.59
2010-08-18,109.79
2010-08-19,107.88
2010-08-20,107.53
2010-08-23,107.1236
2010-08-24,105.53
2010-08-25,105.94
2010-08-26,105.23
2010-08-27,106.86
2010-08-30,105.311
2010-08-31,105.31
2010-09-01,108.46
2010-09-02,109.47
2010-09-03,110.89
2010-09-07,109.64
2010-09-08,110.41
2010-09-09,110.92
2010-09-10,111.482
2010-09-13,112.72
2010-09-14,112.65
2010-09-15,113.08
2010-09-16,113.05
2010-09-17,112.49
2010-09-20,114.21
2010-09-21,113.98
2010-09-22,113.42
2010-09-23,112.498
2010-09-24,114.82
2010-09-27,114.27
2010-09-28,114.67
2010-09-29,114.47
2010-09-30,114.13
2010-10-01,114.61
2010-10-04,113.75
2010-10-05,116.04
2010-10-06,116.03
2010-10-07,115.89
2010-10-08,116.5375
2010-10-11,116.65
2010-10-12,117.01
2010-10-13,117.92
2010-10-14,117.46
2010-10-15,117.7
2010-10-18,118.28
2010-10-19,116.73
2010-10-20,117.87
2010-10-21,118.13
2010-10-22,118.347
2010-10-25,118.7
2010-10-26,118.72
2010-10-27,118.38
2010-10-28,118.4
2010-10-29,118.49
2010-11-01,118.53
2010-11-02,119.475
2010-11-03,119.95
2010-11-04,122.26
2010-11-05,122.725
2010-11-08,122.49
2010-11-09,121.61
2010-11-10,122.1
2010-11-11,121.635
2010-11-12,120.198
2010-11-15,120.03
2010-11-16,118.16
2010-11-17,118.218
2010-11-18,119.9575
2010-11-19,120.29
2010-11-22,120.19
2010-11-23,118.4475
2010-11-24,120.2
2010-11-26,118.8
2010-11-29,119.162
2010-11-30,118.4925
2010-12-01,121.01
2010-12-02,122.56
2010-12-03,122.89
2010-12-06,122.76
2010-12-07,122.83
2010-12-08,123.28
2010-12-09,123.76
2010-12-10,124.48
2010-12-13,124.56
2010-12-14,124.67
2010-12-15,124.098
2010-12-16,124.82
2010-12-17,124.3
2010-12-20,124.6
2010-12-21,125.39
2010-12-22,125.78
2010-12-23,125.6
2010-12-27,125.65
2010-12-28,125.83
2010-12-29,125.92
2010-12-30,125.72
2010-12-31,125.75
2011-01-03,127.05
2011-01-04,126.98
2011-01-05,127.64
2011-01-06,127.39
2011-01-07,127.14
2011-01-10,126.98
2011-01-11,127.43
2011-01-12,128.58
2011-01-13,128.3675
2011-01-14,129.3
2011-01-18,129.52
2011-01-19,128.25
2011-01-20,128.08
2011-01-21,128.37
2011-01-24,129.1
2011-01-25,129.17
2011-01-26,129.67
2011-01-27,129.99
2011-01-28,127.72
2011-01-31,128.68
2011-02-01,130.74
2011-02-02,130.485
2011-02-03,130.78
2011-02-04,131.15
2011-02-07,131.97
2011-02-08,132.57
2011-02-09,132.269
2011-02-10,132.321
2011-02-11,133.11
2011-02-14,133.43
2011-02-15,133.01
2011-02-16,133.85
2011-02-17,134.25
2011-02-18,134.53
2011-02-22,131.83
2011-02-23,131.02
2011-02-24,130.93
2011-02-25,132.33
2011-02-28,133.15
2011-03-01,130.93
2011-03-02,131.21
2011-03-03,133.47
2011-03-04,132.47
2011-03-07,131.43
2011-03-08,132.58
2011-03-09,132.39
2011-03-10,129.9375
2011-03-11,130.84
2011-03-14,130.05
2011-03-15,128.56
2011-03-16,126.175
2011-03-17,127.85
2011-03-18,127.76
2011-03-21,129.74
2011-03-22,129.29
2011-03-23,129.66
2011-03-24,130.9
2011-03-25,131.3
2011-03-28,130.98
2011-03-29,131.86
2011-03-30,132.77
2011-03-31,132.59
2011-04-01,133.15
2011-04-04,133.26
2011-04-05,133.24
2011-04-06,133.66
2011-04-07,133.32
2011-04-08,132.86
2011-04-11,132.46
2011-04-12,131.47
2011-04-13,131.46
2011-04-14,131.56
2011-04-15,132.04
2011-04-18,130.56
2011-04-19,131.31
2011-04-20,133.1
2011-04-21,133.78
2011-04-25,133.64
2011-04-26,134.791
2011-04-27,135.67
2011-04-28,136.11
2011-04-29,136.43
2011-05-02,136.22
2011-05-03,135.73
2011-05-04,134.83
2011-05-05,133.61
2011-05-06,134.2
2011-05-09,134.72
2011-05-10,135.87
2011-05-11,134.44
2011-05-12,135.08
2011-05-13,134.04
2011-05-16,133.19
2011-05-17,133.17
2011-05-18,134.36
2011-05-19,134.68
2011-05-20,133.61
2011-05-23,132.06
2011-05-24,131.95
2011-05-25,132.39
2011-05-26,133
2011-05-27,133.51
2011-05-31,134.9
2011-06-01,131.87
2011-06-02,131.73
2011-06-03,130.42
2011-06-06,129.045
2011-06-07,128.96
2011-06-08,128.42
2011-06-09,129.4
2011-06-10,127.6
2011-06-13,127.7
2011-06-14,129.32
2011-06-15,127.02
2011-06-16,127.3
2011-06-17,127.05
2011-06-20,127.7
2011-06-21,129.45
2011-06-22,128.67
2011-06-23,128.301
2011-06-24,126.81
2011-06-27,127.94
2011-06-28,129.61
2011-06-29,130.72
2011-06-30,131.97
2011-07-01,133.92
2011-07-05,133.81
2011-07-06,133.97
2011-07-07,135.36
2011-07-08,134.4
2011-07-11,131.97
2011-07-12,131.4
2011-07-13,131.84
2011-07-14,130.93
2011-07-15,131.69
2011-07-18,130.61
2011-07-19,132.73
2011-07-20,132.65
2011-07-21,134.49
2011-07-22,134.58
2011-07-25,133.83
2011-07-26,133.33
2011-07-27,130.6
2011-07-28,130.22
2011-07-29,129.33
2011-08-01,128.78
2011-08-02,125.49
2011-08-03,126.17
2011-08-04,120.26
2011-08-05,120.08
2011-08-08,112.26
2011-08-09,117.48
2011-08-10,112.29
2011-08-11,117.33
2011-08-12,118.12
2011-08-15,120.62
2011-08-16,119.59
2011-08-17,119.67
2011-08-18,114.51
2011-08-19,112.64
2011-08-22,112.73
2011-08-23,116.44
2011-08-24,118.08
2011-08-25,116.28
2011-08-26,117.97
2011-08-29,121.36
2011-08-30,121.68
2011-08-31,122.22
2011-09-01,120.94
2011-09-02,117.85
2011-09-06,116.99
2011-09-07,120.29
2011-09-08,119.04
2011-09-09,115.92
2011-09-12,116.67
2011-09-13,117.74
2011-09-14,119.37
2011-09-15,121.43
2011-09-16,121.521
2011-09-19,120.31
2011-09-20,120.17
2011-09-21,116.63
2011-09-22,112.86
2011-09-23,113.54
2011-09-26,116.24
2011-09-27,117.54
2011-09-28,115.145
2011-09-29,116.05
2011-09-30,113.15
2011-10-03,109.93
2011-10-04,112.34
2011-10-05,114.42
2011-10-06,116.49
2011-10-07,115.71
2011-10-10,119.58
2011-10-11,119.7
2011-10-12,120.75
2011-10-13,120.51
2011-10-14,122.57
2011-10-17,120.23
2011-10-18,122.58
2011-10-19,121.13
2011-10-20,121.66
2011-10-21,123.97
2011-10-24,125.49
2011-10-25,123.049
2011-10-26,124.3
2011-10-27,128.63
2011-10-28,128.6
2011-10-31,125.5
2011-11-01,122.002
2011-11-02,123.99
2011-11-03,126.25
2011-11-04,125.481
2011-11-07,126.26
2011-11-08,127.88
2011-11-09,123.161
2011-11-10,124.32
2011-11-11,126.66
2011-11-14,125.46
2011-11-15,126.083
2011-11-16,124.08
2011-11-17,122.105
2011-11-18,121.979
2011-11-21,119.661
2011-11-22,119.19
2011-11-23,116.56
2011-11-25,116.34
2011-11-28,119.71
2011-11-29,120.05
2011-11-30,124.99
2011-12-01,124.97
2011-12-02,124.86
2011-12-05,126.22
2011-12-06,126.26
2011-12-07,126.73
2011-12-08,123.95
2011-12-09,126.05
2011-12-12,124.21
2011-12-13,123.05
2011-12-14,121.74
2011-12-15,122.185
2011-12-16,121.59
2011-12-19,120.29
2011-12-20,123.93
2011-12-21,124.17
2011-12-22,125.27
2011-12-23,126.39
2011-12-27,126.49
2011-12-28,124.83
2011-12-29,126.12
2011-12-30,125.5
2012-01-03,127.495
2012-01-04,127.7
2012-01-05,128.04
2012-01-06,127.71
2012-01-09,128.02
2012-01-10,129.13
2012-01-11,129.2
2012-01-12,129.51
2012-01-13,128.84
2012-01-17,129.34
2012-01-18,130.77
2012-01-19,131.46
2012-01-20,131.54
2012-01-23,131.61
2012-01-24,131.46
2012-01-25,132.56
2012-01-26,131.88
2012-01-27,131.82
2012-01-30,131.37
2012-01-31,131.32
2012-02-01,132.47
2012-02-02,132.68
2012-02-03,134.54
2012-02-06,134.45
2012-02-07,134.79
2012-02-08,135.19
2012-02-09,135.36
2012-02-10,134.361
2012-02-13,135.36
2012-02-14,135.19
2012-02-15,134.56
2012-02-16,136.049
2012-02-17,136.41
2012-02-21,136.47
2012-02-22,136.032
2012-02-23,136.631
2012-02-24,136.93
2012-02-27,137.16
2012-02-28,137.559
2012-02-29,137.02
2012-03-01,137.73
2012-03-02,137.312
2012-03-05,136.75
2012-03-06,134.75
2012-03-07,135.69
2012-03-08,137.04
2012-03-09,137.57
2012-03-12,137.58
2012-03-13,140.062
2012-03-14,139.91
2012-03-15,140.72
2012-03-16,140.3
2012-03-19,140.85
2012-03-20,140.44
2012-03-21,140.21
2012-03-22,139.2
2012-03-23,139.65
2012-03-26,141.61
2012-03-27,141.17
2012-03-28,140.47
2012-03-29,140.23
2012-03-30,140.81
2012-04-02,141.84
2012-04-03,141.26
2012-04-04,139.86
2012-04-05,139.79
2012-04-09,138.22
2012-04-10,135.9
2012-04-11,137
2012-04-12,138.79
2012-04-13,137.14
2012-04-16,137.05
2012-04-17,139.082
2012-04-18,138.61
2012-04-19,137.72
2012-04-20,137.95
2012-04-23,136.79
2012-04-24,137.31
2012-04-25,139.19
2012-04-26,140.16
2012-04-27,140.39
2012-04-30,139.87
2012-05-01,140.74
2012-05-02,140.325
2012-05-03,139.25
2012-05-04,137
2012-05-07,137.1
2012-05-08,136.55
2012-05-09,135.74
2012-05-10,136.02
2012-05-11,135.61
2012-05-14,134.11
2012-05-15,133.34
2012-05-16,132.829
2012-05-17,130.86
2012-05-18,129.74
2012-05-21,131.97
2012-05-22,132.2
2012-05-23,132.27
2012-05-24,132.53
2012-05-25,132.1
2012-05-29,133.7
2012-05-30,131.76
2012-05-31,131.47
2012-06-01,128.16
2012-06-04,128.1
2012-06-05,129.07
2012-06-06,131.97
2012-06-07,132.05
2012-06-08,133.1
2012-06-11,131.415
2012-06-12,132.92
2012-06-13,132.07
2012-06-14,133.47
2012-06-15,134.14
2012-06-18,134.4
2012-06-19,135.7
2012-06-20,135.48
2012-06-21,132.44
2012-06-22,133.46
2012-06-25,131.32
2012-06-26,131.98
2012-06-27,133.173
2012-06-28,132.79
2012-06-29,136.105
2012-07-02,136.51
2012-07-03,137.412
2012-07-05,136.79
2012-07-06,135.49
2012-07-09,135.32
2012-07-10,134.14
2012-07-11,134.16
2012-07-12,133.51
2012-07-13,135.75
2012-07-16,135.43
2012-07-17,136.36
2012-07-18,137.37
2012-07-19,137.73
2012-07-20,136.47
2012-07-23,135.09
2012-07-24,133.925
2012-07-25,133.96
2012-07-26,136.17
2012-07-27,138.675
2012-07-30,138.68
2012-07-31,137.71
2012-08-01,137.59
2012-08-02,136.64
2012-08-03,139.349
2012-08-06,139.62
2012-08-07,140.32
2012-08-08,140.49
2012-08-09,140.61
2012-08-10,140.84
2012-08-13,140.77
2012-08-14,140.79
2012-08-15,140.95
2012-08-16,141.99
2012-08-17,142.18
2012-08-20,142.19
2012-08-21,141.76
2012-08-22,141.82
2012-08-23,140.665
2012-08-24,141.51
2012-08-27,141.54
2012-08-28,141.4
2012-08-29,141.51
2012-08-30,140.49
2012-08-31,141.16
2012-09-04,141.03
2012-09-05,140.91
2012-09-06,143.77
2012-09-07,144.33
2012-09-10,143.51
2012-09-11,143.91
2012-09-12,144.39
2012-09-13,146.59
2012-09-14,147.24
2012-09-17,146.74
2012-09-18,146.62
2012-09-19,146.7
2012-09-20,146.71
2012-09-21,145.87
2012-09-24,145.645
2012-09-25,144.1
2012-09-26,143.295
2012-09-27,144.64
2012-09-28,143.97
2012-10-01,144.345
2012-10-02,144.5
2012-10-03,145.09
2012-10-04,146.125
2012-10-05,146.14
2012-10-08,145.642
2012-10-09,144.2
2012-10-10,143.28
2012-10-11,143.36
2012-10-12,142.89
2012-10-15,144.08
2012-10-16,145.54
2012-10-17,146.2
2012-10-18,145.82
2012-10-19,143.3896
2012-10-22,143.41
2012-10-23,141.42
2012-10-24,141.02
2012-10-25,141.43
2012-10-26,141.35
2012-10-31,141.35
2012-11-01,142.83
2012-11-02,141.56
2012-11-05,141.8486
2012-11-06,142.96
2012-11-07,139.72
2012-11-08,138.04
2012-11-09,138.16
2012-11-12,138.265
2012-11-13,137.79
2012-11-14,135.9299
2012-11-15,135.7
2012-11-16,136.37
2012-11-19,139.13
2012-11-20,139.19
2012-11-21,139.45
2012-11-23,141.35
2012-11-26,141.05
2012-11-27,140.33
2012-11-28,141.46
2012-11-29,142.12
2012-11-30,142.155
2012-12-03,141.45
2012-12-04,141.25
2012-12-05,141.5
2012-12-06,141.98
2012-12-07,142.415
2012-12-10,142.473
2012-12-11,143.44
2012-12-12,143.51
2012-12-13,142.63
2012-12-14,142.1051
2012-12-17,143.77
2012-12-18,145.37
2012-12-19,144.29
2012-12-20,145.12
2012-12-21,142.79
2012-12-24,142.35
2012-12-26,141.75
2012-12-27,141.5616
2012-12-28,140.03
2012-12-31,142.41
2013-01-02,146.06
2013-01-03,145.7341
2013-01-04,146.37
2013-01-07,145.9695
2013-01-08,145.5496
2013-01-09,145.92
2013-01-10,147.08
2013-01-11,147.07
2013-01-14,146.97
2013-01-15,147.07
2013-01-16,147.05
2013-01-17,148
2013-01-18,148.33
2013-01-22,149.13
2013-01-23,149.37
2013-01-24,149.41
2013-01-25,150.25
2013-01-28,150.07
2013-01-29,150.66
2013-01-30,150.07
2013-01-31,149.7
2013-02-01,151.24
2013-02-04,149.535
2013-02-05,151.05
2013-02-06,151.16
2013-02-07,150.96
2013-02-08,151.8
2013-02-11,151.77
2013-02-12,152.02
2013-02-13,152.151
2013-02-14,152.29
2013-02-15,152.11
2013-02-19,153.25
2013-02-20,151.34
2013-02-21,150.42
2013-02-22,151.89
2013-02-25,149
2013-02-26,150.02
2013-02-27,151.91
2013-02-28,151.61
2013-03-01,152.11
2013-03-04,152.92
2013-03-05,154.29
2013-03-06,154.5
2013-03-07,154.776
2013-03-08,155.44
2013-03-11,156.03
2013-03-12,155.68
2013-03-13,155.905
2013-03-14,156.73
2013-03-15,155.83
2013-03-18,154.97
2013-03-19,154.61
2013-03-20,155.69
2013-03-21,154.359
2013-03-22,155.6
2013-03-25,154.95
2013-03-26,156.19
2013-03-27,156.19
2013-03-28,156.67
2013-04-01,156.05
2013-04-02,156.82
2013-04-03,155.23
2013-04-04,155.86
2013-04-05,155.158
2013-04-08,156.21
2013-04-09,156.75
2013-04-10,158.67
2013-04-11,159.19
2013-04-12,158.8
2013-04-15,155.118
2013-04-16,157.41
2013-04-17,155.11
2013-04-18,154.14
2013-04-19,155.48
2013-04-22,156.17
2013-04-23,157.78
2013-04-24,157.88
2013-04-25,158.52
2013-04-26,158.24
2013-04-29,159.3
2013-04-30,159.68
2013-05-01,158.28
2013-05-02,159.75
2013-05-03,161.368
2013-05-06,161.78
2013-05-07,162.5999
2013-05-08,163.34
2013-05-09,162.881
2013-05-10,163.41
2013-05-13,163.54
2013-05-14,165.23
2013-05-15,166.115
2013-05-16,165.34
2013-05-17,166.94
2013-05-20,166.93
2013-05-21,167.17
2013-05-22,165.93
2013-05-23,165.45
2013-05-24,165.308
2013-05-28,166.3
2013-05-29,165.22
2013-05-30,165.83
2013-05-31,163.445
2013-06-03,164.35
2013-06-04,163.56
2013-06-05,161.272
2013-06-06,162.73
2013-06-07,164.8
2013-06-10,164.8
2013-06-11,163.098
2013-06-12,161.75
2013-06-13,164.21
2013-06-14,163.175
2013-06-17,164.44
2013-06-18,165.735
2013-06-19,163.45
2013-06-20,159.4
2013-06-21,159.07
2013-06-24,157.06
2013-06-25,158.575
2013-06-26,160.14
2013-06-27,161.08
2013-06-28,160.42
2013-07-01,161.36
2013-07-02,161.21
2013-07-03,161.28
2013-07-05,163.02
2013-07-08,163.945
2013-07-09,165.13
2013-07-10,165.192
2013-07-11,167.44
2013-07-12,167.51
2013-07-15,168.155
2013-07-16,167.525
2013-07-17,167.9501
2013-07-18,168.87
2013-07-19,169.17
2013-07-22,169.5
2013-07-23,169.14
2013-07-24,168.52
2013-07-25,168.93
2013-07-26,169.11
2013-07-29,168.59
2013-07-30,168.588
2013-07-31,168.71
2013-08-01,170.66
2013-08-02,170.95
2013-08-05,170.7
2013-08-06,169.73
2013-08-07,169.18
2013-08-08,169.8
2013-08-09,169.31
2013-08-12,169.111
2013-08-13,169.61
2013-08-14,168.74
2013-08-15,166.38
2013-08-16,165.83
2013-08-19,164.77
2013-08-20,165.58
2013-08-21,164.56
2013-08-22,166.06
2013-08-23,166.62
2013-08-26,166
2013-08-27,163.33
2013-08-28,163.91
2013-08-29,164.17
2013-08-30,163.65
2013-09-03,164.39
2013-09-04,165.75
2013-09-05,165.96
2013-09-06,166.04
2013-09-09,167.634
2013-09-10,168.87
2013-09-11,169.4
2013-09-12,168.95
2013-09-13,169.33
2013-09-16,170.31
2013-09-17,171.07
2013-09-18,173.051
2013-09-19,172.76
2013-09-20,170.72
2013-09-23,169.93
2013-09-24,169.53
2013-09-25,169.04
2013-09-26,169.69
2013-09-27,168.909
2013-09-30,168.01
2013-10-01,169.34
2013-10-02,169.18
2013-10-03,167.62
2013-10-04,168.89
2013-10-07,167.43
2013-10-08,165.48
2013-10-09,165.6
2013-10-10,169.17
2013-10-11,170.26
2013-10-14,170.94
2013-10-15,169.7
2013-10-16,172.07
2013-10-17,173.22
2013-10-18,174.388
2013-10-21,174.4
2013-10-22,175.41
2013-10-23,174.57
2013-10-24,175.15
2013-10-25,175.95
2013-10-28,176.23
2013-10-29,177.17
2013-10-30,176.29
2013-10-31,175.79
2013-11-01,176.21
2013-11-04,176.83
2013-11-05,176.27
2013-11-06,177.17
2013-11-07,174.93
2013-11-08,177.29
2013-11-11,177.32
2013-11-12,176.96
2013-11-13,178.38
2013-11-14,179.27
2013-11-15,180.05
2013-11-18,179.42
2013-11-19,179.03
2013-11-20,178.47
2013-11-21,179.91
2013-11-22,180.81
2013-11-25,180.63
2013-11-26,180.68
2013-11-27,181.12
2013-11-29,181
2013-12-02,180.53
2013-12-03,179.75
2013-12-04,179.73
2013-12-05,178.94
2013-12-06,180.94
2013-12-09,181.4
2013-12-10,180.75
2013-12-11,178.72
2013-12-12,178.13
2013-12-13,178.11
2013-12-16,179.216
2013-12-17,178.65
2013-12-18,181.7
2013-12-19,181.49
2013-12-20,181.56
2013-12-23,182.53
2013-12-24,182.93
2013-12-26,183.855
2013-12-27,183.845
2013-12-30,183.82
2013-12-31,184.69
2014-01-02,182.92
2014-01-03,182.885
2014-01-06,182.36
2014-01-07,183.48
2014-01-08,183.52
2014-01-09,183.64
2014-01-10,184.14
2014-01-13,181.685
2014-01-14,183.67
2014-01-15,184.66
2014-01-16,184.42
2014-01-17,183.635
2014-01-21,184.18
2014-01-22,184.3
2014-01-23,182.79
2014-01-24,178.89
2014-01-27,178.01
2014-01-28,179.07
2014-01-29,177.35
2014-01-30,179.23
2014-01-31,178.18
2014-02-03,174.17
2014-02-04,175.385
2014-02-05,175.17
2014-02-06,177.48
2014-02-07,179.68
2014-02-10,180.01
2014-02-11,181.98
2014-02-12,182.07
2014-02-13,183.01
2014-02-14,184.02
2014-02-18,184.24
2014-02-19,183.02
2014-02-20,184.1
2014-02-21,183.89
2014-02-24,184.91
2014-02-25,184.84
2014-02-26,184.85
2014-02-27,185.82
2014-02-28,186.29
2014-03-03,184.98
2014-03-04,187.58
2014-03-05,187.75
2014-03-06,188.18
2014-03-07,188.26
2014-03-10,188.16
2014-03-11,187.23
2014-03-12,187.28
2014-03-13,185.18
2014-03-14,184.66
2014-03-17,186.33
2014-03-18,187.66
2014-03-19,186.66
2014-03-20,187.747
2014-03-21,186.2
2014-03-24,185.43
2014-03-25,186.31
2014-03-26,184.97
2014-03-27,184.58
2014-03-28,185.49
2014-03-31,187.01
2014-04-01,188.25
2014-04-02,188.88
2014-04-03,188.63
2014-04-04,186.4
2014-04-07,184.34
2014-04-08,185.1
2014-04-09,187.09
2014-04-10,183.155
2014-04-11,181.51
2014-04-14,182.9401
2014-04-15,184.2
2014-04-16,186.125
2014-04-17,186.39
2014-04-21,187.04
2014-04-22,187.89
2014-04-23,187.45
2014-04-24,187.83
2014-04-25,186.29
2014-04-28,186.875
2014-04-29,187.75
2014-04-30,188.31
2014-05-01,188.325
2014-05-02,188.06
2014-05-05,188.42
2014-05-06,186.78
2014-05-07,187.88
2014-05-08,187.675
2014-05-09,187.96
2014-05-12,189.785
2014-05-13,189.96
2014-05-14,189.06
2014-05-15,187.4
2014-05-16,188.05
2014-05-19,188.74
2014-05-20,187.55
2014-05-21,189.13
2014-05-22,189.59
2014-05-23,190.35
2014-05-27,191.52
2014-05-28,191.38
2014-05-29,192.37
2014-05-30,192.68
2014-06-02,192.895
2014-06-03,192.8
2014-06-04,193.19
2014-06-05,194.45
2014-06-06,195.375
2014-06-09,195.58
2014-06-10,195.6
2014-06-11,194.92
2014-06-12,193.54
2014-06-13,194.13
2014-06-16,194.29
2014-06-17,194.83
2014-06-18,196.255
2014-06-19,196.48
2014-06-20,195.94
2014-06-23,195.88
2014-06-24,194.7
2014-06-25,195.58
2014-06-26,195.44
2014-06-27,195.82
2014-06-30,195.72
2014-07-01,197.03
2014-07-02,197.23
2014-07-03,198.2
2014-07-07,197.51
2014-07-08,196.24
2014-07-09,197.12
2014-07-10,196.34
2014-07-11,196.61
2014-07-14,197.6
2014-07-15,197.23
2014-07-16,197.96
2014-07-17,195.71
2014-07-18,197.7099
2014-07-21,197.34
2014-07-22,198.2
2014-07-23,198.64
2014-07-24,198.65
2014-07-25,197.72
2014-07-28,197.8
2014-07-29,196.95
2014-07-30,196.98
2014-07-31,193.09
2014-08-01,192.5
2014-08-04,193.89
2014-08-05,192.01
2014-08-06,192.07
2014-08-07,191.03
2014-08-08,193.24
2014-08-11,193.795
2014-08-12,193.53
2014-08-13,194.84
2014-08-14,195.76
2014-08-15,195.72
2014-08-18,197.36
2014-08-19,198.39
2014-08-20,198.92
2014-08-21,199.5
2014-08-22,199.19
2014-08-25,200.2
2014-08-26,200.33
2014-08-27,200.25
2014-08-28,200.14
2014-08-29,200.71
2014-09-02,200.61
2014-09-03,200.5
2014-09-04,200.2101
2014-09-05,201.11
2014-09-08,200.59
2014-09-09,199.32
2014-09-10,200.07
2014-09-11,200.3
2014-09-12,199.13
2014-09-15,198.981
2014-09-16,200.48
2014-09-17,200.75
2014-09-18,201.82
2014-09-19,200.7
2014-09-22,199.15
2014-09-23,198.01
2014-09-24,199.56
2014-09-25,196.34
2014-09-26,197.9
2014-09-29,197.54
2014-09-30,197.02
2014-10-01,194.35
2014-10-02,194.38
2014-10-03,196.52
2014-10-06,196.29
2014-10-07,193.26
2014-10-08,196.64
2014-10-09,192.74
2014-10-10,190.54
2014-10-13,187.4099
2014-10-14,187.7
2014-10-15,186.43
2014-10-16,186.27
2014-10-17,188.47
2014-10-20,190.3
2014-10-21,194.07
2014-10-22,192.69
2014-10-23,194.93
2014-10-24,196.43
2014-10-27,196.16
2014-10-28,198.41
2014-10-29,198.11
2014-10-30,199.38
2014-10-31,201.66
2014-11-03,201.77
2014-11-04,201.07
2014-11-05,202.34
2014-11-06,203.15
2014-11-07,203.34
2014-11-10,203.98
2014-11-11,204.175
2014-11-12,203.96
2014-11-13,204.19
2014-11-14,204.24
2014-11-17,204.37
2014-11-18,205.55
2014-11-19,205.22
2014-11-20,205.58
2014-11-21,206.68
2014-11-24,207.26
2014-11-25,207.11
2014-11-26,207.64
2014-11-28,207.2
2014-12-01,205.76
2014-12-02,207.085
2014-12-03,207.89
2014-12-04,207.66
2014-12-05,208
2014-12-08,206.61
2014-12-09,206.47
2014-12-10,203.1601
2014-12-11,204.19
2014-12-12,200.89
2014-12-15,199.51
2014-12-16,197.91
2014-12-17,201.79
2014-12-18,206.78
2014-12-19,206.52
2014-12-22,207.47
2014-12-23,207.75
2014-12-24,207.77
2014-12-26,208.44
2014-12-29,208.72
2014-12-30,207.6
2014-12-31,205.54
2015-01-02,205.43
2015-01-05,201.72
2015-01-06,199.82
2015-01-07,202.31
2015-01-08,205.9
2015-01-09,204.25
2015-01-12,202.65
2015-01-13,202.08
2015-01-14,200.86
2015-01-15,199.0199
2015-01-16,201.63
2015-01-20,202.055
2015-01-21,203.08
2015-01-22,206.1
2015-01-23,204.97
2015-01-26,205.45
2015-01-27,202.74
2015-01-28,200.14
2015-01-29,201.9902
2015-01-30,199.45
2015-02-02,201.92
2015-02-03,204.84
2015-02-04,204.06
2015-02-05,206.12
2015-02-06,205.55
2015-02-09,204.63
2015-02-10,206.81
2015-02-11,206.93
2015-02-12,208.92
2015-02-13,209.78
2015-02-17,210.11
2015-02-18,210.13
2015-02-19,209.98
2015-02-20,211.239
2015-02-23,211.209
2015-02-24,211.81
2015-02-25,211.63
2015-02-26,211.38
2015-02-27,210.66
2015-03-02,211.99
2015-03-03,211.12
2015-03-04,210.2301
2015-03-05,210.46
2015-03-06,207.5
2015-03-09,208.36
2015-03-10,204.98
2015-03-11,204.5
2015-03-12,207.1
2015-03-13,205.8272
2015-03-16,208.58
2015-03-17,207.96
2015-03-18,210.46
2015-03-19,209.5
2015-03-20,210.41
2015-03-23,210
2015-03-24,208.82
2015-03-25,205.76
2015-03-26,205.27
2015-03-27,205.74
2015-03-30,208.25
2015-03-31,206.43
2015-04-01,205.7
2015-04-02,206.435
2015-04-06,207.83
2015-04-07,207.28
2015-04-08,207.975
2015-04-09,208.9
2015-04-10,210.04
2015-04-13,209.09
2015-04-14,209.49
2015-04-15,210.43
2015-04-16,210.37
2015-04-17,207.95
2015-04-20,209.85
2015-04-21,209.6
2015-04-22,210.63
2015-04-23,211.16
2015-04-24,211.6499
2015-04-27,210.77
2015-04-28,211.44
2015-04-29,210.57
2015-04-30,208.46
2015-05-01,210.72
2015-05-04,211.32
2015-05-05,208.9
2015-05-06,208.04
2015-05-07,208.87
2015-05-08,211.62
2015-05-11,210.605
2015-05-12,209.98
2015-05-13,210.02
2015-05-14,212.21
2015-05-15,212.44
2015-05-18,213.1
2015-05-19,213.03
2015-05-20,212.88
2015-05-21,213.5
2015-05-22,212.99
2015-05-26,210.7
2015-05-27,212.7
2015-05-28,212.46
2015-05-29,211.14
2015-06-01,211.57
2015-06-02,211.36
2015-06-03,211.92
2015-06-04,210.1292
2015-06-05,209.77
2015-06-08,208.48
2015-06-09,208.45
2015-06-10,210.95
2015-06-11,211.63
2015-06-12,210.01
2015-06-15,209.11
2015-06-16,210.25
2015-06-17,210.59
2015-06-18,212.78
2015-06-19,210.81
2015-06-22,211.89
2015-06-23,212.04
2015-06-24,210.5
2015-06-25,209.86
2015-06-26,209.82
2015-06-29,205.42
2015-06-30,205.85
2015-07-01,207.5
2015-07-02,207.31
2015-07-06,206.72
2015-07-07,208.02
2015-07-08,204.53
2015-07-09,204.9
2015-07-10,207.48
2015-07-13,209.77
2015-07-14,210.68
2015-07-15,210.61
2015-07-16,212.3
2015-07-17,212.48
2015-07-20,212.59
2015-07-21,211.75
2015-07-22,211.37
2015-07-23,210.18
2015-07-24,208
2015-07-27,206.79
2015-07-28,209.33
2015-07-29,210.77
2015-07-30,210.82
2015-07-31,210.5
2015-08-03,209.79
2015-08-04,209.38
2015-08-05,210.07
2015-08-06,208.35
2015-08-07,207.95
2015-08-10,210.57
2015-08-11,208.67
2015-08-12,208.92
2015-08-13,208.66
2015-08-14,209.42
2015-08-17,210.59
2015-08-18,209.98
2015-08-19,208.32
2015-08-20,203.97
2015-08-21,197.63
2015-08-24,189.55
2015-08-25,187.27
2015-08-26,194.46
2015-08-27,199.27
2015-08-28,199.28
2015-08-31,197.67
2015-09-01,191.77
2015-09-02,195.41
2015-09-03,195.55
2015-09-04,192.59
2015-09-08,197.43
2015-09-09,194.79
2015-09-10,195.85
2015-09-11,196.74
2015-09-14,196.01
2015-09-15,198.46
2015-09-16,200.18
2015-09-17,199.73
2015-09-18,195.45
2015-09-21,196.46
2015-09-22,193.91
2015-09-23,193.6
2015-09-24,192.9
2015-09-25,192.85
2015-09-28,188.01
2015-09-29,188.12
2015-09-30,191.63
2015-10-01,192.13
2015-10-02,195
2015-10-05,198.47
2015-10-06,197.79
2015-10-07,199.41
2015-10-08,201.21
2015-10-09,201.33
2015-10-12,201.52
2015-10-13,200.25
2015-10-14,199.29
2015-10-15,202.35
2015-10-16,203.27
2015-10-19,203.37
2015-10-20,203.09
2015-10-21,201.85
2015-10-22,205.26
2015-10-23,207.51
2015-10-26,207
2015-10-27,206.6
2015-10-28,208.95
2015-10-29,208.83
2015-10-30,207.93
2015-11-02,210.39
2015-11-03,211
2015-11-04,210.36
2015-11-05,210.15
2015-11-06,210.04
2015-11-09,208.08
2015-11-10,208.56
2015-11-11,207.74
2015-11-12,204.84
2015-11-13,202.54
2015-11-16,205.62
2015-11-17,205.47
2015-11-18,208.73
2015-11-19,208.55
2015-11-20,209.3108
2015-11-23,209.07
2015-11-24,209.35
2015-11-25,209.32
2015-11-27,209.56
2015-11-30,208.69
2015-12-01,210.68
2015-12-02,208.529
2015-12-03,205.61
2015-12-04,209.62
2015-12-07,208.35
2015-12-08,206.949
2015-12-09,205.34
2015-12-10,205.87
2015-12-11,201.88
2015-12-14,202.9008
2015-12-15,205.0308
2015-12-16,208.03
2015-12-17,204.86
2015-12-18,200.0208
2015-12-21,201.67
2015-12-22,203.5
2015-12-23,206.02
2015-12-24,205.68
2015-12-28,205.21
2015-12-29,207.4
2015-12-30,205.93
2015-12-31,203.87
2016-01-04,201.0192
2016-01-05,201.36
2016-01-06,198.82
2016-01-07,194.05
2016-01-08,191.923
2016-01-11,192.11
2016-01-12,193.6608
2016-01-13,188.83
2016-01-14,191.93
2016-01-15,187.81
2016-01-19,188.06
2016-01-20,185.65
2016-01-21,186.69
2016-01-22,190.52
2016-01-25,187.64
2016-01-26,190.2
2016-01-27,188.13
2016-01-28,189.11
2016-01-29,193.7208
2016-02-01,193.65
2016-02-02,190.16
2016-02-03,191.3
2016-02-04,191.6
2016-02-05,187.95
2016-02-08,185.42
2016-02-09,185.43
2016-02-10,185.27
2016-02-11,182.86
2016-02-12,186.63
2016-02-16,189.78
2016-02-17,192.88
2016-02-18,192.09
2016-02-19,192
2016-02-22,194.78
2016-02-23,192.32
2016-02-24,193.2
2016-02-25,195.54
2016-02-26,195.0892
2016-02-29,193.56
2016-03-01,198.11
2016-03-02,199
2016-03-03,199.775
2016-03-04,200.43
2016-03-07,200.59
2016-03-08,198.4
2016-03-09,199.38
2016-03-10,199.54
2016-03-11,202.76
2016-03-14,202.5
2016-03-15,202.17
2016-03-16,203.34
2016-03-17,204.63
2016-03-18,204.38
2016-03-21,204.67
2016-03-22,204.56
2016-03-23,203.2092
2016-03-24,203.12
2016-03-28,203.24
2016-03-29,205.1208
2016-03-30,206.02
2016-03-31,205.52
2016-04-01,206.92
2016-04-04,206.25
2016-04-05,204.1892
2016-04-06,206.42
2016-04-07,203.95
2016-04-08,204.4992
2016-04-11,204.0201
2016-04-12,205.92
2016-04-13,208.0008
2016-04-14,208.01
2016-04-15,207.78
2016-04-18,209.2392
2016-04-19,209.9
2016-04-20,210.1
2016-04-21,208.97
2016-04-22,208.97
2016-04-25,208.61
2016-04-26,208.9192
2016-04-27,209.35
2016-04-28,207.4475
2016-04-29,206.3308
2016-05-02,207.97
2016-05-03,206.1592
2016-05-04,205.01
2016-05-05,204.97
2016-05-06,205.72
2016-05-09,205.8892
2016-05-10,208.45
2016-05-11,206.5
2016-05-12,206.56
2016-05-13,204.76
2016-05-16,206.78
2016-05-17,204.8508
2016-05-18,204.91
2016-05-19,204.2
2016-05-20,205.49
2016-05-23,205.21
2016-05-24,207.87
2016-05-25,209.28
2016-05-26,209.34
2016-05-27,210.24
2016-05-31,209.84
2016-06-01,210.27
2016-06-02,210.91
2016-06-03,210.28
2016-06-06,211.35
2016-06-07,211.68
2016-06-08,212.37
2016-06-09,212.08
2016-06-10,210.07
2016-06-13,208.4492
2016-06-14,208.04
2016-06-15,207.75
2016-06-16,208.37
2016-06-17,206.52
2016-06-20,207.85
2016-06-21,208.44
2016-06-22,208.1
2016-06-23,210.81
2016-06-24,203.13
2016-06-27,199.6
2016-06-28,203.1997
2016-06-29,206.66
2016-06-30,209.475
2016-07-01,209.9208
2016-07-05,208.41
2016-07-06,209.66
2016-07-07,209.526
2016-07-08,212.65
2016-07-11,213.4
2016-07-12,214.95
2016-07-13,214.92
2016-07-14,216.12
2016-07-15,215.83
2016-07-18,216.4092
2016-07-19,216.19
2016-07-20,217.085
2016-07-21,216.265
2016-07-22,217.24
2016-07-25,216.65
2016-07-26,216.75
2016-07-27,216.52
2016-07-28,216.77
2016-07-29,217.12
2016-08-01,216.94
2016-08-02,215.5492
2016-08-03,216.18
2016-08-04,216.4097
2016-08-05,218.18
2016-08-08,218.05
2016-08-09,218.18
2016-08-10,217.64
2016-08-11,218.65
2016-08-12,218.46
2016-08-15,219.09
2016-08-16,217.96
2016-08-17,218.37
2016-08-18,218.86
2016-08-19,218.54
2016-08-22,218.53
2016-08-23,218.97
2016-08-24,217.85
2016-08-25,217.7
2016-08-26,217.29
2016-08-29,218.3608
2016-08-30,218
2016-08-31,217.38
2016-09-01,217.39
2016-09-02,218.37
2016-09-06,219.0308
2016-09-07,219.01
2016-09-08,218.51
2016-09-09,213.28
2016-09-12,216.34
2016-09-13,213.23
2016-09-14,213.15
2016-09-15,215.28
2016-09-16,213.37
2016-09-19,213.41
2016-09-20,213.42
2016-09-21,215.82
2016-09-22,217.18
2016-09-23,215.99
2016-09-26,214.24
2016-09-27,215.57
2016-09-28,216.64
2016-09-29,214.68
2016-09-30,216.3
2016-10-03,215.78
2016-10-04,214.68
2016-10-05,215.63
2016-10-06,215.78
2016-10-07,215.04
2016-10-10,216.16
2016-10-11,213.43
2016-10-12,213.71
2016-10-13,213.01
2016-10-14,213.12
2016-10-17,212.38
2016-10-18,213.71
2016-10-19,214.28
2016-10-20,213.88
2016-10-21,213.98
2016-10-24,214.89
2016-10-25,214.17
2016-10-26,213.74
2016-10-27,213.17
2016-10-28,212.54
2016-10-31,212.55
2016-11-01,211.01
2016-11-02,209.74
2016-11-03,208.78
2016-11-04,208.55
2016-11-07,213.15
2016-11-08,214.11
2016-11-09,216.3792
2016-11-10,216.92
2016-11-11,216.42
2016-11-14,216.59
2016-11-15,218.28
2016-11-16,217.87
2016-11-17,218.99
2016-11-18,218.5
2016-11-21,220.15
2016-11-22,220.58
2016-11-23,220.7
2016-11-25,221.52
2016-11-28,220.48
2016-11-29,220.91
2016-11-30,220.38
2016-12-01,219.57
2016-12-02,219.68
2016-12-05,221
2016-12-06,221.7
2016-12-07,224.6
2016-12-08,225.15
2016-12-09,226.51
2016-12-12,226.25
2016-12-13,227.76
2016-12-14,225.88
2016-12-15,226.81
2016-12-16,225.04
2016-12-19,225.53
2016-12-20,226.4
2016-12-21,225.77
2016-12-22,225.38
2016-12-23,225.71
2016-12-27,226.27
2016-12-28,224.4
2016-12-29,224.35
2016-12-30,223.53
2017-01-03,225.24
2017-01-04,226.58
2017-01-05,226.4
2017-01-06,227.21
2017-01-09,226.46
2017-01-10,226.46
2017-01-11,227.1
2017-01-12,226.53
2017-01-13,227.05
2017-01-17,226.25
2017-01-18,226.75
2017-01-19,225.91
2017-01-20,226.74
2017-01-23,226.15
2017-01-24,227.6
2017-01-25,229.57
2017-01-26,229.33
2017-01-27,228.97
2017-01-30,227.55
2017-01-31,227.53
2017-02-01,227.62
2017-02-02,227.77
2017-02-03,229.34
2017-02-06,228.93
2017-02-07,228.94
2017-02-08,229.24
2017-02-09,230.6
2017-02-10,231.51
2017-02-13,232.77
2017-02-14,233.7
2017-02-15,234.92
2017-02-16,234.72
2017-02-17,235.09
2017-02-21,236.49
2017-02-22,236.28
2017-02-23,236.44
2017-02-24,236.74
2017-02-27,237.11
2017-02-28,236.47
2017-03-01,239.78
2017-03-02,238.27
2017-03-03,238.42
2017-03-06,237.71
2017-03-07,237
2017-03-08,236.56
2017-03-09,236.86
2017-03-10,237.69
2017-03-13,237.81
2017-03-14,236.9
2017-03-15,238.95
2017-03-16,238.48
2017-03-17,237.03
2017-03-20,236.77
2017-03-21,233.73
2017-03-22,234.28
2017-03-23,234.03
2017-03-24,233.86
2017-03-27,233.62
2017-03-28,235.32
2017-03-29,235.54
2017-03-30,236.29
2017-03-31,235.74
2017-04-03,235.33
2017-04-04,235.48
2017-04-05,234.78
2017-04-06,235.44
2017-04-07,235.2
2017-04-10,235.34
2017-04-11,235.06
2017-04-12,234.03
2017-04-13,232.51
2017-04-17,234.57
2017-04-18,233.87
2017-04-19,233.44
2017-04-20,235.34
2017-04-21,234.59
2017-04-24,237.17
2017-04-25,238.55
2017-04-26,238.4
2017-04-27,238.6
2017-04-28,238.08
2017-05-01,238.68
2017-05-02,238.77
2017-05-03,238.48
2017-05-04,238.76
2017-05-05,239.7
2017-05-08,239.66
2017-05-09,239.44
2017-05-10,239.87
2017-05-11,239.38
2017-05-12,238.98
2017-05-15,240.3
2017-05-16,240.08
2017-05-17,235.82
2017-05-18,236.77
2017-05-19,238.31
2017-05-22,239.52
2017-05-23,240.05
2017-05-24,240.61
2017-05-25,241.76
2017-05-26,241.71
2017-05-30,241.5
2017-05-31,241.44
2017-06-01,243.36
2017-06-02,244.17
2017-06-05,243.99
2017-06-06,243.21
2017-06-07,243.66
2017-06-08,243.78
2017-06-09,243.41
2017-06-12,243.36
2017-06-13,244.55
2017-06-14,244.24
2017-06-15,243.77
2017-06-16,242.64
2017-06-19,244.66
2017-06-20,243.01
2017-06-21,242.95
2017-06-22,242.84
2017-06-23,243.13
2017-06-26,243.29
2017-06-27,241.33
2017-06-28,243.49
2017-06-29,241.35
2017-06-30,241.8
2017-07-03,242.21
2017-07-05,242.77
2017-07-06,240.55
2017-07-07,242.11
2017-07-10,242.37
2017-07-11,242.19
2017-07-12,244.01
2017-07-13,244.42
2017-07-14,245.56
2017-07-17,245.53
2017-07-18,245.66
2017-07-19,246.99
2017-07-20,247.1
2017-07-21,246.88
2017-07-24,246.82
2017-07-25,247.42
2017-07-26,247.43
2017-07-27,247.2
2017-07-28,246.91
2017-07-31,246.77
2017-08-01,247.32
2017-08-02,247.44
2017-08-03,246.96
2017-08-04,247.41
2017-08-07,247.87
2017-08-08,247.26
2017-08-09,247.25
2017-08-10,243.76
2017-08-11,244.12
2017-08-14,246.54
2017-08-15,246.51
2017-08-16,246.94
2017-08-17,243.09
2017-08-18,242.71
2017-08-21,242.9
2017-08-22,245.44
2017-08-23,244.56
2017-08-24,243.99
2017-08-25,244.56
2017-08-28,244.57
2017-08-29,244.85
2017-08-30,246.01
2017-08-31,247.49
2017-09-01,247.84
2017-09-05,246.06
2017-09-06,246.9
2017-09-07,246.87
2017-09-08,246.58
2017-09-11,249.21
2017-09-12,250.05
2017-09-13,250.17
2017-09-14,250.09
2017-09-15,249.19
2017-09-18,249.72
2017-09-19,249.97
2017-09-20,250.06
2017-09-21,249.39
2017-09-22,249.44
2017-09-25,248.93
2017-09-26,249.08
2017-09-27,250.05
2017-09-28,250.35
2017-09-29,251.23
2017-10-02,252.32
2017-10-03,252.86
2017-10-04,253.16
2017-10-05,254.66
2017-10-06,254.37
2017-10-09,253.95
2017-10-10,254.62
2017-10-11,255.02
2017-10-12,254.64
2017-10-13,254.95
2017-10-16,255.29
2017-10-17,255.47
2017-10-18,255.72
2017-10-19,255.79
2017-10-20,257.11
2017-10-23,256.11
2017-10-24,256.56
2017-10-25,255.29
2017-10-26,255.62
2017-10-27,257.71
2017-10-30,256.75
2017-10-31,257.15
2017-11-01,257.49
2017-11-02,257.59
2017-11-03,258.45
2017-11-06,258.85
2017-11-07,258.67
2017-11-08,259.11
2017-11-09,258.17
2017-11-10,258.09
2017-11-13,258.33
2017-11-14,257.73
2017-11-15,256.44
2017-11-16,258.62
2017-11-17,257.86
2017-11-20,258.3
2017-11-21,259.99
2017-11-22,259.76
2017-11-24,260.36
2017-11-27,260.23
2017-11-28,262.87
2017-11-29,262.71
2017-11-30,265.01
2017-12-01,264.46
2017-12-04,264.14
2017-12-05,263.19
2017-12-06,263.24
2017-12-07,264.07
2017-12-08,265.51
2017-12-11,266.31
2017-12-12,266.78
2017-12-13,266.75
2017-12-14,265.66
2017-12-15,266.51
2017-12-18,268.2
2017-12-19,267.17
2017-12-20,267.03
2017-12-21,267.58
2017-12-22,267.51
2017-12-26,267.19
2017-12-27,267.32
2017-12-28,267.87
2017-12-29,266.86
2018-01-02,268.77
2018-01-03,270.47
2018-01-04,271.61
2018-01-05,273.42
2018-01-08,273.92
2018-01-09,274.54
2018-01-10,274.12
2018-01-11,276.12
2018-01-12,277.92
2018-01-16,276.97
2018-01-17,279.61
2018-01-18,279.14
2018-01-19,280.41
2018-01-22,282.69
2018-01-23,283.29
2018-01-24,283.18
2018-01-25,283.3
2018-01-26,286.58
2018-01-29,284.68
2018-01-30,281.76
2018-01-31,281.9
2018-02-01,281.58
2018-02-02,275.45
2018-02-05,263.93
2018-02-06,269.13
2018-02-07,267.67
2018-02-08,257.63
2018-02-09,261.5
2018-02-12,265.34
2018-02-13,266
2018-02-14,269.59
2018-02-15,273.03
2018-02-16,273.11
2018-02-20,271.4
2018-02-21,270.05
2018-02-22,270.4
2018-02-23,274.71
2018-02-26,277.9
2018-02-27,274.43
2018-02-28,271.65
2018-03-01,267.7
2018-03-02,269.08
2018-03-05,272.19
2018-03-06,272.88
2018-03-07,272.78
2018-03-08,274.1
2018-03-09,278.87
2018-03-12,278.52
2018-03-13,276.72
2018-03-14,275.3
2018-03-15,275
2018-03-16,274.2
2018-03-19,270.49
2018-03-20,270.95
2018-03-21,270.43
2018-03-22,263.67
2018-03-23,258.05
2018-03-26,265.11
2018-03-27,260.6
2018-03-28,259.83
2018-03-29,263.15
2018-04-02,257.47
2018-04-03,260.77
2018-04-04,263.56
2018-04-05,265.64
2018-04-06,259.72
2018-04-09,261
2018-04-10,265.15
2018-04-11,263.76
2018-04-12,265.93
2018-04-13,265.15
2018-04-16,267.33
2018-04-17,270.19
2018-04-18,270.39
2018-04-19,268.89
2018-04-20,266.61
2018-04-23,266.57
2018-04-24,262.98
2018-04-25,263.63
2018-04-26,266.31
2018-04-27,266.56
2018-04-30,264.51
2018-05-01,264.98
2018-05-02,263.2
2018-05-03,262.62
2018-05-04,266.02
2018-05-07,266.92
2018-05-08,266.92
2018-05-09,269.5
2018-05-10,272.02
2018-05-11,272.85
2018-05-14,272.98
2018-05-15,271.1
2018-05-16,272.24
2018-05-17,272.01
2018-05-18,271.33
2018-05-21,273.37
2018-05-22,272.61
2018-05-23,273.36
2018-05-24,272.8
2018-05-25,272.15
2018-05-29,269.02
2018-05-30,272.61
2018-05-31,270.94
2018-06-01,273.6
2018-06-04,274.9
2018-06-05,275.1
2018-06-06,277.4
2018-06-07,277.37
2018-06-08,278.19
2018-06-11,278.56
2018-06-12,278.92
2018-06-13,278.03
2018-06-14,278.73
2018-06-15,277.13
2018-06-18,276.56
2018-06-19,275.5
2018-06-20,275.97
2018-06-21,274.24
2018-06-22,274.74
2018-06-25,271
2018-06-26,271.6
2018-06-27,269.35
2018-06-28,270.89
2018-06-29,271.28
2018-07-02,271.86
2018-07-03,270.9
2018-07-05,273.11
2018-07-06,275.42
2018-07-09,277.9
2018-07-10,278.9
2018-07-11,276.86
2018-07-12,279.37
2018-07-13,279.59
2018-07-16,279.34
2018-07-17,280.47
2018-07-18,281.06
2018-07-19,280
2018-07-20,279.68
2018-07-23,280.2
2018-07-24,281.61
2018-07-25,284.01
2018-07-26,283.34
2018-07-27,281.42
2018-07-30,279.95
2018-07-31,281.33
2018-08-01,280.86
2018-08-02,282.39
2018-08-03,283.6
2018-08-06,284.64
2018-08-07,285.58
2018-08-08,285.46
2018-08-09,285.07
2018-08-10,283.16
2018-08-13,282.1
2018-08-14,283.9
2018-08-15,281.78
2018-08-16,284.06
2018-08-17,285.06
2018-08-20,285.67
2018-08-21,286.34
2018-08-22,286.17
2018-08-23,285.79
2018-08-24,287.51
2018-08-27,289.78
2018-08-28,289.92
2018-08-29,291.48
2018-08-30,290.3
2018-08-31,290.31
2018-09-04,289.81
2018-09-05,289.03
2018-09-06,288.16
2018-09-07,287.6
2018-09-10,288.1
2018-09-11,289.05
2018-09-12,289.12
2018-09-13,290.83
2018-09-14,290.88
2018-09-17,289.34
2018-09-18,290.91
2018-09-19,291.22
2018-09-20,293.58
2018-09-21,291.99
2018-09-24,291.02
2018-09-25,290.75
2018-09-26,289.88
2018-09-27,290.69
2018-09-28,290.72
2018-10-01,291.73
2018-10-02,291.56
2018-10-03,291.72
2018-10-04,289.44
2018-10-05,287.82
2018-10-08,287.82
2018-10-09,287.4
2018-10-10,278.3
2018-10-11,272.17
2018-10-12,275.95
2018-10-15,274.4
2018-10-16,280.4
2018-10-17,280.45
2018-10-18,276.4
2018-10-19,276.25
2018-10-22,275.01
2018-10-23,273.61
2018-10-24,265.32
2018-10-25,270.08
2018-10-26,265.33
2018-10-29,263.86
2018-10-30,267.77
2018-10-31,270.63
2018-11-01,273.51
2018-11-02,271.89
2018-11-05,273.39
2018-11-06,275.12
2018-11-07,281.01
2018-11-08,280.5
2018-11-09,277.76
2018-11-12,272.57
2018-11-13,272.06
2018-11-14,270.2
2018-11-15,273.02
2018-11-16,273.73
2018-11-19,269.1
2018-11-20,264.12
2018-11-21,265.02
2018-11-23,263.25
2018-11-26,267.5
2018-11-27,268.4
2018-11-28,274.58
2018-11-29,273.98
2018-11-30,275.65
2018-12-03,279.3
2018-12-04,270.25
2018-12-06,269.84
2018-12-07,263.57
2018-12-10,264.07
2018-12-11,264.13
2018-12-12,265.46
2018-12-13,265.37
2018-12-14,260.47
2018-12-17,255.36
2018-12-18,255.08
2018-12-19,251.26
2018-12-20,247.17
2018-12-21,240.7
2018-12-24,234.34
2018-12-26,246.18
2018-12-27,248.07
2018-12-28,247.75
2018-12-31,249.92
2019-01-02,250.18
2019-01-03,244.21
2019-01-04,252.39
2019-01-07,254.38
2019-01-08,256.77
2019-01-09,257.97
2019-01-10,258.88
2019-01-11,258.98
2019-01-14,257.4
2019-01-15,260.35
2019-01-16,260.98
2019-01-17,262.96
2019-01-18,266.46
2019-01-22,262.86
2019-01-23,263.41
2019-01-24,263.55
2019-01-25,265.78
2019-01-28,263.76
2019-01-29,263.41
2019-01-30,267.58
2019-01-31,269.93
2019-02-01,270.06
2019-02-04,271.96
2019-02-05,273.1
2019-02-06,272.74
2019-02-07,270.14
2019-02-08,270.47
2019-02-11,270.62
2019-02-12,274.1
2019-02-13,274.99
2019-02-14,274.38
2019-02-15,277.37
2019-02-19,277.85
2019-02-20,278.41
2019-02-21,277.42
2019-02-22,279.14
2019-02-25,279.52
2019-02-26,279.32
2019-02-27,279.2
2019-02-28,278.68
2019-03-01,280.42
2019-03-04,279.4
2019-03-05,279.02
2019-03-06,277.33
2019-03-07,275.01
2019-03-08,274.46
2019-03-11,278.44
2019-03-12,279.49
2019-03-13,281.34
2019-03-14,281.16
2019-03-15,281.31
2019-03-18,282.33
2019-03-19,282.4
2019-03-20,281.55
2019-03-21,284.73
2019-03-22,279.25
2019-03-25,279.04
2019-03-26,281.12
2019-03-27,279.65
2019-03-28,280.71
2019-03-29,282.48
2019-04-01,285.83
2019-04-02,285.97
2019-04-03,286.42
2019-04-04,287.18
2019-04-05,288.57
2019-04-08,288.79
2019-04-09,287.31
2019-04-10,288.29
2019-04-11,288.21
2019-04-12,290.16
2019-04-15,289.97
2019-04-16,290.16
2019-04-17,289.45
2019-04-18,290.02
2019-04-22,290.27
2019-04-23,292.88
2019-04-24,292.23
2019-04-25,292.05
2019-04-26,293.41
2019-04-29,293.87
2019-04-30,294.02
2019-05-01,291.81
2019-05-02,291.18
2019-05-03,294.03
2019-05-06,292.82
2019-05-07,287.93
2019-05-08,287.53
2019-05-09,286.66
2019-05-10,288.1
2019-05-13,280.86
2019-05-14,283.4
2019-05-15,285.06
2019-05-16,287.7
2019-05-17,285.84
2019-05-20,283.95
2019-05-21,286.51
2019-05-22,285.63
2019-05-23,282.14
2019-05-24,282.78
2019-05-28,280.15
2019-05-29,278.27
2019-05-30,279.03
2019-05-31,275.27
2019-06-03,274.57
2019-06-04,280.53
2019-06-05,282.96
2019-06-06,284.8
2019-06-07,287.65
2019-06-10,288.97
2019-06-11,288.9
2019-06-12,288.39
2019-06-13,289.58
2019-06-14,289.26
2019-06-17,289.37
2019-06-18,292.4
2019-06-19,293.06
2019-06-20,295.86
2019-06-21,294
2019-06-24,293.64
2019-06-25,290.76
2019-06-26,290.47
2019-06-27,291.5
2019-06-28,293
2019-07-01,295.66
2019-07-02,296.43
2019-07-03,298.8
2019-07-05,298.46
2019-07-08,296.82
2019-07-09,297.19
2019-07-10,298.61
2019-07-11,299.31
2019-07-12,300.65
2019-07-15,300.75
2019-07-16,299.71
2019-07-17,297.74
2019-07-18,298.83
2019-07-19,297.17
2019-07-22,297.9
2019-07-23,300.03
2019-07-24,301.44
2019-07-25,300
2019-07-26,302.01
2019-07-29,301.46
2019-07-30,300.72
2019-07-31,297.43
2019-08-01,294.84
2019-08-02,292.62
2019-08-05,283.82
2019-08-06,287.8
2019-08-07,287.97
2019-08-08,293.62
2019-08-09,291.62
2019-08-12,288.07
2019-08-13,292.55
2019-08-14,283.9
2019-08-15,284.65
2019-08-16,288.85
2019-08-19,292.33
2019-08-20,290.09
2019-08-21,292.45
2019-08-22,292.36
2019-08-23,284.85
2019-08-26,288
2019-08-27,286.87
2019-08-28,288.89
2019-08-29,292.58
2019-08-30,292.45
2019-09-03,290.74
2019-09-04,294.04
2019-09-05,297.82
2019-09-06,298.05
2019-09-09,298.2
2019-09-10,298.13
2019-09-11,300.25
2019-09-12,301.29
2019-09-13,301.09
2019-09-16,300.16
2019-09-17,300.92
2019-09-18,301.1
2019-09-19,301.08
2019-09-20,298.28
2019-09-23,298.21
2019-09-24,295.87
2019-09-25,297.62
2019-09-26,297
2019-09-27,295.4
2019-09-30,296.77
2019-10-01,293.24
2019-10-02,288.06
2019-10-03,290.42
2019-10-04,294.35
2019-10-07,293.08
2019-10-08,288.53
2019-10-09,291.27
2019-10-10,293.24
2019-10-11,296.28
2019-10-14,295.95
2019-10-15,298.88
2019-10-16,298.4
2019-10-17,299.28
2019-10-18,297.97
2019-10-21,299.99
2019-10-22,299.01
2019-10-23,299.88
2019-10-24,300.37
2019-10-25,301.6
2019-10-28,303.3
2019-10-29,303.21
2019-10-30,304.14
2019-10-31,303.33
2019-11-01,306.14
2019-11-04,307.37
2019-11-05,307.03
2019-11-06,307.1
2019-11-07,308.18
2019-11-08,308.94
2019-11-11,308.35
2019-11-12,309
2019-11-13,309.1
2019-11-14,309.55
2019-11-15,311.79
2019-11-18,312.02
2019-11-19,311.93
2019-11-20,310.77
2019-11-21,310.27
2019-11-22,310.96
2019-11-25,313.37
2019-11-26,314.08
2019-11-27,315.48
2019-11-29,314.31
2019-12-02,311.64
2019-12-03,309.55
2019-12-04,311.46
2019-12-05,312.02
2019-12-06,314.87
2019-12-09,313.88
2019-12-10,313.53
2019-12-11,314.42
2019-12-12,317.13
2019-12-13,317.32
2019-12-16,319.5
2019-12-17,319.57
2019-12-18,319.59
2019-12-19,320.9
2019-12-20,320.73
2019-12-23,321.22
2019-12-24,321.23
2019-12-26,322.94
2019-12-27,322.86
2019-12-30,321.08
2019-12-31,321.86
2020-01-02,324.87
2020-01-03,322.41
2020-01-06,323.64
2020-01-07,322.73
2020-01-08,324.45
2020-01-09,326.65
2020-01-10,325.71
2020-01-13,327.95
2020-01-14,327.45
2020-01-15,328.19
2020-01-16,330.92
2020-01-17,331.95
2020-01-21,331.3
2020-01-22,331.34
2020-01-23,331.72
2020-01-24,328.77
2020-01-27,323.5
2020-01-28,326.89
2020-01-29,326.62
2020-01-30,327.68
2020-01-31,321.73
2020-02-03,324.12
2020-02-04,329.06
2020-02-05,332.86
2020-02-06,333.98
2020-02-07,332.2
2020-02-10,334.68
2020-02-11,335.26
2020-02-12,337.42
2020-02-13,337.06
2020-02-14,337.6
2020-02-18,336.73
2020-02-19,338.34
2020-02-20,336.95
2020-02-21,333.48
2020-02-24,322.42
2020-02-25,312.65
2020-02-26,311.5
2020-02-27,297.51
2020-02-28,296.26
2020-03-02,309.09
2020-03-03,300.24
2020-03-04,312.86
2020-03-05,302.46
2020-03-06,297.46
2020-03-09,274.23
2020-03-10,288.42
2020-03-11,274.36
2020-03-12,248.11
2020-03-13,269.32
2020-03-16,239.85
2020-03-17,252.8
2020-03-18,240
2020-03-19,240.51
2020-03-20,228.8
2020-03-23,222.95
2020-03-24,243.15
2020-03-25,246.79
2020-03-26,261.2
2020-03-27,253.42
2020-03-30,261.65
2020-03-31,257.75
2020-04-01,246.15
2020-04-02,251.83
2020-04-03,248.19
2020-04-06,264.86
2020-04-07,265.13
2020-04-08,274.03
2020-04-09,278.2
2020-04-13,275.66
2020-04-14,283.79
2020-04-15,277.76
2020-04-16,279.1
2020-04-17,286.64
2020-04-20,281.59
2020-04-21,273.04
2020-04-22,279.1
2020-04-23,279.08
2020-04-24,282.97
2020-04-27,287.05
2020-04-28,285.73
2020-04-29,293.21
2020-04-30,290.48
2020-05-01,282.79
2020-05-04,283.57
2020-05-05,286.19
2020-05-06,284.25
2020-05-07,287.68
2020-05-08,292.44
2020-05-11,292.5
2020-05-12,286.67
2020-05-13,281.6
2020-05-14,284.97
2020-05-15,286.28
2020-05-18,295
2020-05-19,291.97
2020-05-20,296.93
2020-05-21,294.88
2020-05-22,295.44
2020-05-26,299.08
2020-05-27,303.53
2020-05-28,302.97
2020-05-29,304.32
2020-06-01,305.55
2020-06-02,308.08
2020-06-03,312.18
2020-06-04,311.36
2020-06-05,319.34
2020-06-08,323.2
2020-06-09,320.79
2020-06-10,319
2020-06-11,300.61
2020-06-12,304.21
2020-06-15,307.05
2020-06-16,312.96
2020-06-17,311.66
2020-06-18,311.78
2020-06-19,308.64
2020-06-22,310.62
2020-06-23,312.05
2020-06-24,304.09
2020-06-25,307.35
2020-06-26,300.05
2020-06-29,304.46
2020-06-30,308.36
2020-07-01,310.52
2020-07-02,312.23
2020-07-06,317.05
2020-07-07,313.78
2020-07-08,316.18
2020-07-09,314.38
2020-07-10,317.59
2020-07-13,314.84
2020-07-14,318.92
2020-07-15,321.85
2020-07-16,320.79
2020-07-17,321.72
2020-07-20,324.32
2020-07-21,325.01
2020-07-22,326.86
2020-07-23,322.96
2020-07-24,320.88
2020-07-27,323.22
2020-07-28,321.17
2020-07-29,325.12
2020-07-30,323.96
2020-07-31,326.52
2020-08-03,328.79
2020-08-04,330.06
2020-08-05,332.11
2020-08-06,334.33
2020-08-07,334.57
2020-08-10,335.57
2020-08-11,332.8
2020-08-12,337.44
2020-08-13,336.83
2020-08-14,336.84
2020-08-17,337.91
2020-08-18,338.64
2020-08-19,337.23
2020-08-20,338.28
2020-08-21,339.48
2020-08-24,342.92
2020-08-25,344.12
2020-08-26,347.57
2020-08-27,348.33
2020-08-28,350.58
2020-08-31,349.31
2020-09-01,352.6
2020-09-02,357.7
2020-09-03,345.39
2020-09-04,342.57
2020-09-08,333.21
2020-09-09,339.79
2020-09-10,333.89
2020-09-11,334.06
2020-09-14,338.46
2020-09-15,340.17
2020-09-16,338.82
2020-09-17,335.84
2020-09-18,330.65
2020-09-21,326.97
2020-09-22,330.3
2020-09-23,322.64
2020-09-24,323.5
2020-09-25,328.73
2020-09-28,334.19
2020-09-29,332.37
2020-09-30,334.89
2020-10-01,337.04
2020-10-02,333.84
2020-10-05,339.76
2020-10-06,334.93
2020-10-07,340.76
2020-10-08,343.78
2020-10-09,346.85
2020-10-12,352.43
2020-10-13,350.13
2020-10-14,347.93
2020-10-15,347.5
2020-10-16,347.29
2020-10-19,342.01
2020-10-20,343.38
2020-10-21,342.73
2020-10-22,344.61
2020-10-23,345.78
2020-10-26,339.39
2020-10-27,338.22
2020-10-28,326.66
2020-10-29,329.98
2020-10-30,326.54
2020-11-02,330.2
2020-11-03,336.03
2020-11-04,343.54
2020-11-05,350.24
2020-11-06,350.16
2020-11-09,354.56
2020-11-10,354.04
2020-11-11,356.67
2020-11-12,353.21
2020-11-13,358.1
2020-11-16,362.57
2020-11-17,360.62
2020-11-18,356.28
2020-11-19,357.78
2020-11-20,355.33
2020-11-23,357.46
2020-11-24,363.22
2020-11-25,362.66
2020-11-27,363.67
2020-11-30,362.06
2020-12-01,366.02
2020-12-02,366.79
2020-12-03,366.69
2020-12-04,369.85
2020-12-07,369.09
2020-12-08,370.17
2020-12-09,366.85
2020-12-10,366.73
2020-12-11,366.3
2020-12-14,364.66
2020-12-15,369.59
2020-12-16,370.17
2020-12-17,372.24
2020-12-18,369.18
2020-12-21,367.86
2020-12-22,367.24
2020-12-23,367.57
2020-12-24,369
2020-12-28,372.17
2020-12-29,371.46
2020-12-30,371.99
2020-12-31,373.88
2021-01-04,368.79
2021-01-05,371.33
2021-01-06,373.55
2021-01-07,379.1
2021-01-08,381.26
2021-01-11,378.69
2021-01-12,378.77
2021-01-13,379.79
2021-01-14,378.46
2021-01-15,375.7
2021-01-19,378.65
2021-01-20,383.89
2021-01-21,384.24
2021-01-22,382.88
2021-01-25,384.39
2021-01-26,383.79
2021-01-27,374.41
2021-01-28,377.63
2021-01-29,370.07
2021-02-01,376.23
2021-02-02,381.55
2021-02-03,381.85
2021-02-04,386.19
2021-02-05,387.71
2021-02-08,390.51
2021-02-09,390.25
2021-02-10,390.08
2021-02-11,390.71
2021-02-12,392.64
2021-02-16,392.3
2021-02-17,392.39
2021-02-18,390.72
2021-02-19,390.03
2021-02-22,387.03
2021-02-23,387.5
2021-02-24,391.77
2021-02-25,382.33
2021-02-26,380.36
2021-03-01,389.58
2021-03-02,386.54
2021-03-03,381.42
2021-03-04,376.7
2021-03-05,383.63
2021-03-08,381.72
2021-03-09,387.17
2021-03-10,389.58
2021-03-11,393.53
2021-03-12,394.06
2021-03-15,396.41
2021-03-16,395.91
2021-03-17,397.26
2021-03-18,391.48
2021-03-19,389.48
2021-03-22,392.59
2021-03-23,389.5
2021-03-24,387.52
2021-03-25,389.7
2021-03-26,395.98
2021-03-29,395.78
2021-03-30,394.73
2021-03-31,396.33
2021-04-01,400.61
2021-04-05,406.36
2021-04-06,406.12
2021-04-07,406.59
2021-04-08,408.52
2021-04-09,411.49
2021-04-12,411.64
2021-04-13,412.86
2021-04-14,411.45
2021-04-15,415.87
2021-04-16,417.26
2021-04-19,415.21
2021-04-20,412.17
2021-04-21,416.07
2021-04-22,412.27
2021-04-23,416.74
2021-04-26,417.61
2021-04-27,417.52
2021-04-28,417.4
2021-04-29,420.06
2021-04-30,417.3
2021-05-03,418.2
2021-05-04,415.62
2021-05-05,415.75
2021-05-06,419.07
2021-05-07,422.12
2021-05-10,417.94
2021-05-11,414.21
2021-05-12,405.41
2021-05-13,410.28
2021-05-14,416.58
2021-05-17,415.52
2021-05-18,411.94
2021-05-19,410.86
2021-05-20,415.28
2021-05-21,414.94
2021-05-24,419.17
2021-05-25,418.24
2021-05-26,419.07
2021-05-27,419.29
2021-05-28,420.04
2021-06-01,419.67
2021-06-02,420.33
2021-06-03,418.77
2021-06-04,422.6
2021-06-07,422.19
2021-06-08,422.28
2021-06-09,421.65
2021-06-10,423.61
2021-06-11,424.31
2021-06-14,425.26
2021-06-15,424.48
2021-06-16,422.11
2021-06-17,421.97
2021-06-18,414.92
2021-06-21,420.86
2021-06-22,423.11
2021-06-23,422.6
2021-06-24,425.1
2021-06-25,426.61
2021-06-28,427.47
2021-06-29,427.7
2021-06-30,428.06
2021-07-01,430.43
2021-07-02,433.72
2021-07-06,432.93
2021-07-07,434.46
2021-07-08,430.92
2021-07-09,435.52
2021-07-12,437.08
2021-07-13,435.59
2021-07-14,436.24
2021-07-15,434.75
2021-07-16,431.34
2021-07-19,424.97
2021-07-20,431.06
2021-07-21,434.55
2021-07-22,435.46
2021-07-23,439.94
2021-07-26,441.02
2021-07-27,439.01
2021-07-28,438.83
2021-07-29,440.65
2021-07-30,438.51
2021-08-02,437.59
2021-08-03,441.15
2021-08-04,438.98
2021-08-05,441.76
2021-08-06,442.49
2021-08-09,442.13
2021-08-10,442.68
2021-08-11,443.78
2021-08-12,445.11
2021-08-13,445.92
2021-08-16,446.97
2021-08-17,444.04
2021-08-18,439.18
2021-08-19,439.86
2021-08-20,443.36
2021-08-23,447.26
2021-08-24,447.97
2021-08-25,448.91
2021-08-26,446.26
2021-08-27,450.25
2021-08-30,452.23
2021-08-31,451.56
2021-09-01,451.8
2021-09-02,453.19
2021-09-03,453.08
2021-09-07,451.46
2021-09-08,450.91
2021-09-09,448.98
2021-09-10,445.44
2021-09-13,446.58
2021-09-14,444.17
2021-09-15,447.88
2021-09-16,447.17
2021-09-17,441.4
2021-09-20,434.04
2021-09-21,433.63
2021-09-22,437.86
2021-09-23,443.18
2021-09-24,443.91
2021-09-27,442.64
2021-09-28,433.72
2021-09-29,434.45
2021-09-30,429.14
2021-10-01,434.24
2021-10-04,428.64
2021-10-05,433.1
2021-10-06,434.9
2021-10-07,438.66
2021-10-08,437.86
2021-10-11,434.69
2021-10-12,433.62
2021-10-13,435.18
2021-10-14,442.5
2021-10-15,445.87
2021-10-18,447.19
2021-10-19,450.64
2021-10-20,452.41
2021-10-21,453.59
2021-10-22,453.12
2021-10-25,455.55
2021-10-26,455.96
2021-10-27,453.94
2021-10-28,458.32
2021-10-29,459.25
2021-11-01,460.04
2021-11-02,461.9
2021-11-03,464.72
2021-11-04,466.91
2021-11-05,468.53
2021-11-08,468.93
2021-11-09,467.38
2021-11-10,463.62
2021-11-11,463.77
2021-11-12,467.27
2021-11-15,467.43
2021-11-16,469.28
2021-11-17,468.14
2021-11-18,469.73
2021-11-19,468.89
2021-11-22,467.57
2021-11-23,468.19
2021-11-24,469.44
2021-11-26,458.97
2021-11-29,464.6
2021-11-30,455.56
2021-12-01,450.5
2021-12-02,457.4
2021-12-03,453.42
2021-12-06,458.79
2021-12-07,468.28
2021-12-08,469.52
2021-12-09,466.35
2021-12-10,470.74
2021-12-13,466.57
2021-12-14,463.36
2021-12-15,470.6
2021-12-16,466.45
2021-12-17,459.87
2021-12-20,454.98
2021-12-21,463.06
2021-12-22,467.69
2021-12-23,470.6
2021-12-27,477.26
2021-12-28,476.87
2021-12-29,477.48
2021-12-30,476.16
2021-12-31,474.96
2022-01-03,477.71
2022-01-04,477.55
2022-01-05,468.38
2022-01-06,467.94
2022-01-07,466.09
2022-01-10,465.51
2022-01-11,469.75
2022-01-12,471.02
2022-01-13,464.53
2022-01-14,464.72
2022-01-18,456.49
2022-01-19,451.75
2022-01-20,446.75
2022-01-21,437.98
2022-01-24,439.84
2022-01-25,434.47
2022-01-26,433.38
2022-01-27,431.24
2022-01-28,441.95
2022-01-31,449.91
2022-02-01,452.95
2022-02-02,457.35
2022-02-03,446.6
2022-02-04,448.7
2022-02-07,447.26
2022-02-08,450.94
2022-02-09,457.54
2022-02-10,449.32
2022-02-11,440.46
2022-02-14,439.02
2022-02-15,446.1
2022-02-16,446.6
2022-02-17,437.06
2022-02-18,434.23
2022-02-22,429.57
2022-02-23,421.95
2022-02-24,428.3
2022-02-25,437.75
2022-02-28,436.63
2022-03-01,429.98
2022-03-02,437.89
2022-03-03,435.71
2022-03-04,432.17
2022-03-07,419.43
2022-03-08,416.25
2022-03-09,427.41
2022-03-10,425.48
2022-03-11,420.07
2022-03-14,417
2022-03-15,426.17
2022-03-16,435.62
2022-03-17,441.07
2022-03-18,444.52
2022-03-21,444.39
2022-03-22,449.59
2022-03-23,443.8
2022-03-24,450.49
2022-03-25,452.69
2022-03-28,455.91
2022-03-29,461.55
2022-03-30,458.7
2022-03-31,451.64
2022-04-01,452.92
2022-04-04,456.8
2022-04-05,451.03
2022-04-06,446.52
2022-04-07,448.77
2022-04-08,447.57
2022-04-11,439.92
2022-04-12,438.29
2022-04-13,443.31
2022-04-14,437.79
2022-04-18,437.97
2022-04-19,445.04
2022-04-20,444.71
2022-04-21,438.06
2022-04-22,426.04
2022-04-25,428.51
2022-04-26,416.1
2022-04-27,417.27
2022-04-28,427.81
2022-04-29,412
2022-05-02,414.48
2022-05-03,416.38
2022-05-04,429.06
2022-05-05,413.81
2022-05-06,411.34
2022-05-09,398.17
2022-05-10,399.09
2022-05-11,392.75
2022-05-12,392.34
2022-05-13,401.72
2022-05-16,400.09
2022-05-17,408.32
2022-05-18,391.86
2022-05-19,389.46
2022-05-20,389.63
2022-05-23,396.92
2022-05-24,393.89
2022-05-25,397.37
2022-05-26,405.31
2022-05-27,415.26
2022-05-31,412.93
2022-06-01,409.59
2022-06-02,417.39
2022-06-03,410.54
2022-06-06,411.79
2022-06-07,415.74
2022-06-08,411.22
2022-06-09,401.44
2022-06-10,389.8
2022-06-13,375
2022-06-14,373.87
2022-06-15,379.2
2022-06-16,366.65
2022-06-17,365.86
2022-06-21,375.07
2022-06-22,374.39
2022-06-23,378.06
2022-06-24,390.08
2022-06-27,388.59
2022-06-28,380.65
2022-06-29,380.34
2022-06-30,377.25
2022-07-01,381.24
2022-07-05,381.96
2022-07-06,383.25
2022-07-07,388.99
2022-07-08,388.67
2022-07-11,384.23
2022-07-12,380.83
2022-07-13,378.83
2022-07-14,377.91
2022-07-15,385.13
2022-07-18,381.95
2022-07-19,392.27
2022-07-20,394.77
2022-07-21,398.79
2022-07-22,395.09
2022-07-25,395.57
2022-07-26,390.89
2022-07-27,401.04
2022-07-28,406.07
2022-07-29,411.99
2022-08-01,410.77
2022-08-02,408.06
2022-08-03,414.45
2022-08-04,414.17
2022-08-05,413.47
2022-08-08,412.99
2022-08-09,411.35
2022-08-10,419.99
2022-08-11,419.99
2022-08-12,427.1
2022-08-15,428.86
2022-08-16,429.7
2022-08-17,426.65
2022-08-18,427.89
2022-08-19,422.14
2022-08-22,413.35
2022-08-23,412.35
2022-08-24,413.67
2022-08-25,419.51
2022-08-26,405.31
2022-08-29,402.63
2022-08-30,398.21
2022-08-31,395.18
2022-09-01,396.42
2022-09-02,392.24
2022-09-06,390.76
2022-09-07,397.78
2022-09-08,400.38
2022-09-09,406.6
2022-09-12,410.97
2022-09-13,393.1
2022-09-14,394.6
2022-09-15,390.12
2022-09-16,385.56
2022-09-19,388.55
2022-09-20,384.09
2022-09-21,377.39
2022-09-22,374.22
2022-09-23,367.95
2022-09-26,364.31
2022-09-27,363.38
2022-09-28,370.53
2022-09-29,362.79
2022-09-30,357.18
2022-10-03,366.61
2022-10-04,377.97
2022-10-05,377.09
2022-10-06,373.2
2022-10-07,362.79
2022-10-10,360.02
2022-10-11,357.74
2022-10-12,356.56
2022-10-13,365.97
2022-10-14,357.63
2022-10-17,366.82
2022-10-18,371.13
2022-10-19,368.5
2022-10-20,365.41
2022-10-21,374.29
2022-10-24,378.87
2022-10-25,384.92
2022-10-26,382.02
2022-10-27,379.98
2022-10-28,389.02
2022-10-31,386.21
2022-11-01,384.52
2022-11-02,374.87
2022-11-03,371.01
2022-11-04,376.35
2022-11-07,379.95
2022-11-08,382
2022-11-09,374.13
2022-11-10,394.69
2022-11-11,398.51
2022-11-14,395.12
2022-11-15,398.49
2022-11-16,395.45
2022-11-17,394.24
2022-11-18,396.03
2022-11-21,394.59
2022-11-22,399.9
2022-11-23,402.42
2022-11-25,402.33
2022-11-28,395.91
2022-11-29,395.23
2022-11-30,407.68
2022-12-01,407.38
2022-12-02,406.91
2022-12-05,399.59
2022-12-06,393.83
2022-12-07,393.16
2022-12-08,396.24
2022-12-09,393.28
2022-12-12,398.95
2022-12-13,401.97
2022-12-14,399.4
2022-12-15,389.63
2022-12-16,383.27
2022-12-19,380.02
2022-12-20,380.54
2022-12-21,386.23
2022-12-22,380.72
2022-12-23,382.91
2022-12-27,381.4
2022-12-28,376.66
2022-12-29,383.44
2022-12-30,382.43
2023-01-03,380.82
2023-01-04,383.76
2023-01-05,379.38
2023-01-06,388.08
2023-01-09,387.86
2023-01-10,390.58
2023-01-11,395.52
2023-01-12,396.96
2023-01-13,398.5
2023-01-17,397.77
2023-01-18,391.49
2023-01-19,388.64
2023-01-20,395.88
2023-01-23,400.63
2023-01-24,400.2
2023-01-25,400.35
2023-01-26,404.75
2023-01-27,405.68
2023-01-30,400.59
2023-01-31,406.48
2023-02-01,410.8
2023-02-02,416.78
2023-02-03,412.35
2023-02-06,409.83
2023-02-07,415.19
2023-02-08,410.65
2023-02-09,407.09
2023-02-10,408.04
2023-02-13,412.83
2023-02-14,412.64
2023-02-15,413.98
2023-02-16,408.28
2023-02-17,407.26
2023-02-21,399.09
2023-02-22,398.54
2023-02-23,400.66
2023-02-24,396.38
2023-02-27,397.73
2023-02-28,396.26
2023-03-01,394.74
2023-03-02,397.81
2023-03-03,404.19
2023-03-06,404.47
2023-03-07,398.27
2023-03-08,398.92
2023-03-09,391.56
2023-03-10,385.91
2023-03-13,385.36
2023-03-14,391.73
2023-03-15,389.28
2023-03-16,396.11
2023-03-17,389.99
2023-03-20,393.74
2023-03-21,398.91
2023-03-22,392.11
2023-03-23,393.17
2023-03-24,395.75
2023-03-27,396.49
2023-03-28,395.6
2023-03-29,401.35
2023-03-30,403.7
2023-03-31,409.39
2023-04-03,410.95
2023-04-04,408.67
2023-04-05,407.6
2023-04-06,409.19
2023-04-10,409.61
2023-04-11,409.72
2023-04-12,408.05
2023-04-13,413.47
2023-04-14,412.46
2023-04-17,413.94
2023-04-18,414.21
2023-04-19,414.14
2023-04-20,411.88
2023-04-21,412.2
2023-04-24,412.63
2023-04-25,406.08
2023-04-26,404.36
2023-04-27,412.41
2023-04-28,415.93
2023-05-01,415.51
2023-05-02,410.84
2023-05-03,408.02
2023-05-04,405.13
2023-05-05,412.63
2023-05-08,412.74
2023-05-09,410.93
2023-05-10,412.85
2023-05-11,412.13
2023-05-12,411.59
2023-05-15,413.01
2023-05-16,410.25
2023-05-17,415.23
2023-05-18,419.23
2023-05-19,418.62
2023-05-22,418.79
2023-05-23,414.09
2023-05-24,411.09
2023-05-25,414.65
2023-05-26,420.02
2023-05-30,420.18
2023-05-31,417.85
2023-06-01,421.82
2023-06-02,427.92
2023-06-05,427.1
2023-06-06,428.03
2023-06-07,426.55
2023-06-08,429.13
2023-06-09,429.9
2023-06-12,433.8
2023-06-13,436.66
2023-06-14,437.18
2023-06-15,442.6
2023-06-16,439.46
2023-06-20,437.18
2023-06-21,434.94
2023-06-22,436.51
2023-06-23,433.21
2023-06-26,431.44
2023-06-27,436.17
2023-06-28,436.39
2023-06-29,438.11
2023-06-30,443.28
2023-07-03,443.79
2023-07-05,443.13
2023-07-06,439.66
2023-07-07,438.55
2023-07-10,439.66
2023-07-11,442.46
2023-07-12,446.02
2023-07-13,449.56
2023-07-14,449.28
2023-07-17,450.84
2023-07-18,454.19
2023-07-19,455.2
2023-07-20,452.18
2023-07-21,452.18
2023-07-24,454.2
2023-07-25,455.44
2023-07-26,455.51
2023-07-27,452.49
2023-07-28,456.92
2023-07-31,457.79
2023-08-01,456.48
2023-08-02,450.13
2023-08-03,448.84
2023-08-04,446.81
2023-08-07,450.71
2023-08-08,448.75
2023-08-09,445.75
2023-08-10,445.91
2023-08-11,445.65
2023-08-14,448.11
2023-08-15,442.89
2023-08-16,439.64
2023-08-17,436.29
2023-08-18,436.5
2023-08-21,439.34
2023-08-22,438.15
2023-08-23,443.03
2023-08-24,436.89
2023-08-25,439.97
2023-08-28,442.76
2023-08-29,449.16
2023-08-30,451.01
2023-08-31,450.35
2023-09-01,451.19
2023-09-05,449.24
2023-09-06,446.22
2023-09-07,444.85
2023-09-08,445.52
2023-09-11,448.45
2023-09-12,445.99
2023-09-13,446.51
2023-09-14,450.36
2023-09-15,443.37
2023-09-18,443.63
2023-09-19,442.71
2023-09-20,438.64
2023-09-21,431.39
2023-09-22,430.42
2023-09-25,432.23
2023-09-26,425.88
2023-09-27,426.05
2023-09-28,428.52
2023-09-29,427.48
2023-10-02,427.31
2023-10-03,421.59
2023-10-04,424.66
2023-10-05,424.5
2023-10-06,429.54
2023-10-09,432.29
2023-10-10,434.54
2023-10-11,436.32
2023-10-12,433.66
2023-10-13,431.5
2023-10-16,436.04
2023-10-17,436.02
2023-10-18,430.21
2023-10-19,426.43
2023-10-20,421.19
2023-10-23,420.46
2023-10-24,423.63
2023-10-25,417.55
2023-10-26,412.55
2023-10-27,410.68
2023-10-30,415.59
2023-10-31,418.2
2023-11-01,422.66
2023-11-02,430.76
2023-11-03,434.69
2023-11-06,435.69
2023-11-07,436.93
2023-11-08,437.25
2023-11-09,433.84
2023-11-10,440.61
2023-11-13,440.19
2023-11-14,448.73
2023-11-15,449.68
2023-11-16,450.23
2023-11-17,450.79
2023-11-20,454.26
2023-11-21,453.27
2023-11-22,455.02
2023-11-24,455.3
2023-11-27,454.48
2023-11-28,454.93
2023-11-29,454.61
2023-11-30,456.4
2023-12-01,459.1
2023-12-04,456.69
2023-12-05,456.6
2023-12-06,454.76
2023-12-07,458.23
2023-12-08,460.2
2023-12-11,461.99
2023-12-12,464.1
2023-12-13,470.5
2023-12-14,472.01
2023-12-15,469.33
2023-12-18,471.97
2023-12-19,474.84
2023-12-20,468.26
2023-12-21,472.7
2023-12-22,473.65
2023-12-26,475.65
2023-12-27,476.51
2023-12-28,476.69
2023-12-29,475.31
2024-01-02,472.65
2024-01-03,468.79
2024-01-04,467.28
2024-01-05,467.92
2024-01-08,474.6
2024-01-09,473.88
2024-01-10,476.56
2024-01-11,476.35
2024-01-12,476.68
2024-01-16,474.93
2024-01-17,472.29
2024-01-18,476.49
2024-01-19,482.43
2024-01-22,483.45
2024-01-23,484.86
2024-01-24,485.39
2024-01-25,488.03
2024-01-26,487.41
2024-01-29,491.27
2024-01-30,490.89
2024-01-31,482.88
2024-02-01,489.2
2024-02-02,494.35
2024-02-05,492.55
2024-02-06,493.98
2024-02-07,498.1
2024-02-08,498.32
2024-02-09,501.2
2024-02-12,500.98
2024-02-13,494.08
2024-02-14,498.57
2024-02-15,502.01
2024-02-16,499.51
2024-02-20,496.76
2024-02-21,497.21
2024-02-22,507.5
2024-02-23,507.85
2024-02-26,505.99
2024-02-27,506.93
2024-02-28,506.26
2024-02-29,508.08
2024-03-01,512.85
2024-03-04,512.3
2024-03-05,507.18
2024-03-06,509.75
2024-03-07,514.81
2024-03-08,511.72
2024-03-11,511.28
2024-03-12,516.78
2024-03-13,515.97
2024-03-14,514.95
2024-03-15,509.83
2024-03-18,512.86
2024-03-19,515.71
2024-03-20,520.48
2024-03-21,522.2
2024-03-22,521.21
2024-03-25,519.77
2024-03-26,518.81
2024-03-27,523.17
2024-03-28,523.07
2024-04-01,522.16
2024-04-02,518.84
2024-04-03,519.41
2024-04-04,513.07
2024-04-05,518.43
2024-04-08,518.72
2024-04-09,519.32
2024-04-10,514.12
2024-04-11,518
2024-04-12,510.85
2024-04-15,504.45
2024-04-16,503.53
2024-04-17,500.55
2024-04-18,499.52
2024-04-19,495.16
2024-04-22,499.72
2024-04-23,505.65
2024-04-24,505.41
2024-04-25,503.49
2024-04-26,508.26
2024-04-29,510.06
2024-04-30,501.98
2024-05-01,500.35
2024-05-02,505.03
2024-05-03,511.29
2024-05-06,516.57
2024-05-07,517.14
2024-05-08,517.19
2024-05-09,520.17
2024-05-10,520.84
2024-05-13,520.91
2024-05-14,523.3
2024-05-15,529.78
2024-05-16,528.69
2024-05-17,529.45
2024-05-20,530.06
2024-05-21,531.36
2024-05-22,529.83
2024-05-23,525.96
2024-05-24,529.44
2024-05-28,529.81
2024-05-29,526.1
2024-05-30,522.61
2024-05-31,527.37
2024-06-03,527.8
2024-06-04,528.39
2024-06-05,534.67
2024-06-06,534.66
2024-06-07,534.01
2024-06-10,535.66
2024-06-11,536.95
2024-06-12,541.36
2024-06-13,542.45
2024-06-14,542.78
2024-06-17,547.1
2024-06-18,548.49
2024-06-20,547
2024-06-21,544.51
2024-06-24,542.74
2024-06-25,544.83
2024-06-26,545.51
2024-06-27,546.37
2024-06-28,544.22
2024-07-01,545.34
2024-07-02,549.01
2024-07-03,551.46
2024-07-05,554.64
2024-07-08,555.28
2024-07-09,555.82
2024-07-10,561.32
2024-07-11,556.48
2024-07-12,559.99
2024-07-15,561.53
2024-07-16,564.86
2024-07-17,556.94
2024-07-18,552.66
2024-07-19,548.99
2024-07-22,554.65
2024-07-23,553.78
2024-07-24,541.23
2024-07-25,538.41
2024-07-26,544.44
2024-07-29,544.76
2024-07-30,542
2024-07-31,550.81
2024-08-01,543.01
2024-08-02,532.9
2024-08-05,517.38
2024-08-06,522.15
2024-08-07,518.66
2024-08-08,530.65
2024-08-09,532.99
2024-08-12,533.27
2024-08-13,542.04
2024-08-14,543.75
2024-08-15,553.07
2024-08-16,554.31
2024-08-19,559.61
2024-08-20,558.7
2024-08-21,560.62
2024-08-22,556.22
2024-08-23,562.13
2024-08-26,560.79
2024-08-27,561.56
2024-08-28,558.3
2024-08-29,558.35
2024-08-30,563.68
2024-09-03,552.08
2024-09-04,550.95
2024-09-05,549.61
2024-09-06,540.36
2024-09-09,546.41
2024-09-10,548.79
2024-09-11,554.42
2024-09-12,559.09
2024-09-13,562.01
2024-09-16,562.84
2024-09-17,563.07
2024-09-18,561.4
2024-09-19,570.98
2024-09-20,568.25
2024-09-23,569.67
2024-09-24,571.3
2024-09-25,570.04
2024-09-26,572.3
2024-09-27,571.47
2024-09-30,573.76
2024-10-01,568.62
2024-10-02,568.86
2024-10-03,567.82
2024-10-04,572.98
2024-10-07,567.8
2024-10-08,573.17
2024-10-09,577.14
2024-10-10,576.13
2024-10-11,579.58
2024-10-14,584.32
2024-10-15,579.78
2024-10-16,582.3
2024-10-17,582.35
2024-10-18,584.59
2024-10-21,583.63
2024-10-22,583.32
2024-10-23,577.99
2024-10-24,579.24
2024-10-25,579.04
2024-10-28,580.83
2024-10-29,581.77
2024-10-30,580.01
2024-10-31,568.64
2024-11-01,571.04
2024-11-04,569.81
2024-11-05,576.7
2024-11-06,591.04
2024-11-07,595.61
2024-11-08,598.19
2024-11-11,598.76
2024-11-12,596.9
2024-11-13,597.19
2024-11-14,593.35
2024-11-15,585.75
2024-11-18,588.15
2024-11-19,590.3
2024-11-20,590.5
2024-11-21,593.67
2024-11-22,595.51
2024-11-25,597.53
2024-11-26,600.65
2024-11-27,598.83
2024-11-29,602.55
2024-12-02,603.63
2024-12-03,603.91
2024-12-04,607.66
2024-12-05,606.66
2024-12-06,607.81
2024-12-09,604.68
2024-12-10,602.8
2024-12-11,607.46
2024-12-12,604.33
2024-12-13,604.21
2024-12-16,606.79
2024-12-17,604.29
2024-12-18,586.28
2024-12-19,586.1
2024-12-20,591.15
2024-12-23,594.69
2024-12-24,601.3
2024-12-26,601.34
2024-12-27,595.01
2024-12-30,588.22
2024-12-31,586.08
2025-01-02,584.64
2025-01-03,591.95
2025-01-06,595.36
2025-01-07,588.63
2025-01-08,589.49
2025-01-10,580.49
2025-01-13,581.39
2025-01-14,582.19
2025-01-15,592.78
2025-01-16,591.64
2025-01-17,597.58
2025-01-21,603.05
2025-01-22,606.44
2025-01-23,609.75
2025-01-24,607.97
2025-01-27,599.37
2025-01-28,604.52
2025-01-29,601.81
2025-01-30,605.04
2025-01-31,601.82
2025-02-03,597.77
2025-02-04,601.78
2025-02-05,604.22
2025-02-06,606.32
2025-02-07,600.77
2025-02-10,604.85
2025-02-11,605.31
2025-02-12,603.36
2025-02-13,609.73
2025-02-14,609.7
2025-02-18,611.49
2025-02-19,612.93
2025-02-20,610.38
2025-02-21,599.94
2025-02-24,597.21
2025-02-25,594.24
2025-02-26,594.54
2025-02-27,585.05
2025-02-28,594.18
2025-03-03,583.77
2025-03-04,576.86
2025-03-05,583.06
2025-03-06,572.71
2025-03-07,575.92
2025-03-10,560.58
2025-03-11,555.92
2025-03-12,558.87
2025-03-13,551.42
2025-03-14,562.81
2025-03-17,567.15
2025-03-18,561.02
2025-03-19,567.13
2025-03-20,565.49
2025-03-21,563.98
2025-03-24,574.08
2025-03-25,575.46
2025-03-26,568.59
2025-03-27,567.08
2025-03-28,555.66
2025-03-31,559.39
2025-04-01,560.97
2025-04-02,564.52
2025-04-03,536.7
2025-04-04,505.28
2025-04-07,504.38
2025-04-08,496.48
2025-04-09,548.62
2025-04-10,524.58
2025-04-11,533.94
2025-04-14,539.12
2025-04-15,537.61
2025-04-16,525.66
2025-04-17,526.41
2025-04-21,513.88
2025-04-22,527.25
2025-04-23,535.42
2025-04-24,546.69
2025-04-25,550.64
2025-04-28,550.85
2025-04-29,554.32
2025-04-30,554.54
2025-05-01,558.47
2025-05-02,566.76
2025-05-05,563.51
2025-05-06,558.8
2025-05-07,561.15
2025-05-08,565.06
2025-05-09,564.34
2025-05-12,582.99
2025-05-13,586.84
2025-05-14,587.59
2025-05-15,590.46
2025-05-16,594.2
2025-05-19,594.85
2025-05-20,592.85
2025-05-21,582.86
2025-05-22,583.09
2025-05-23,579.11
2025-05-27,591.15
2025-05-28,587.73
2025-05-29,590.05
2025-05-30,589.39
2025-06-02,592.71
2025-06-03,596.09
2025-06-04,595.93
2025-06-05,593.05
2025-06-06,599.14
2025-06-09,599.68
2025-06-10,603.08
2025-06-11,601.36
2025-06-12,603.75
2025-06-13,597
2025-06-16,602.68
2025-06-17,597.53
2025-06-18,597.44
2025-06-20,594.28
2025-06-23,600.15
2025-06-24,606.78
2025-06-25,607.12
2025-06-26,611.87
2025-06-27,614.91
2025-06-30,617.85
2025-07-01,617.65
2025-07-02,620.45
2025-07-03,625.34
2025-07-07,620.68
2025-07-08,620.34
2025-07-09,624.06
2025-07-10,625.82
2025-07-11,623.62
2025-07-14,624.81
2025-07-15,622.14
2025-07-16,624.22
2025-07-17,628.04
2025-07-18,627.58
2025-07-21,628.77
2025-07-22,628.86
2025-07-23,634.21
2025-07-24,634.42
2025-07-25,637.1
2025-07-28,636.94
2025-07-29,635.26
2025-07-30,634.46
2025-07-31,632.08
2025-08-01,621.72
2025-08-04,631.17
2025-08-05,627.97
2025-08-06,632.78
2025-08-07,632.25
2025-08-08,637.18
2025-08-11,635.92
2025-08-12,642.69
2025-08-13,644.89
2025-08-14,644.95
2025-08-15,643.44
2025-08-18,643.3
2025-08-19,639.81
2025-08-20,638.11
2025-08-21,635.55
2025-08-22,645.31
2025-08-25,642.47
2025-08-26,645.16
2025-08-27,646.63
2025-08-28,648.92
2025-08-29,645.05
2025-09-02,640.27
2025-09-03,643.74
2025-09-04,649.12
2025-09-05,647.24
2025-09-08,648.83
2025-09-09,650.33
2025-09-10,652.21
2025-09-11,657.63
2025-09-12,657.41
2025-09-15,660.91
2025-09-16,660
2025-09-17,659.18
2025-09-18,662.26
2025-09-19,663.7
2025-09-22,666.84
2025-09-23,663.21
2025-09-24,661.1
2025-09-25,658.05
2025-09-26,661.82
2025-09-29,663.68
2025-09-30,666.18
2025-10-01,668.45
2025-10-02,669.22
2025-10-03,669.21
2025-10-06,671.61
2025-10-07,669.12
2025-10-08,673.11
2025-10-09,671.16
2025-10-10,653.02
2025-10-13,663.04
2025-10-14,662.23
2025-10-15,665.17
2025-10-16,660.64
2025-10-17,664.39
2025-10-20,671.3
2025-10-21,671.29
2025-10-22,667.8
2025-10-23,671.76
2025-10-24,677.25
2025-10-27,685.24
2025-10-28,687.06
2025-10-29,687.39
2025-10-30,679.83
2025-10-31,682.06
2025-11-03,683.34
2025-11-04,675.24
2025-11-05,677.58
2025-11-06,670.31
2025-11-07,670.97
2025-11-10,681.44
2025-11-11,683
2025-11-12,683.38
2025-11-13,672.04
2025-11-14,671.93
2025-11-17,665.67
2025-11-18,660.08
2025-11-19,662.63
2025-11-20,652.53
2025-11-21,659.03
2025-11-24,668.73
2025-11-25,675.02
2025-11-26,679.68
2025-11-28,683.39
2025-12-01,680.27
2025-12-02,681.53
2025-12-03,683.89
2025-12-04,684.39
2025-12-05,685.69
2025-12-08,683.63
2025-12-09,683.04
2025-12-10,687.57
2025-12-11,689.17
2025-12-12,681.76
2025-12-15,680.73
2025-12-16,678.87
2025-12-17,671.4
2025-12-18,676.47
2025-12-19,680.59
2025-12-22,684.83
2025-12-23,687.96
2025-12-24,690.38
2025-12-26,690.31
2025-12-29,687.85
2025-12-30,687.01
2025-12-31,681.92
2026-01-02,683.17
2026-01-05,687.72
2026-01-06,691.81
2026-01-07,689.58
2026-01-08,689.51
2026-01-09,694.07
2026-01-12,695.16
2026-01-13,693.77
2026-01-14,690.36
2026-01-15,692.24
2026-01-16,691.66
2026-01-20,677.58
2026-01-21,685.4
2026-01-22,688.98
2026-01-23,689.23
2026-01-26,692.73
2026-01-27,695.49
2026-01-28,695.42
2026-01-29,694.04
2026-01-30,691.97
2026-02-02,695.41
2026-02-03,689.53
2026-02-04,686.19
2026-02-05,677.62
2026-02-06,690.62
2026-02-09,693.95
2026-02-10,692.12
2026-02-11,691.96
2026-02-12,681.27
2026-02-13,681.75
2026-02-17,682.85
2026-02-18,686.29
2026-02-19,684.48
2026-02-20,689.43
2026-02-23,682.39
2026-02-24,687.35
2026-02-25,693.15
2026-02-26,689.3
2026-02-27,685.99
2026-03-02,686.38
2026-03-03,680.33
2026-03-04,685.13
2026-03-05,681.31
2026-03-06,672.38
2026-03-09,678.27
2026-03-10,677.18
2026-03-11,676.33
2026-03-12,666.06
2026-03-13,662.29
2026-03-16,669.03
2026-03-17,670.79
2026-03-18,661.43
2026-03-19,659.8
2026-03-20,648.57
2026-03-23,655.38
2026-03-24,653.18
2026-03-25,656.82
2026-03-26,645.09
2026-03-27,634.09
2026-03-30,631.97
2026-03-31,650.34
2026-04-01,655.24
2026-04-02,655.83
2026-04-06,658.93
2026-04-07,659.22
2026-04-08,676.01
2026-04-09,679.91
2026-04-10,679.46
2026-04-13,686.1
2026-04-14,694.46
2026-04-15,699.94
2026-04-16,701.66
2026-04-17,710.14
2026-04-20,708.72
2026-04-21,704.08
2026-04-22,711.21
2026-04-23,708.45
2026-04-24,713.94
2026-04-27,715.17
2026-04-28,711.69
2026-04-29,711.58
2026-04-30,718.66
2026-05-01,720.65
2026-05-04,718.01
2026-05-05,723.77
2026-05-06,733.83
2026-05-07,731.58
2026-05-08,737.62
2026-05-11,739.3
2026-05-12,738.18
2026-05-13,742.31
2026-05-14,748.17
2026-05-15,739.17
2026-05-18,738.65
2026-05-19,733.73
2026-05-20,741.25
2026-05-21,742.72
2026-05-22,745.64
2026-05-26,750.59
2026-05-27,750.46
2026-05-28,754.6
2026-05-29,756.48
2026-06-01,758.54
2026-06-02,759.57
2026-06-03,754.24
2026-06-04,757.09
2026-06-05,737.55
2026-06-08,739.22
2026-06-09,737.05
2026-06-10,725.43
2026-06-11,737.76
2026-06-12,741.75
2026-06-15,754.83
2026-06-16,750.33
2026-06-17,740.96
2026-06-18,746.74
2026-06-22,744.39
2026-06-23,733.58
2026-06-24,733.24
2026-06-25,734.3
2026-06-26,728.99
2026-06-29,741
2026-06-30,746.77
2026-07-01,745.76
2026-07-02,744.78
2026-07-06,751.28
2026-07-07,747.71
2026-07-08,745.4
2026-07-09,751.71
2026-07-10,754.95
2026-07-13,749.17
2026-07-14,751.83
2026-07-15,754.81
2026-07-16,750.72
2026-07-17,743.29
2026-07-20,742.09
2026-07-21,748.28
2026-07-22,747.41
2026-07-23,738.18
2026-07-24,738.93
2026-07-27,739.09
2026-07-28,740.86
2026-07-29,729.46
2026-07-30,741.69
2026-07-31,747.03
2026-08-03,757.67
2026-08-04,771.33
2026-08-05,769.79
2026-08-06,768.56
2026-08-07,773.26
2026-08-10,773.03
2026-08-11,770.56
2026-08-12,772.49
2026-08-13,777.88
2026-08-14,776.34
2026-08-17,772.67
2026-08-18,767.45
2026-08-19,769.06
2026-08-20,762.6
2026-08-21,765.72
2026-08-24,763.47
2026-08-25,765.91
2026-08-26,766.08
2026-08-27,771.1
2026-08-28,769.35
