date,yield
1962-01-02,4.0600
1962-01-03,4.0300
1962-01-04,3.9900
1962-01-05,4.0200
1962-01-08,4.0300
1962-01-09,4.0500
1962-01-10,4.0700
1962-01-11,4.0800
1962-01-12,4.0800
1962-01-15,4.1000
1962-01-16,4.1300
1962-01-17,4.1200
1962-01-18,4.1100
1962-01-19,4.1100
1962-01-22,4.0900
1962-01-23,4.1100
1962-01-24,4.1000
1962-01-25,4.1100
1962-01-26,4.1100
1962-01-29,4.1200
1962-01-30,4.1100
1962-01-31,4.1000
1962-02-01,4.0900
1962-02-02,4.0800
1962-02-05,4.0700
1962-02-06,4.0600
1962-02-07,4.0700
1962-02-08,4.0700
1962-02-09,4.0500
1962-02-13,4.0300
1962-02-14,4.0300
1962-02-15,4.0200
1962-02-16,4.0200
1962-02-19,4.0100
1962-02-20,4.0500
1962-02-21,4.0300
1962-02-23,4.0200
1962-02-26,4.0000
1962-02-27,4.0100
1962-02-28,4.0000
1962-03-01,3.9800
1962-03-02,3.9800
1962-03-05,4.0000
1962-03-06,4.0100
1962-03-07,4.0000
1962-03-08,3.9800
1962-03-09,3.9600
1962-03-12,3.9400
1962-03-13,3.9200
1962-03-14,3.9300
1962-03-15,3.9600
1962-03-16,3.9600
1962-03-19,3.9300
1962-03-20,3.9100
1962-03-21,3.8600
1962-03-22,3.8300
1962-03-23,3.8700
1962-03-26,3.8900
1962-03-27,3.9000
1962-03-28,3.9000
1962-03-29,3.9000
1962-03-30,3.8600
1962-04-02,3.8600
1962-04-03,3.8300
1962-04-04,3.7800
1962-04-05,3.8400
1962-04-06,3.8100
1962-04-09,3.8300
1962-04-10,3.8300
1962-04-11,3.8700
1962-04-12,3.8600
1962-04-13,3.8500
1962-04-16,3.8300
1962-04-17,3.8200
1962-04-18,3.8100
1962-04-19,3.8200
1962-04-23,3.8600
1962-04-24,3.8700
1962-04-25,3.8800
1962-04-26,3.8900
1962-04-27,3.8600
1962-04-30,3.8600
1962-05-01,3.8500
1962-05-02,3.8600
1962-05-03,3.8600
1962-05-04,3.8700
1962-05-07,3.8600
1962-05-08,3.8500
1962-05-09,3.8200
1962-05-10,3.8300
1962-05-11,3.8200
1962-05-14,3.8500
1962-05-15,3.8700
1962-05-16,3.8600
1962-05-17,3.8700
1962-05-18,3.9300
1962-05-21,3.9400
1962-05-22,3.9300
1962-05-23,3.9100
1962-05-24,3.9000
1962-05-25,3.8800
1962-05-28,3.8700
1962-05-29,3.8900
1962-05-31,3.9000
1962-06-01,3.8900
1962-06-04,3.8800
1962-06-05,3.8900
1962-06-06,3.8900
1962-06-07,3.8700
1962-06-08,3.8600
1962-06-11,3.8700
1962-06-12,3.8600
1962-06-13,3.8700
1962-06-14,3.9000
1962-06-15,3.8900
1962-06-18,3.9100
1962-06-19,3.9300
1962-06-20,3.9200
1962-06-21,3.9000
1962-06-22,3.9000
1962-06-25,3.9500
1962-06-26,3.9700
1962-06-27,3.9600
1962-06-28,3.9800
1962-06-29,4.0000
1962-07-02,4.0000
1962-07-03,4.0000
1962-07-05,4.0000
1962-07-06,4.0200
1962-07-09,4.0500
1962-07-10,4.0200
1962-07-11,3.9900
1962-07-12,4.0000
1962-07-13,4.0000
1962-07-16,4.0100
1962-07-17,4.0300
1962-07-18,4.0200
1962-07-19,4.0200
1962-07-20,4.0100
1962-07-23,4.0000
1962-07-24,4.0100
1962-07-25,4.0200
1962-07-26,4.0100
1962-07-27,4.0200
1962-07-30,4.0300
1962-07-31,4.0400
1962-08-01,4.0300
1962-08-02,4.0000
1962-08-03,4.0100
1962-08-06,4.0100
1962-08-07,4.0200
1962-08-08,4.0100
1962-08-09,3.9900
1962-08-10,3.9900
1962-08-13,3.9900
1962-08-14,3.9800
1962-08-15,3.9800
1962-08-16,3.9600
1962-08-17,3.9600
1962-08-20,3.9400
1962-08-21,3.9400
1962-08-22,3.9500
1962-08-23,3.9500
1962-08-24,3.9500
1962-08-27,3.9500
1962-08-28,3.9600
1962-08-29,3.9600
1962-08-30,3.9500
1962-08-31,3.9600
1962-09-04,3.9600
1962-09-05,3.9700
1962-09-06,3.9900
1962-09-07,4.0100
1962-09-10,4.0000
1962-09-11,4.0000
1962-09-12,4.0000
1962-09-13,3.9900
1962-09-14,3.9900
1962-09-17,3.9900
1962-09-18,3.9800
1962-09-19,3.9900
1962-09-20,3.9800
1962-09-21,3.9800
1962-09-24,3.9700
1962-09-25,3.9600
1962-09-26,3.9500
1962-09-27,3.9500
1962-09-28,3.9400
1962-10-01,3.9300
1962-10-02,3.9200
1962-10-03,3.9000
1962-10-04,3.9000
1962-10-05,3.9200
1962-10-08,3.9300
1962-10-09,3.9500
1962-10-10,3.9300
1962-10-11,3.9400
1962-10-15,3.9400
1962-10-16,3.9400
1962-10-17,3.9400
1962-10-18,3.9200
1962-10-19,3.8800
1962-10-22,3.9100
1962-10-23,3.9400
1962-10-24,3.9400
1962-10-25,3.9400
1962-10-26,3.9300
1962-10-29,3.9200
1962-10-30,3.9200
1962-10-31,3.9200
1962-11-01,3.9200
1962-11-02,3.9100
1962-11-05,3.9100
1962-11-07,3.9100
1962-11-08,3.9000
1962-11-09,3.8900
1962-11-13,3.9000
1962-11-14,3.9100
1962-11-15,3.9100
1962-11-16,3.9300
1962-11-19,3.9300
1962-11-20,3.9300
1962-11-21,3.9200
1962-11-23,3.9200
1962-11-26,3.9300
1962-11-27,3.9200
1962-11-28,3.9200
1962-11-29,3.9200
1962-11-30,3.9200
1962-12-03,3.9300
1962-12-04,3.9400
1962-12-05,3.9300
1962-12-06,3.9200
1962-12-07,3.9100
1962-12-10,3.9000
1962-12-11,3.8900
1962-12-12,3.8800
1962-12-13,3.8800
1962-12-14,3.8700
1962-12-17,3.8500
1962-12-18,3.8300
1962-12-19,3.8400
1962-12-20,3.8300
1962-12-21,3.8100
1962-12-24,3.7900
1962-12-26,3.7900
1962-12-27,3.8100
1962-12-28,3.8400
1962-12-31,3.8500
1963-01-02,3.8200
1963-01-03,3.8100
1963-01-04,3.8400
1963-01-07,3.8300
1963-01-08,3.8100
1963-01-09,3.8200
1963-01-10,3.8100
1963-01-11,3.8000
1963-01-14,3.8100
1963-01-15,3.8000
1963-01-16,3.8000
1963-01-17,3.8200
1963-01-18,3.8400
1963-01-21,3.8500
1963-01-22,3.8600
1963-01-23,3.8600
1963-01-24,3.8600
1963-01-25,3.8500
1963-01-28,3.8600
1963-01-29,3.8600
1963-01-30,3.8600
1963-01-31,3.8700
1963-02-01,3.8800
1963-02-04,3.8900
1963-02-05,3.9000
1963-02-06,3.9100
1963-02-07,3.9100
1963-02-08,3.9100
1963-02-11,3.9200
1963-02-13,3.9200
1963-02-14,3.9100
1963-02-15,3.9100
1963-02-18,3.9100
1963-02-19,3.9300
1963-02-20,3.9400
1963-02-21,3.9500
1963-02-25,3.9500
1963-02-26,3.9500
1963-02-27,3.9500
1963-02-28,3.9400
1963-03-01,3.9300
1963-03-04,3.9200
1963-03-05,3.9200
1963-03-06,3.9100
1963-03-07,3.9200
1963-03-08,3.9200
1963-03-11,3.9200
1963-03-12,3.9200
1963-03-13,3.9200
1963-03-14,3.9200
1963-03-15,3.9200
1963-03-18,3.9200
1963-03-19,3.9200
1963-03-20,3.9200
1963-03-21,3.9200
1963-03-22,3.9300
1963-03-25,3.9400
1963-03-26,3.9600
1963-03-27,3.9600
1963-03-28,3.9600
1963-03-29,3.9500
1963-04-01,3.9500
1963-04-02,3.9600
1963-04-03,3.9600
1963-04-04,3.9500
1963-04-05,3.9500
1963-04-08,3.9700
1963-04-09,3.9800
1963-04-10,4.0000
1963-04-11,4.0000
1963-04-15,4.0100
1963-04-16,4.0000
1963-04-17,4.0000
1963-04-18,3.9900
1963-04-19,3.9700
1963-04-22,3.9700
1963-04-23,3.9700
1963-04-24,3.9600
1963-04-25,3.9500
1963-04-26,3.9500
1963-04-29,3.9500
1963-04-30,3.9500
1963-05-01,3.9400
1963-05-02,3.9400
1963-05-03,3.9300
1963-05-06,3.9200
1963-05-07,3.9100
1963-05-08,3.9200
1963-05-09,3.9300
1963-05-10,3.9300
1963-05-13,3.9200
1963-05-14,3.9100
1963-05-15,3.9100
1963-05-16,3.9000
1963-05-17,3.9200
1963-05-20,3.9300
1963-05-21,3.9200
1963-05-22,3.9200
1963-05-23,3.9300
1963-05-24,3.9500
1963-05-27,3.9500
1963-05-28,3.9600
1963-05-29,3.9600
1963-05-31,3.9600
1963-06-03,3.9800
1963-06-04,3.9800
1963-06-05,3.9800
1963-06-06,3.9900
1963-06-07,3.9900
1963-06-10,3.9900
1963-06-11,3.9800
1963-06-12,3.9900
1963-06-13,3.9900
1963-06-14,3.9900
1963-06-17,4.0000
1963-06-18,4.0000
1963-06-19,4.0000
1963-06-20,4.0000
1963-06-21,4.0000
1963-06-24,4.0000
1963-06-25,4.0000
1963-06-26,4.0000
1963-06-27,4.0000
1963-06-28,4.0000
1963-07-01,4.0100
1963-07-02,4.0300
1963-07-03,4.0300
1963-07-05,4.0400
1963-07-08,4.0500
1963-07-09,4.0400
1963-07-10,4.0300
1963-07-11,4.0400
1963-07-12,4.0300
1963-07-15,4.0200
1963-07-16,4.0200
1963-07-17,4.0300
1963-07-18,4.0200
1963-07-19,4.0200
1963-07-22,4.0200
1963-07-23,4.0200
1963-07-24,4.0100
1963-07-25,4.0100
1963-07-26,3.9900
1963-07-29,3.9900
1963-07-30,4.0000
1963-07-31,4.0000
1963-08-01,3.9900
1963-08-02,3.9900
1963-08-05,3.9900
1963-08-06,4.0000
1963-08-07,4.0100
1963-08-08,4.0000
1963-08-09,4.0000
1963-08-12,4.0100
1963-08-13,4.0200
1963-08-14,4.0200
1963-08-15,4.0100
1963-08-16,4.0000
1963-08-19,3.9900
1963-08-20,3.9900
1963-08-21,4.0000
1963-08-22,4.0000
1963-08-23,4.0000
1963-08-26,4.0000
1963-08-27,4.0000
1963-08-28,4.0000
1963-08-29,4.0100
1963-08-30,4.0200
1963-09-03,4.0300
1963-09-04,4.0400
1963-09-05,4.0800
1963-09-06,4.0900
1963-09-09,4.0900
1963-09-10,4.0900
1963-09-11,4.0900
1963-09-12,4.0900
1963-09-13,4.0900
1963-09-16,4.0900
1963-09-17,4.0900
1963-09-18,4.0800
1963-09-19,4.0800
1963-09-20,4.0700
1963-09-23,4.0700
1963-09-24,4.0800
1963-09-25,4.0800
1963-09-26,4.0800
1963-09-27,4.0700
1963-09-30,4.0700
1963-10-01,4.0700
1963-10-02,4.0700
1963-10-03,4.0700
1963-10-04,4.0800
1963-10-07,4.0800
1963-10-08,4.0900
1963-10-09,4.1000
1963-10-10,4.1000
1963-10-11,4.1000
1963-10-14,4.1000
1963-10-15,4.1100
1963-10-16,4.1100
1963-10-17,4.1200
1963-10-18,4.1200
1963-10-21,4.1200
1963-10-22,4.1100
1963-10-23,4.1200
1963-10-24,4.1100
1963-10-25,4.1200
1963-10-28,4.1200
1963-10-29,4.1300
1963-10-30,4.1400
1963-10-31,4.1500
1963-11-01,4.1500
1963-11-04,4.1500
1963-11-06,4.1700
1963-11-07,4.1700
1963-11-08,4.1600
1963-11-12,4.1600
1963-11-13,4.1500
1963-11-14,4.1200
1963-11-15,4.1100
1963-11-18,4.1100
1963-11-19,4.1000
1963-11-20,4.0900
1963-11-21,4.1000
1963-11-22,4.0900
1963-11-26,4.0800
1963-11-27,4.0800
1963-11-29,4.0800
1963-12-02,4.0900
1963-12-03,4.1000
1963-12-04,4.1000
1963-12-05,4.1100
1963-12-06,4.1100
1963-12-09,4.1000
1963-12-10,4.1000
1963-12-11,4.1200
1963-12-12,4.1200
1963-12-13,4.1300
1963-12-16,4.1500
1963-12-17,4.1500
1963-12-18,4.1500
1963-12-19,4.1400
1963-12-20,4.1500
1963-12-23,4.1500
1963-12-24,4.1500
1963-12-26,4.1500
1963-12-27,4.1500
1963-12-30,4.1400
1963-12-31,4.1400
1964-01-02,4.1400
1964-01-03,4.1500
1964-01-06,4.1600
1964-01-07,4.1500
1964-01-08,4.1800
1964-01-09,4.1800
1964-01-10,4.1800
1964-01-13,4.1800
1964-01-14,4.1800
1964-01-15,4.1800
1964-01-16,4.1700
1964-01-17,4.1700
1964-01-20,4.1600
1964-01-21,4.1600
1964-01-22,4.1600
1964-01-23,4.1600
1964-01-24,4.1800
1964-01-27,4.1800
1964-01-28,4.1700
1964-01-29,4.1700
1964-01-30,4.1600
1964-01-31,4.1500
1964-02-03,4.1500
1964-02-04,4.1500
1964-02-05,4.1500
1964-02-06,4.1400
1964-02-07,4.1400
1964-02-10,4.1400
1964-02-11,4.1400
1964-02-13,4.1300
1964-02-14,4.1300
1964-02-17,4.1300
1964-02-18,4.1400
1964-02-19,4.1400
1964-02-20,4.1400
1964-02-24,4.1500
1964-02-25,4.1500
1964-02-26,4.1500
1964-02-27,4.1700
1964-02-28,4.1800
1964-03-02,4.1700
1964-03-03,4.1800
1964-03-04,4.1900
1964-03-05,4.1900
1964-03-06,4.1900
1964-03-09,4.2000
1964-03-10,4.2000
1964-03-11,4.2100
1964-03-12,4.2100
1964-03-13,4.2200
1964-03-16,4.2100
1964-03-17,4.2200
1964-03-18,4.2300
1964-03-19,4.2400
1964-03-20,4.2500
1964-03-23,4.2500
1964-03-24,4.2600
1964-03-25,4.2600
1964-03-26,4.2500
1964-03-30,4.2500
1964-03-31,4.2300
1964-04-01,4.2300
1964-04-02,4.2400
1964-04-03,4.2500
1964-04-06,4.2500
1964-04-07,4.2500
1964-04-08,4.2200
1964-04-09,4.2200
1964-04-10,4.2200
1964-04-13,4.2300
1964-04-14,4.2400
1964-04-15,4.2300
1964-04-16,4.2300
1964-04-17,4.2400
1964-04-20,4.2400
1964-04-21,4.2300
1964-04-22,4.2300
1964-04-23,4.2300
1964-04-24,4.2300
1964-04-27,4.2300
1964-04-28,4.2300
1964-04-29,4.2200
1964-04-30,4.2200
1964-05-01,4.2200
1964-05-04,4.2200
1964-05-05,4.2200
1964-05-06,4.2200
1964-05-07,4.2200
1964-05-08,4.2000
1964-05-11,4.1900
1964-05-12,4.1900
1964-05-13,4.1900
1964-05-14,4.1900
1964-05-15,4.1900
1964-05-18,4.1900
1964-05-19,4.1900
1964-05-20,4.2000
1964-05-21,4.2000
1964-05-22,4.2000
1964-05-25,4.1900
1964-05-26,4.1900
1964-05-27,4.2000
1964-05-28,4.1900
1964-06-01,4.1900
1964-06-02,4.1900
1964-06-03,4.1900
1964-06-04,4.1900
1964-06-05,4.1800
1964-06-08,4.1800
1964-06-09,4.1700
1964-06-10,4.1700
1964-06-11,4.1800
1964-06-12,4.1800
1964-06-15,4.1800
1964-06-16,4.1800
1964-06-17,4.1800
1964-06-18,4.1700
1964-06-19,4.1600
1964-06-22,4.1500
1964-06-23,4.1500
1964-06-24,4.1500
1964-06-25,4.1500
1964-06-26,4.1500
1964-06-29,4.1500
1964-06-30,4.1500
1964-07-01,4.1500
1964-07-02,4.1500
1964-07-06,4.1600
1964-07-07,4.1500
1964-07-08,4.1500
1964-07-09,4.1800
1964-07-10,4.1900
1964-07-13,4.1900
1964-07-14,4.1900
1964-07-15,4.1900
1964-07-16,4.1900
1964-07-17,4.2000
1964-07-20,4.2100
1964-07-21,4.2000
1964-07-22,4.2100
1964-07-23,4.2000
1964-07-24,4.2000
1964-07-27,4.2000
1964-07-28,4.2000
1964-07-29,4.2000
1964-07-30,4.1900
1964-07-31,4.1900
1964-08-03,4.1900
1964-08-04,4.1900
1964-08-05,4.1900
1964-08-06,4.1800
1964-08-07,4.1900
1964-08-10,4.1900
1964-08-11,4.2000
1964-08-12,4.2000
1964-08-13,4.1900
1964-08-14,4.1900
1964-08-17,4.1900
1964-08-18,4.1900
1964-08-19,4.1900
1964-08-20,4.1900
1964-08-21,4.1900
1964-08-24,4.1900
1964-08-25,4.2000
1964-08-26,4.2000
1964-08-27,4.2000
1964-08-28,4.2100
1964-08-31,4.2100
1964-09-01,4.2100
1964-09-02,4.2200
1964-09-03,4.2200
1964-09-04,4.2200
1964-09-08,4.2200
1964-09-09,4.2200
1964-09-10,4.2200
1964-09-11,4.2200
1964-09-14,4.2200
1964-09-15,4.2200
1964-09-16,4.2100
1964-09-17,4.2000
1964-09-18,4.2000
1964-09-21,4.1900
1964-09-22,4.1900
1964-09-23,4.1900
1964-09-24,4.1900
1964-09-25,4.1900
1964-09-28,4.1700
1964-09-29,4.1800
1964-09-30,4.1800
1964-10-01,4.1800
1964-10-02,4.1800
1964-10-05,4.2000
1964-10-06,4.1900
1964-10-07,4.1900
1964-10-08,4.1900
1964-10-09,4.1900
1964-10-13,4.1900
1964-10-14,4.1900
1964-10-15,4.2000
1964-10-16,4.2100
1964-10-19,4.2100
1964-10-20,4.2000
1964-10-21,4.1900
1964-10-22,4.1900
1964-10-23,4.1900
1964-10-26,4.1900
1964-10-27,4.1800
1964-10-28,4.1700
1964-10-29,4.1600
1964-10-30,4.1600
1964-11-02,4.1500
1964-11-04,4.1500
1964-11-05,4.1500
1964-11-06,4.1500
1964-11-09,4.1500
1964-11-10,4.1400
1964-11-12,4.1200
1964-11-13,4.1300
1964-11-16,4.1300
1964-11-17,4.1400
1964-11-18,4.1400
1964-11-19,4.1300
1964-11-20,4.1300
1964-11-23,4.1800
1964-11-24,4.1800
1964-11-25,4.1900
1964-11-27,4.1900
1964-11-30,4.2000
1964-12-01,4.2000
1964-12-02,4.1900
1964-12-03,4.1800
1964-12-04,4.1800
1964-12-07,4.1700
1964-12-08,4.1600
1964-12-09,4.1600
1964-12-10,4.1500
1964-12-11,4.1500
1964-12-14,4.1600
1964-12-15,4.1700
1964-12-16,4.1800
1964-12-17,4.1800
1964-12-18,4.1900
1964-12-21,4.1800
1964-12-22,4.1800
1964-12-23,4.1900
1964-12-24,4.1900
1964-12-28,4.1900
1964-12-29,4.1900
1964-12-30,4.2000
1964-12-31,4.2100
1965-01-04,4.2000
1965-01-05,4.2000
1965-01-06,4.2000
1965-01-07,4.2000
1965-01-08,4.2000
1965-01-11,4.2000
1965-01-12,4.1900
1965-01-13,4.1900
1965-01-14,4.1900
1965-01-15,4.1900
1965-01-18,4.1900
1965-01-19,4.1800
1965-01-20,4.1800
1965-01-21,4.1700
1965-01-22,4.1700
1965-01-25,4.1800
1965-01-26,4.1900
1965-01-27,4.1900
1965-01-28,4.1900
1965-01-29,4.1900
1965-02-01,4.2000
1965-02-02,4.2000
1965-02-03,4.2000
1965-02-04,4.2100
1965-02-05,4.2200
1965-02-08,4.2100
1965-02-09,4.2100
1965-02-10,4.2100
1965-02-11,4.2100
1965-02-15,4.2200
1965-02-16,4.2100
1965-02-17,4.2100
1965-02-18,4.2100
1965-02-19,4.2200
1965-02-23,4.2100
1965-02-24,4.2200
1965-02-25,4.2100
1965-02-26,4.2200
1965-03-01,4.2200
1965-03-02,4.2400
1965-03-03,4.2300
1965-03-04,4.2200
1965-03-05,4.2300
1965-03-08,4.2300
1965-03-09,4.2300
1965-03-10,4.2300
1965-03-11,4.2200
1965-03-12,4.2200
1965-03-15,4.2100
1965-03-16,4.2100
1965-03-17,4.2000
1965-03-18,4.2000
1965-03-19,4.2000
1965-03-22,4.1900
1965-03-23,4.1900
1965-03-24,4.1800
1965-03-25,4.1900
1965-03-26,4.2000
1965-03-29,4.2000
1965-03-30,4.2000
1965-03-31,4.2000
1965-04-01,4.2000
1965-04-02,4.2000
1965-04-05,4.2000
1965-04-06,4.2000
1965-04-07,4.2000
1965-04-08,4.1900
1965-04-09,4.2000
1965-04-12,4.2000
1965-04-13,4.2000
1965-04-14,4.1900
1965-04-15,4.2000
1965-04-19,4.2100
1965-04-20,4.2100
1965-04-21,4.2100
1965-04-22,4.2100
1965-04-23,4.2100
1965-04-26,4.2100
1965-04-27,4.2100
1965-04-28,4.2100
1965-04-29,4.2100
1965-04-30,4.2100
1965-05-03,4.2100
1965-05-04,4.2000
1965-05-05,4.2000
1965-05-06,4.2000
1965-05-07,4.2000
1965-05-10,4.2000
1965-05-11,4.2000
1965-05-12,4.2000
1965-05-13,4.2100
1965-05-14,4.2100
1965-05-17,4.2100
1965-05-18,4.2200
1965-05-19,4.2200
1965-05-20,4.2200
1965-05-21,4.2200
1965-05-24,4.2200
1965-05-25,4.2200
1965-05-26,4.2200
1965-05-27,4.2200
1965-05-28,4.2300
1965-06-01,4.2300
1965-06-02,4.2300
1965-06-03,4.2300
1965-06-04,4.2300
1965-06-07,4.2300
1965-06-08,4.2300
1965-06-09,4.2300
1965-06-10,4.2300
1965-06-11,4.2300
1965-06-14,4.2100
1965-06-15,4.2100
1965-06-16,4.2100
1965-06-17,4.2100
1965-06-18,4.2100
1965-06-21,4.2000
1965-06-22,4.2000
1965-06-23,4.2000
1965-06-24,4.1900
1965-06-25,4.1900
1965-06-28,4.1900
1965-06-29,4.2000
1965-06-30,4.2000
1965-07-01,4.2000
1965-07-02,4.2100
1965-07-06,4.2100
1965-07-07,4.2100
1965-07-08,4.2000
1965-07-09,4.2100
1965-07-12,4.2100
1965-07-13,4.2100
1965-07-14,4.2100
1965-07-15,4.2000
1965-07-16,4.2000
1965-07-19,4.2000
1965-07-20,4.2000
1965-07-21,4.2000
1965-07-22,4.2000
1965-07-23,4.2000
1965-07-26,4.2000
1965-07-27,4.2000
1965-07-28,4.2000
1965-07-29,4.2100
1965-07-30,4.2200
1965-08-02,4.2200
1965-08-03,4.2200
1965-08-04,4.2300
1965-08-05,4.2300
1965-08-06,4.2400
1965-08-09,4.2400
1965-08-10,4.2400
1965-08-11,4.2500
1965-08-12,4.2500
1965-08-13,4.2500
1965-08-16,4.2600
1965-08-17,4.2700
1965-08-18,4.2600
1965-08-19,4.2600
1965-08-20,4.2600
1965-08-23,4.2600
1965-08-24,4.2700
1965-08-25,4.2600
1965-08-26,4.2700
1965-08-27,4.2700
1965-08-30,4.2700
1965-08-31,4.2700
1965-09-01,4.2800
1965-09-02,4.2800
1965-09-03,4.2700
1965-09-07,4.2700
1965-09-08,4.2700
1965-09-09,4.2700
1965-09-10,4.2800
1965-09-13,4.2800
1965-09-14,4.2800
1965-09-15,4.2800
1965-09-16,4.2700
1965-09-17,4.2700
1965-09-20,4.2700
1965-09-21,4.2800
1965-09-22,4.2900
1965-09-23,4.3000
1965-09-24,4.3100
1965-09-27,4.3100
1965-09-28,4.3300
1965-09-29,4.3600
1965-09-30,4.3500
1965-10-01,4.3600
1965-10-04,4.3500
1965-10-05,4.3300
1965-10-06,4.3200
1965-10-07,4.3100
1965-10-08,4.3200
1965-10-11,4.3100
1965-10-13,4.3000
1965-10-14,4.3100
1965-10-15,4.3400
1965-10-18,4.3400
1965-10-19,4.3500
1965-10-20,4.3600
1965-10-21,4.3700
1965-10-22,4.3600
1965-10-25,4.3800
1965-10-26,4.3800
1965-10-27,4.3900
1965-10-28,4.4000
1965-10-29,4.4100
1965-11-01,4.4300
1965-11-03,4.4300
1965-11-04,4.4300
1965-11-05,4.4300
1965-11-08,4.4500
1965-11-09,4.4700
1965-11-10,4.4600
1965-11-12,4.4400
1965-11-15,4.4500
1965-11-16,4.4400
1965-11-17,4.4500
1965-11-18,4.4500
1965-11-19,4.4600
1965-11-22,4.4500
1965-11-23,4.4500
1965-11-24,4.4500
1965-11-26,4.4500
1965-11-29,4.4600
1965-11-30,4.4800
1965-12-01,4.5200
1965-12-02,4.5200
1965-12-03,4.5200
1965-12-06,4.6100
1965-12-07,4.5900
1965-12-08,4.6000
1965-12-09,4.6000
1965-12-10,4.6000
1965-12-13,4.6500
1965-12-14,4.6700
1965-12-15,4.6700
1965-12-16,4.6600
1965-12-17,4.6500
1965-12-20,4.6100
1965-12-21,4.6400
1965-12-22,4.6500
1965-12-23,4.6500
1965-12-27,4.6200
1965-12-28,4.6100
1965-12-29,4.6200
1965-12-30,4.6300
1965-12-31,4.6500
1966-01-03,4.6300
1966-01-04,4.6500
1966-01-05,4.6300
1966-01-06,4.6000
1966-01-07,4.6000
1966-01-10,4.6100
1966-01-11,4.6000
1966-01-12,4.5600
1966-01-13,4.5800
1966-01-14,4.5900
1966-01-17,4.6100
1966-01-18,4.6100
1966-01-19,4.6100
1966-01-20,4.6000
1966-01-21,4.5900
1966-01-24,4.6000
1966-01-25,4.6100
1966-01-26,4.6100
1966-01-27,4.6300
1966-01-28,4.6500
1966-01-31,4.6900
1966-02-01,4.6900
1966-02-02,4.7000
1966-02-03,4.7000
1966-02-04,4.7100
1966-02-07,4.7300
1966-02-08,4.7200
1966-02-09,4.7400
1966-02-10,4.7800
1966-02-11,4.8600
1966-02-14,4.8700
1966-02-15,4.8800
1966-02-16,4.8900
1966-02-17,4.8800
1966-02-18,4.9000
1966-02-21,4.9200
1966-02-23,4.9200
1966-02-24,4.9300
1966-02-25,4.9700
1966-02-28,5.0200
1966-03-01,5.0100
1966-03-02,5.0000
1966-03-03,5.0000
1966-03-04,4.9800
1966-03-07,4.9600
1966-03-08,4.9300
1966-03-09,4.9300
1966-03-10,4.9500
1966-03-11,4.9600
1966-03-14,4.9400
1966-03-15,4.9100
1966-03-16,4.9000
1966-03-17,4.8600
1966-03-18,4.8400
1966-03-21,4.8100
1966-03-22,4.7800
1966-03-23,4.7300
1966-03-24,4.7600
1966-03-25,4.8200
1966-03-28,4.8100
1966-03-29,4.8000
1966-03-30,4.7000
1966-03-31,4.7100
1966-04-01,4.7000
1966-04-04,4.6900
1966-04-05,4.6600
1966-04-06,4.7100
1966-04-07,4.7300
1966-04-11,4.7300
1966-04-12,4.7300
1966-04-13,4.7400
1966-04-14,4.7600
1966-04-15,4.7700
1966-04-18,4.7600
1966-04-19,4.7600
1966-04-20,4.8000
1966-04-21,4.7700
1966-04-22,4.7700
1966-04-25,4.7800
1966-04-26,4.7900
1966-04-27,4.7800
1966-04-28,4.7800
1966-04-29,4.7900
1966-05-02,4.8000
1966-05-03,4.8100
1966-05-04,4.8100
1966-05-05,4.8100
1966-05-06,4.7900
1966-05-09,4.7500
1966-05-10,4.7500
1966-05-11,4.7700
1966-05-12,4.7700
1966-05-13,4.7700
1966-05-16,4.7700
1966-05-17,4.7500
1966-05-18,4.7500
1966-05-19,4.7500
1966-05-20,4.7500
1966-05-23,4.7700
1966-05-24,4.7900
1966-05-25,4.7800
1966-05-26,4.8000
1966-05-27,4.8100
1966-05-31,4.8000
1966-06-01,4.7900
1966-06-02,4.7700
1966-06-03,4.7800
1966-06-06,4.7900
1966-06-07,4.8100
1966-06-08,4.8300
1966-06-09,4.8300
1966-06-10,4.8300
1966-06-13,4.8300
1966-06-14,4.8300
1966-06-15,4.7900
1966-06-16,4.8100
1966-06-17,4.8000
1966-06-20,4.7600
1966-06-21,4.7500
1966-06-22,4.7600
1966-06-23,4.7700
1966-06-24,4.8000
1966-06-27,4.8300
1966-06-28,4.8900
1966-06-29,4.9000
1966-06-30,4.9700
1966-07-01,4.9900
1966-07-05,4.9600
1966-07-06,4.9500
1966-07-07,4.9500
1966-07-08,4.9700
1966-07-11,5.0300
1966-07-12,5.0500
1966-07-13,5.0700
1966-07-14,5.1000
1966-07-15,5.0900
1966-07-18,5.0400
1966-07-19,5.0300
1966-07-20,5.0200
1966-07-21,5.0400
1966-07-22,5.0200
1966-07-25,4.9900
1966-07-26,4.9900
1966-07-27,4.9900
1966-07-28,5.0300
1966-07-29,5.0500
1966-08-01,5.0500
1966-08-02,5.0400
1966-08-03,5.0600
1966-08-04,5.0700
1966-08-05,5.0700
1966-08-08,5.0800
1966-08-09,5.1000
1966-08-10,5.1000
1966-08-11,5.1100
1966-08-12,5.1100
1966-08-15,5.1500
1966-08-16,5.1800
1966-08-17,5.2400
1966-08-18,5.2900
1966-08-19,5.3100
1966-08-22,5.2900
1966-08-23,5.3300
1966-08-24,5.3600
1966-08-25,5.3900
1966-08-26,5.4800
1966-08-29,5.5100
1966-08-30,5.4800
1966-08-31,5.3600
1966-09-01,5.3000
1966-09-02,5.2300
1966-09-06,5.1900
1966-09-07,5.2000
1966-09-08,5.1800
1966-09-09,5.1700
1966-09-12,5.1800
1966-09-13,5.1600
1966-09-14,5.2100
1966-09-15,5.2500
1966-09-16,5.2400
1966-09-19,5.3200
1966-09-20,5.2700
1966-09-21,5.2100
1966-09-22,5.1500
1966-09-23,5.1700
1966-09-26,5.1700
1966-09-27,5.1300
1966-09-28,5.0900
1966-09-29,4.9900
1966-09-30,5.0200
1966-10-03,5.0800
1966-10-04,5.0600
1966-10-05,5.0500
1966-10-06,5.0300
1966-10-07,5.0200
1966-10-10,5.0500
1966-10-11,5.0500
1966-10-13,5.0700
1966-10-14,5.0600
1966-10-17,5.0400
1966-10-18,4.9900
1966-10-19,5.0000
1966-10-20,5.0200
1966-10-21,4.9400
1966-10-24,4.9400
1966-10-25,4.9400
1966-10-26,4.9600
1966-10-27,4.9900
1966-10-28,4.9700
1966-10-31,4.9700
1966-11-01,4.9900
1966-11-02,5.0400
1966-11-03,5.0600
1966-11-04,5.1100
1966-11-07,5.1100
1966-11-09,5.1200
1966-11-10,5.1700
1966-11-14,5.1900
1966-11-15,5.2100
1966-11-16,5.2200
1966-11-17,5.2300
1966-11-18,5.2200
1966-11-21,5.1700
1966-11-22,5.2000
1966-11-23,5.2200
1966-11-25,5.2300
1966-11-28,5.1900
1966-11-29,5.1500
1966-11-30,5.1200
1966-12-01,5.0900
1966-12-02,5.0300
1966-12-05,5.0600
1966-12-06,5.0700
1966-12-07,5.0700
1966-12-08,5.1000
1966-12-09,5.0500
1966-12-12,4.9300
1966-12-13,4.8600
1966-12-14,4.8300
1966-12-15,4.7600
1966-12-16,4.7800
1966-12-19,4.7200
1966-12-20,4.6900
1966-12-21,4.6600
1966-12-22,4.6800
1966-12-23,4.6700
1966-12-27,4.7100
1966-12-28,4.6400
1966-12-29,4.6600
1966-12-30,4.6400
1967-01-03,4.6900
1967-01-04,4.6500
1967-01-05,4.6300
1967-01-06,4.6400
1967-01-09,4.7100
1967-01-10,4.6900
1967-01-11,4.5400
1967-01-12,4.5500
1967-01-13,4.5100
1967-01-16,4.4900
1967-01-17,4.5100
1967-01-18,4.5300
1967-01-19,4.5800
1967-01-20,4.6000
1967-01-23,4.6000
1967-01-24,4.6500
1967-01-25,4.6200
1967-01-26,4.5000
1967-01-27,4.4700
1967-01-30,4.4800
1967-01-31,4.5200
1967-02-01,4.5200
1967-02-02,4.5100
1967-02-03,4.5200
1967-02-06,4.5300
1967-02-07,4.5400
1967-02-08,4.5400
1967-02-09,4.5300
1967-02-10,4.5900
1967-02-14,4.6400
1967-02-15,4.6900
1967-02-16,4.6700
1967-02-17,4.6800
1967-02-20,4.7000
1967-02-21,4.7100
1967-02-23,4.7400
1967-02-24,4.7300
1967-02-27,4.7200
1967-02-28,4.7200
1967-03-01,4.6600
1967-03-02,4.6300
1967-03-03,4.6200
1967-03-06,4.6100
1967-03-07,4.6000
1967-03-08,4.6100
1967-03-09,4.5700
1967-03-10,4.5800
1967-03-13,4.5600
1967-03-14,4.5300
1967-03-15,4.4900
1967-03-16,4.4500
1967-03-17,4.4700
1967-03-20,4.4500
1967-03-21,4.5100
1967-03-22,4.5200
1967-03-23,4.5000
1967-03-27,4.5200
1967-03-28,4.5200
1967-03-29,4.5200
1967-03-30,4.5000
1967-03-31,4.5000
1967-04-03,4.5000
1967-04-04,4.4900
1967-04-05,4.5000
1967-04-06,4.4900
1967-04-07,4.4800
1967-04-10,4.5000
1967-04-11,4.5100
1967-04-12,4.5100
1967-04-13,4.5400
1967-04-14,4.5600
1967-04-17,4.6100
1967-04-18,4.6300
1967-04-19,4.6300
1967-04-20,4.6300
1967-04-21,4.6600
1967-04-24,4.6800
1967-04-25,4.7100
1967-04-26,4.7300
1967-04-27,4.7300
1967-04-28,4.7800
1967-05-01,4.7700
1967-05-02,4.7500
1967-05-03,4.7500
1967-05-04,4.7600
1967-05-05,4.7700
1967-05-08,4.8300
1967-05-09,4.8700
1967-05-10,4.8700
1967-05-11,4.8400
1967-05-12,4.8200
1967-05-15,4.8600
1967-05-16,4.8700
1967-05-17,4.8800
1967-05-18,4.8800
1967-05-19,4.8900
1967-05-22,4.9400
1967-05-23,4.9400
1967-05-24,4.9300
1967-05-25,4.9200
1967-05-26,4.8600
1967-05-29,4.8400
1967-05-31,4.8100
1967-06-01,4.8100
1967-06-02,4.8200
1967-06-05,4.8500
1967-06-06,4.8400
1967-06-07,4.8400
1967-06-08,4.8600
1967-06-09,4.8900
1967-06-12,4.9400
1967-06-13,4.9500
1967-06-14,5.0200
1967-06-15,5.0200
1967-06-16,5.0700
1967-06-19,5.0700
1967-06-20,5.1400
1967-06-21,5.1400
1967-06-22,5.1300
1967-06-23,5.1400
1967-06-26,5.1600
1967-06-27,5.2100
1967-06-28,5.1800
1967-06-29,5.2000
1967-06-30,5.2200
1967-07-03,5.2200
1967-07-05,5.1700
1967-07-06,5.1100
1967-07-07,5.1500
1967-07-10,5.1600
1967-07-11,5.0900
1967-07-12,5.0600
1967-07-13,5.0800
1967-07-14,5.0800
1967-07-17,5.0900
1967-07-18,5.1600
1967-07-19,5.1800
1967-07-20,5.2000
1967-07-21,5.2000
1967-07-24,5.2300
1967-07-25,5.2300
1967-07-26,5.2300
1967-07-27,5.2000
1967-07-28,5.1800
1967-07-31,5.1600
1967-08-01,5.1800
1967-08-02,5.2100
1967-08-03,5.2000
1967-08-04,5.2600
1967-08-07,5.3000
1967-08-08,5.2800
1967-08-09,5.2700
1967-08-10,5.2800
1967-08-11,5.2900
1967-08-14,5.2900
1967-08-15,5.2900
1967-08-16,5.2800
1967-08-17,5.2800
1967-08-18,5.2800
1967-08-21,5.3000
1967-08-22,5.3000
1967-08-23,5.3100
1967-08-24,5.3100
1967-08-25,5.3200
1967-08-28,5.2900
1967-08-29,5.2700
1967-08-30,5.2800
1967-08-31,5.2700
1967-09-01,5.2500
1967-09-05,5.2200
1967-09-06,5.2000
1967-09-07,5.2000
1967-09-08,5.2600
1967-09-11,5.2800
1967-09-12,5.2900
1967-09-13,5.2700
1967-09-14,5.2800
1967-09-15,5.2900
1967-09-18,5.3000
1967-09-19,5.3500
1967-09-20,5.3400
1967-09-21,5.3600
1967-09-22,5.3600
1967-09-25,5.3800
1967-09-26,5.3700
1967-09-27,5.3700
1967-09-28,5.3600
1967-09-29,5.3100
1967-10-02,5.3500
1967-10-03,5.3500
1967-10-04,5.3700
1967-10-05,5.3700
1967-10-06,5.3700
1967-10-09,5.3900
1967-10-10,5.4200
1967-10-11,5.4200
1967-10-13,5.4500
1967-10-16,5.4700
1967-10-17,5.4900
1967-10-18,5.5200
1967-10-19,5.5300
1967-10-20,5.5200
1967-10-23,5.5600
1967-10-24,5.5600
1967-10-25,5.5700
1967-10-26,5.5800
1967-10-27,5.5700
1967-10-30,5.6000
1967-10-31,5.6400
1967-11-01,5.7000
1967-11-02,5.7100
1967-11-03,5.7500
1967-11-06,5.7700
1967-11-08,5.7400
1967-11-09,5.7800
1967-11-10,5.8300
1967-11-13,5.8700
1967-11-14,5.8100
1967-11-15,5.7800
1967-11-16,5.7200
1967-11-17,5.7500
1967-11-20,5.8500
1967-11-21,5.7100
1967-11-22,5.7000
1967-11-24,5.7800
1967-11-27,5.7600
1967-11-28,5.6500
1967-11-29,5.6700
1967-11-30,5.7400
1967-12-01,5.7800
1967-12-04,5.7600
1967-12-05,5.7400
1967-12-06,5.6900
1967-12-07,5.7100
1967-12-08,5.7200
1967-12-11,5.7400
1967-12-12,5.7500
1967-12-13,5.7100
1967-12-14,5.7000
1967-12-15,5.7100
1967-12-18,5.6800
1967-12-19,5.6600
1967-12-20,5.6200
1967-12-21,5.6400
1967-12-22,5.6900
1967-12-26,5.6400
1967-12-27,5.6400
1967-12-28,5.7000
1967-12-29,5.7000
1968-01-02,5.6300
1968-01-03,5.6300
1968-01-04,5.5100
1968-01-05,5.4800
1968-01-08,5.5000
1968-01-09,5.5200
1968-01-10,5.4600
1968-01-11,5.4600
1968-01-12,5.4300
1968-01-15,5.4900
1968-01-16,5.5200
1968-01-17,5.4800
1968-01-18,5.5500
1968-01-19,5.5900
1968-01-22,5.6100
1968-01-23,5.5600
1968-01-24,5.5600
1968-01-25,5.5200
1968-01-26,5.5300
1968-01-29,5.5300
1968-01-30,5.5300
1968-01-31,5.5400
1968-02-01,5.5800
1968-02-02,5.5800
1968-02-05,5.6000
1968-02-06,5.6100
1968-02-07,5.5900
1968-02-08,5.6000
1968-02-09,5.5900
1968-02-13,5.5500
1968-02-14,5.5400
1968-02-15,5.5100
1968-02-16,5.5000
1968-02-19,5.5300
1968-02-20,5.5400
1968-02-21,5.5400
1968-02-23,5.5600
1968-02-26,5.5800
1968-02-27,5.5800
1968-02-28,5.5700
1968-02-29,5.5600
1968-03-01,5.5600
1968-03-04,5.5700
1968-03-05,5.5900
1968-03-06,5.6100
1968-03-07,5.6700
1968-03-08,5.7500
1968-03-11,5.7500
1968-03-12,5.7900
1968-03-13,5.8600
1968-03-14,5.9500
1968-03-15,5.8400
1968-03-18,5.7600
1968-03-19,5.7700
1968-03-20,5.7300
1968-03-21,5.7600
1968-03-22,5.7400
1968-03-25,5.7400
1968-03-26,5.7800
1968-03-27,5.7800
1968-03-28,5.7800
1968-03-29,5.7600
1968-04-01,5.6400
1968-04-02,5.6200
1968-04-03,5.4900
1968-04-04,5.5200
1968-04-05,5.5200
1968-04-08,5.5400
1968-04-10,5.5300
1968-04-11,5.5400
1968-04-15,5.6000
1968-04-16,5.6200
1968-04-17,5.6200
1968-04-18,5.6400
1968-04-19,5.7600
1968-04-22,5.7800
1968-04-23,5.7300
1968-04-24,5.7200
1968-04-25,5.7200
1968-04-26,5.7100
1968-04-29,5.7300
1968-04-30,5.7400
1968-05-01,5.7300
1968-05-02,5.7600
1968-05-03,5.8000
1968-05-06,5.7800
1968-05-07,5.7900
1968-05-08,5.8000
1968-05-09,5.7900
1968-05-10,5.7900
1968-05-13,5.7900
1968-05-14,5.8200
1968-05-15,5.8500
1968-05-16,5.9000
1968-05-17,5.9200
1968-05-20,5.9600
1968-05-21,6.0200
1968-05-22,6.0200
1968-05-23,5.9800
1968-05-24,5.9600
1968-05-27,5.9200
1968-05-28,5.9400
1968-05-29,5.9500
1968-05-31,5.8600
1968-06-03,5.7900
1968-06-04,5.7800
1968-06-05,5.8100
1968-06-06,5.8300
1968-06-07,5.8200
1968-06-10,5.8000
1968-06-11,5.7900
1968-06-12,5.7700
1968-06-13,5.7600
1968-06-14,5.7200
1968-06-17,5.7100
1968-06-18,5.7100
1968-06-19,5.6700
1968-06-20,5.6200
1968-06-21,5.6000
1968-06-24,5.6100
1968-06-25,5.6400
1968-06-26,5.6400
1968-06-27,5.6500
1968-06-28,5.6400
1968-07-01,5.6200
1968-07-02,5.5800
1968-07-03,5.5700
1968-07-05,5.5600
1968-07-08,5.5300
1968-07-09,5.5100
1968-07-10,5.5200
1968-07-11,5.5200
1968-07-12,5.5300
1968-07-15,5.5600
1968-07-16,5.5700
1968-07-17,5.5500
1968-07-18,5.5600
1968-07-19,5.5300
1968-07-22,5.4500
1968-07-23,5.3800
1968-07-24,5.3900
1968-07-25,5.3700
1968-07-26,5.3900
1968-07-29,5.4100
1968-07-30,5.4100
1968-07-31,5.3900
1968-08-01,5.3800
1968-08-02,5.3400
1968-08-05,5.3700
1968-08-06,5.3800
1968-08-07,5.3600
1968-08-08,5.3700
1968-08-09,5.3900
1968-08-12,5.4200
1968-08-13,5.4300
1968-08-14,5.4300
1968-08-15,5.4500
1968-08-16,5.4200
1968-08-19,5.4300
1968-08-20,5.4300
1968-08-21,5.4600
1968-08-22,5.5000
1968-08-23,5.4700
1968-08-26,5.4600
1968-08-27,5.4600
1968-08-28,5.4500
1968-08-29,5.4300
1968-08-30,5.4200
1968-09-03,5.4100
1968-09-04,5.4300
1968-09-05,5.4600
1968-09-06,5.4800
1968-09-09,5.4900
1968-09-10,5.5100
1968-09-11,5.5000
1968-09-12,5.4900
1968-09-13,5.4800
1968-09-16,5.4600
1968-09-17,5.4600
1968-09-18,5.4200
1968-09-19,5.4300
1968-09-20,5.4500
1968-09-23,5.4500
1968-09-24,5.4400
1968-09-25,5.4400
1968-09-26,5.4500
1968-09-27,5.4600
1968-09-30,5.4900
1968-10-01,5.4900
1968-10-02,5.4900
1968-10-03,5.5000
1968-10-04,5.5200
1968-10-07,5.5500
1968-10-08,5.5700
1968-10-09,5.6000
1968-10-10,5.6100
1968-10-11,5.6100
1968-10-14,5.6200
1968-10-15,5.6500
1968-10-16,5.6200
1968-10-17,5.5800
1968-10-18,5.5700
1968-10-21,5.5800
1968-10-22,5.5800
1968-10-23,5.5800
1968-10-24,5.6100
1968-10-25,5.6000
1968-10-28,5.6100
1968-10-29,5.6200
1968-10-30,5.6300
1968-10-31,5.6100
1968-11-01,5.6100
1968-11-04,5.6300
1968-11-06,5.6200
1968-11-07,5.6300
1968-11-08,5.6500
1968-11-12,5.6800
1968-11-13,5.6600
1968-11-14,5.6600
1968-11-15,5.6800
1968-11-18,5.7100
1968-11-19,5.7400
1968-11-20,5.7400
1968-11-21,5.7300
1968-11-22,5.7400
1968-11-25,5.7500
1968-11-26,5.7600
1968-11-27,5.7600
1968-11-29,5.7800
1968-12-02,5.8900
1968-12-03,5.9600
1968-12-04,5.9500
1968-12-05,5.9300
1968-12-06,5.9100
1968-12-09,5.9200
1968-12-10,5.9300
1968-12-11,5.9300
1968-12-12,5.9400
1968-12-13,5.9300
1968-12-16,5.9600
1968-12-17,5.9700
1968-12-18,6.0000
1968-12-19,6.0700
1968-12-20,6.1400
1968-12-23,6.2300
1968-12-24,6.2700
1968-12-26,6.1700
1968-12-27,6.2000
1968-12-30,6.2100
1968-12-31,6.1600
1969-01-02,6.0400
1969-01-03,6.0100
1969-01-06,6.0400
1969-01-07,6.1400
1969-01-08,6.0900
1969-01-09,6.0400
1969-01-10,6.0300
1969-01-13,6.0400
1969-01-14,6.0400
1969-01-15,6.0200
1969-01-16,5.9800
1969-01-17,5.9700
1969-01-20,5.9500
1969-01-21,5.9700
1969-01-22,6.0300
1969-01-23,6.0200
1969-01-24,6.0100
1969-01-27,6.0300
1969-01-28,6.0500
1969-01-29,6.0900
1969-01-30,6.1400
1969-01-31,6.1900
1969-02-03,6.2200
1969-02-04,6.2000
1969-02-05,6.1900
1969-02-06,6.2000
1969-02-07,6.1400
1969-02-10,6.1400
1969-02-11,6.1000
1969-02-13,6.0900
1969-02-14,6.1100
1969-02-17,6.1400
1969-02-18,6.1600
1969-02-19,6.2000
1969-02-20,6.2300
1969-02-21,6.2400
1969-02-24,6.2200
1969-02-25,6.2400
1969-02-26,6.2400
1969-02-27,6.2700
1969-02-28,6.2600
1969-03-03,6.2500
1969-03-04,6.2400
1969-03-05,6.2400
1969-03-06,6.2600
1969-03-07,6.2700
1969-03-10,6.2700
1969-03-11,6.3000
1969-03-12,6.3100
1969-03-13,6.3200
1969-03-14,6.3100
1969-03-17,6.3500
1969-03-18,6.3500
1969-03-19,6.3200
1969-03-20,6.3100
1969-03-21,6.2900
1969-03-24,6.2800
1969-03-25,6.3000
1969-03-26,6.3200
1969-03-27,6.3300
1969-03-28,6.3000
1969-04-01,6.2500
1969-04-02,6.2500
1969-04-03,6.2600
1969-04-07,6.2800
1969-04-08,6.2500
1969-04-09,6.1900
1969-04-10,6.1800
1969-04-11,6.1500
1969-04-14,6.0600
1969-04-15,6.1100
1969-04-16,6.1000
1969-04-17,6.1300
1969-04-18,6.1600
1969-04-21,6.1400
1969-04-22,6.1200
1969-04-23,6.1200
1969-04-24,6.1400
1969-04-25,6.1500
1969-04-28,6.1900
1969-04-29,6.2100
1969-04-30,6.2000
1969-05-01,6.2500
1969-05-02,6.2300
1969-05-05,6.1900
1969-05-06,6.2200
1969-05-07,6.2200
1969-05-08,6.2000
1969-05-09,6.2300
1969-05-12,6.2700
1969-05-13,6.2500
1969-05-14,6.2400
1969-05-15,6.2600
1969-05-16,6.3100
1969-05-19,6.3600
1969-05-20,6.3600
1969-05-21,6.3600
1969-05-22,6.3600
1969-05-23,6.3800
1969-05-26,6.4400
1969-05-27,6.5400
1969-05-28,6.5600
1969-05-29,6.5600
1969-06-02,6.5600
1969-06-03,6.5500
1969-06-04,6.5600
1969-06-05,6.5400
1969-06-06,6.5200
1969-06-09,6.5900
1969-06-10,6.5600
1969-06-11,6.5600
1969-06-12,6.5400
1969-06-13,6.5100
1969-06-16,6.4900
1969-06-17,6.5200
1969-06-18,6.5300
1969-06-19,6.5700
1969-06-20,6.5900
1969-06-23,6.6000
1969-06-24,6.6300
1969-06-25,6.6300
1969-06-26,6.6200
1969-06-27,6.6600
1969-06-30,6.7300
1969-07-01,6.7500
1969-07-02,6.7700
1969-07-03,6.7500
1969-07-07,6.7600
1969-07-08,6.7900
1969-07-09,6.8200
1969-07-10,6.7800
1969-07-11,6.6400
1969-07-14,6.6900
1969-07-15,6.7200
1969-07-16,6.6700
1969-07-17,6.6900
1969-07-18,6.7000
1969-07-22,6.6600
1969-07-23,6.6800
1969-07-24,6.7000
1969-07-25,6.7100
1969-07-28,6.7300
1969-07-29,6.7200
1969-07-30,6.7200
1969-07-31,6.6600
1969-08-01,6.6600
1969-08-04,6.6300
1969-08-05,6.6000
1969-08-06,6.6200
1969-08-07,6.6300
1969-08-08,6.6400
1969-08-11,6.6900
1969-08-12,6.7000
1969-08-13,6.7000
1969-08-14,6.6800
1969-08-15,6.6800
1969-08-18,6.6600
1969-08-19,6.6500
1969-08-20,6.6600
1969-08-21,6.6800
1969-08-22,6.7100
1969-08-25,6.7200
1969-08-26,6.7600
1969-08-27,6.7900
1969-08-28,6.8300
1969-08-29,6.8300
1969-09-02,6.8700
1969-09-03,6.9400
1969-09-04,6.9600
1969-09-05,6.9900
1969-09-08,7.0300
1969-09-09,7.0400
1969-09-10,7.0200
1969-09-11,7.0500
1969-09-12,7.0800
1969-09-15,7.0900
1969-09-16,7.1400
1969-09-17,7.1400
1969-09-18,7.2700
1969-09-19,7.2800
1969-09-22,7.2600
1969-09-23,7.2600
1969-09-24,7.2700
1969-09-25,7.3000
1969-09-26,7.4000
1969-09-29,7.4500
1969-09-30,7.5100
1969-10-01,7.5200
1969-10-02,7.4500
1969-10-03,7.3800
1969-10-06,7.3500
1969-10-07,7.3100
1969-10-08,7.2900
1969-10-09,7.3000
1969-10-10,7.2200
1969-10-14,7.1000
1969-10-15,7.1200
1969-10-16,7.0400
1969-10-17,6.9900
1969-10-20,6.8300
1969-10-21,6.7700
1969-10-22,6.8000
1969-10-23,6.9000
1969-10-24,6.9000
1969-10-27,6.9300
1969-10-28,7.0000
1969-10-29,7.0000
1969-10-30,6.9600
1969-10-31,6.9400
1969-11-03,6.9000
1969-11-05,6.9700
1969-11-06,7.0100
1969-11-07,6.9900
1969-11-10,6.9900
1969-11-12,7.0600
1969-11-13,7.1200
1969-11-14,7.0800
1969-11-17,7.1300
1969-11-18,7.2200
1969-11-19,7.2500
1969-11-20,7.3100
1969-11-21,7.2800
1969-11-24,7.2700
1969-11-25,7.2800
1969-11-26,7.3000
1969-11-28,7.2900
1969-12-01,7.2900
1969-12-02,7.3500
1969-12-03,7.3900
1969-12-04,7.3500
1969-12-05,7.3500
1969-12-08,7.4000
1969-12-09,7.5000
1969-12-10,7.5900
1969-12-11,7.6200
1969-12-12,7.6000
1969-12-15,7.6300
1969-12-16,7.7200
1969-12-17,7.7600
1969-12-18,7.8100
1969-12-19,7.7900
1969-12-22,7.7600
1969-12-23,7.8200
1969-12-24,7.8900
1969-12-26,7.8700
1969-12-29,8.0500
1969-12-30,7.9700
1969-12-31,7.8800
1970-01-02,7.8600
1970-01-05,7.8800
1970-01-06,7.9600
1970-01-07,7.9900
1970-01-08,7.9600
1970-01-09,7.8600
1970-01-12,7.8200
1970-01-13,7.8100
1970-01-14,7.8600
1970-01-15,7.8500
1970-01-16,7.7500
1970-01-19,7.6900
1970-01-20,7.7200
1970-01-21,7.6900
1970-01-22,7.6700
1970-01-23,7.6900
1970-01-26,7.7100
1970-01-27,7.7000
1970-01-28,7.7000
1970-01-29,7.7700
1970-01-30,7.7500
1970-02-02,7.6500
1970-02-03,7.5800
1970-02-04,7.5000
1970-02-05,7.4500
1970-02-06,7.3600
1970-02-09,7.2800
1970-02-10,7.3200
1970-02-11,7.3300
1970-02-13,7.1500
1970-02-16,7.1700
1970-02-17,7.1500
1970-02-18,7.1200
1970-02-19,7.0900
1970-02-20,7.1200
1970-02-24,7.1400
1970-02-25,7.0400
1970-02-26,6.9400
1970-02-27,6.9000
1970-03-02,6.9500
1970-03-03,6.9900
1970-03-04,6.9700
1970-03-05,6.9800
1970-03-06,6.9600
1970-03-09,6.9900
1970-03-10,7.0400
1970-03-11,7.1100
1970-03-12,7.1600
1970-03-13,7.2300
1970-03-16,7.2400
1970-03-17,7.3600
1970-03-18,7.2800
1970-03-19,7.0700
1970-03-20,7.0600
1970-03-23,7.0500
1970-03-24,7.0200
1970-03-25,6.9600
1970-03-26,6.9800
1970-03-30,7.0500
1970-03-31,7.0800
1970-04-01,7.0400
1970-04-02,7.0800
1970-04-03,7.1400
1970-04-06,7.1700
1970-04-07,7.1800
1970-04-08,7.1700
1970-04-09,7.1800
1970-04-10,7.1700
1970-04-13,7.2000
1970-04-14,7.2200
1970-04-15,7.2700
1970-04-16,7.3400
1970-04-17,7.4000
1970-04-20,7.4400
1970-04-21,7.5000
1970-04-22,7.6100
1970-04-23,7.6400
1970-04-24,7.7200
1970-04-27,7.7400
1970-04-28,7.7900
1970-04-29,7.7800
1970-04-30,7.8200
1970-05-01,7.8500
1970-05-04,7.9400
1970-05-05,7.9200
1970-05-06,7.8600
1970-05-07,7.8200
1970-05-08,7.7800
1970-05-11,7.8200
1970-05-12,7.8400
1970-05-13,7.8500
1970-05-14,7.8600
1970-05-15,7.8300
1970-05-18,7.8000
1970-05-19,7.8000
1970-05-20,7.8500
1970-05-21,7.9000
1970-05-22,7.9900
1970-05-25,8.1500
1970-05-26,8.2200
1970-05-27,8.0200
1970-05-28,7.9800
1970-05-29,7.9500
1970-06-01,7.8400
1970-06-02,7.7800
1970-06-03,7.7600
1970-06-04,7.8000
1970-06-05,7.8800
1970-06-08,7.8900
1970-06-09,7.8800
1970-06-10,7.8700
1970-06-11,7.9200
1970-06-12,7.9800
1970-06-15,7.9800
1970-06-16,7.8700
1970-06-17,7.9000
1970-06-18,7.9000
1970-06-19,7.9000
1970-06-22,7.8600
1970-06-23,7.7900
1970-06-24,7.7400
1970-06-25,7.7600
1970-06-26,7.7800
1970-06-29,7.7600
1970-06-30,7.6800
1970-07-01,7.6400
1970-07-02,7.5500
1970-07-06,7.4900
1970-07-07,7.4600
1970-07-08,7.4900
1970-07-09,7.4900
1970-07-10,7.5400
1970-07-13,7.5500
1970-07-14,7.5300
1970-07-15,7.4900
1970-07-16,7.4600
1970-07-17,7.4500
1970-07-20,7.4600
1970-07-21,7.4500
1970-07-22,7.4300
1970-07-23,7.3200
1970-07-24,7.3400
1970-07-27,7.3600
1970-07-28,7.4100
1970-07-29,7.3900
1970-07-30,7.3800
1970-07-31,7.3800
1970-08-03,7.3900
1970-08-04,7.4000
1970-08-05,7.4200
1970-08-06,7.4300
1970-08-07,7.4500
1970-08-10,7.5000
1970-08-11,7.5400
1970-08-12,7.5600
1970-08-13,7.5800
1970-08-14,7.6700
1970-08-17,7.7100
1970-08-18,7.6800
1970-08-19,7.6500
1970-08-20,7.6400
1970-08-21,7.6000
1970-08-24,7.4800
1970-08-25,7.4600
1970-08-26,7.4500
1970-08-27,7.4800
1970-08-28,7.4900
1970-08-31,7.4900
1970-09-01,7.4700
1970-09-02,7.4800
1970-09-03,7.4800
1970-09-04,7.4700
1970-09-08,7.5000
1970-09-09,7.5400
1970-09-10,7.5200
1970-09-11,7.5000
1970-09-14,7.4800
1970-09-15,7.4600
1970-09-16,7.4000
1970-09-17,7.3200
1970-09-18,7.3100
1970-09-21,7.2900
1970-09-22,7.2800
1970-09-23,7.2400
1970-09-24,7.2600
1970-09-25,7.2800
1970-09-28,7.3100
1970-09-29,7.3000
1970-09-30,7.2900
1970-10-01,7.2900
1970-10-02,7.2600
1970-10-05,7.2600
1970-10-06,7.2400
1970-10-07,7.2300
1970-10-08,7.2500
1970-10-09,7.2500
1970-10-13,7.2500
1970-10-14,7.3000
1970-10-15,7.3000
1970-10-16,7.3100
1970-10-19,7.3500
1970-10-20,7.3700
1970-10-21,7.4200
1970-10-22,7.4600
1970-10-23,7.4400
1970-10-26,7.4400
1970-10-27,7.4200
1970-10-28,7.3800
1970-10-29,7.3100
1970-10-30,7.3300
1970-11-02,7.2400
1970-11-04,7.2300
1970-11-05,7.2000
1970-11-06,7.1500
1970-11-09,7.0600
1970-11-10,7.0600
1970-11-12,7.0300
1970-11-13,7.0000
1970-11-16,6.9600
1970-11-17,6.9300
1970-11-18,6.8600
1970-11-19,6.7200
1970-11-20,6.4800
1970-11-23,6.3200
1970-11-24,6.4500
1970-11-25,6.4800
1970-11-27,6.4800
1970-11-30,6.4900
1970-12-01,6.4800
1970-12-02,6.4100
1970-12-03,6.3100
1970-12-04,6.2100
1970-12-07,6.2700
1970-12-08,6.2900
1970-12-09,6.3400
1970-12-10,6.3400
1970-12-11,6.3100
1970-12-14,6.2600
1970-12-15,6.2900
1970-12-16,6.2900
1970-12-17,6.3000
1970-12-18,6.3300
1970-12-21,6.4500
1970-12-22,6.5200
1970-12-23,6.5700
1970-12-24,6.5300
1970-12-28,6.5400
1970-12-29,6.5600
1970-12-30,6.5100
1970-12-31,6.5000
1971-01-04,6.4600
1971-01-05,6.4700
1971-01-06,6.4700
1971-01-07,6.4500
1971-01-08,6.4400
1971-01-11,6.3900
1971-01-12,6.3500
1971-01-13,6.2900
1971-01-14,6.2200
1971-01-15,6.2200
1971-01-18,6.1600
1971-01-19,6.1700
1971-01-20,6.1500
1971-01-21,6.0900
1971-01-22,6.0600
1971-01-25,6.0500
1971-01-26,6.0700
1971-01-27,6.0900
1971-01-28,6.0800
1971-01-29,6.0900
1971-02-01,6.0900
1971-02-02,6.1100
1971-02-03,6.1100
1971-02-04,6.1000
1971-02-05,6.1000
1971-02-08,6.0900
1971-02-09,6.0700
1971-02-10,6.0800
1971-02-11,6.0800
1971-02-16,6.1100
1971-02-17,6.1100
1971-02-18,6.1100
1971-02-19,6.1200
1971-02-22,6.1500
1971-02-23,6.1800
1971-02-24,6.1600
1971-02-25,6.1100
1971-02-26,6.1400
1971-03-01,6.1200
1971-03-02,6.0900
1971-03-03,6.0500
1971-03-04,6.0500
1971-03-05,6.0300
1971-03-08,5.9900
1971-03-09,5.9000
1971-03-10,5.8000
1971-03-11,5.6900
1971-03-12,5.7200
1971-03-15,5.7000
1971-03-16,5.6800
1971-03-17,5.6100
1971-03-18,5.5500
1971-03-19,5.5100
1971-03-22,5.4200
1971-03-23,5.3800
1971-03-24,5.4100
1971-03-25,5.4300
1971-03-26,5.4800
1971-03-29,5.5400
1971-03-30,5.5000
1971-03-31,5.5300
1971-04-01,5.5800
1971-04-02,5.6000
1971-04-05,5.6300
1971-04-06,5.6000
1971-04-07,5.5800
1971-04-08,5.6200
1971-04-12,5.7300
1971-04-13,5.7200
1971-04-14,5.7700
1971-04-15,5.8000
1971-04-16,5.8200
1971-04-19,5.8800
1971-04-20,5.9700
1971-04-21,6.0400
1971-04-22,6.0200
1971-04-23,6.0100
1971-04-26,6.0000
1971-04-27,6.0000
1971-04-28,5.9900
1971-04-29,6.0700
1971-04-30,6.0800
1971-05-03,6.1500
1971-05-04,6.2500
1971-05-05,6.2600
1971-05-06,6.2800
1971-05-07,6.2500
1971-05-10,6.2200
1971-05-11,6.2600
1971-05-12,6.3500
1971-05-13,6.4700
1971-05-14,6.4900
1971-05-17,6.5700
1971-05-18,6.6500
1971-05-19,6.6000
1971-05-20,6.4900
1971-05-21,6.5300
1971-05-24,6.4900
1971-05-25,6.4400
1971-05-26,6.3700
1971-05-27,6.3500
1971-05-28,6.3800
1971-06-01,6.3600
1971-06-02,6.2400
1971-06-03,6.1900
1971-06-04,6.2600
1971-06-07,6.3400
1971-06-08,6.3800
1971-06-09,6.4400
1971-06-10,6.4800
1971-06-11,6.5000
1971-06-14,6.6300
1971-06-15,6.7300
1971-06-16,6.6800
1971-06-17,6.6800
1971-06-18,6.5800
1971-06-21,6.5300
1971-06-22,6.6200
1971-06-23,6.6100
1971-06-24,6.6100
1971-06-25,6.6200
1971-06-28,6.6400
1971-06-29,6.6700
1971-06-30,6.7000
1971-07-01,6.6900
1971-07-02,6.6900
1971-07-06,6.6800
1971-07-07,6.6600
1971-07-08,6.6700
1971-07-09,6.6800
1971-07-12,6.6000
1971-07-13,6.6100
1971-07-14,6.6000
1971-07-15,6.5900
1971-07-16,6.6600
1971-07-19,6.7100
1971-07-20,6.7000
1971-07-21,6.7000
1971-07-22,6.7900
1971-07-23,6.8400
1971-07-26,6.8600
1971-07-27,6.9100
1971-07-28,6.9500
1971-07-29,6.8800
1971-07-30,6.8500
1971-08-02,6.8600
1971-08-03,6.9100
1971-08-04,6.8900
1971-08-05,6.8600
1971-08-06,6.8600
1971-08-09,6.8800
1971-08-10,6.8900
1971-08-11,6.8600
1971-08-12,6.8000
1971-08-13,6.6800
1971-08-16,6.4100
1971-08-17,6.3000
1971-08-18,6.3500
1971-08-19,6.3400
1971-08-20,6.3700
1971-08-23,6.4800
1971-08-24,6.3800
1971-08-25,6.4000
1971-08-26,6.3700
1971-08-27,6.3300
1971-08-30,6.3200
1971-08-31,6.2800
1971-09-01,6.2200
1971-09-02,6.1700
1971-09-03,6.1200
1971-09-07,6.0700
1971-09-08,6.0800
1971-09-09,6.1300
1971-09-10,6.1200
1971-09-13,6.2000
1971-09-14,6.1800
1971-09-15,6.1700
1971-09-16,6.1400
1971-09-17,6.1300
1971-09-20,6.1500
1971-09-21,6.1700
1971-09-22,6.1900
1971-09-23,6.2000
1971-09-24,6.1600
1971-09-27,6.1300
1971-09-28,6.1200
1971-09-29,6.0800
1971-09-30,6.0000
1971-10-01,6.0000
1971-10-04,5.9800
1971-10-05,6.0100
1971-10-06,5.9800
1971-10-07,5.9700
1971-10-08,5.9400
1971-10-12,5.8800
1971-10-13,5.8600
1971-10-14,5.8800
1971-10-15,5.9000
1971-10-18,5.9500
1971-10-19,5.9600
1971-10-20,5.9200
1971-10-21,5.8800
1971-10-22,5.9000
1971-10-26,5.8900
1971-10-27,5.9200
1971-10-28,5.9000
1971-10-29,5.8700
1971-11-01,5.8000
1971-11-03,5.7200
1971-11-04,5.7200
1971-11-05,5.7200
1971-11-08,5.7700
1971-11-09,5.7700
1971-11-10,5.8200
1971-11-11,5.7900
1971-11-12,5.7700
1971-11-15,5.7700
1971-11-16,5.7600
1971-11-17,5.7500
1971-11-18,5.7700
1971-11-19,5.7900
1971-11-22,5.8200
1971-11-23,5.8900
1971-11-24,5.9500
1971-11-26,5.9400
1971-11-29,5.9500
1971-11-30,5.9300
1971-12-01,5.9200
1971-12-02,5.9000
1971-12-03,5.8800
1971-12-06,5.8800
1971-12-07,5.9200
1971-12-08,5.9200
1971-12-09,5.9400
1971-12-10,5.9300
1971-12-13,5.9000
1971-12-14,5.9400
1971-12-15,5.9600
1971-12-16,5.9500
1971-12-17,5.9300
1971-12-20,5.9700
1971-12-21,6.0000
1971-12-22,6.0100
1971-12-23,5.9700
1971-12-27,5.9100
1971-12-28,5.8600
1971-12-29,5.9000
1971-12-30,5.9000
1971-12-31,5.8900
1972-01-03,5.9400
1972-01-04,5.9300
1972-01-05,5.9100
1972-01-06,5.9000
1972-01-07,5.8800
1972-01-10,5.8600
1972-01-11,5.8800
1972-01-12,5.8800
1972-01-13,5.8600
1972-01-14,5.8500
1972-01-17,5.8900
1972-01-18,5.9200
1972-01-19,5.9600
1972-01-20,5.9800
1972-01-21,5.9900
1972-01-24,6.0200
1972-01-25,6.0200
1972-01-26,6.0100
1972-01-27,6.0500
1972-01-28,6.0800
1972-01-31,6.0900
1972-02-01,6.0900
1972-02-02,6.0800
1972-02-03,6.0800
1972-02-04,6.0800
1972-02-07,6.0900
1972-02-08,6.1100
1972-02-09,6.1200
1972-02-10,6.1100
1972-02-11,6.1200
1972-02-14,6.1000
1972-02-15,6.1000
1972-02-16,6.0800
1972-02-17,6.0600
1972-02-18,6.0600
1972-02-22,6.0600
1972-02-23,6.0700
1972-02-24,6.0700
1972-02-25,6.0600
1972-02-28,6.0400
1972-02-29,6.0400
1972-03-01,6.0400
1972-03-02,6.0300
1972-03-03,6.0200
1972-03-06,6.0100
1972-03-07,6.0200
1972-03-08,6.0200
1972-03-09,6.0200
1972-03-10,6.0300
1972-03-13,6.0700
1972-03-14,6.0600
1972-03-15,6.1100
1972-03-16,6.0800
1972-03-17,6.0800
1972-03-20,6.0900
1972-03-21,6.0800
1972-03-22,6.0800
1972-03-23,6.1000
1972-03-24,6.1200
1972-03-27,6.1000
1972-03-28,6.1100
1972-03-29,6.1200
1972-03-30,6.1200
1972-04-03,6.1400
1972-04-04,6.1800
1972-04-05,6.1800
1972-04-06,6.1800
1972-04-07,6.1800
1972-04-10,6.1700
1972-04-11,6.1800
1972-04-12,6.2100
1972-04-13,6.2500
1972-04-14,6.2500
1972-04-17,6.2400
1972-04-18,6.2400
1972-04-19,6.2200
1972-04-20,6.2100
1972-04-21,6.2000
1972-04-24,6.2100
1972-04-25,6.2100
1972-04-26,6.1900
1972-04-27,6.1100
1972-04-28,6.1400
1972-05-01,6.1400
1972-05-02,6.1600
1972-05-03,6.1700
1972-05-04,6.1700
1972-05-05,6.1700
1972-05-08,6.1700
1972-05-09,6.2000
1972-05-10,6.1900
1972-05-11,6.1900
1972-05-12,6.1600
1972-05-15,6.1600
1972-05-16,6.1600
1972-05-17,6.1500
1972-05-18,6.1300
1972-05-19,6.1000
1972-05-22,6.0700
1972-05-23,6.0500
1972-05-24,6.0600
1972-05-25,6.0400
1972-05-26,6.0400
1972-05-30,6.0500
1972-05-31,6.0500
1972-06-01,6.0700
1972-06-02,6.0900
1972-06-05,6.1000
1972-06-06,6.1300
1972-06-07,6.1200
1972-06-08,6.1200
1972-06-09,6.1100
1972-06-12,6.1000
1972-06-13,6.1000
1972-06-14,6.1000
1972-06-15,6.1000
1972-06-16,6.1000
1972-06-19,6.0800
1972-06-20,6.0800
1972-06-21,6.0900
1972-06-22,6.1100
1972-06-23,6.1000
1972-06-26,6.1200
1972-06-27,6.1200
1972-06-28,6.1200
1972-06-29,6.1400
1972-06-30,6.1500
1972-07-03,6.1400
1972-07-05,6.1300
1972-07-06,6.1300
1972-07-07,6.1300
1972-07-10,6.1300
1972-07-11,6.1300
1972-07-12,6.1200
1972-07-13,6.1100
1972-07-14,6.1000
1972-07-17,6.1100
1972-07-18,6.1100
1972-07-19,6.0900
1972-07-20,6.0900
1972-07-21,6.1000
1972-07-24,6.1000
1972-07-25,6.0900
1972-07-26,6.0800
1972-07-27,6.1300
1972-07-28,6.1200
1972-07-31,6.1200
1972-08-01,6.1400
1972-08-02,6.1400
1972-08-03,6.1500
1972-08-04,6.1600
1972-08-07,6.1600
1972-08-08,6.1500
1972-08-09,6.1400
1972-08-10,6.1400
1972-08-11,6.1400
1972-08-14,6.1600
1972-08-15,6.1700
1972-08-16,6.1800
1972-08-17,6.2000
1972-08-18,6.2100
1972-08-21,6.2100
1972-08-22,6.2000
1972-08-23,6.2200
1972-08-24,6.2300
1972-08-25,6.2600
1972-08-28,6.3000
1972-08-29,6.3400
1972-08-30,6.4200
1972-08-31,6.4200
1972-09-01,6.4300
1972-09-05,6.4600
1972-09-06,6.4900
1972-09-07,6.5200
1972-09-08,6.5600
1972-09-11,6.5400
1972-09-12,6.5400
1972-09-13,6.5400
1972-09-14,6.5700
1972-09-15,6.5600
1972-09-18,6.5500
1972-09-19,6.5500
1972-09-20,6.5600
1972-09-21,6.5900
1972-09-22,6.6200
1972-09-25,6.6200
1972-09-26,6.6000
1972-09-27,6.5900
1972-09-28,6.5600
1972-09-29,6.5400
1972-10-02,6.5400
1972-10-03,6.5400
1972-10-04,6.5300
1972-10-05,6.5300
1972-10-06,6.5200
1972-10-10,6.4800
1972-10-11,6.4700
1972-10-12,6.5000
1972-10-13,6.5000
1972-10-16,6.4900
1972-10-17,6.4900
1972-10-18,6.4900
1972-10-19,6.4800
1972-10-20,6.4700
1972-10-24,6.4500
1972-10-25,6.4400
1972-10-26,6.4200
1972-10-27,6.4200
1972-10-30,6.4200
1972-10-31,6.4100
1972-11-01,6.3900
1972-11-02,6.3400
1972-11-03,6.3000
1972-11-06,6.2700
1972-11-08,6.3000
1972-11-09,6.3000
1972-11-10,6.3000
1972-11-13,6.2700
1972-11-14,6.2600
1972-11-15,6.2300
1972-11-16,6.2400
1972-11-17,6.2400
1972-11-20,6.2300
1972-11-21,6.2600
1972-11-22,6.2700
1972-11-24,6.2700
1972-11-27,6.3000
1972-11-28,6.2900
1972-11-29,6.2700
1972-11-30,6.2800
1972-12-01,6.2900
1972-12-04,6.3000
1972-12-05,6.3100
1972-12-06,6.3100
1972-12-07,6.3100
1972-12-08,6.3200
1972-12-11,6.3400
1972-12-12,6.3500
1972-12-13,6.3500
1972-12-14,6.3500
1972-12-15,6.3500
1972-12-18,6.3800
1972-12-19,6.4000
1972-12-20,6.4000
1972-12-21,6.4000
1972-12-22,6.4000
1972-12-26,6.3900
1972-12-27,6.4000
1972-12-28,6.4100
1972-12-29,6.4100
1973-01-02,6.4300
1973-01-03,6.4200
1973-01-04,6.4000
1973-01-05,6.4200
1973-01-08,6.4300
1973-01-09,6.4200
1973-01-10,6.4300
1973-01-11,6.4300
1973-01-12,6.4400
1973-01-15,6.4400
1973-01-16,6.4400
1973-01-17,6.4500
1973-01-18,6.4600
1973-01-19,6.4900
1973-01-22,6.5000
1973-01-23,6.4800
1973-01-24,6.4900
1973-01-25,6.5100
1973-01-26,6.5300
1973-01-29,6.5500
1973-01-30,6.5200
1973-01-31,6.5400
1973-02-01,6.6000
1973-02-02,6.6400
1973-02-05,6.6400
1973-02-06,6.6400
1973-02-07,6.6400
1973-02-08,6.6600
1973-02-09,6.6300
1973-02-13,6.6100
1973-02-14,6.6200
1973-02-15,6.6200
1973-02-16,6.6300
1973-02-20,6.6600
1973-02-21,6.6600
1973-02-22,6.6500
1973-02-23,6.6100
1973-02-26,6.6500
1973-02-27,6.6400
1973-02-28,6.6400
1973-03-01,6.6500
1973-03-02,6.6700
1973-03-05,6.6800
1973-03-06,6.6800
1973-03-07,6.6600
1973-03-08,6.6700
1973-03-09,6.6800
1973-03-12,6.6800
1973-03-13,6.7000
1973-03-14,6.7100
1973-03-15,6.7300
1973-03-16,6.7700
1973-03-19,6.7500
1973-03-20,6.7600
1973-03-21,6.7600
1973-03-22,6.7600
1973-03-23,6.7600
1973-03-26,6.7300
1973-03-27,6.7200
1973-03-28,6.6700
1973-03-29,6.6800
1973-03-30,6.7300
1973-04-02,6.7400
1973-04-03,6.7300
1973-04-04,6.7000
1973-04-05,6.6800
1973-04-06,6.6400
1973-04-09,6.6200
1973-04-10,6.6400
1973-04-11,6.6500
1973-04-12,6.6600
1973-04-13,6.6300
1973-04-16,6.6200
1973-04-17,6.6400
1973-04-18,6.6400
1973-04-19,6.6600
1973-04-23,6.7300
1973-04-24,6.6600
1973-04-25,6.6600
1973-04-26,6.6800
1973-04-27,6.6900
1973-04-30,6.7000
1973-05-01,6.7200
1973-05-02,6.7600
1973-05-03,6.7700
1973-05-04,6.7900
1973-05-07,6.8100
1973-05-08,6.8000
1973-05-09,6.8000
1973-05-10,6.8100
1973-05-11,6.8200
1973-05-14,6.8300
1973-05-15,6.8600
1973-05-16,6.8400
1973-05-17,6.8500
1973-05-18,6.8600
1973-05-21,6.8900
1973-05-22,6.9000
1973-05-23,6.9200
1973-05-24,6.9100
1973-05-25,6.9100
1973-05-29,6.9300
1973-05-30,6.9300
1973-05-31,6.9300
1973-06-01,6.9600
1973-06-04,6.9800
1973-06-05,6.9500
1973-06-06,6.8900
1973-06-07,6.8900
1973-06-08,6.8700
1973-06-11,6.8700
1973-06-12,6.8600
1973-06-13,6.8500
1973-06-14,6.8500
1973-06-15,6.8600
1973-06-18,6.8700
1973-06-19,6.8700
1973-06-20,6.8900
1973-06-21,6.8900
1973-06-22,6.9100
1973-06-25,6.9300
1973-06-26,6.9300
1973-06-27,6.9200
1973-06-28,6.9200
1973-06-29,6.9400
1973-07-02,7.0100
1973-07-03,7.0100
1973-07-05,7.0100
1973-07-06,7.0300
1973-07-09,7.0500
1973-07-10,7.0500
1973-07-11,7.0500
1973-07-12,7.0400
1973-07-13,7.0500
1973-07-16,7.0600
1973-07-17,7.0600
1973-07-18,7.0700
1973-07-19,7.1100
1973-07-20,7.1700
1973-07-23,7.1700
1973-07-24,7.1900
1973-07-25,7.1900
1973-07-26,7.2800
1973-07-27,7.3500
1973-07-30,7.3700
1973-07-31,7.4300
1973-08-01,7.5500
1973-08-02,7.5200
1973-08-03,7.5300
1973-08-06,7.5400
1973-08-07,7.5800
1973-08-08,7.5200
1973-08-09,7.5400
1973-08-10,7.5200
1973-08-13,7.4700
1973-08-14,7.4600
1973-08-15,7.4500
1973-08-16,7.3700
1973-08-17,7.2800
1973-08-20,7.3800
1973-08-21,7.3600
1973-08-22,7.3900
1973-08-23,7.3100
1973-08-24,7.2300
1973-08-27,7.2600
1973-08-28,7.2900
1973-08-29,7.2600
1973-08-30,7.2500
1973-08-31,7.2500
1973-09-04,7.2100
1973-09-05,7.1100
1973-09-06,7.1000
1973-09-07,7.1100
1973-09-10,7.1600
1973-09-11,7.1900
1973-09-12,7.2000
1973-09-13,7.2100
1973-09-14,7.2100
1973-09-17,7.1600
1973-09-18,7.0800
1973-09-19,7.1000
1973-09-20,7.0900
1973-09-21,7.0200
1973-09-24,7.0000
1973-09-25,6.9600
1973-09-26,6.9700
1973-09-27,6.9400
1973-09-28,6.9000
1973-10-01,6.9100
1973-10-02,6.8900
1973-10-03,6.9000
1973-10-04,6.8800
1973-10-05,6.8600
1973-10-09,6.7800
1973-10-10,6.7700
1973-10-11,6.7800
1973-10-12,6.7500
1973-10-15,6.7700
1973-10-16,6.8100
1973-10-17,6.8200
1973-10-18,6.8100
1973-10-19,6.8000
1973-10-23,6.8000
1973-10-24,6.7500
1973-10-25,6.7300
1973-10-26,6.7200
1973-10-29,6.7200
1973-10-30,6.7200
1973-10-31,6.7100
1973-11-01,6.7100
1973-11-02,6.7200
1973-11-05,6.7400
1973-11-07,6.7600
1973-11-08,6.7700
1973-11-09,6.7600
1973-11-12,6.7600
1973-11-13,6.7600
1973-11-14,6.7900
1973-11-15,6.7600
1973-11-16,6.7200
1973-11-19,6.7100
1973-11-20,6.7200
1973-11-21,6.7100
1973-11-23,6.7000
1973-11-26,6.6900
1973-11-27,6.7000
1973-11-28,6.7000
1973-11-29,6.7000
1973-11-30,6.6900
1973-12-03,6.6900
1973-12-04,6.6900
1973-12-05,6.7200
1973-12-06,6.7500
1973-12-07,6.7400
1973-12-10,6.7100
1973-12-11,6.6900
1973-12-12,6.6900
1973-12-13,6.6800
1973-12-14,6.6800
1973-12-17,6.6700
1973-12-18,6.6800
1973-12-19,6.7100
1973-12-20,6.7300
1973-12-21,6.7800
1973-12-26,6.8300
1973-12-27,6.8800
1973-12-28,6.9100
1973-12-31,6.9000
1974-01-02,6.9400
1974-01-03,6.9600
1974-01-04,6.9400
1974-01-07,6.9600
1974-01-08,6.9600
1974-01-09,6.9600
1974-01-10,7.0000
1974-01-11,7.0100
1974-01-14,7.0100
1974-01-15,6.9900
1974-01-16,6.9900
1974-01-17,6.9700
1974-01-18,6.9800
1974-01-21,6.9900
1974-01-22,7.0000
1974-01-23,7.0100
1974-01-24,7.0200
1974-01-25,7.0200
1974-01-28,7.0100
1974-01-29,7.0200
1974-01-30,7.0100
1974-01-31,7.0000
1974-02-01,7.0000
1974-02-04,6.9800
1974-02-05,6.9500
1974-02-06,6.9300
1974-02-07,6.9300
1974-02-08,6.9300
1974-02-11,6.9300
1974-02-13,6.9300
1974-02-14,6.9300
1974-02-15,6.9300
1974-02-19,6.9300
1974-02-20,6.9600
1974-02-21,6.9800
1974-02-22,6.9700
1974-02-25,6.9600
1974-02-26,6.9800
1974-02-27,7.0000
1974-02-28,7.0100
1974-03-01,7.0800
1974-03-04,7.0900
1974-03-05,7.1000
1974-03-06,7.0900
1974-03-07,7.0600
1974-03-08,7.0600
1974-03-11,7.0800
1974-03-12,7.0900
1974-03-13,7.1300
1974-03-14,7.1300
1974-03-15,7.1800
1974-03-18,7.2300
1974-03-19,7.2400
1974-03-20,7.2700
1974-03-21,7.3000
1974-03-22,7.3500
1974-03-25,7.3900
1974-03-26,7.3800
1974-03-27,7.3500
1974-03-28,7.3800
1974-03-29,7.4100
1974-04-01,7.4200
1974-04-02,7.4300
1974-04-03,7.4300
1974-04-04,7.5100
1974-04-05,7.5400
1974-04-08,7.5000
1974-04-09,7.4900
1974-04-10,7.4600
1974-04-11,7.4500
1974-04-15,7.4200
1974-04-16,7.4300
1974-04-17,7.4500
1974-04-18,7.5000
1974-04-19,7.5100
1974-04-22,7.5200
1974-04-23,7.5400
1974-04-24,7.5800
1974-04-25,7.6300
1974-04-26,7.6400
1974-04-29,7.6500
1974-04-30,7.6600
1974-05-01,7.6200
1974-05-02,7.5800
1974-05-03,7.6500
1974-05-06,7.6500
1974-05-07,7.6500
1974-05-08,7.6500
1974-05-09,7.7000
1974-05-10,7.6300
1974-05-13,7.5400
1974-05-14,7.5700
1974-05-15,7.5500
1974-05-16,7.5400
1974-05-17,7.5700
1974-05-20,7.5800
1974-05-21,7.5700
1974-05-22,7.5600
1974-05-23,7.5200
1974-05-24,7.4900
1974-05-28,7.5000
1974-05-29,7.5200
1974-05-30,7.5100
1974-05-31,7.5200
1974-06-03,7.5300
1974-06-04,7.5200
1974-06-05,7.5200
1974-06-06,7.5000
1974-06-07,7.4600
1974-06-10,7.4700
1974-06-11,7.4800
1974-06-12,7.5000
1974-06-13,7.5000
1974-06-14,7.5000
1974-06-17,7.4900
1974-06-18,7.5200
1974-06-19,7.5200
1974-06-20,7.5500
1974-06-21,7.5500
1974-06-24,7.5800
1974-06-25,7.6200
1974-06-26,7.6200
1974-06-27,7.6400
1974-06-28,7.6400
1974-07-01,7.6500
1974-07-02,7.6500
1974-07-03,7.7000
1974-07-05,7.7100
1974-07-08,7.7700
1974-07-09,7.8100
1974-07-10,7.8200
1974-07-11,7.8400
1974-07-12,7.8500
1974-07-15,7.8600
1974-07-16,7.8800
1974-07-17,7.9100
1974-07-18,7.9000
1974-07-19,7.8700
1974-07-22,7.7700
1974-07-23,7.7900
1974-07-24,7.7600
1974-07-25,7.7500
1974-07-26,7.7900
1974-07-29,7.8500
1974-07-30,7.8900
1974-07-31,7.8900
1974-08-01,7.9200
1974-08-02,7.9600
1974-08-05,7.9900
1974-08-06,7.9700
1974-08-07,7.9700
1974-08-08,7.9700
1974-08-09,8.0300
1974-08-12,8.0500
1974-08-13,8.0600
1974-08-14,8.0500
1974-08-15,8.0200
1974-08-16,8.0000
1974-08-19,7.9800
1974-08-20,7.9900
1974-08-21,8.0500
1974-08-22,8.0900
1974-08-23,8.1500
1974-08-26,8.1600
1974-08-27,8.1500
1974-08-28,8.1500
1974-08-29,8.1500
1974-08-30,8.1100
1974-09-03,8.1100
1974-09-04,8.1200
1974-09-05,8.1000
1974-09-06,8.0900
1974-09-09,8.0200
1974-09-10,8.0400
1974-09-11,8.0500
1974-09-12,8.1300
1974-09-13,8.1300
1974-09-16,8.1000
1974-09-17,8.0900
1974-09-18,8.0800
1974-09-19,8.0400
1974-09-20,8.0200
1974-09-23,7.9100
1974-09-24,7.9400
1974-09-25,7.9400
1974-09-26,7.9600
1974-09-27,7.9400
1974-09-30,7.9400
1974-10-01,7.9700
1974-10-02,7.9800
1974-10-03,8.0400
1974-10-04,8.0200
1974-10-07,8.0100
1974-10-08,7.9500
1974-10-09,7.9500
1974-10-10,7.9300
1974-10-11,7.8800
1974-10-15,7.8700
1974-10-16,7.8700
1974-10-17,7.8800
1974-10-18,7.8600
1974-10-21,7.8100
1974-10-22,7.8100
1974-10-23,7.8500
1974-10-24,7.8700
1974-10-25,7.8600
1974-10-28,7.8800
1974-10-29,7.8400
1974-10-30,7.8100
1974-10-31,7.7900
1974-11-01,7.8000
1974-11-04,7.8000
1974-11-06,7.7600
1974-11-07,7.7400
1974-11-08,7.7200
1974-11-12,7.7800
1974-11-13,7.7500
1974-11-14,7.7200
1974-11-15,7.6100
1974-11-18,7.6300
1974-11-19,7.6300
1974-11-20,7.5900
1974-11-21,7.6000
1974-11-22,7.6000
1974-11-25,7.6200
1974-11-26,7.6300
1974-11-27,7.6400
1974-11-29,7.6400
1974-12-02,7.7100
1974-12-03,7.7400
1974-12-04,7.6800
1974-12-05,7.6400
1974-12-06,7.5900
1974-12-09,7.4000
1974-12-10,7.4200
1974-12-11,7.3800
1974-12-12,7.3900
1974-12-13,7.3800
1974-12-16,7.3400
1974-12-17,7.2800
1974-12-18,7.2500
1974-12-19,7.2500
1974-12-20,7.2700
1974-12-23,7.4100
1974-12-24,7.4300
1974-12-26,7.3700
1974-12-27,7.3900
1974-12-30,7.3900
1974-12-31,7.4000
1975-01-02,7.4200
1975-01-03,7.4300
1975-01-06,7.3900
1975-01-07,7.3800
1975-01-08,7.3900
1975-01-09,7.3500
1975-01-10,7.3700
1975-01-13,7.4600
1975-01-14,7.4900
1975-01-15,7.5400
1975-01-16,7.5400
1975-01-17,7.5300
1975-01-20,7.5900
1975-01-21,7.5500
1975-01-22,7.5100
1975-01-23,7.5700
1975-01-24,7.6400
1975-01-27,7.6100
1975-01-28,7.6100
1975-01-29,7.5900
1975-01-30,7.5400
1975-01-31,7.5300
1975-02-03,7.4900
1975-02-04,7.4700
1975-02-05,7.3500
1975-02-06,7.4300
1975-02-07,7.3800
1975-02-10,7.4500
1975-02-11,7.4200
1975-02-13,7.4400
1975-02-14,7.3500
1975-02-18,7.2800
1975-02-19,7.2600
1975-02-20,7.3000
1975-02-21,7.2200
1975-02-24,7.3600
1975-02-25,7.4300
1975-02-26,7.5000
1975-02-27,7.4700
1975-02-28,7.4600
1975-03-03,7.5000
1975-03-04,7.5300
1975-03-05,7.4800
1975-03-06,7.4900
1975-03-07,7.5200
1975-03-10,7.5600
1975-03-11,7.5800
1975-03-12,7.5800
1975-03-13,7.5600
1975-03-14,7.5800
1975-03-17,7.7000
1975-03-18,7.7000
1975-03-19,7.8000
1975-03-20,7.9500
1975-03-21,7.8400
1975-03-24,8.0500
1975-03-25,8.0300
1975-03-26,8.0200
1975-03-27,8.0800
1975-03-31,8.0100
1975-04-01,8.0800
1975-04-02,8.2200
1975-04-03,8.1300
1975-04-04,8.1500
1975-04-07,8.2600
1975-04-08,8.2100
1975-04-09,8.1700
1975-04-10,8.1900
1975-04-11,8.2200
1975-04-14,8.1600
1975-04-15,8.1600
1975-04-16,8.1500
1975-04-17,8.2100
1975-04-18,8.2700
1975-04-21,8.3200
1975-04-22,8.3200
1975-04-23,8.2700
1975-04-24,8.2500
1975-04-25,8.2500
1975-04-28,8.3500
1975-04-29,8.3400
1975-04-30,8.3100
1975-05-01,8.3100
1975-05-02,8.1100
1975-05-05,8.0800
1975-05-06,8.1100
1975-05-07,8.0700
1975-05-08,8.0900
1975-05-09,8.0800
1975-05-12,8.0700
1975-05-13,8.0600
1975-05-14,8.0200
1975-05-15,8.0200
1975-05-16,8.0100
1975-05-19,8.0000
1975-05-20,7.9800
1975-05-21,7.9800
1975-05-22,8.0200
1975-05-23,8.0200
1975-05-27,7.9800
1975-05-28,8.0200
1975-05-29,8.1800
1975-05-30,8.0400
1975-06-02,8.0200
1975-06-03,8.0000
1975-06-04,7.9900
1975-06-05,7.9700
1975-06-06,7.8800
1975-06-09,7.7800
1975-06-10,7.7700
1975-06-11,7.6500
1975-06-12,7.6700
1975-06-13,7.6900
1975-06-16,7.6600
1975-06-17,7.7200
1975-06-18,7.8300
1975-06-19,7.8000
1975-06-20,7.9400
1975-06-23,7.9000
1975-06-24,7.9000
1975-06-25,8.0200
1975-06-26,7.9800
1975-06-27,7.9500
1975-06-30,7.9600
1975-07-01,7.9700
1975-07-02,8.0500
1975-07-03,8.0500
1975-07-07,8.0600
1975-07-08,8.0100
1975-07-09,8.0200
1975-07-10,8.0200
1975-07-11,7.9900
1975-07-14,7.9900
1975-07-15,7.9800
1975-07-16,8.0300
1975-07-17,8.0400
1975-07-18,8.0600
1975-07-21,8.0700
1975-07-22,8.1000
1975-07-23,8.0900
1975-07-24,8.0900
1975-07-25,8.1200
1975-07-28,8.1200
1975-07-29,8.1300
1975-07-30,8.1600
1975-07-31,8.2000
1975-08-01,8.2600
1975-08-04,8.3700
1975-08-05,8.3700
1975-08-06,8.4000
1975-08-07,8.4800
1975-08-08,8.4000
1975-08-11,8.3800
1975-08-12,8.4000
1975-08-13,8.3900
1975-08-14,8.4500
1975-08-15,8.4800
1975-08-18,8.4600
1975-08-19,8.4200
1975-08-20,8.4200
1975-08-21,8.4800
1975-08-22,8.4600
1975-08-25,8.4600
1975-08-26,8.4000
1975-08-27,8.3700
1975-08-28,8.2800
1975-08-29,8.2200
1975-09-02,8.2600
1975-09-03,8.2900
1975-09-04,8.2900
1975-09-05,8.3500
1975-09-08,8.3600
1975-09-09,8.4000
1975-09-10,8.4600
1975-09-11,8.5500
1975-09-12,8.5700
1975-09-15,8.5800
1975-09-16,8.5900
1975-09-17,8.5300
1975-09-18,8.5000
1975-09-19,8.4200
1975-09-22,8.3800
1975-09-23,8.3500
1975-09-24,8.3100
1975-09-25,8.3800
1975-09-26,8.4500
1975-09-29,8.4600
1975-09-30,8.4800
1975-10-01,8.4700
1975-10-02,8.4400
1975-10-03,8.3300
1975-10-06,8.3000
1975-10-07,8.3300
1975-10-08,8.3000
1975-10-09,8.2300
1975-10-10,8.1500
1975-10-14,8.1900
1975-10-15,8.1900
1975-10-16,8.0700
1975-10-17,8.0700
1975-10-20,8.0700
1975-10-21,8.0500
1975-10-22,8.0500
1975-10-23,7.9900
1975-10-24,8.0000
1975-10-27,8.0000
1975-10-28,7.9900
1975-10-29,7.9800
1975-10-30,7.9200
1975-10-31,7.9100
1975-11-03,7.9700
1975-11-05,7.9100
1975-11-06,7.9400
1975-11-07,7.9100
1975-11-10,7.9000
1975-11-12,7.9500
1975-11-13,7.9700
1975-11-14,8.0600
1975-11-17,8.0800
1975-11-18,8.1300
1975-11-19,8.1400
1975-11-20,8.1200
1975-11-21,8.2100
1975-11-24,8.1600
1975-11-25,8.1600
1975-11-26,8.1500
1975-11-28,8.1400
1975-12-01,8.1200
1975-12-02,8.1000
1975-12-03,8.1000
1975-12-04,8.1500
1975-12-05,8.1300
1975-12-08,8.1900
1975-12-09,8.2300
1975-12-10,8.2300
1975-12-11,8.1600
1975-12-12,8.1200
1975-12-15,8.0600
1975-12-16,8.0000
1975-12-17,7.9500
1975-12-18,7.9600
1975-12-19,7.8800
1975-12-22,7.8700
1975-12-23,7.8700
1975-12-24,7.8200
1975-12-26,7.7500
1975-12-29,7.7500
1975-12-30,7.7300
1975-12-31,7.7600
1976-01-02,7.7700
1976-01-05,7.7400
1976-01-06,7.6400
1976-01-07,7.6900
1976-01-08,7.7400
1976-01-09,7.6400
1976-01-12,7.6300
1976-01-13,7.6400
1976-01-14,7.7100
1976-01-15,7.7300
1976-01-16,7.7900
1976-01-19,7.7600
1976-01-20,7.7100
1976-01-21,7.7800
1976-01-22,7.8000
1976-01-23,7.7800
1976-01-26,7.7900
1976-01-27,7.8000
1976-01-28,7.8300
1976-01-29,7.8200
1976-01-30,7.8000
1976-02-02,7.8000
1976-02-03,7.8200
1976-02-04,7.8500
1976-02-05,7.8300
1976-02-06,7.8800
1976-02-09,7.8600
1976-02-10,7.8800
1976-02-11,7.8500
1976-02-13,7.8200
1976-02-17,7.7800
1976-02-18,7.7900
1976-02-19,7.8000
1976-02-20,7.7700
1976-02-23,7.7200
1976-02-24,7.6900
1976-02-25,7.6800
1976-02-26,7.6800
1976-02-27,7.7700
1976-03-01,7.8600
1976-03-02,7.8200
1976-03-03,7.8200
1976-03-04,7.8500
1976-03-05,7.8000
1976-03-08,7.7600
1976-03-09,7.7800
1976-03-10,7.7600
1976-03-11,7.7700
1976-03-12,7.7100
1976-03-15,7.7400
1976-03-16,7.7600
1976-03-17,7.7600
1976-03-18,7.7300
1976-03-19,7.7400
1976-03-22,7.6800
1976-03-23,7.6700
1976-03-24,7.6500
1976-03-25,7.6400
1976-03-26,7.6400
1976-03-29,7.6400
1976-03-30,7.6500
1976-03-31,7.6600
1976-04-01,7.6800
1976-04-02,7.6700
1976-04-05,7.6200
1976-04-06,7.5900
1976-04-07,7.5600
1976-04-08,7.5500
1976-04-09,7.5200
1976-04-12,7.5200
1976-04-13,7.5000
1976-04-14,7.4700
1976-04-15,7.4700
1976-04-19,7.5100
1976-04-20,7.5000
1976-04-21,7.4700
1976-04-22,7.5200
1976-04-23,7.5900
1976-04-26,7.6100
1976-04-27,7.6200
1976-04-28,7.6000
1976-04-29,7.6100
1976-04-30,7.6700
1976-05-03,7.6900
1976-05-04,7.6600
1976-05-05,7.6800
1976-05-06,7.7800
1976-05-07,7.8700
1976-05-10,7.9200
1976-05-11,7.9200
1976-05-12,7.9400
1976-05-13,7.9200
1976-05-14,7.9300
1976-05-17,7.9400
1976-05-18,7.9400
1976-05-19,7.9400
1976-05-20,7.9500
1976-05-21,8.0000
1976-05-24,7.9800
1976-05-25,7.9400
1976-05-26,7.9500
1976-05-27,7.9900
1976-05-28,7.9600
1976-06-01,7.9400
1976-06-02,7.9400
1976-06-03,7.9200
1976-06-04,7.8900
1976-06-07,7.8800
1976-06-08,7.9000
1976-06-09,7.9000
1976-06-10,7.8600
1976-06-11,7.8600
1976-06-14,7.8400
1976-06-15,7.8500
1976-06-16,7.8700
1976-06-17,7.8500
1976-06-18,7.8100
1976-06-21,7.8000
1976-06-22,7.8100
1976-06-23,7.8100
1976-06-24,7.8100
1976-06-25,7.8300
1976-06-28,7.8600
1976-06-29,7.8600
1976-06-30,7.8600
1976-07-01,7.8800
1976-07-02,7.8400
1976-07-06,7.8200
1976-07-07,7.8400
1976-07-08,7.8200
1976-07-09,7.7800
1976-07-12,7.7600
1976-07-13,7.7700
1976-07-14,7.7900
1976-07-15,7.7700
1976-07-16,7.8300
1976-07-19,7.8600
1976-07-20,7.8700
1976-07-21,7.8600
1976-07-22,7.8600
1976-07-23,7.8400
1976-07-26,7.8700
1976-07-27,7.8500
1976-07-28,7.8500
1976-07-29,7.8500
1976-07-30,7.8600
1976-08-02,7.8500
1976-08-03,7.8200
1976-08-04,7.8100
1976-08-05,7.8200
1976-08-06,7.8400
1976-08-09,7.8400
1976-08-10,7.8400
1976-08-11,7.8200
1976-08-12,7.8100
1976-08-13,7.7800
1976-08-16,7.7400
1976-08-17,7.7500
1976-08-18,7.7600
1976-08-19,7.7600
1976-08-20,7.7600
1976-08-23,7.7300
1976-08-24,7.7200
1976-08-25,7.6900
1976-08-26,7.6800
1976-08-27,7.7200
1976-08-30,7.7100
1976-08-31,7.6600
1976-09-01,7.6400
1976-09-02,7.6700
1976-09-03,7.6500
1976-09-07,7.6400
1976-09-08,7.6400
1976-09-09,7.6600
1976-09-10,7.6400
1976-09-13,7.6400
1976-09-14,7.6400
1976-09-15,7.6200
1976-09-16,7.6000
1976-09-17,7.4900
1976-09-20,7.5200
1976-09-21,7.5100
1976-09-22,7.5300
1976-09-23,7.5400
1976-09-24,7.5800
1976-09-27,7.6000
1976-09-28,7.5600
1976-09-29,7.5600
1976-09-30,7.5500
1976-10-01,7.4900
1976-10-04,7.4600
1976-10-05,7.4700
1976-10-06,7.4400
1976-10-07,7.4300
1976-10-08,7.3800
1976-10-12,7.3500
1976-10-13,7.3500
1976-10-14,7.3400
1976-10-15,7.3100
1976-10-18,7.3100
1976-10-19,7.3500
1976-10-20,7.3800
1976-10-21,7.3900
1976-10-22,7.4800
1976-10-25,7.5300
1976-10-26,7.4800
1976-10-27,7.4500
1976-10-28,7.4100
1976-10-29,7.4200
1976-11-01,7.3800
1976-11-03,7.4400
1976-11-04,7.3800
1976-11-05,7.4100
1976-11-08,7.4600
1976-11-09,7.4600
1976-11-10,7.4500
1976-11-12,7.4300
1976-11-15,7.4100
1976-11-16,7.3300
1976-11-17,7.3200
1976-11-18,7.3300
1976-11-19,7.2400
1976-11-22,7.1700
1976-11-23,7.1600
1976-11-24,7.1400
1976-11-26,6.9900
1976-11-29,7.0200
1976-11-30,7.0100
1976-12-01,6.9700
1976-12-02,6.9200
1976-12-03,6.8600
1976-12-06,6.8700
1976-12-07,6.8800
1976-12-08,6.9100
1976-12-09,6.9200
1976-12-10,6.8200
1976-12-13,6.9000
1976-12-14,6.8900
1976-12-15,6.8800
1976-12-16,6.8800
1976-12-17,6.8800
1976-12-20,6.8400
1976-12-21,6.8500
1976-12-22,6.8600
1976-12-23,6.8400
1976-12-27,6.8400
1976-12-28,6.8600
1976-12-29,6.8400
1976-12-30,6.8000
1976-12-31,6.8100
1977-01-03,6.8400
1977-01-04,6.9000
1977-01-05,6.8800
1977-01-06,6.9300
1977-01-07,7.0700
1977-01-10,7.2000
1977-01-11,7.2800
1977-01-12,7.2600
1977-01-13,7.1800
1977-01-14,7.2800
1977-01-17,7.2800
1977-01-18,7.3400
1977-01-19,7.2800
1977-01-20,7.2600
1977-01-21,7.2800
1977-01-24,7.3400
1977-01-25,7.3200
1977-01-26,7.3300
1977-01-27,7.4300
1977-01-28,7.4000
1977-01-31,7.4000
1977-02-01,7.4100
1977-02-02,7.4700
1977-02-03,7.4600
1977-02-04,7.2800
1977-02-07,7.3400
1977-02-08,7.3500
1977-02-09,7.3400
1977-02-10,7.3400
1977-02-11,7.3600
1977-02-14,7.3800
1977-02-15,7.3600
1977-02-16,7.3400
1977-02-17,7.2600
1977-02-18,7.4100
1977-02-22,7.4200
1977-02-23,7.4800
1977-02-24,7.5000
1977-02-25,7.4800
1977-02-28,7.4500
1977-03-01,7.4900
1977-03-02,7.4500
1977-03-03,7.4300
1977-03-04,7.4800
1977-03-07,7.5000
1977-03-08,7.5200
1977-03-09,7.5000
1977-03-10,7.4900
1977-03-11,7.4400
1977-03-14,7.4500
1977-03-15,7.4400
1977-03-16,7.4400
1977-03-17,7.4700
1977-03-18,7.4400
1977-03-21,7.4300
1977-03-22,7.4300
1977-03-23,7.4400
1977-03-24,7.4600
1977-03-25,7.4800
1977-03-28,7.4700
1977-03-29,7.4700
1977-03-30,7.4400
1977-03-31,7.4200
1977-04-01,7.4300
1977-04-04,7.4400
1977-04-05,7.4700
1977-04-06,7.4600
1977-04-07,7.4300
1977-04-11,7.3900
1977-04-12,7.3900
1977-04-13,7.3600
1977-04-14,7.2200
1977-04-15,7.2500
1977-04-18,7.2500
1977-04-19,7.3000
1977-04-20,7.3200
1977-04-21,7.3300
1977-04-22,7.3600
1977-04-25,7.4000
1977-04-26,7.3800
1977-04-27,7.3800
1977-04-28,7.4000
1977-04-29,7.4500
1977-05-02,7.4500
1977-05-03,7.4400
1977-05-04,7.4500
1977-05-05,7.4700
1977-05-06,7.5000
1977-05-09,7.5000
1977-05-10,7.5200
1977-05-11,7.5200
1977-05-12,7.5000
1977-05-13,7.4800
1977-05-16,7.4600
1977-05-17,7.4500
1977-05-18,7.4300
1977-05-19,7.4900
1977-05-20,7.4900
1977-05-23,7.4600
1977-05-24,7.4100
1977-05-25,7.3900
1977-05-26,7.4200
1977-05-27,7.3800
1977-05-31,7.3800
1977-06-01,7.3800
1977-06-02,7.3900
1977-06-03,7.3600
1977-06-06,7.3700
1977-06-07,7.3600
1977-06-08,7.3600
1977-06-09,7.3500
1977-06-10,7.3000
1977-06-13,7.2700
1977-06-14,7.2200
1977-06-15,7.2300
1977-06-16,7.2400
1977-06-17,7.2400
1977-06-20,7.2700
1977-06-21,7.2600
1977-06-22,7.2500
1977-06-23,7.2600
1977-06-24,7.2000
1977-06-27,7.2000
1977-06-28,7.1600
1977-06-29,7.1900
1977-06-30,7.2000
1977-07-01,7.3400
1977-07-05,7.3500
1977-07-06,7.3700
1977-07-07,7.2900
1977-07-08,7.3100
1977-07-11,7.3300
1977-07-12,7.3200
1977-07-13,7.2800
1977-07-15,7.3100
1977-07-18,7.3400
1977-07-19,7.3300
1977-07-20,7.3200
1977-07-21,7.3200
1977-07-22,7.3100
1977-07-25,7.2800
1977-07-26,7.2800
1977-07-27,7.3600
1977-07-28,7.4100
1977-07-29,7.4200
1977-08-01,7.4300
1977-08-02,7.4400
1977-08-03,7.4200
1977-08-04,7.4300
1977-08-05,7.4200
1977-08-08,7.4100
1977-08-09,7.4500
1977-08-10,7.4600
1977-08-11,7.4700
1977-08-12,7.4800
1977-08-15,7.4800
1977-08-16,7.4800
1977-08-17,7.4400
1977-08-18,7.4200
1977-08-19,7.4000
1977-08-22,7.3900
1977-08-23,7.3600
1977-08-24,7.3500
1977-08-25,7.3200
1977-08-26,7.2700
1977-08-29,7.2500
1977-08-30,7.2700
1977-08-31,7.2800
1977-09-01,7.3000
1977-09-02,7.2400
1977-09-06,7.2400
1977-09-07,7.2600
1977-09-08,7.2800
1977-09-09,7.3600
1977-09-12,7.3800
1977-09-13,7.3700
1977-09-14,7.3400
1977-09-15,7.3300
1977-09-16,7.3200
1977-09-19,7.3200
1977-09-20,7.3600
1977-09-21,7.3600
1977-09-22,7.3900
1977-09-23,7.3900
1977-09-26,7.4200
1977-09-27,7.3800
1977-09-28,7.3800
1977-09-29,7.3900
1977-09-30,7.4100
1977-10-03,7.4100
1977-10-04,7.4000
1977-10-05,7.4000
1977-10-06,7.4400
1977-10-07,7.4800
1977-10-11,7.5400
1977-10-12,7.5400
1977-10-13,7.5400
1977-10-14,7.5400
1977-10-17,7.5500
1977-10-18,7.5500
1977-10-19,7.5400
1977-10-20,7.5400
1977-10-21,7.5500
1977-10-24,7.5600
1977-10-25,7.5800
1977-10-26,7.5700
1977-10-27,7.5600
1977-10-28,7.5600
1977-10-31,7.6200
1977-11-01,7.6300
1977-11-02,7.6900
1977-11-03,7.6800
1977-11-04,7.6400
1977-11-07,7.6200
1977-11-09,7.6000
1977-11-10,7.5900
1977-11-14,7.5600
1977-11-15,7.5600
1977-11-16,7.5500
1977-11-17,7.5400
1977-11-18,7.5400
1977-11-21,7.5600
1977-11-22,7.5400
1977-11-23,7.5200
1977-11-25,7.5200
1977-11-28,7.5300
1977-11-29,7.5500
1977-11-30,7.5500
1977-12-01,7.5800
1977-12-02,7.5900
1977-12-05,7.6000
1977-12-06,7.6300
1977-12-07,7.6300
1977-12-08,7.6400
1977-12-09,7.6300
1977-12-12,7.6400
1977-12-13,7.6500
1977-12-14,7.6600
1977-12-15,7.6700
1977-12-16,7.6700
1977-12-19,7.6900
1977-12-20,7.7400
1977-12-21,7.7200
1977-12-22,7.7500
1977-12-23,7.7500
1977-12-27,7.7700
1977-12-28,7.7800
1977-12-29,7.8200
1977-12-30,7.7800
1978-01-03,7.8300
1978-01-04,7.8200
1978-01-05,7.8300
1978-01-06,7.8500
1978-01-09,8.0100
1978-01-10,8.0200
1978-01-11,8.0300
1978-01-12,8.0200
1978-01-13,7.9800
1978-01-16,7.9800
1978-01-17,7.9800
1978-01-18,7.9800
1978-01-19,7.9700
1978-01-20,7.9700
1978-01-23,7.9700
1978-01-24,7.9900
1978-01-25,8.0000
1978-01-26,7.9800
1978-01-27,7.9700
1978-01-30,7.9600
1978-01-31,7.9400
1978-02-01,7.9600
1978-02-02,7.9600
1978-02-03,7.9700
1978-02-06,7.9900
1978-02-07,7.9900
1978-02-08,8.0000
1978-02-09,8.0100
1978-02-10,8.0200
1978-02-14,8.0500
1978-02-15,8.0800
1978-02-16,8.1000
1978-02-17,8.0900
1978-02-21,8.1000
1978-02-22,8.1000
1978-02-23,8.0800
1978-02-24,8.0400
1978-02-27,8.0200
1978-02-28,8.0400
1978-03-01,8.0500
1978-03-02,8.0400
1978-03-03,8.0400
1978-03-06,8.0500
1978-03-07,8.0300
1978-03-08,8.0300
1978-03-09,8.0200
1978-03-10,8.0000
1978-03-13,7.9900
1978-03-14,7.9900
1978-03-15,8.0000
1978-03-16,8.0000
1978-03-17,8.0000
1978-03-20,7.9700
1978-03-21,7.9700
1978-03-22,7.9800
1978-03-23,8.0100
1978-03-27,8.1200
1978-03-28,8.1200
1978-03-29,8.1100
1978-03-30,8.1200
1978-03-31,8.1500
1978-04-03,8.1300
1978-04-04,8.1200
1978-04-05,8.1400
1978-04-06,8.1600
1978-04-07,8.1400
1978-04-10,8.1500
1978-04-11,8.1600
1978-04-12,8.1600
1978-04-13,8.1500
1978-04-14,8.1200
1978-04-17,8.0800
1978-04-18,8.0800
1978-04-19,8.1300
1978-04-20,8.1400
1978-04-21,8.1600
1978-04-24,8.1800
1978-04-25,8.1800
1978-04-26,8.2200
1978-04-27,8.2400
1978-04-28,8.2400
1978-05-01,8.2400
1978-05-02,8.2500
1978-05-03,8.2800
1978-05-04,8.2700
1978-05-05,8.3400
1978-05-08,8.3500
1978-05-09,8.3400
1978-05-10,8.3400
1978-05-11,8.3400
1978-05-12,8.3600
1978-05-15,8.3500
1978-05-16,8.3400
1978-05-17,8.3300
1978-05-18,8.3700
1978-05-19,8.3800
1978-05-22,8.3800
1978-05-23,8.3700
1978-05-24,8.3900
1978-05-25,8.4000
1978-05-26,8.4200
1978-05-31,8.4200
1978-06-01,8.4100
1978-06-02,8.3900
1978-06-05,8.3800
1978-06-06,8.3700
1978-06-07,8.3700
1978-06-08,8.3800
1978-06-09,8.4100
1978-06-12,8.4000
1978-06-13,8.4100
1978-06-14,8.4100
1978-06-15,8.4100
1978-06-16,8.4300
1978-06-19,8.4500
1978-06-20,8.4700
1978-06-21,8.5000
1978-06-22,8.5000
1978-06-23,8.5500
1978-06-26,8.5900
1978-06-27,8.5800
1978-06-28,8.5700
1978-06-29,8.5700
1978-06-30,8.6200
1978-07-03,8.5900
1978-07-05,8.6200
1978-07-06,8.6200
1978-07-07,8.6600
1978-07-10,8.6800
1978-07-11,8.6800
1978-07-12,8.6700
1978-07-13,8.6800
1978-07-14,8.6800
1978-07-17,8.6500
1978-07-18,8.6300
1978-07-19,8.6200
1978-07-20,8.6600
1978-07-21,8.6700
1978-07-24,8.6700
1978-07-25,8.6700
1978-07-26,8.6600
1978-07-27,8.5800
1978-07-28,8.5500
1978-07-31,8.5600
1978-08-01,8.5400
1978-08-02,8.4400
1978-08-03,8.3900
1978-08-04,8.3800
1978-08-07,8.3600
1978-08-08,8.3500
1978-08-09,8.3400
1978-08-10,8.4500
1978-08-11,8.4400
1978-08-14,8.4500
1978-08-15,8.4600
1978-08-16,8.5500
1978-08-17,8.4800
1978-08-18,8.4600
1978-08-21,8.4100
1978-08-22,8.4100
1978-08-23,8.3200
1978-08-24,8.3500
1978-08-25,8.3400
1978-08-28,8.3500
1978-08-29,8.3700
1978-08-30,8.4200
1978-08-31,8.3900
1978-09-01,8.3800
1978-09-05,8.3400
1978-09-06,8.3500
1978-09-07,8.3400
1978-09-08,8.3400
1978-09-11,8.3100
1978-09-12,8.2900
1978-09-13,8.3000
1978-09-14,8.3200
1978-09-15,8.3500
1978-09-18,8.3700
1978-09-19,8.3800
1978-09-20,8.4600
1978-09-21,8.5100
1978-09-22,8.5600
1978-09-25,8.5600
1978-09-26,8.5300
1978-09-27,8.5400
1978-09-28,8.5400
1978-09-29,8.5600
1978-10-02,8.5800
1978-10-03,8.5700
1978-10-04,8.5900
1978-10-05,8.6000
1978-10-06,8.5800
1978-10-10,8.5800
1978-10-11,8.5600
1978-10-12,8.5100
1978-10-13,8.5200
1978-10-16,8.5900
1978-10-17,8.6000
1978-10-18,8.6200
1978-10-19,8.6400
1978-10-20,8.6600
1978-10-23,8.6600
1978-10-24,8.6400
1978-10-25,8.6500
1978-10-26,8.7200
1978-10-27,8.7800
1978-10-30,8.8800
1978-10-31,8.9600
1978-11-01,8.6600
1978-11-02,8.7300
1978-11-03,8.8600
1978-11-06,8.8500
1978-11-08,8.8600
1978-11-09,8.8700
1978-11-10,8.8600
1978-11-13,8.8300
1978-11-14,8.8200
1978-11-15,8.7600
1978-11-16,8.7200
1978-11-17,8.7200
1978-11-20,8.7200
1978-11-21,8.7700
1978-11-22,8.7700
1978-11-24,8.8600
1978-11-27,8.8600
1978-11-28,8.8600
1978-11-29,8.8600
1978-11-30,8.8600
1978-12-01,8.8000
1978-12-04,8.8200
1978-12-05,8.8500
1978-12-06,8.8500
1978-12-07,8.8900
1978-12-08,8.9000
1978-12-11,8.9000
1978-12-12,8.9200
1978-12-13,8.9800
1978-12-14,8.9600
1978-12-15,9.0000
1978-12-18,9.1300
1978-12-19,9.1400
1978-12-20,9.1600
1978-12-21,9.1600
1978-12-22,9.1100
1978-12-26,9.1300
1978-12-27,9.1200
1978-12-28,9.1600
1978-12-29,9.1500
1979-01-02,9.1800
1979-01-03,9.1600
1979-01-04,9.1100
1979-01-05,9.1000
1979-01-08,9.1400
1979-01-09,9.1600
1979-01-10,9.1600
1979-01-11,9.1500
1979-01-12,9.1400
1979-01-15,9.1500
1979-01-16,9.1600
1979-01-17,9.1800
1979-01-18,9.1800
1979-01-19,9.1500
1979-01-22,9.1200
1979-01-23,9.1000
1979-01-24,9.0800
1979-01-25,8.9800
1979-01-26,8.9300
1979-01-29,8.9600
1979-01-30,8.9500
1979-01-31,8.9500
1979-02-01,8.9400
1979-02-02,8.8900
1979-02-05,8.9500
1979-02-06,9.0000
1979-02-07,9.0900
1979-02-08,9.0900
1979-02-09,9.1100
1979-02-13,9.1100
1979-02-14,9.1200
1979-02-15,9.1200
1979-02-16,9.1100
1979-02-20,9.1200
1979-02-21,9.1500
1979-02-22,9.2000
1979-02-23,9.2100
1979-02-26,9.2000
1979-02-27,9.1900
1979-02-28,9.1700
1979-03-01,9.1700
1979-03-02,9.1600
1979-03-05,9.1100
1979-03-06,9.1400
1979-03-07,9.1000
1979-03-08,9.1000
1979-03-09,9.1100
1979-03-12,9.1100
1979-03-13,9.1100
1979-03-14,9.1200
1979-03-15,9.1400
1979-03-16,9.1200
1979-03-19,9.1200
1979-03-20,9.1300
1979-03-21,9.1300
1979-03-22,9.1200
1979-03-23,9.1200
1979-03-26,9.1200
1979-03-27,9.1100
1979-03-28,9.0700
1979-03-29,9.0600
1979-03-30,9.1100
1979-04-02,9.1100
1979-04-03,9.1000
1979-04-04,9.0900
1979-04-05,9.0700
1979-04-06,9.1000
1979-04-09,9.1400
1979-04-10,9.1700
1979-04-11,9.2000
1979-04-12,9.2000
1979-04-16,9.1900
1979-04-17,9.1600
1979-04-18,9.1500
1979-04-19,9.1500
1979-04-20,9.1900
1979-04-23,9.2100
1979-04-24,9.2400
1979-04-25,9.2300
1979-04-26,9.2700
1979-04-27,9.3200
1979-04-30,9.3500
1979-05-01,9.3600
1979-05-02,9.3400
1979-05-03,9.3800
1979-05-04,9.3900
1979-05-07,9.3900
1979-05-08,9.3800
1979-05-09,9.3600
1979-05-10,9.3600
1979-05-11,9.3400
1979-05-14,9.3000
1979-05-15,9.3200
1979-05-16,9.3100
1979-05-17,9.2400
1979-05-18,9.2300
1979-05-21,9.2400
1979-05-22,9.1500
1979-05-23,9.0700
1979-05-24,9.0600
1979-05-25,9.0100
1979-05-29,9.0100
1979-05-31,9.0600
1979-06-01,9.0500
1979-06-04,9.0600
1979-06-05,9.0200
1979-06-06,8.9700
1979-06-07,8.8900
1979-06-08,8.9000
1979-06-11,8.9400
1979-06-12,8.7900
1979-06-13,8.8300
1979-06-14,8.8700
1979-06-15,8.9600
1979-06-18,8.9500
1979-06-19,8.9500
1979-06-20,8.9400
1979-06-21,8.9300
1979-06-22,8.9800
1979-06-25,8.9300
1979-06-26,8.8200
1979-06-27,8.8000
1979-06-28,8.8000
1979-06-29,8.8100
1979-07-02,8.7600
1979-07-03,8.7700
1979-07-05,8.8000
1979-07-06,8.8200
1979-07-09,8.8600
1979-07-10,8.9200
1979-07-11,8.9700
1979-07-12,8.9500
1979-07-13,8.9400
1979-07-16,8.9900
1979-07-17,9.0100
1979-07-18,9.0300
1979-07-19,9.0400
1979-07-20,8.9800
1979-07-23,9.0300
1979-07-24,9.0600
1979-07-25,8.9900
1979-07-26,8.9700
1979-07-27,9.0200
1979-07-30,9.0300
1979-07-31,9.0100
1979-08-01,8.9900
1979-08-02,8.9100
1979-08-03,8.9200
1979-08-06,8.9100
1979-08-07,8.9100
1979-08-08,8.9300
1979-08-09,8.9700
1979-08-10,9.0000
1979-08-13,9.0000
1979-08-14,8.9800
1979-08-15,9.0000
1979-08-16,9.0000
1979-08-17,9.0100
1979-08-20,9.0200
1979-08-21,9.0400
1979-08-22,9.0400
1979-08-23,9.0500
1979-08-24,9.1400
1979-08-27,9.1200
1979-08-28,9.1500
1979-08-29,9.1400
1979-08-30,9.2100
1979-08-31,9.2400
1979-09-04,9.3200
1979-09-05,9.3200
1979-09-06,9.3500
1979-09-07,9.3400
1979-09-10,9.3600
1979-09-11,9.2500
1979-09-12,9.3000
1979-09-13,9.3400
1979-09-14,9.2900
1979-09-17,9.3700
1979-09-18,9.3600
1979-09-19,9.3100
1979-09-20,9.2900
1979-09-21,9.2600
1979-09-24,9.3400
1979-09-25,9.3200
1979-09-26,9.3600
1979-09-27,9.4400
1979-09-28,9.4400
1979-10-01,9.5100
1979-10-02,9.4700
1979-10-03,9.5000
1979-10-04,9.5800
1979-10-05,9.6000
1979-10-09,9.9300
1979-10-10,10.0900
1979-10-11,10.1700
1979-10-12,10.1500
1979-10-15,10.3100
1979-10-16,10.2700
1979-10-17,10.2000
1979-10-18,10.4100
1979-10-19,10.6800
1979-10-22,10.9600
1979-10-23,11.0200
1979-10-24,10.8300
1979-10-25,10.9800
1979-10-26,10.6700
1979-10-29,10.7800
1979-10-30,10.7500
1979-10-31,10.7200
1979-11-01,10.7900
1979-11-02,10.8400
1979-11-05,10.8500
1979-11-07,11.0000
1979-11-08,10.9600
1979-11-09,10.6800
1979-11-13,10.6300
1979-11-14,10.7500
1979-11-15,10.6200
1979-11-16,10.7700
1979-11-19,10.8000
1979-11-20,10.7800
1979-11-21,10.7300
1979-11-23,10.5100
1979-11-26,10.3700
1979-11-27,10.2400
1979-11-28,10.3700
1979-11-29,10.3400
1979-11-30,10.3800
1979-12-03,10.4400
1979-12-04,10.3200
1979-12-05,10.2700
1979-12-06,10.1300
1979-12-07,10.3000
1979-12-10,10.2700
1979-12-11,10.4600
1979-12-12,10.5800
1979-12-13,10.5100
1979-12-14,10.4500
1979-12-17,10.4200
1979-12-18,10.3400
1979-12-19,10.3300
1979-12-20,10.3800
1979-12-21,10.3900
1979-12-24,10.4500
1979-12-26,10.4800
1979-12-27,10.4600
1979-12-28,10.4100
1979-12-31,10.3300
1980-01-02,10.4820
1980-01-03,10.5840
1980-01-04,10.6360
1980-01-07,10.6100
1980-01-08,10.5530
1980-01-09,10.5580
1980-01-10,10.4920
1980-01-11,10.6610
1980-01-14,10.6820
1980-01-15,10.6300
1980-01-16,10.6300
1980-01-17,10.6860
1980-01-18,10.8020
1980-01-21,10.9330
1980-01-22,10.8270
1980-01-23,10.7960
1980-01-24,10.9870
1980-01-25,11.0780
1980-01-28,11.1310
1980-01-29,11.1860
1980-01-30,11.1420
1980-01-31,11.1100
1980-02-01,11.2680
1980-02-04,11.3830
1980-02-05,11.7070
1980-02-06,11.8960
1980-02-07,11.6840
1980-02-08,11.7650
1980-02-11,11.9830
1980-02-12,11.9830
1980-02-13,11.8390
1980-02-14,11.9490
1980-02-15,12.1600
1980-02-18,12.1600
1980-02-19,12.8250
1980-02-20,12.8130
1980-02-21,13.1920
1980-02-22,13.0400
1980-02-25,13.2570
1980-02-26,13.6360
1980-02-27,13.4390
1980-02-28,12.8410
1980-02-29,12.6990
1980-03-03,12.7860
1980-03-04,12.9040
1980-03-05,13.0180
1980-03-06,13.0430
1980-03-07,12.8190
1980-03-10,12.5970
1980-03-11,12.3800
1980-03-12,12.5850
1980-03-13,12.4770
1980-03-14,12.4900
1980-03-17,12.5500
1980-03-18,12.3700
1980-03-19,12.3090
1980-03-20,12.3090
1980-03-21,12.7250
1980-03-24,13.1400
1980-03-25,13.0650
1980-03-26,12.9880
1980-03-27,12.9260
1980-03-28,12.6840
1980-03-31,12.6040
1980-04-01,12.6540
1980-04-02,12.5930
1980-04-03,12.4840
1980-04-04,12.4850
1980-04-07,12.4850
1980-04-08,12.1720
1980-04-09,12.0200
1980-04-10,12.0200
1980-04-11,12.0210
1980-04-14,11.5840
1980-04-15,11.5390
1980-04-16,10.8670
1980-04-17,11.0830
1980-04-18,11.0080
1980-04-21,10.8570
1980-04-22,10.7820
1980-04-23,10.8470
1980-04-24,10.9220
1980-04-25,10.9110
1980-04-28,10.5830
1980-04-29,10.6250
1980-04-30,10.7190
1980-05-01,10.5290
1980-05-02,10.1800
1980-05-05,10.1540
1980-05-06,9.7110
1980-05-07,9.9080
1980-05-08,10.1390
1980-05-09,10.2810
1980-05-12,10.1990
1980-05-13,10.0780
1980-05-14,10.1140
1980-05-15,10.2770
1980-05-16,10.3490
1980-05-19,10.4940
1980-05-20,10.1790
1980-05-21,10.0420
1980-05-22,10.0620
1980-05-23,9.8110
1980-05-26,9.8110
1980-05-27,9.9200
1980-05-28,9.9200
1980-05-29,10.2030
1980-05-30,10.2080
1980-06-02,9.8690
1980-06-03,9.7310
1980-06-04,9.6690
1980-06-05,9.5730
1980-06-06,9.3970
1980-06-09,9.2540
1980-06-10,9.3000
1980-06-11,9.2960
1980-06-12,9.2430
1980-06-13,9.1740
1980-06-16,9.1430
1980-06-17,9.1130
1980-06-18,9.1390
1980-06-19,9.1580
1980-06-20,9.1390
1980-06-23,9.1850
1980-06-24,9.1950
1980-06-25,9.4100
1980-06-26,9.1450
1980-06-27,9.2870
1980-06-30,9.4330
1980-07-01,9.4940
1980-07-02,9.5480
1980-07-03,9.4430
1980-07-04,9.4440
1980-07-07,9.4440
1980-07-08,9.4960
1980-07-09,9.4860
1980-07-10,9.5280
1980-07-11,9.6350
1980-07-14,9.6660
1980-07-15,9.5710
1980-07-16,9.5400
1980-07-17,9.6620
1980-07-18,9.6470
1980-07-21,9.6050
1980-07-22,9.6900
1980-07-23,9.6680
1980-07-24,9.7760
1980-07-25,9.8150
1980-07-28,9.8740
1980-07-29,9.9080
1980-07-30,9.9720
1980-07-31,10.2500
1980-08-01,10.2390
1980-08-04,10.0850
1980-08-05,10.1630
1980-08-06,10.2850
1980-08-07,10.2250
1980-08-08,10.3260
1980-08-11,10.4810
1980-08-12,10.5270
1980-08-13,10.5040
1980-08-14,10.4700
1980-08-15,10.4950
1980-08-18,10.6690
1980-08-19,10.7490
1980-08-20,10.7500
1980-08-21,10.7750
1980-08-22,10.6660
1980-08-25,10.8820
1980-08-26,10.8000
1980-08-27,10.9790
1980-08-28,10.9790
1980-08-29,10.8380
1980-09-01,11.5420
1980-09-02,11.3110
1980-09-03,11.0640
1980-09-04,11.1490
1980-09-05,11.1820
1980-09-08,11.2690
1980-09-09,11.1700
1980-09-10,11.1170
1980-09-11,11.3000
1980-09-12,11.3440
1980-09-15,11.5980
1980-09-16,11.4990
1980-09-17,11.5430
1980-09-18,11.5040
1980-09-19,11.3000
1980-09-22,11.6610
1980-09-23,11.7330
1980-09-24,11.7230
1980-09-25,11.8810
1980-09-26,11.9620
1980-09-29,12.0440
1980-09-30,11.8360
1980-10-01,11.7580
1980-10-02,11.8030
1980-10-03,11.3780
1980-10-06,11.3240
1980-10-07,11.4010
1980-10-08,11.4900
1980-10-09,11.3680
1980-10-10,11.4120
1980-10-13,11.4120
1980-10-14,11.3460
1980-10-15,11.2650
1980-10-16,11.4460
1980-10-17,11.5960
1980-10-20,11.6130
1980-10-21,11.6700
1980-10-22,11.8520
1980-10-23,11.7940
1980-10-24,11.6540
1980-10-27,12.1070
1980-10-28,12.2960
1980-10-29,12.4510
1980-10-30,12.4510
1980-10-31,12.4290
1980-11-03,12.4290
1980-11-04,12.4290
1980-11-05,12.5860
1980-11-06,12.9200
1980-11-07,12.5990
1980-11-10,12.6250
1980-11-11,12.6250
1980-11-12,12.1690
1980-11-13,12.2470
1980-11-14,12.5180
1980-11-17,12.6880
1980-11-18,12.3080
1980-11-19,12.2310
1980-11-20,12.2910
1980-11-21,12.5200
1980-11-24,12.4720
1980-11-25,12.4360
1980-11-26,12.3520
1980-11-27,12.3520
1980-11-28,12.4260
1980-12-01,12.9050
1980-12-02,12.9050
1980-12-03,12.9050
1980-12-04,12.8930
1980-12-05,12.8360
1980-12-08,12.8360
1980-12-09,13.0860
1980-12-10,13.1370
1980-12-11,13.5520
1980-12-12,13.1880
1980-12-15,13.2340
1980-12-16,13.4860
1980-12-17,13.2570
1980-12-18,13.1990
1980-12-19,12.6210
1980-12-22,12.1220
1980-12-23,12.3310
1980-12-24,12.4010
1980-12-25,12.4010
1980-12-26,12.2270
1980-12-29,12.1790
1980-12-30,12.3670
1980-12-31,12.4110
1981-01-01,12.4110
1981-01-02,12.4050
1981-01-05,12.1290
1981-01-06,12.0970
1981-01-07,12.3660
1981-01-08,12.3440
1981-01-09,12.5510
1981-01-12,12.4300
1981-01-13,12.5180
1981-01-14,12.5060
1981-01-15,12.5940
1981-01-16,12.5170
1981-01-19,12.6270
1981-01-20,12.4830
1981-01-21,12.7490
1981-01-22,12.8510
1981-01-23,12.8160
1981-01-26,12.6760
1981-01-27,12.7150
1981-01-28,12.7770
1981-01-29,12.7770
1981-01-30,12.6700
1981-02-02,12.8380
1981-02-03,12.9510
1981-02-04,12.8490
1981-02-05,12.9290
1981-02-06,13.0550
1981-02-09,13.1580
1981-02-10,13.2570
1981-02-11,13.3930
1981-02-12,13.3930
1981-02-13,13.6200
1981-02-16,13.6200
1981-02-17,13.2990
1981-02-18,13.2750
1981-02-19,13.0650
1981-02-20,12.8710
1981-02-23,13.1700
1981-02-24,13.1810
1981-02-25,13.2690
1981-02-26,13.4530
1981-02-27,13.4110
1981-03-02,13.5970
1981-03-03,13.4110
1981-03-04,13.4290
1981-03-05,13.4060
1981-03-06,13.1810
1981-03-09,13.0600
1981-03-10,13.0430
1981-03-11,13.0760
1981-03-12,12.9910
1981-03-13,12.8360
1981-03-16,12.8250
1981-03-17,12.6440
1981-03-18,12.5430
1981-03-19,12.6440
1981-03-20,12.7450
1981-03-23,12.7450
1981-03-24,13.2720
1981-03-25,13.1830
1981-03-26,13.3060
1981-03-27,13.3250
1981-03-30,13.1840
1981-03-31,13.1010
1981-04-01,13.1130
1981-04-02,13.2250
1981-04-03,13.3730
1981-04-06,13.7110
1981-04-07,13.3850
1981-04-08,13.5770
1981-04-09,13.4210
1981-04-10,13.4640
1981-04-13,13.6500
1981-04-14,13.5530
1981-04-15,13.7130
1981-04-16,13.7620
1981-04-17,13.7630
1981-04-20,13.6770
1981-04-21,13.7130
1981-04-22,13.7620
1981-04-23,13.7960
1981-04-24,13.8620
1981-04-27,13.9000
1981-04-28,13.9120
1981-04-29,14.0380
1981-04-30,14.0880
1981-05-01,14.0330
1981-05-04,14.4480
1981-05-05,14.6510
1981-05-06,14.4820
1981-05-07,14.2110
1981-05-08,14.1420
1981-05-11,14.2580
1981-05-12,14.3410
1981-05-13,14.3610
1981-05-14,14.1950
1981-05-15,14.1440
1981-05-18,13.6340
1981-05-19,13.7810
1981-05-20,13.8740
1981-05-21,13.9490
1981-05-22,13.7430
1981-05-25,13.7430
1981-05-26,13.5960
1981-05-27,13.6210
1981-05-28,13.4870
1981-05-29,13.4020
1981-06-01,13.4550
1981-06-02,13.5720
1981-06-03,13.5380
1981-06-04,13.5040
1981-06-05,13.5480
1981-06-08,13.3480
1981-06-09,13.3580
1981-06-10,13.3030
1981-06-11,13.3130
1981-06-12,13.3360
1981-06-15,13.0840
1981-06-16,13.0730
1981-06-17,13.2240
1981-06-18,13.5570
1981-06-19,13.4500
1981-06-22,13.4500
1981-06-23,13.5450
1981-06-24,13.6470
1981-06-25,13.6920
1981-06-26,13.6740
1981-06-29,13.6670
1981-06-30,13.8500
1981-07-01,14.0240
1981-07-02,13.9420
1981-07-03,13.9420
1981-07-06,13.7980
1981-07-07,14.0180
1981-07-08,14.0880
1981-07-09,14.0990
1981-07-10,13.9300
1981-07-13,13.9820
1981-07-14,14.1350
1981-07-15,14.0520
1981-07-16,14.0700
1981-07-17,14.0690
1981-07-20,14.5770
1981-07-21,14.5960
1981-07-22,14.6140
1981-07-23,14.5530
1981-07-24,14.4020
1981-07-27,14.4080
1981-07-28,14.5170
1981-07-29,14.6020
1981-07-30,14.6880
1981-07-31,14.6510
1981-08-03,14.9370
1981-08-04,14.9310
1981-08-05,14.7870
1981-08-06,14.8370
1981-08-07,14.7940
1981-08-10,14.5910
1981-08-11,14.3240
1981-08-12,14.5660
1981-08-13,14.6030
1981-08-14,14.6880
1981-08-17,14.6270
1981-08-18,14.6280
1981-08-19,14.7030
1981-08-20,14.8320
1981-08-21,14.9080
1981-08-24,15.2440
1981-08-25,15.2590
1981-08-26,15.2320
1981-08-27,15.2900
1981-08-28,15.2210
1981-08-31,15.3700
1981-09-01,15.3950
1981-09-02,15.3820
1981-09-03,15.4650
1981-09-04,15.4910
1981-09-07,15.4910
1981-09-08,15.5740
1981-09-09,15.5220
1981-09-10,15.2930
1981-09-11,15.0360
1981-09-14,15.1920
1981-09-15,15.0670
1981-09-16,15.0920
1981-09-17,14.9370
1981-09-18,14.8940
1981-09-21,14.7710
1981-09-22,15.0220
1981-09-23,15.2160
1981-09-24,15.2980
1981-09-25,15.6630
1981-09-28,15.6250
1981-09-29,15.7420
1981-09-30,15.8200
1981-10-01,15.7290
1981-10-02,15.3870
1981-10-05,15.1650
1981-10-06,15.1150
1981-10-07,15.0160
1981-10-08,14.9780
1981-10-09,14.7080
1981-10-12,14.7080
1981-10-13,14.8060
1981-10-14,14.8610
1981-10-15,14.8610
1981-10-16,14.9280
1981-10-19,14.9280
1981-10-20,15.0710
1981-10-21,15.3230
1981-10-22,15.3550
1981-10-23,15.2790
1981-10-26,15.5740
1981-10-27,15.5230
1981-10-28,15.4200
1981-10-29,15.0410
1981-10-30,14.6110
1981-11-02,14.5630
1981-11-03,14.5630
1981-11-04,14.1660
1981-11-05,14.2130
1981-11-06,14.2130
1981-11-09,13.4830
1981-11-10,13.4380
1981-11-11,13.4380
1981-11-12,13.2290
1981-11-13,13.2450
1981-11-16,13.1250
1981-11-17,13.2720
1981-11-18,13.1680
1981-11-19,13.1680
1981-11-20,13.2440
1981-11-23,13.4860
1981-11-24,13.2060
1981-11-25,13.0700
1981-11-26,13.0700
1981-11-27,12.9940
1981-11-30,13.2210
1981-12-01,13.3570
1981-12-02,13.4750
1981-12-03,13.4350
1981-12-04,13.1340
1981-12-07,13.4780
1981-12-08,13.4830
1981-12-09,13.6190
1981-12-10,13.7790
1981-12-11,13.8190
1981-12-14,13.6000
1981-12-15,13.5320
1981-12-16,13.5150
1981-12-17,13.6910
1981-12-18,13.4850
1981-12-21,13.8050
1981-12-22,14.0030
1981-12-23,14.1210
1981-12-24,13.9900
1981-12-25,13.9890
1981-12-28,13.9890
1981-12-29,14.0960
1981-12-30,14.1430
1981-12-31,13.9600
1982-01-01,14.1540
1982-01-04,14.1660
1982-01-05,14.4170
1982-01-06,14.5640
1982-01-07,14.6010
1982-01-08,14.4660
1982-01-11,14.7860
1982-01-12,14.5880
1982-01-13,14.7990
1982-01-14,14.6740
1982-01-15,14.7930
1982-01-18,14.7240
1982-01-19,14.7680
1982-01-20,14.7860
1982-01-21,14.5940
1982-01-22,14.6610
1982-01-25,14.5860
1982-01-26,14.5070
1982-01-27,14.4820
1982-01-28,14.2580
1982-01-29,14.1140
1982-02-01,14.5490
1982-02-02,14.4390
1982-02-03,14.5930
1982-02-04,14.6730
1982-02-05,14.5930
1982-02-08,14.7850
1982-02-09,14.8480
1982-02-10,14.7420
1982-02-11,14.6170
1982-02-12,14.6170
1982-02-15,14.6170
1982-02-16,14.4810
1982-02-17,14.4020
1982-02-18,14.2020
1982-02-19,14.1900
1982-02-22,13.7820
1982-02-23,13.8750
1982-02-24,13.8160
1982-02-25,13.8520
1982-02-26,13.9460
1982-03-01,13.8210
1982-03-02,13.7080
1982-03-03,13.6630
1982-03-04,13.5840
1982-03-05,13.5610
1982-03-08,13.6380
1982-03-09,13.6370
1982-03-10,13.6370
1982-03-11,13.9220
1982-03-12,13.9380
1982-03-15,13.9320
1982-03-16,13.8750
1982-03-17,13.8500
1982-03-18,13.8390
1982-03-19,13.8600
1982-03-22,13.7120
1982-03-23,13.6850
1982-03-24,13.8770
1982-03-25,13.8720
1982-03-26,13.9740
1982-03-29,14.1240
1982-03-30,14.1600
1982-03-31,14.1480
1982-04-01,14.0660
1982-04-02,14.0650
1982-04-05,14.1230
1982-04-06,14.1410
1982-04-07,14.1580
1982-04-08,13.9130
1982-04-09,13.9120
1982-04-12,13.8030
1982-04-13,13.7970
1982-04-14,14.1090
1982-04-15,13.8770
1982-04-16,13.6830
1982-04-19,13.6320
1982-04-20,13.6930
1982-04-21,13.6580
1982-04-22,13.6820
1982-04-23,13.6570
1982-04-26,13.6680
1982-04-27,13.6680
1982-04-28,13.7420
1982-04-29,13.8390
1982-04-30,13.8440
1982-05-03,13.9190
1982-05-04,13.8380
1982-05-05,13.8030
1982-05-06,13.5640
1982-05-07,13.5190
1982-05-10,13.5420
1982-05-11,13.5080
1982-05-12,13.6190
1982-05-13,13.6880
1982-05-14,13.5230
1982-05-17,13.6070
1982-05-18,13.6310
1982-05-19,13.6630
1982-05-20,13.5510
1982-05-21,13.5610
1982-05-24,13.6170
1982-05-25,13.6620
1982-05-26,13.7260
1982-05-27,13.7530
1982-05-28,13.7660
1982-05-31,13.7760
1982-06-01,13.9060
1982-06-02,13.8350
1982-06-03,13.8760
1982-06-04,13.9530
1982-06-07,13.9170
1982-06-08,13.9590
1982-06-09,13.9650
1982-06-10,13.9940
1982-06-11,13.9050
1982-06-14,14.1860
1982-06-15,14.1810
1982-06-16,14.2290
1982-06-17,14.4380
1982-06-18,14.4380
1982-06-21,14.6000
1982-06-22,14.6250
1982-06-23,14.7060
1982-06-24,14.6750
1982-06-25,14.7320
1982-06-28,14.6950
1982-06-29,14.5810
1982-06-30,14.4070
1982-07-01,14.3570
1982-07-02,14.4560
1982-07-05,14.4560
1982-07-06,14.4450
1982-07-07,14.4500
1982-07-08,14.1560
1982-07-09,13.9930
1982-07-12,13.8440
1982-07-13,13.9870
1982-07-14,14.0650
1982-07-15,13.9340
1982-07-16,13.6610
1982-07-19,13.6500
1982-07-20,13.4980
1982-07-21,13.5740
1982-07-22,13.4870
1982-07-23,13.5330
1982-07-26,13.8680
1982-07-27,13.8330
1982-07-28,13.9450
1982-07-29,13.8150
1982-07-30,13.6610
1982-08-02,13.3890
1982-08-03,13.4870
1982-08-04,13.5800
1982-08-05,13.6610
1982-08-06,13.8090
1982-08-09,13.6560
1982-08-10,13.6790
1982-08-11,13.6790
1982-08-12,13.5210
1982-08-13,13.1720
1982-08-16,13.0590
1982-08-17,12.6180
1982-08-18,12.5370
1982-08-19,12.4460
1982-08-20,12.2070
1982-08-23,12.4460
1982-08-24,12.3390
1982-08-25,12.3390
1982-08-26,12.5420
1982-08-27,12.7480
1982-08-30,12.7480
1982-08-31,12.7920
1982-09-01,12.7330
1982-09-02,12.5840
1982-09-03,12.4280
1982-09-06,12.4280
1982-09-07,12.5030
1982-09-08,12.4980
1982-09-09,12.5140
1982-09-10,12.7090
1982-09-13,12.6060
1982-09-14,12.5460
1982-09-15,12.5780
1982-09-16,12.5680
1982-09-17,12.4810
1982-09-20,12.4540
1982-09-21,12.1620
1982-09-22,12.1460
1982-09-23,12.0670
1982-09-24,12.2410
1982-09-27,12.1710
1982-09-28,12.0240
1982-09-29,12.0400
1982-09-30,11.9930
1982-10-01,11.8120
1982-10-04,12.0560
1982-10-05,12.0400
1982-10-06,11.8890
1982-10-07,11.4120
1982-10-08,11.3820
1982-10-11,11.3820
1982-10-12,11.0240
1982-10-13,10.9420
1982-10-14,11.1110
1982-10-15,11.2520
1982-10-18,11.1150
1982-10-19,11.0610
1982-10-20,11.1680
1982-10-21,11.1430
1982-10-22,11.2500
1982-10-25,11.5250
1982-10-26,11.2870
1982-10-27,11.3790
1982-10-28,11.2210
1982-10-29,11.1220
1982-11-01,10.9560
1982-11-02,10.9560
1982-11-03,10.8120
1982-11-04,10.7970
1982-11-05,10.8450
1982-11-08,10.9260
1982-11-09,10.8960
1982-11-10,10.8770
1982-11-11,10.8770
1982-11-12,10.9530
1982-11-15,11.0690
1982-11-16,11.0880
1982-11-17,11.0390
1982-11-18,10.9460
1982-11-19,10.8860
1982-11-22,10.9000
1982-11-23,11.0160
1982-11-24,11.0690
1982-11-25,11.0680
1982-11-26,11.0220
1982-11-29,11.2680
1982-11-30,11.2570
1982-12-01,10.7200
1982-12-02,10.6520
1982-12-03,10.4450
1982-12-06,10.4350
1982-12-07,10.4600
1982-12-08,10.5950
1982-12-09,10.5680
1982-12-10,10.6360
1982-12-13,10.5570
1982-12-14,10.4040
1982-12-15,10.4650
1982-12-16,10.5470
1982-12-17,10.5830
1982-12-20,10.6390
1982-12-21,10.4850
1982-12-22,10.4730
1982-12-23,10.4130
1982-12-24,10.4120
1982-12-27,10.3810
1982-12-28,10.3810
1982-12-29,10.4120
1982-12-30,10.3900
1982-12-31,10.3190
1983-01-03,10.2790
1983-01-04,10.3350
1983-01-05,10.3240
1983-01-06,10.3590
1983-01-07,10.3280
1983-01-10,10.3390
1983-01-11,10.3030
1983-01-12,10.2770
1983-01-13,10.2370
1983-01-14,10.2570
1983-01-17,10.2520
1983-01-18,10.2720
1983-01-19,10.3790
1983-01-20,10.3990
1983-01-21,10.5740
1983-01-24,10.6580
1983-01-25,10.5860
1983-01-26,10.6480
1983-01-27,10.6370
1983-01-28,10.6740
1983-01-31,10.7740
1983-02-01,10.7540
1983-02-02,10.7740
1983-02-03,10.8060
1983-02-04,10.8970
1983-02-07,10.8690
1983-02-08,10.8920
1983-02-09,10.9100
1983-02-10,10.7480
1983-02-11,10.6940
1983-02-14,10.7210
1983-02-15,10.7640
1983-02-16,10.7060
1983-02-17,10.6150
1983-02-18,10.5210
1983-02-21,10.5210
1983-02-22,10.5160
1983-02-23,10.3560
1983-02-24,10.3460
1983-02-25,10.1720
1983-02-28,10.2180
1983-03-01,10.2130
1983-03-02,10.2580
1983-03-03,10.2270
1983-03-04,10.2710
1983-03-07,10.4260
1983-03-08,10.5010
1983-03-09,10.4760
1983-03-10,10.5370
1983-03-11,10.5710
1983-03-14,10.4800
1983-03-15,10.4490
1983-03-16,10.5200
1983-03-17,10.5400
1983-03-18,10.5600
1983-03-21,10.5800
1983-03-22,10.6060
1983-03-23,10.5600
1983-03-24,10.5600
1983-03-25,10.6200
1983-03-28,10.6410
1983-03-29,10.5840
1983-03-30,10.5680
1983-03-31,10.6040
1983-04-01,10.6040
1983-04-04,10.5830
1983-04-05,10.4720
1983-04-06,10.4660
1983-04-07,10.4860
1983-04-08,10.4800
1983-04-11,10.3850
1983-04-12,10.3940
1983-04-13,10.3640
1983-04-14,10.2530
1983-04-15,10.3030
1983-04-18,10.2580
1983-04-19,10.3630
1983-04-20,10.3530
1983-04-21,10.4030
1983-04-22,10.3880
1983-04-25,10.3620
1983-04-26,10.3370
1983-04-27,10.2620
1983-04-28,10.2710
1983-04-29,10.2400
1983-05-02,10.2300
1983-05-03,10.2250
1983-05-04,10.1510
1983-05-05,10.1900
1983-05-06,10.1550
1983-05-09,10.2390
1983-05-10,10.1800
1983-05-11,10.1890
1983-05-12,10.2290
1983-05-13,10.2240
1983-05-16,10.3940
1983-05-17,10.3990
1983-05-18,10.4200
1983-05-19,10.5210
1983-05-20,10.5470
1983-05-23,10.5980
1983-05-24,10.5880
1983-05-25,10.5980
1983-05-26,10.6540
1983-05-27,10.6540
1983-05-30,10.7700
1983-05-31,10.8540
1983-06-01,10.7460
1983-06-02,10.7570
1983-06-03,10.7780
1983-06-06,10.7630
1983-06-07,10.8320
1983-06-08,10.8970
1983-06-09,10.8540
1983-06-10,10.8810
1983-06-13,10.7310
1983-06-14,10.7470
1983-06-15,10.7040
1983-06-16,10.6300
1983-06-17,10.6570
1983-06-20,10.7740
1983-06-21,10.7690
1983-06-22,10.8120
1983-06-23,10.8710
1983-06-24,10.8720
1983-06-27,11.0840
1983-06-28,11.0130
1983-06-29,10.9640
1983-06-30,10.9260
1983-07-01,10.9210
1983-07-04,10.9210
1983-07-05,11.1850
1983-07-06,11.1400
1983-07-07,11.2630
1983-07-08,11.3080
1983-07-11,11.2520
1983-07-12,11.4100
1983-07-13,11.3700
1983-07-14,11.3530
1983-07-15,11.4900
1983-07-18,11.3710
1983-07-19,11.3210
1983-07-20,11.2710
1983-07-21,11.3100
1983-07-22,11.4180
1983-07-25,11.3850
1983-07-26,11.4530
1983-07-27,11.4760
1983-07-28,11.6420
1983-07-29,11.7360
1983-08-01,11.7710
1983-08-02,11.7420
1983-08-03,11.7780
1983-08-04,11.9130
1983-08-05,11.9320
1983-08-08,12.0460
1983-08-09,12.0040
1983-08-10,12.0470
1983-08-11,11.8800
1983-08-12,11.8110
1983-08-15,11.6120
1983-08-16,11.5840
1983-08-17,11.4920
1983-08-18,11.5150
1983-08-19,11.5570
1983-08-22,11.3620
1983-08-23,11.3970
1983-08-24,11.3690
1983-08-25,11.4260
1983-08-26,11.4730
1983-08-29,11.6810
1983-08-30,11.7100
1983-08-31,11.7980
1983-09-01,11.9490
1983-09-02,11.9990
1983-09-05,11.9990
1983-09-06,11.8350
1983-09-07,11.6730
1983-09-08,11.7320
1983-09-09,11.7050
1983-09-12,11.5290
1983-09-13,11.5820
1983-09-14,11.7260
1983-09-15,11.7900
1983-09-16,11.6560
1983-09-19,11.6230
1983-09-20,11.5490
1983-09-21,11.6130
1983-09-22,11.5650
1983-09-23,11.4690
1983-09-26,11.3800
1983-09-27,11.4070
1983-09-28,11.4540
1983-09-29,11.4590
1983-09-30,11.3940
1983-10-03,11.4210
1983-10-04,11.4260
1983-10-05,11.3100
1983-10-06,11.2610
1983-10-07,11.3000
1983-10-10,11.3000
1983-10-11,11.5370
1983-10-12,11.5530
1983-10-13,11.6170
1983-10-14,11.5420
1983-10-17,11.4350
1983-10-18,11.4570
1983-10-19,11.4520
1983-10-20,11.4470
1983-10-21,11.3980
1983-10-24,11.6220
1983-10-25,11.6650
1983-10-26,11.6700
1983-10-27,11.6220
1983-10-28,11.6590
1983-10-31,11.7070
1983-11-01,11.6540
1983-11-02,11.6700
1983-11-03,11.7190
1983-11-04,11.8160
1983-11-07,11.8160
1983-11-08,11.8160
1983-11-09,11.8060
1983-11-10,11.7290
1983-11-11,11.7290
1983-11-14,11.6640
1983-11-15,11.6810
1983-11-16,11.6810
1983-11-17,11.7140
1983-11-18,11.7190
1983-11-21,11.6490
1983-11-22,11.5570
1983-11-23,11.5890
1983-11-24,11.5890
1983-11-25,11.5570
1983-11-28,11.6060
1983-11-29,11.5900
1983-11-30,11.6110
1983-12-01,11.6080
1983-12-02,11.7200
1983-12-05,11.7410
1983-12-06,11.7300
1983-12-07,11.7630
1983-12-08,11.8600
1983-12-09,11.8660
1983-12-12,11.8440
1983-12-13,11.9200
1983-12-14,11.9360
1983-12-15,11.9310
1983-12-16,11.8480
1983-12-19,11.8370
1983-12-20,11.8310
1983-12-21,11.8040
1983-12-22,11.7390
1983-12-23,11.7660
1983-12-26,11.7650
1983-12-27,11.7120
1983-12-28,11.7770
1983-12-29,11.7550
1983-12-30,11.7810
1984-01-02,11.7820
1984-01-03,11.8250
1984-01-04,11.7600
1984-01-05,11.7430
1984-01-06,11.7160
1984-01-09,11.7260
1984-01-10,11.6890
1984-01-11,11.7260
1984-01-12,11.7370
1984-01-13,11.5430
1984-01-16,11.5210
1984-01-17,11.5480
1984-01-18,11.5910
1984-01-19,11.5740
1984-01-20,11.6170
1984-01-23,11.6010
1984-01-24,11.5950
1984-01-25,11.6120
1984-01-26,11.6010
1984-01-27,11.5950
1984-01-30,11.6330
1984-01-31,11.6380
1984-02-01,11.6270
1984-02-02,11.5840
1984-02-03,11.5890
1984-02-06,11.6650
1984-02-07,11.6810
1984-02-08,11.6870
1984-02-09,11.7190
1984-02-10,11.7900
1984-02-13,11.7900
1984-02-14,11.8180
1984-02-15,11.7900
1984-02-16,11.8010
1984-02-17,11.9010
1984-02-20,11.9010
1984-02-21,11.8780
1984-02-22,11.8950
1984-02-23,12.0350
1984-02-24,11.9610
1984-02-27,12.0230
1984-02-28,12.0730
1984-02-29,12.0060
1984-03-01,12.0460
1984-03-02,11.9510
1984-03-05,12.0410
1984-03-06,12.0630
1984-03-07,12.1920
1984-03-08,12.2100
1984-03-09,12.2500
1984-03-12,12.2160
1984-03-13,12.2380
1984-03-14,12.3420
1984-03-15,12.2790
1984-03-16,12.3020
1984-03-19,12.4230
1984-03-20,12.4070
1984-03-21,12.4240
1984-03-22,12.4530
1984-03-23,12.4480
1984-03-26,12.4190
1984-03-27,12.4370
1984-03-28,12.4020
1984-03-29,12.3850
1984-03-30,12.5020
1984-04-02,12.5190
1984-04-03,12.6130
1984-04-04,12.6370
1984-04-05,12.6140
1984-04-06,12.4730
1984-04-09,12.4450
1984-04-10,12.4860
1984-04-11,12.4630
1984-04-12,12.3650
1984-04-13,12.5450
1984-04-16,12.5810
1984-04-17,12.5340
1984-04-18,12.6640
1984-04-19,12.7360
1984-04-20,12.7370
1984-04-23,12.7610
1984-04-24,12.7130
1984-04-25,12.6540
1984-04-26,12.6370
1984-04-27,12.7620
1984-04-30,12.7990
1984-05-01,12.7990
1984-05-02,12.8300
1984-05-03,12.8540
1984-05-04,12.9340
1984-05-07,13.1050
1984-05-08,13.0560
1984-05-09,13.1550
1984-05-10,13.2050
1984-05-11,13.4390
1984-05-14,13.5350
1984-05-15,13.4460
1984-05-16,13.3710
1984-05-17,13.4590
1984-05-18,13.4220
1984-05-21,13.3460
1984-05-22,13.4590
1984-05-23,13.4670
1984-05-24,13.6640
1984-05-25,13.7160
1984-05-28,13.7160
1984-05-29,13.8600
1984-05-30,13.9520
1984-05-31,13.8730
1984-06-01,13.6120
1984-06-04,13.4000
1984-06-05,13.3410
1984-06-06,13.5220
1984-06-07,13.5170
1984-06-08,13.4400
1984-06-11,13.5640
1984-06-12,13.5280
1984-06-13,13.4220
1984-06-14,13.3630
1984-06-15,13.1840
1984-06-18,13.2410
1984-06-19,13.3580
1984-06-20,13.6110
1984-06-21,13.7010
1984-06-22,13.7250
1984-06-25,13.7180
1984-06-26,13.7730
1984-06-27,13.7360
1984-06-28,13.7790
1984-06-29,13.8270
1984-07-02,13.8520
1984-07-03,13.7790
1984-07-04,13.7790
1984-07-05,13.7420
1984-07-06,13.7370
1984-07-09,13.4630
1984-07-10,13.5110
1984-07-11,13.5270
1984-07-12,13.3980
1984-07-13,13.2810
1984-07-16,13.2990
1984-07-17,13.3570
1984-07-18,13.3050
1984-07-19,13.2350
1984-07-20,13.3460
1984-07-23,13.3280
1984-07-24,13.2930
1984-07-25,13.0390
1984-07-26,12.8740
1984-07-27,12.9370
1984-07-30,13.0330
1984-07-31,12.8970
1984-08-01,12.7900
1984-08-02,12.7290
1984-08-03,12.5890
1984-08-06,12.7170
1984-08-07,12.6780
1984-08-08,12.6670
1984-08-09,12.6330
1984-08-10,12.6500
1984-08-13,12.7450
1984-08-14,12.6890
1984-08-15,12.7560
1984-08-16,12.7060
1984-08-17,12.7220
1984-08-20,12.7340
1984-08-21,12.6890
1984-08-22,12.6780
1984-08-23,12.7170
1984-08-24,12.7000
1984-08-27,12.7900
1984-08-28,12.8240
1984-08-29,12.8520
1984-08-30,12.8640
1984-08-31,12.8580
1984-09-03,12.7800
1984-09-04,12.8660
1984-09-05,12.9050
1984-09-06,12.7910
1984-09-07,12.6890
1984-09-10,12.6050
1984-09-11,12.5210
1984-09-12,12.5380
1984-09-13,12.4210
1984-09-14,12.4100
1984-09-17,12.3820
1984-09-18,12.3380
1984-09-19,12.2340
1984-09-20,12.2620
1984-09-21,12.4310
1984-09-24,12.5090
1984-09-25,12.5420
1984-09-26,12.4590
1984-09-27,12.2930
1984-09-28,12.4620
1984-10-01,12.5190
1984-10-02,12.5260
1984-10-03,12.5190
1984-10-04,12.5030
1984-10-05,12.3700
1984-10-08,12.3700
1984-10-09,12.3420
1984-10-10,12.3480
1984-10-11,12.2920
1984-10-12,12.2650
1984-10-15,12.3250
1984-10-16,12.3090
1984-10-17,12.2650
1984-10-18,12.0740
1984-10-19,11.9130
1984-10-22,11.8810
1984-10-23,11.7700
1984-10-24,11.7280
1984-10-25,11.8120
1984-10-26,11.9710
1984-10-29,11.9340
1984-10-30,11.7370
1984-10-31,11.7790
1984-11-01,11.6430
1984-11-02,11.6480
1984-11-05,11.5900
1984-11-06,11.5900
1984-11-07,11.7360
1984-11-08,11.8160
1984-11-09,11.7310
1984-11-12,11.7310
1984-11-13,11.7890
1984-11-14,11.8420
1984-11-15,11.7630
1984-11-16,11.7250
1984-11-19,11.6460
1984-11-20,11.5780
1984-11-21,11.4170
1984-11-22,11.3710
1984-11-23,11.2480
1984-11-26,11.2990
1984-11-27,11.3040
1984-11-28,11.4010
1984-11-29,11.4420
1984-11-30,11.5930
1984-12-03,11.5510
1984-12-04,11.5080
1984-12-05,11.5140
1984-12-06,11.5990
1984-12-07,11.6850
1984-12-10,11.6530
1984-12-11,11.5580
1984-12-12,11.5290
1984-12-13,11.6850
1984-12-14,11.5490
1984-12-17,11.4740
1984-12-18,11.2790
1984-12-19,11.3260
1984-12-20,11.3580
1984-12-21,11.3300
1984-12-24,11.2930
1984-12-25,11.2930
1984-12-26,11.4410
1984-12-27,11.4410
1984-12-28,11.4510
1984-12-31,11.5420
1985-01-01,11.5410
1985-01-02,11.6870
1985-01-03,11.6070
1985-01-04,11.6550
1985-01-07,11.4770
1985-01-08,11.4340
1985-01-09,11.4500
1985-01-10,11.4610
1985-01-11,11.5670
1985-01-14,11.5890
1985-01-15,11.4700
1985-01-16,11.4920
1985-01-17,11.4600
1985-01-18,11.3740
1985-01-21,11.3740
1985-01-22,11.2360
1985-01-23,11.1780
1985-01-24,11.0330
1985-01-25,11.0890
1985-01-28,11.0890
1985-01-29,11.0890
1985-01-30,11.0580
1985-01-31,11.1460
1985-02-01,11.2720
1985-02-04,11.3240
1985-02-05,11.2820
1985-02-06,11.3780
1985-02-07,11.4200
1985-02-08,11.3870
1985-02-11,11.3980
1985-02-12,11.3980
1985-02-13,11.3870
1985-02-14,11.3230
1985-02-15,11.3980
1985-02-18,11.3980
1985-02-19,11.3820
1985-02-20,11.5240
1985-02-21,11.6570
1985-02-22,11.7660
1985-02-25,11.7940
1985-02-26,11.7390
1985-02-27,11.8940
1985-02-28,11.9270
1985-03-01,11.8500
1985-03-04,11.9220
1985-03-05,11.8500
1985-03-06,11.8990
1985-03-07,11.9270
1985-03-08,11.7050
1985-03-11,11.7110
1985-03-12,11.7650
1985-03-13,11.8820
1985-03-14,11.9040
1985-03-15,11.9210
1985-03-18,11.9990
1985-03-19,11.9780
1985-03-20,11.8990
1985-03-21,11.8090
1985-03-22,11.8700
1985-03-25,11.8370
1985-03-26,11.7480
1985-03-27,11.8250
1985-03-28,11.7310
1985-03-29,11.6370
1985-04-01,11.6370
1985-04-02,11.6810
1985-04-03,11.7150
1985-04-04,11.7250
1985-04-05,11.7250
1985-04-08,11.7470
1985-04-09,11.6370
1985-04-10,11.5540
1985-04-11,11.3970
1985-04-12,11.4080
1985-04-15,11.3490
1985-04-16,11.2310
1985-04-17,11.2680
1985-04-18,11.1090
1985-04-19,11.1090
1985-04-22,11.1030
1985-04-23,11.2310
1985-04-24,11.2300
1985-04-25,11.3420
1985-04-26,11.3260
1985-04-29,11.4510
1985-04-30,11.3960
1985-05-01,11.2450
1985-05-02,11.2670
1985-05-03,11.1810
1985-05-06,11.1600
1985-05-07,11.1430
1985-05-08,11.2610
1985-05-09,11.1760
1985-05-10,11.0280
1985-05-13,11.0270
1985-05-14,10.8810
1985-05-15,10.8760
1985-05-16,10.8140
1985-05-17,10.8340
1985-05-20,10.5370
1985-05-21,10.5880
1985-05-22,10.6020
1985-05-23,10.6430
1985-05-24,10.5760
1985-05-27,10.5810
1985-05-28,10.4140
1985-05-29,10.4500
1985-05-30,10.3840
1985-05-31,10.2890
1985-06-03,10.0390
1985-06-04,10.0340
1985-06-05,9.8200
1985-06-06,9.8810
1985-06-07,10.1820
1985-06-10,10.1530
1985-06-11,10.0660
1985-06-12,10.0650
1985-06-13,10.1960
1985-06-14,9.9640
1985-06-17,9.9590
1985-06-18,9.8920
1985-06-19,10.0250
1985-06-20,10.1220
1985-06-21,10.3160
1985-06-24,10.4250
1985-06-25,10.4900
1985-06-26,10.5300
1985-06-27,10.3700
1985-06-28,10.2360
1985-07-01,10.1730
1985-07-02,10.1830
1985-07-03,10.2160
1985-07-04,10.1970
1985-07-05,9.9210
1985-07-08,10.0360
1985-07-09,10.0400
1985-07-10,10.0550
1985-07-11,10.2060
1985-07-12,10.2200
1985-07-15,10.2050
1985-07-16,10.1360
1985-07-17,10.1020
1985-07-18,10.2780
1985-07-19,10.3220
1985-07-22,10.4410
1985-07-23,10.4460
1985-07-24,10.4910
1985-07-25,10.5010
1985-07-26,10.5710
1985-07-29,10.6470
1985-07-30,10.6420
1985-07-31,10.5560
1985-08-01,10.4900
1985-08-02,10.6370
1985-08-05,10.6210
1985-08-06,10.6260
1985-08-07,10.5650
1985-08-08,10.4640
1985-08-09,10.4340
1985-08-12,10.4340
1985-08-13,10.5190
1985-08-14,10.4540
1985-08-15,10.4440
1985-08-16,10.3240
1985-08-19,10.3140
1985-08-20,10.2690
1985-08-21,10.2090
1985-08-22,10.1800
1985-08-23,10.2190
1985-08-26,10.2480
1985-08-27,10.1940
1985-08-28,10.2140
1985-08-29,10.1990
1985-08-30,10.3220
1985-09-02,10.2640
1985-09-03,10.2240
1985-09-04,10.1490
1985-09-05,10.2540
1985-09-06,10.4830
1985-09-09,10.4730
1985-09-10,10.4570
1985-09-11,10.4930
1985-09-12,10.5030
1985-09-13,10.3910
1985-09-16,10.3550
1985-09-17,10.3950
1985-09-18,10.4210
1985-09-19,10.4110
1985-09-20,10.3390
1985-09-23,10.3640
1985-09-24,10.3090
1985-09-25,10.2920
1985-09-26,10.1970
1985-09-27,10.1970
1985-09-30,10.2880
1985-10-01,10.2680
1985-10-02,10.2770
1985-10-03,10.2980
1985-10-04,10.3330
1985-10-07,10.4040
1985-10-08,10.3490
1985-10-09,10.3540
1985-10-10,10.3380
1985-10-11,10.3280
1985-10-14,10.3280
1985-10-15,10.2870
1985-10-16,10.2410
1985-10-17,10.1960
1985-10-18,10.1550
1985-10-21,10.1660
1985-10-22,10.1060
1985-10-23,10.1150
1985-10-24,10.1260
1985-10-25,10.1860
1985-10-28,10.2610
1985-10-29,10.0850
1985-10-30,9.9500
1985-10-31,9.9900
1985-11-01,9.9500
1985-11-04,9.9450
1985-11-05,9.8960
1985-11-06,9.9010
1985-11-07,9.8800
1985-11-08,9.8110
1985-11-11,9.8110
1985-11-12,9.6930
1985-11-13,9.7530
1985-11-14,9.8100
1985-11-15,9.8840
1985-11-18,9.6930
1985-11-19,9.6880
1985-11-20,9.6880
1985-11-21,9.6300
1985-11-22,9.7030
1985-11-25,9.7220
1985-11-26,9.7220
1985-11-27,9.6920
1985-11-28,9.6930
1985-11-29,9.6290
1985-12-02,9.6760
1985-12-03,9.6710
1985-12-04,9.6160
1985-12-05,9.6120
1985-12-06,9.6110
1985-12-09,9.4820
1985-12-10,9.3500
1985-12-11,9.1860
1985-12-12,9.1810
1985-12-13,9.1220
1985-12-16,9.1460
1985-12-17,9.0230
1985-12-18,9.0990
1985-12-19,9.0890
1985-12-20,9.0270
1985-12-23,9.0690
1985-12-24,9.0600
1985-12-25,9.0600
1985-12-26,9.0210
1985-12-27,8.9780
1985-12-30,8.9780
1985-12-31,8.9870
1986-01-01,8.9870
1986-01-02,9.0250
1986-01-03,9.0330
1986-01-06,9.0480
1986-01-07,8.9150
1986-01-08,9.1050
1986-01-09,9.2490
1986-01-10,9.3660
1986-01-13,9.4690
1986-01-14,9.4050
1986-01-15,9.2930
1986-01-16,9.2780
1986-01-17,9.2190
1986-01-20,9.2190
1986-01-21,9.2000
1986-01-22,9.2530
1986-01-23,9.2040
1986-01-24,9.2040
1986-01-27,9.1020
1986-01-28,9.0210
1986-01-29,9.0210
1986-01-30,9.0780
1986-01-31,9.0440
1986-02-03,8.9810
1986-02-04,8.9250
1986-02-05,9.0060
1986-02-06,9.0440
1986-02-07,9.0430
1986-02-10,9.0570
1986-02-11,8.9470
1986-02-12,8.9570
1986-02-13,8.8900
1986-02-14,8.7200
1986-02-17,8.7200
1986-02-18,8.6930
1986-02-19,8.7430
1986-02-20,8.7390
1986-02-21,8.6870
1986-02-24,8.4550
1986-02-25,8.4550
1986-02-26,8.4010
1986-02-27,8.1880
1986-02-28,8.1430
1986-03-03,7.9790
1986-03-04,7.9260
1986-03-05,8.1130
1986-03-06,8.0320
1986-03-07,7.9470
1986-03-10,7.7530
1986-03-11,7.6890
1986-03-12,7.6750
1986-03-13,7.7440
1986-03-14,7.7130
1986-03-17,7.7610
1986-03-18,7.8210
1986-03-19,7.8080
1986-03-20,7.7730
1986-03-21,7.7940
1986-03-24,7.6890
1986-03-25,7.6890
1986-03-26,7.6270
1986-03-27,7.4820
1986-03-28,7.4640
1986-03-31,7.3790
1986-04-01,7.3570
1986-04-02,7.3180
1986-04-03,7.3940
1986-04-04,7.4360
1986-04-07,7.4140
1986-04-08,7.2920
1986-04-09,7.2540
1986-04-10,7.2150
1986-04-11,7.2730
1986-04-14,7.1760
1986-04-15,7.2010
1986-04-16,6.9650
1986-04-17,7.0180
1986-04-18,7.0750
1986-04-21,7.0210
1986-04-22,7.2320
1986-04-23,7.2320
1986-04-24,7.4990
1986-04-25,7.5670
1986-04-28,7.4630
1986-04-29,7.3690
1986-04-30,7.3690
1986-05-01,7.4280
1986-05-02,7.4960
1986-05-05,7.4270
1986-05-06,7.4400
1986-05-07,7.5080
1986-05-08,7.4690
1986-05-09,7.5160
1986-05-12,7.6630
1986-05-13,7.7020
1986-05-14,7.7020
1986-05-15,7.8390
1986-05-16,8.0310
1986-05-19,8.0260
1986-05-20,7.9450
1986-05-21,7.9630
1986-05-22,7.9360
1986-05-23,7.8990
1986-05-26,7.8990
1986-05-27,7.8180
1986-05-28,7.8040
1986-05-29,8.0330
1986-05-30,8.0650
1986-06-02,8.3100
1986-06-03,8.1790
1986-06-04,8.3780
1986-06-05,8.3000
1986-06-06,7.9410
1986-06-09,8.1170
1986-06-10,8.0550
1986-06-11,8.0030
1986-06-12,7.9650
1986-06-13,7.7170
1986-06-16,7.6250
1986-06-17,7.6150
1986-06-18,7.5650
1986-06-19,7.6750
1986-06-20,7.5930
1986-06-23,7.5380
1986-06-24,7.4650
1986-06-25,7.4100
1986-06-26,7.4060
1986-06-27,7.3740
1986-06-30,7.3380
1986-07-01,7.3560
1986-07-02,7.3560
1986-07-03,7.2980
1986-07-04,7.2980
1986-07-07,7.3020
1986-07-08,7.4290
1986-07-09,7.3020
1986-07-10,7.3020
1986-07-11,7.2930
1986-07-14,7.2350
1986-07-15,7.1500
1986-07-16,7.1850
1986-07-17,7.1680
1986-07-18,7.1500
1986-07-21,7.1280
1986-07-22,7.1850
1986-07-23,7.2750
1986-07-24,7.3380
1986-07-25,7.3200
1986-07-28,7.5160
1986-07-29,7.4010
1986-07-30,7.4010
1986-07-31,7.3290
1986-08-01,7.3290
1986-08-04,7.3160
1986-08-05,7.3790
1986-08-06,7.4520
1986-08-07,7.4340
1986-08-08,7.2930
1986-08-11,7.2480
1986-08-12,7.2210
1986-08-13,7.1410
1986-08-14,7.1540
1986-08-15,7.1350
1986-08-18,7.1350
1986-08-19,7.0120
1986-08-20,7.0120
1986-08-21,6.9460
1986-08-22,7.0600
1986-08-25,7.0470
1986-08-26,6.9540
1986-08-27,7.0510
1986-08-28,7.0290
1986-08-29,6.9230
1986-09-01,6.9230
1986-09-02,7.0060
1986-09-03,7.1760
1986-09-04,7.1320
1986-09-05,7.2930
1986-09-08,7.3570
1986-09-09,7.3300
1986-09-10,7.3250
1986-09-11,7.5500
1986-09-12,7.6070
1986-09-15,7.5090
1986-09-16,7.5090
1986-09-17,7.4400
1986-09-18,7.6030
1986-09-19,7.6450
1986-09-22,7.5930
1986-09-23,7.5560
1986-09-24,7.4550
1986-09-25,7.4490
1986-09-26,7.4450
1986-09-29,7.5150
1986-09-30,7.4320
1986-10-01,7.3910
1986-10-02,7.4320
1986-10-03,7.2900
1986-10-06,7.2570
1986-10-07,7.2570
1986-10-08,7.2900
1986-10-09,7.3030
1986-10-10,7.3310
1986-10-13,7.3310
1986-10-14,7.4610
1986-10-15,7.4830
1986-10-16,7.5030
1986-10-17,7.5490
1986-10-20,7.6340
1986-10-21,7.5410
1986-10-22,7.4660
1986-10-23,7.4010
1986-10-24,7.4420
1986-10-27,7.3970
1986-10-28,7.4250
1986-10-29,7.3880
1986-10-30,7.2860
1986-10-31,7.3100
1986-11-03,7.2670
1986-11-04,7.2860
1986-11-05,7.2950
1986-11-06,7.3410
1986-11-07,7.4620
1986-11-10,7.4540
1986-11-11,7.4540
1986-11-12,7.4210
1986-11-13,7.3840
1986-11-14,7.3560
1986-11-17,7.2910
1986-11-18,7.3230
1986-11-19,7.2680
1986-11-20,7.2360
1986-11-21,7.2170
1986-11-24,7.1760
1986-11-25,7.2170
1986-11-26,7.2120
1986-11-27,7.2120
1986-11-28,7.2070
1986-12-01,7.1690
1986-12-02,7.0760
1986-12-03,7.0490
1986-12-04,7.0010
1986-12-05,7.1110
1986-12-08,7.0980
1986-12-09,7.0580
1986-12-10,7.0400
1986-12-11,7.1140
1986-12-12,7.1230
1986-12-15,7.1410
1986-12-16,7.1100
1986-12-17,7.1100
1986-12-18,7.1010
1986-12-19,7.0970
1986-12-22,7.0880
1986-12-23,7.0700
1986-12-24,7.0650
1986-12-25,7.0650
1986-12-26,7.0740
1986-12-29,7.1580
1986-12-30,7.2200
1986-12-31,7.2200
1987-01-01,7.2200
1987-01-02,7.1710
1987-01-05,7.0730
1987-01-06,7.0640
1987-01-07,7.0370
1987-01-08,7.0240
1987-01-09,6.9980
1987-01-12,7.0330
1987-01-13,7.0810
1987-01-14,7.0900
1987-01-15,7.0370
1987-01-16,7.0150
1987-01-19,7.0140
1987-01-20,6.9970
1987-01-21,6.9930
1987-01-22,7.0140
1987-01-23,7.0450
1987-01-26,7.1520
1987-01-27,7.1420
1987-01-28,7.1110
1987-01-29,7.1160
1987-01-30,7.1600
1987-02-02,7.2100
1987-02-03,7.2280
1987-02-04,7.2230
1987-02-05,7.1740
1987-02-06,7.1640
1987-02-09,7.2180
1987-02-10,7.3140
1987-02-11,7.3550
1987-02-12,7.2900
1987-02-13,7.2680
1987-02-16,7.2680
1987-02-17,7.3180
1987-02-18,7.2810
1987-02-19,7.2130
1987-02-20,7.2270
1987-02-23,7.2130
1987-02-24,7.1640
1987-02-25,7.1910
1987-02-26,7.1910
1987-02-27,7.1770
1987-03-02,7.1500
1987-03-03,7.1950
1987-03-04,7.1280
1987-03-05,7.1450
1987-03-06,7.2130
1987-03-09,7.2130
1987-03-10,7.2130
1987-03-11,7.2130
1987-03-12,7.1990
1987-03-13,7.1680
1987-03-16,7.1950
1987-03-17,7.1810
1987-03-18,7.1900
1987-03-19,7.1860
1987-03-20,7.1990
1987-03-23,7.2270
1987-03-24,7.2450
1987-03-25,7.2400
1987-03-26,7.2170
1987-03-27,7.3090
1987-03-30,7.5170
1987-03-31,7.4890
1987-04-01,7.5640
1987-04-02,7.5690
1987-04-03,7.5690
1987-04-06,7.5130
1987-04-07,7.5980
1987-04-08,7.5830
1987-04-09,7.7590
1987-04-10,7.9570
1987-04-13,8.0500
1987-04-14,8.2580
1987-04-15,8.0700
1987-04-16,8.0060
1987-04-17,8.0070
1987-04-20,8.1800
1987-04-21,8.1650
1987-04-22,8.2200
1987-04-23,8.3660
1987-04-24,8.4430
1987-04-27,8.3470
1987-04-28,8.2570
1987-04-29,8.3270
1987-04-30,8.1820
1987-05-01,8.3630
1987-05-04,8.4910
1987-05-05,8.4300
1987-05-06,8.5320
1987-05-07,8.4710
1987-05-08,8.4210
1987-05-11,8.5700
1987-05-12,8.5390
1987-05-13,8.5450
1987-05-14,8.5660
1987-05-15,8.7900
1987-05-18,8.7380
1987-05-19,8.9660
1987-05-20,8.9340
1987-05-21,8.8920
1987-05-22,8.8030
1987-05-25,8.8030
1987-05-26,8.7080
1987-05-27,8.6100
1987-05-28,8.5840
1987-05-29,8.5020
1987-06-01,8.4470
1987-06-02,8.7190
1987-06-03,8.6370
1987-06-04,8.5750
1987-06-05,8.4950
1987-06-08,8.5280
1987-06-09,8.5500
1987-06-10,8.5500
1987-06-11,8.5180
1987-06-12,8.5180
1987-06-15,8.2740
1987-06-16,8.2740
1987-06-17,8.2280
1987-06-18,8.2650
1987-06-19,8.2970
1987-06-22,8.2230
1987-06-23,8.2280
1987-06-24,8.3070
1987-06-25,8.2450
1987-06-26,8.3620
1987-06-29,8.3340
1987-06-30,8.3710
1987-07-01,8.3570
1987-07-02,8.2920
1987-07-03,8.2920
1987-07-06,8.2870
1987-07-07,8.2690
1987-07-08,8.3100
1987-07-09,8.3100
1987-07-10,8.3100
1987-07-13,8.3660
1987-07-14,8.3190
1987-07-15,8.4180
1987-07-16,8.3940
1987-07-17,8.3430
1987-07-20,8.4140
1987-07-21,8.4840
1987-07-22,8.5370
1987-07-23,8.5370
1987-07-24,8.5750
1987-07-27,8.5750
1987-07-28,8.6040
1987-07-29,8.5850
1987-07-30,8.5990
1987-07-31,8.6570
1987-08-03,8.7980
1987-08-04,8.8100
1987-08-05,8.7100
1987-08-06,8.7300
1987-08-07,8.7000
1987-08-10,8.7400
1987-08-11,8.7300
1987-08-12,8.7200
1987-08-13,8.6340
1987-08-14,8.5590
1987-08-17,8.5870
1987-08-18,8.7200
1987-08-19,8.8150
1987-08-20,8.7390
1987-08-21,8.7620
1987-08-24,8.7860
1987-08-25,8.7340
1987-08-26,8.7860
1987-08-27,8.9120
1987-08-28,9.0090
1987-08-31,8.9700
1987-09-01,9.0440
1987-09-02,9.2470
1987-09-03,9.2870
1987-09-04,9.3030
1987-09-08,9.5160
1987-09-09,9.5160
1987-09-10,9.4240
1987-09-11,9.3280
1987-09-14,9.3380
1987-09-15,9.4450
1987-09-16,9.5270
1987-09-17,9.4810
1987-09-18,9.3790
1987-09-21,9.3790
1987-09-22,9.3640
1987-09-23,9.3950
1987-09-24,9.5020
1987-09-25,9.5020
1987-09-28,9.5080
1987-09-29,9.6320
1987-09-30,9.6370
1987-10-01,9.6630
1987-10-02,9.5910
1987-10-05,9.6530
1987-10-06,9.7320
1987-10-07,9.7320
1987-10-08,9.8640
1987-10-09,9.9400
1987-10-13,9.8970
1987-10-14,10.1230
1987-10-15,10.1890
1987-10-16,10.2220
1987-10-19,10.2220
1987-10-20,9.4000
1987-10-21,9.3210
1987-10-22,8.9810
1987-10-23,8.9810
1987-10-26,8.7860
1987-10-27,8.9220
1987-10-28,9.0060
1987-10-29,8.9120
1987-10-30,8.7990
1987-11-02,8.9800
1987-11-03,8.9100
1987-11-04,8.8500
1987-11-05,8.7230
1987-11-06,8.7750
1987-11-09,8.7800
1987-11-10,8.7800
1987-11-12,8.7990
1987-11-13,8.8560
1987-11-16,8.8180
1987-11-17,8.8510
1987-11-18,8.8410
1987-11-19,8.8170
1987-11-20,8.7930
1987-11-23,8.8030
1987-11-24,8.8930
1987-11-25,8.9610
1987-11-27,9.0770
1987-11-30,8.9890
1987-12-01,9.0140
1987-12-02,8.9990
1987-12-03,8.9410
1987-12-04,8.9410
1987-12-07,9.0770
1987-12-08,9.0820
1987-12-09,9.0570
1987-12-10,9.2340
1987-12-11,9.2690
1987-12-14,9.2690
1987-12-15,9.0860
1987-12-16,8.9980
1987-12-17,9.0280
1987-12-18,8.8730
1987-12-21,8.8820
1987-12-22,8.9450
1987-12-23,8.8250
1987-12-24,8.8240
1987-12-28,8.9110
1987-12-29,8.8580
1987-12-30,8.7710
1987-12-31,8.8340
1988-01-04,8.8190
1988-01-05,8.7570
1988-01-06,8.8090
1988-01-07,8.8330
1988-01-08,8.9590
1988-01-11,8.9350
1988-01-12,8.9350
1988-01-13,8.8670
1988-01-14,8.8670
1988-01-15,8.5950
1988-01-19,8.6280
1988-01-20,8.5990
1988-01-21,8.5290
1988-01-22,8.4770
1988-01-25,8.4440
1988-01-26,8.5420
1988-01-27,8.3700
1988-01-28,8.3370
1988-01-29,8.2720
1988-02-01,8.2720
1988-02-02,8.1850
1988-02-03,8.2530
1988-02-04,8.2360
1988-02-05,8.1200
1988-02-08,8.1900
1988-02-09,8.1620
1988-02-10,8.1070
1988-02-11,8.1620
1988-02-12,8.2830
1988-02-16,8.3110
1988-02-17,8.3110
1988-02-18,8.2830
1988-02-19,8.2830
1988-02-22,8.2450
1988-02-23,8.1710
1988-02-24,8.1750
1988-02-25,8.2130
1988-02-26,8.1800
1988-02-29,8.1520
1988-03-01,8.1520
1988-03-02,8.1240
1988-03-03,8.1240
1988-03-04,8.2830
1988-03-07,8.3160
1988-03-08,8.3350
1988-03-09,8.3110
1988-03-10,8.3490
1988-03-11,8.2920
1988-03-14,8.2920
1988-03-15,8.2970
1988-03-16,8.3630
1988-03-17,8.2970
1988-03-18,8.4010
1988-03-21,8.4580
1988-03-22,8.4580
1988-03-23,8.4630
1988-03-24,8.5020
1988-03-25,8.4680
1988-03-28,8.5600
1988-03-29,8.5450
1988-03-30,8.5690
1988-03-31,8.5690
1988-04-04,8.6670
1988-04-05,8.6720
1988-04-06,8.5990
1988-04-07,8.5990
1988-04-08,8.5120
1988-04-11,8.5800
1988-04-12,8.5650
1988-04-13,8.5460
1988-04-14,8.6780
1988-04-15,8.7420
1988-04-18,8.7960
1988-04-19,8.8110
1988-04-20,8.8260
1988-04-21,8.8110
1988-04-22,8.7770
1988-04-25,8.7670
1988-04-26,8.7920
1988-04-27,8.7870
1988-04-28,8.8520
1988-04-29,8.8670
1988-05-02,8.9400
1988-05-03,8.8930
1988-05-04,8.8880
1988-05-05,8.9080
1988-05-06,9.0090
1988-05-09,9.0250
1988-05-10,9.0650
1988-05-11,9.0860
1988-05-12,9.0860
1988-05-13,8.9860
1988-05-16,9.0140
1988-05-17,9.1110
1988-05-18,9.2030
1988-05-19,9.1890
1988-05-20,9.2180
1988-05-23,9.2330
1988-05-24,9.2180
1988-05-25,9.1980
1988-05-26,9.2130
1988-05-27,9.2420
1988-05-31,9.2130
1988-06-01,9.0420
1988-06-02,9.0660
1988-06-03,8.9650
1988-06-06,8.9690
1988-06-07,9.0220
1988-06-08,8.9210
1988-06-09,8.9600
1988-06-10,8.9260
1988-06-13,8.9070
1988-06-14,8.6790
1988-06-15,8.7070
1988-06-16,8.8970
1988-06-17,9.0310
1988-06-20,9.0170
1988-06-21,9.0360
1988-06-22,8.8960
1988-06-23,8.8820
1988-06-24,8.8530
1988-06-27,8.9340
1988-06-28,8.8670
1988-06-29,8.8720
1988-06-30,8.8100
1988-07-01,8.7520
1988-07-05,8.8190
1988-07-06,8.8960
1988-07-07,8.9340
1988-07-08,9.0400
1988-07-11,9.0110
1988-07-12,9.0790
1988-07-13,9.1140
1988-07-14,9.1040
1988-07-15,9.0700
1988-07-18,9.1330
1988-07-19,9.0990
1988-07-20,9.1040
1988-07-21,9.1480
1988-07-22,9.1140
1988-07-25,9.0890
1988-07-26,9.0690
1988-07-27,9.1480
1988-07-28,9.1630
1988-07-29,9.1180
1988-08-01,9.0650
1988-08-02,9.0010
1988-08-03,9.0250
1988-08-04,8.9820
1988-08-05,9.1230
1988-08-08,9.1140
1988-08-09,9.2030
1988-08-10,9.3080
1988-08-11,9.3480
1988-08-12,9.3480
1988-08-15,9.3770
1988-08-16,9.3520
1988-08-17,9.3770
1988-08-18,9.3520
1988-08-19,9.3420
1988-08-22,9.3710
1988-08-23,9.3320
1988-08-24,9.3420
1988-08-25,9.4110
1988-08-26,9.3810
1988-08-29,9.3030
1988-08-30,9.3020
1988-08-31,9.2540
1988-09-01,9.2530
1988-09-02,9.0170
1988-09-06,8.9930
1988-09-07,8.9830
1988-09-08,8.9830
1988-09-09,8.9020
1988-09-12,8.9490
1988-09-13,8.9400
1988-09-14,8.8730
1988-09-15,8.9110
1988-09-16,8.9300
1988-09-19,8.9670
1988-09-20,8.9630
1988-09-21,8.9290
1988-09-22,8.9530
1988-09-23,8.9530
1988-09-26,9.0000
1988-09-27,9.0290
1988-09-28,9.0580
1988-09-29,8.9810
1988-09-30,8.8570
1988-10-03,8.8330
1988-10-04,8.8610
1988-10-05,8.8610
1988-10-06,8.8610
1988-10-07,8.6960
1988-10-11,8.7430
1988-10-12,8.8420
1988-10-13,8.8320
1988-10-14,8.8080
1988-10-17,8.7840
1988-10-18,8.7840
1988-10-19,8.8170
1988-10-20,8.7980
1988-10-21,8.8220
1988-10-24,8.8220
1988-10-25,8.8120
1988-10-26,8.7880
1988-10-27,8.7170
1988-10-28,8.6840
1988-10-31,8.6420
1988-11-01,8.6700
1988-11-02,8.7220
1988-11-03,8.6840
1988-11-04,8.8490
1988-11-07,8.9110
1988-11-08,8.8960
1988-11-09,8.8990
1988-11-10,8.8990
1988-11-14,8.9130
1988-11-15,8.9230
1988-11-16,8.9950
1988-11-17,9.0530
1988-11-18,9.0480
1988-11-21,9.0380
1988-11-22,9.0720
1988-11-23,9.0820
1988-11-25,9.1700
1988-11-28,9.1600
1988-11-29,9.1360
1988-11-30,9.0620
1988-12-01,9.0090
1988-12-02,9.1750
1988-12-05,9.1260
1988-12-06,8.9600
1988-12-07,8.9940
1988-12-08,9.0130
1988-12-09,9.0720
1988-12-12,9.0760
1988-12-13,9.1550
1988-12-14,9.1990
1988-12-15,9.1890
1988-12-16,9.1750
1988-12-19,9.1500
1988-12-20,9.0810
1988-12-21,9.0660
1988-12-22,9.0660
1988-12-23,9.0660
1988-12-27,9.1400
1988-12-28,9.2090
1988-12-29,9.1840
1988-12-30,9.1450
1989-01-03,9.2340
1989-01-04,9.2190
1989-01-05,9.2690
1989-01-06,9.2490
1989-01-09,9.2340
1989-01-10,9.2340
1989-01-11,9.2340
1989-01-12,9.1400
1989-01-13,9.0620
1989-01-17,9.0660
1989-01-18,8.9980
1989-01-19,8.9980
1989-01-20,9.0270
1989-01-23,8.9980
1989-01-24,8.9300
1989-01-25,8.9880
1989-01-26,8.9980
1989-01-27,8.9590
1989-01-30,8.9980
1989-01-31,9.0030
1989-02-01,8.9980
1989-02-02,8.9880
1989-02-03,9.0130
1989-02-06,9.0080
1989-02-07,8.9690
1989-02-08,8.9520
1989-02-09,9.1020
1989-02-10,9.1900
1989-02-13,9.2050
1989-02-14,9.2390
1989-02-15,9.2390
1989-02-16,9.2140
1989-02-17,9.2040
1989-02-21,9.2040
1989-02-22,9.2880
1989-02-23,9.3630
1989-02-24,9.3830
1989-02-27,9.3630
1989-02-28,9.3230
1989-03-01,9.3580
1989-03-02,9.3180
1989-03-03,9.3080
1989-03-06,9.2680
1989-03-07,9.2590
1989-03-08,9.2390
1989-03-09,9.2440
1989-03-10,9.3480
1989-03-13,9.3480
1989-03-14,9.3230
1989-03-15,9.3230
1989-03-16,9.2980
1989-03-17,9.4890
1989-03-20,9.5250
1989-03-21,9.5250
1989-03-22,9.4440
1989-03-23,9.4290
1989-03-27,9.4290
1989-03-28,9.4140
1989-03-29,9.3640
1989-03-30,9.3340
1989-03-31,9.3040
1989-04-03,9.2140
1989-04-04,9.1750
1989-04-05,9.1650
1989-04-06,9.2040
1989-04-07,9.2690
1989-04-10,9.2690
1989-04-11,9.2790
1989-04-12,9.2840
1989-04-13,9.3290
1989-04-14,9.1750
1989-04-17,9.2000
1989-04-18,9.0620
1989-04-19,9.0760
1989-04-20,9.1900
1989-04-21,9.1400
1989-04-24,9.1500
1989-04-25,9.1160
1989-04-26,9.1010
1989-04-27,9.0570
1989-04-28,9.0180
1989-05-01,9.1360
1989-05-02,9.0860
1989-05-03,9.0520
1989-05-04,9.0620
1989-05-05,8.9780
1989-05-08,9.0370
1989-05-09,9.1410
1989-05-10,9.1910
1989-05-11,9.1310
1989-05-12,8.8320
1989-05-15,8.8150
1989-05-16,8.8290
1989-05-17,8.7960
1989-05-18,8.7770
1989-05-19,8.7020
1989-05-22,8.5760
1989-05-23,8.5990
1989-05-24,8.6220
1989-05-25,8.6640
1989-05-26,8.6540
1989-05-30,8.6310
1989-05-31,8.6030
1989-06-01,8.6030
1989-06-02,8.4270
1989-06-05,8.3590
1989-06-06,8.3540
1989-06-07,8.2770
1989-06-08,8.2680
1989-06-09,8.1420
1989-06-12,8.1590
1989-06-13,8.2490
1989-06-14,8.1950
1989-06-15,8.3250
1989-06-16,8.3480
1989-06-19,8.3660
1989-06-20,8.3020
1989-06-21,8.3470
1989-06-22,8.3790
1989-06-23,8.2470
1989-06-26,8.1790
1989-06-27,8.1120
1989-06-28,8.1740
1989-06-29,8.1140
1989-06-30,8.0970
1989-07-03,8.0920
1989-07-05,8.1140
1989-07-06,8.0700
1989-07-07,8.0250
1989-07-10,7.9840
1989-07-11,7.9930
1989-07-12,7.9930
1989-07-13,7.9970
1989-07-14,8.0230
1989-07-17,8.0500
1989-07-18,8.1210
1989-07-19,8.0800
1989-07-20,8.0050
1989-07-21,8.0710
1989-07-24,8.0480
1989-07-25,8.0080
1989-07-26,8.0080
1989-07-27,7.9060
1989-07-28,7.8570
1989-07-31,7.8120
1989-08-01,7.7340
1989-08-02,7.7600
1989-08-03,7.7900
1989-08-04,8.0000
1989-08-07,8.0140
1989-08-08,8.0050
1989-08-09,8.0600
1989-08-10,8.0140
1989-08-11,8.0970
1989-08-14,8.2370
1989-08-15,8.2040
1989-08-16,8.1160
1989-08-17,8.1670
1989-08-18,8.1530
1989-08-21,8.2130
1989-08-22,8.2930
1989-08-23,8.2420
1989-08-24,8.1990
1989-08-25,8.2180
1989-08-28,8.2700
1989-08-29,8.2650
1989-08-30,8.2410
1989-08-31,8.2560
1989-09-01,8.1710
1989-09-05,8.1900
1989-09-06,8.1750
1989-09-07,8.1750
1989-09-08,8.1470
1989-09-11,8.1240
1989-09-12,8.1190
1989-09-13,8.1660
1989-09-14,8.1290
1989-09-15,8.0860
1989-09-18,8.0960
1989-09-19,8.0820
1989-09-20,8.1380
1989-09-21,8.2080
1989-09-22,8.2180
1989-09-25,8.3270
1989-09-26,8.2890
1989-09-27,8.2940
1989-09-28,8.2940
1989-09-29,8.3030
1989-10-02,8.2890
1989-10-03,8.2320
1989-10-04,8.2080
1989-10-05,8.1520
1989-10-06,8.0250
1989-10-10,8.0210
1989-10-11,8.0670
1989-10-12,8.0300
1989-10-13,7.8540
1989-10-16,7.9790
1989-10-17,7.9790
1989-10-18,7.9970
1989-10-19,7.9460
1989-10-20,7.9740
1989-10-23,7.9140
1989-10-24,7.8580
1989-10-25,7.8630
1989-10-26,7.8860
1989-10-27,7.9370
1989-10-30,7.9180
1989-10-31,7.9230
1989-11-01,7.9100
1989-11-02,7.8700
1989-11-03,7.9500
1989-11-06,7.9970
1989-11-07,7.8900
1989-11-08,7.8700
1989-11-09,7.9090
1989-11-10,7.9130
1989-11-13,7.8900
1989-11-14,7.8840
1989-11-15,7.8160
1989-11-16,7.8200
1989-11-17,7.8790
1989-11-20,7.8650
1989-11-21,7.8470
1989-11-22,7.8060
1989-11-24,7.7970
1989-11-27,7.8510
1989-11-28,7.8510
1989-11-29,7.8740
1989-11-30,7.8380
1989-12-01,7.8140
1989-12-04,7.8140
1989-12-05,7.8140
1989-12-06,7.8500
1989-12-07,7.8740
1989-12-08,7.8230
1989-12-11,7.8320
1989-12-12,7.8320
1989-12-13,7.8230
1989-12-14,7.7860
1989-12-15,7.8050
1989-12-18,7.7590
1989-12-19,7.7770
1989-12-20,7.7630
1989-12-21,7.7720
1989-12-22,7.8040
1989-12-26,7.9420
1989-12-27,7.9380
1989-12-28,7.9050
1989-12-29,7.9330
1990-01-01,7.92
1990-01-02,7.93
1990-01-03,7.98
1990-01-04,7.97
1990-01-05,7.98
1990-01-08,8.026
1990-01-09,8.0214
1990-01-10,8.0214
1990-01-11,8.0542
1990-01-12,8.106
1990-01-15,8.11
1990-01-16,8.2008
1990-01-17,8.2009
1990-01-18,8.3206
1990-01-19,8.2392
1990-01-22,8.2776
1990-01-23,8.3692
1990-01-24,8.3741
1990-01-25,8.4178
1990-01-26,8.4717
1990-01-29,8.5158
1990-01-30,8.511
1990-01-31,8.4232
1990-02-01,8.4184
1990-02-02,8.5017
1990-02-05,8.5313
1990-02-06,8.58
1990-02-07,8.4971
1990-02-08,8.4965
1990-02-09,8.3042
1990-02-12,8.3924
1990-02-13,8.332
1990-02-14,8.3831
1990-02-15,8.4249
1990-02-16,8.4293
1990-02-19,8.46
1990-02-20,8.6464
1990-02-21,8.6464
1990-02-22,8.5513
1990-02-23,8.5464
1990-02-26,8.471
1990-02-27,8.4193
1990-02-28,8.5274
1990-03-01,8.58
1990-03-02,8.5461
1990-03-05,8.6459
1990-03-06,8.6459
1990-03-07,8.5886
1990-03-08,8.5696
1990-03-09,8.6457
1990-03-12,8.6409
1990-03-13,8.6409
1990-03-14,8.7272
1990-03-15,8.636
1990-03-16,8.6551
1990-03-19,8.58
1990-03-20,8.5406
1990-03-21,8.5738
1990-03-22,8.4979
1990-03-23,8.5404
1990-03-26,8.5166
1990-03-27,8.5214
1990-03-28,8.5071
1990-03-29,8.6214
1990-03-30,8.63
1990-04-02,8.6501
1990-04-03,8.6405
1990-04-04,8.53
1990-04-05,8.5639
1990-04-06,8.55
1990-04-09,8.5973
1990-04-10,8.6068
1990-04-11,8.6356
1990-04-12,8.6212
1990-04-13,8.63
1990-04-16,8.67
1990-04-17,8.7516
1990-04-18,8.7516
1990-04-19,8.8639
1990-04-20,8.8738
1990-04-23,8.9874
1990-04-24,8.98
1990-04-25,9.0025
1990-04-26,9.0723
1990-04-27,9.0726
1990-04-30,9.02
1990-05-01,9.0728
1990-05-02,9.0728
1990-05-03,9.018
1990-05-04,8.84
1990-05-07,8.8648
1990-05-08,8.8648
1990-05-09,8.88
1990-05-10,8.8321
1990-05-11,8.6666
1990-05-14,8.6245
1990-05-15,8.6618
1990-05-16,8.6852
1990-05-17,8.7039
1990-05-18,8.7556
1990-05-21,8.7413
1990-05-22,8.6705
1990-05-23,8.6047
1990-05-24,8.6374
1990-05-25,8.637
1990-05-28,8.72
1990-05-29,8.6415
1990-05-30,8.6414
1990-05-31,8.6179
1990-06-01,8.4685
1990-06-04,8.4452
1990-06-05,8.4729
1990-06-06,8.5376
1990-06-07,8.4587
1990-06-08,8.4769
1990-06-11,8.4861
1990-06-12,8.4859
1990-06-13,8.4025
1990-06-14,8.3702
1990-06-15,8.4575
1990-06-18,8.4945
1990-06-19,8.513
1990-06-20,8.5456
1990-06-21,8.5268
1990-06-22,8.5078
1990-06-25,8.5967
1990-06-26,8.5403
1990-06-27,8.5122
1990-06-28,8.4562
1990-06-29,8.4234
1990-07-02,8.4187
1990-07-03,8.3999
1990-07-04,8.39
1990-07-05,8.4091
1990-07-06,8.5158
1990-07-09,8.5626
1990-07-10,8.5766
1990-07-11,8.5718
1990-07-12,8.5717
1990-07-13,8.43
1990-07-14,8.4450
1990-07-16,8.4497
1990-07-17,8.4449
1990-07-18,8.5102
1990-07-19,8.5054
1990-07-20,8.4818
1990-07-23,8.5004
1990-07-24,8.5426
1990-07-25,8.4909
1990-07-26,8.4955
1990-07-27,8.4252
1990-07-30,8.3508
1990-07-31,8.3507
1990-08-01,8.2905
1990-08-02,8.3922
1990-08-03,8.4572
1990-08-06,8.6886
1990-08-07,8.7556
1990-08-08,8.78
1990-08-09,8.68
1990-08-10,8.69
1990-08-13,8.71
1990-08-14,8.6553
1990-08-15,8.6458
1990-08-16,8.807
1990-08-17,8.8021
1990-08-20,8.8259
1990-08-21,8.8498
1990-08-22,8.9607
1990-08-23,9.0141
1990-08-24,9.0482
1990-08-27,8.8832
1990-08-28,8.9266
1990-08-29,8.85
1990-08-30,8.859
1990-08-31,8.8588
1990-09-03,8.84
1990-09-04,8.8973
1990-09-05,8.8443
1990-09-06,8.8346
1990-09-07,8.8153
1990-09-10,8.8441
1990-09-11,8.8056
1990-09-12,8.82
1990-09-13,8.8343
1990-09-14,8.8776
1990-09-17,8.9066
1990-09-18,8.9115
1990-09-19,8.8824
1990-09-20,8.9066
1990-09-21,8.9844
1990-09-24,9.0578
1990-09-25,9.0088
1990-09-26,8.9892
1990-09-27,8.8822
1990-09-28,8.8097
1990-10-01,8.7329
1990-10-02,8.6899
1990-10-03,8.7232
1990-10-04,8.6517
1990-10-05,8.6515
1990-10-08,8.64
1990-10-09,8.8191
1990-10-10,8.9209
1990-10-11,8.9307
1990-10-12,8.8191
1990-10-15,8.7997
1990-10-16,8.7516
1990-10-17,8.7515
1990-10-18,8.7515
1990-10-19,8.7515
1990-10-22,8.7514
1990-10-23,8.7514
1990-10-24,8.646
1990-10-25,8.6222
1990-10-26,8.6364
1990-10-29,8.6985
1990-10-30,8.6985
1990-10-31,8.6267
1990-11-01,8.5554
1990-11-02,8.5695
1990-11-05,8.4938
1990-11-06,8.5
1990-11-07,8.5188
1990-11-08,8.5802
1990-11-09,8.4718
1990-11-12,8.49
1990-11-13,8.3877
1990-11-14,8.3645
1990-11-15,8.383
1990-11-16,8.3084
1990-11-19,8.3594
1990-11-20,8.336
1990-11-21,8.28
1990-11-22,8.28
1990-11-23,8.2892
1990-11-26,8.2799
1990-11-27,8.2891
1990-11-28,8.2936
1990-11-29,8.3445
1990-11-30,8.2562
1990-12-03,8.2284
1990-12-04,8.1732
1990-12-05,8.1685
1990-12-06,8.1821
1990-12-07,8.0358
1990-12-10,7.9724
1990-12-11,7.9227
1990-12-12,7.9001
1990-12-13,7.9719
1990-12-14,8.0394
1990-12-17,8.0257
1990-12-18,7.9037
1990-12-19,8.0028
1990-12-20,8.0617
1990-12-21,8.1024
1990-12-24,8.1986
1990-12-25,8.19
1990-12-26,8.125
1990-12-27,8.1
1990-12-28,8.13
1990-12-31,8.0786
1991-01-01,8.07
1991-01-02,7.9693
1991-01-03,7.933
1991-01-04,8.01
1991-01-07,8.133
1991-01-08,8.1697
1991-01-09,8.24
1991-01-10,8.1373
1991-01-11,8.19
1991-01-13,8.1780
1991-01-14,8.22
1991-01-15,8.2107
1991-01-16,8.2339
1991-01-17,8.0495
1991-01-18,8.0308
1991-01-21,8.02
1991-01-22,8.06
1991-01-23,8.0306
1991-01-24,7.9894
1991-01-25,8.0485
1991-01-28,8.0484
1991-01-29,8.0391
1991-01-30,8.0436
1991-01-31,8.0206
1991-02-01,7.9156
1991-02-04,7.8702
1991-02-05,7.8565
1991-02-06,7.85
1991-02-07,7.8322
1991-02-08,7.7819
1991-02-11,7.7819
1991-02-12,7.7819
1991-02-13,7.7728
1991-02-14,7.8001
1991-02-15,7.7954
1991-02-18,7.82
1991-02-19,7.8182
1991-02-20,7.8182
1991-02-21,7.8365
1991-02-22,7.9147
1991-02-25,7.8962
1991-02-26,7.9703
1991-02-27,7.9749
1991-02-28,8.0449
1991-03-01,8.12
1991-03-04,8.1342
1991-03-05,8.0777
1991-03-06,8.1201
1991-03-07,8.0636
1991-03-08,8.12
1991-03-11,8.05
1991-03-12,8.1013
1991-03-13,8.0168
1991-03-14,8.0309
1991-03-15,8.1015
1991-03-18,8.14
1991-03-19,8.2631
1991-03-20,8.1773
1991-03-21,8.1536
1991-03-22,8.13
1991-03-25,8.1348
1991-03-26,8.1253
1991-03-27,8.0734
1991-03-28,8.064
1991-03-29,8.0641
1991-04-01,8.0783
1991-04-02,8.0265
1991-04-03,8.0547
1991-04-04,8.0077
1991-04-05,7.989
1991-04-08,7.975
1991-04-09,8.0313
1991-04-10,8.088
1991-04-11,8.0786
1991-04-12,7.9751
1991-04-15,7.9657
1991-04-16,7.9564
1991-04-17,7.9517
1991-04-18,8.0316
1991-04-19,8.1027
1991-04-22,8.1551
1991-04-23,8.1266
1991-04-24,8.0555
1991-04-25,8.0792
1991-04-26,8.05
1991-04-29,8.0699
1991-04-30,8.0179
1991-05-01,8.0085
1991-05-02,7.9474
1991-05-03,8.0441
1991-05-06,8.0418
1991-05-07,8.0584
1991-05-08,8.04
1991-05-09,8.023
1991-05-10,8.1109
1991-05-13,8.0646
1991-05-14,8.1295
1991-05-15,8.1318
1991-05-16,8.1201
1991-05-17,8.0852
1991-05-20,8.0874
1991-05-21,8.0527
1991-05-22,8.0734
1991-05-23,8.092
1991-05-24,8.0872
1991-05-27,8.0871
1991-05-28,8.0732
1991-05-29,8.0685
1991-05-30,8.0222
1991-05-31,8.0614
1991-06-03,8.1148
1991-06-04,8.1265
1991-06-05,8.1896
1991-06-06,8.2131
1991-06-07,8.2744
1991-06-10,8.2887
1991-06-11,8.2887
1991-06-12,8.3576
1991-06-13,8.3314
1991-06-14,8.2792
1991-06-17,8.3029
1991-06-18,8.322
1991-06-19,8.3268
1991-06-20,8.284
1991-06-21,8.3173
1991-06-24,8.3269
1991-06-25,8.3269
1991-06-26,8.3364
1991-06-27,8.3055
1991-06-28,8.232
1991-07-01,8.2557
1991-07-02,8.2628
1991-07-03,8.2462
1991-07-04,8.251
1991-07-05,8.3392
1991-07-08,8.3272
1991-07-09,8.3416
1991-07-10,8.3321
1991-07-11,8.2844
1991-07-12,8.2559
1991-07-15,8.2559
1991-07-16,8.2655
1991-07-17,8.2846
1991-07-18,8.2941
1991-07-19,8.2752
1991-07-22,8.28
1991-07-23,8.3087
1991-07-24,8.2277
1991-07-25,8.1921
1991-07-26,8.1946
1991-07-29,8.1946
1991-07-30,8.1851
1991-07-31,8.1567
1991-08-01,8.1615
1991-08-02,8.0532
1991-08-05,8.0228
1991-08-06,7.95
1991-08-07,7.94
1991-08-08,7.9853
1991-08-09,7.9761
1991-08-12,7.9438
1991-08-13,7.9116
1991-08-14,7.818
1991-08-15,7.8384
1991-08-16,7.8245
1991-08-19,7.8336
1991-08-20,7.8062
1991-08-21,7.7879
1991-08-22,7.7833
1991-08-23,7.8721
1991-08-26,7.9156
1991-08-27,7.8834
1991-08-28,7.8102
1991-08-29,7.742
1991-08-30,7.8145
1991-09-02,7.8144
1991-09-03,7.7985
1991-09-04,7.8121
1991-09-05,7.8372
1991-09-06,7.7549
1991-09-09,7.7185
1991-09-10,7.723
1991-09-11,7.7343
1991-09-12,7.637
1991-09-13,7.6435
1991-09-16,7.6232
1991-09-17,7.6096
1991-09-18,7.6095
1991-09-19,7.6049
1991-09-20,7.5688
1991-09-23,7.5463
1991-09-24,7.5596
1991-09-25,7.573
1991-09-26,7.5415
1991-09-27,7.4877
1991-09-30,7.452
1991-10-01,7.4385
1991-10-02,7.4651
1991-10-03,7.4606
1991-10-04,7.3848
1991-10-07,7.3936
1991-10-08,7.42
1991-10-09,7.5046
1991-10-10,7.5673
1991-10-11,7.4706
1991-10-14,7.4527
1991-10-15,7.426
1991-10-16,7.4459
1991-10-17,7.5442
1991-10-18,7.5126
1991-10-21,7.6116
1991-10-22,7.6659
1991-10-23,7.675
1991-10-24,7.634
1991-10-25,7.6748
1991-10-28,7.6384
1991-10-29,7.4939
1991-10-30,7.4625
1991-10-31,7.4222
1991-11-01,7.4666
1991-11-04,7.4889
1991-11-05,7.4978
1991-11-06,7.515
1991-11-07,7.4238
1991-11-08,7.3926
1991-11-11,7.4037
1991-11-12,7.3503
1991-11-13,7.4059
1991-11-14,7.3481
1991-11-15,7.3102
1991-11-18,7.3345
1991-11-19,7.3655
1991-11-20,7.3654
1991-11-21,7.3876
1991-11-22,7.4366
1991-11-25,7.459
1991-11-26,7.4096
1991-11-27,7.4095
1991-11-28,7.4138
1991-11-29,7.3736
1991-12-02,7.3023
1991-12-03,7.2757
1991-12-04,7.1743
1991-12-05,7.2093
1991-12-06,7.2355
1991-12-09,7.2222
1991-12-10,7.2089
1991-12-11,7.2044
1991-12-12,7.1845
1991-12-13,7.2106
1991-12-16,7.1907
1991-12-17,7.1774
1991-12-18,7.1861
1991-12-19,7.0896
1991-12-20,6.9591
1991-12-23,6.8644
1991-12-24,6.8726
1991-12-25,6.86
1991-12-26,6.8425
1991-12-27,6.8186
1991-12-30,6.7334
1991-12-31,6.6992
1992-01-01,6.69
1992-01-02,6.7775
1992-01-03,6.8368
1992-01-06,6.8024
1992-01-07,6.7511
1992-01-08,6.7531
1992-01-09,6.7381
1992-01-10,6.8443
1992-01-13,6.913
1992-01-14,7.0214
1992-01-15,7.0431
1992-01-16,7.1219
1992-01-17,7.0732
1992-01-20,7.0622
1992-01-21,7.0163
1992-01-22,7.0774
1992-01-23,7.2053
1992-01-24,7.2385
1992-01-27,7.2362
1992-01-28,7.143
1992-01-29,7.2406
1992-01-30,7.3031
1992-01-31,7.2761
1992-02-03,7.3164
1992-02-04,7.267
1992-02-05,7.1867
1992-02-06,7.1955
1992-02-07,7.182
1992-02-10,7.1864
1992-02-11,7.2153
1992-02-12,7.2734
1992-02-13,7.3928
1992-02-14,7.3859
1992-02-17,7.3927
1992-02-18,7.4564
1992-02-19,7.4017
1992-02-20,7.3926
1992-02-21,7.4472
1992-02-24,7.47
1992-02-25,7.4335
1992-02-26,7.4426
1992-02-27,7.3291
1992-02-28,7.2524
1992-03-02,7.3743
1992-03-03,7.4107
1992-03-04,7.4175
1992-03-05,7.5022
1992-03-06,7.4701
1992-03-09,7.4061
1992-03-10,7.4289
1992-03-11,7.4977
1992-03-12,7.6039
1992-03-13,7.6833
1992-03-16,7.681
1992-03-17,7.6088
1992-03-18,7.6042
1992-03-19,7.5578
1992-03-20,7.63
1992-03-23,7.5998
1992-03-24,7.5164
1992-03-25,7.5164
1992-03-26,7.5211
1992-03-27,7.5212
1992-03-30,7.5166
1992-03-31,7.5305
1992-04-01,7.4474
1992-04-02,7.4453
1992-04-03,7.3971
1992-04-06,7.3971
1992-04-07,7.3696
1992-04-08,7.4108
1992-04-09,7.324
1992-04-10,7.3514
1992-04-13,7.2967
1992-04-14,7.32
1992-04-15,7.3606
1992-04-16,7.3972
1992-04-17,7.4433
1992-04-20,7.5732
1992-04-21,7.557
1992-04-22,7.5593
1992-04-23,7.5547
1992-04-24,7.52
1992-04-27,7.5526
1992-04-28,7.541
1992-04-29,7.5841
1992-04-30,7.5832
1992-05-01,7.5413
1992-05-04,7.5554
1992-05-05,7.5228
1992-05-06,7.5095
1992-05-07,7.4955
1992-05-08,7.4059
1992-05-11,7.3881
1992-05-12,7.357
1992-05-13,7.3326
1992-05-14,7.3437
1992-05-15,7.2727
1992-05-18,7.2242
1992-05-19,7.1628
1992-05-20,7.2504
1992-05-21,7.3387
1992-05-22,7.3339
1992-05-25,7.325
1992-05-26,7.4454
1992-05-27,7.423
1992-05-28,7.356
1992-05-29,7.3224
1992-06-01,7.3735
1992-06-02,7.3356
1992-06-03,7.3422
1992-06-04,7.3332
1992-06-05,7.3063
1992-06-08,7.3063
1992-06-09,7.3284
1992-06-10,7.3506
1992-06-11,7.2927
1992-06-12,7.2792
1992-06-15,7.2525
1992-06-16,7.2281
1992-06-17,7.2104
1992-06-18,7.1817
1992-06-19,7.2343
1992-06-22,7.2254
1992-06-23,7.2342
1992-06-24,7.1966
1992-06-25,7.1371
1992-06-26,7.1412
1992-06-29,7.106
1992-06-30,7.1234
1992-07-01,7.0861
1992-07-02,6.9206
1992-07-03,6.927
1992-07-06,6.8925
1992-07-07,6.8494
1992-07-08,6.8879
1992-07-09,6.8577
1992-07-10,6.8917
1992-07-13,6.9088
1992-07-14,6.9584
1992-07-15,6.8762
1992-07-16,6.8589
1992-07-17,6.8822
1992-07-20,6.8928
1992-07-21,6.8754
1992-07-22,6.8387
1992-07-23,6.704
1992-07-24,6.727
1992-07-27,6.7098
1992-07-28,6.5912
1992-07-29,6.6163
1992-07-30,6.6584
1992-07-31,6.6961
1992-08-03,6.7129
1992-08-04,6.6342
1992-08-05,6.5982
1992-08-06,6.6403
1992-08-07,6.5553
1992-08-10,6.5006
1992-08-11,6.4628
1992-08-12,6.4775
1992-08-13,6.5517
1992-08-14,6.5126
1992-08-17,6.5321
1992-08-18,6.4737
1992-08-19,6.4607
1992-08-20,6.4542
1992-08-21,6.5191
1992-08-24,6.6786
1992-08-25,6.7272
1992-08-26,6.6522
1992-08-27,6.615
1992-08-28,6.626
1992-08-31,6.6041
1992-09-01,6.5538
1992-09-02,6.52
1992-09-03,6.5277
1992-09-04,6.3957
1992-09-07,6.357
1992-09-08,6.2844
1992-09-09,6.3142
1992-09-10,6.3014
1992-09-11,6.3419
1992-09-14,6.3097
1992-09-15,6.3719
1992-09-16,6.3482
1992-09-17,6.38
1992-09-18,6.4084
1992-09-21,6.4084
1992-09-22,6.4907
1992-09-23,6.5082
1992-09-24,6.469
1992-09-25,6.4083
1992-09-28,6.3651
1992-09-29,6.3651
1992-09-30,6.3543
1992-10-01,6.2408
1992-10-02,6.2406
1992-10-05,6.2235
1992-10-06,6.2897
1992-10-07,6.4429
1992-10-08,6.3973
1992-10-09,6.5171
1992-10-12,6.4952
1992-10-13,6.4996
1992-10-14,6.4974
1992-10-15,6.5127
1992-10-16,6.5611
1992-10-19,6.6717
1992-10-20,6.8511
1992-10-21,6.7477
1992-10-22,6.7254
1992-10-23,6.8041
1992-10-26,6.802
1992-10-27,6.7571
1992-10-28,6.7235
1992-10-29,6.6722
1992-10-30,6.7889
1992-11-02,6.8659
1992-11-03,6.8569
1992-11-04,6.8706
1992-11-05,6.8571
1992-11-06,6.9531
1992-11-09,6.944
1992-11-10,6.8758
1992-11-11,6.8577
1992-11-12,6.7717
1992-11-13,6.8036
1992-11-16,6.8786
1992-11-17,6.831
1992-11-18,6.7632
1992-11-19,6.7813
1992-11-20,6.8269
1992-11-23,6.8497
1992-11-24,6.7999
1992-11-25,6.8318
1992-11-26,6.8321
1992-11-27,6.9143
1992-11-30,6.9281
1992-12-01,6.9191
1992-12-02,6.9146
1992-12-03,6.8735
1992-12-04,6.8192
1992-12-07,6.7739
1992-12-08,6.7107
1992-12-09,6.7424
1992-12-10,6.7334
1992-12-11,6.7926
1992-12-14,6.82
1992-12-15,6.7882
1992-12-16,6.752
1992-12-17,6.7114
1992-12-18,6.7433
1992-12-21,6.6982
1992-12-22,6.633
1992-12-23,6.6623
1992-12-24,6.6581
1992-12-25,6.6785
1992-12-28,6.7124
1992-12-29,6.6403
1992-12-30,6.6651
1992-12-31,6.6903
1993-01-01,6.68
1993-01-04,6.5801
1993-01-05,6.5914
1993-01-06,6.6184
1993-01-07,6.7042
1993-01-08,6.7158
1993-01-11,6.6774
1993-01-12,6.7024
1993-01-13,6.6776
1993-01-14,6.6145
1993-01-15,6.5833
1993-01-18,6.5969
1993-01-19,6.5722
1993-01-20,6.597
1993-01-21,6.5745
1993-01-22,6.5433
1993-01-25,6.463
1993-01-26,6.4764
1993-01-27,6.4542
1993-01-28,6.3965
1993-01-29,6.3612
1993-02-01,6.3613
1993-02-02,6.4278
1993-02-03,6.4101
1993-02-04,6.3724
1993-02-05,6.2865
1993-02-08,6.3438
1993-02-09,6.3792
1993-02-10,6.4504
1993-02-11,6.3589
1993-02-12,6.3353
1993-02-15,6.41
1993-02-16,6.3353
1993-02-17,6.2754
1993-02-18,6.1483
1993-02-19,6.1523
1993-02-22,6.062
1993-02-23,5.9102
1993-02-24,5.9971
1993-02-25,6.0304
1993-02-26,6.0135
1993-03-01,5.9386
1993-03-02,5.9385
1993-03-03,5.8764
1993-03-04,5.8188
1993-03-05,5.8925
1993-03-08,5.843
1993-03-09,5.8882
1993-03-10,5.9627
1993-03-11,5.9606
1993-03-12,6.1133
1993-03-15,6.1386
1993-03-16,6.0521
1993-03-17,6.0961
1993-03-18,5.8998
1993-03-19,5.9514
1993-03-22,5.9326
1993-03-23,5.9035
1993-03-24,5.9034
1993-03-25,5.9699
1993-03-26,6.0788
1993-03-29,6.0366
1993-03-30,6.0113
1993-03-31,6.0239
1993-04-01,6.0238
1993-04-02,6.1292
1993-04-05,6.1164
1993-04-06,6.0741
1993-04-07,6.0614
1993-04-08,5.9625
1993-04-09,5.9623
1993-04-12,5.9142
1993-04-13,5.912
1993-04-14,5.8849
1993-04-15,5.8682
1993-04-16,5.8846
1993-04-19,5.8595
1993-04-20,5.8573
1993-04-21,5.851
1993-04-22,5.8426
1993-04-23,5.8798
1993-04-26,5.934
1993-04-27,6.0138
1993-04-28,6.0222
1993-04-29,5.9632
1993-04-30,6.0093
1993-05-03,5.9419
1993-05-04,5.9041
1993-05-05,5.8852
1993-05-06,5.8705
1993-05-07,5.8996
1993-05-10,5.8723
1993-05-11,5.8743
1993-05-12,5.9203
1993-05-13,5.9961
1993-05-14,6.0086
1993-05-17,6.051
1993-05-18,6.1214
1993-05-19,6.0893
1993-05-20,6.0679
1993-05-21,6.1105
1993-05-24,6.1491
1993-05-25,6.1448
1993-05-26,6.0784
1993-05-27,6.089
1993-05-28,6.1103
1993-05-31,6.14
1993-06-01,6.0462
1993-06-02,6.0291
1993-06-03,6.0056
1993-06-04,6.0888
1993-06-07,6.0588
1993-06-08,6.0844
1993-06-09,6.0459
1993-06-10,6.0501
1993-06-11,5.9564
1993-06-14,5.9521
1993-06-15,5.9393
1993-06-16,5.9308
1993-06-17,5.9096
1993-06-18,5.939
1993-06-21,5.9051
1993-06-22,5.8544
1993-06-23,5.8817
1993-06-24,5.8543
1993-06-25,5.8141
1993-06-28,5.7742
1993-06-29,5.7657
1993-06-30,5.7782
1993-07-01,5.7802
1993-07-02,5.7443
1993-07-05,5.74
1993-07-06,5.7819
1993-07-07,5.7797
1993-07-08,5.7524
1993-07-09,5.7354
1993-07-12,5.727
1993-07-13,5.7436
1993-07-14,5.6975
1993-07-15,5.6974
1993-07-16,5.6888
1993-07-19,5.6866
1993-07-20,5.7262
1993-07-21,5.8103
1993-07-22,5.8525
1993-07-23,5.9332
1993-07-26,5.899
1993-07-27,5.8926
1993-07-28,5.8755
1993-07-29,5.7865
1993-07-30,5.8095
1993-08-02,5.8328
1993-08-03,5.8009
1993-08-04,5.839
1993-08-05,5.8432
1993-08-06,5.8345
1993-08-09,5.7963
1993-08-10,5.8005
1993-08-11,5.7729
1993-08-12,5.7458
1993-08-13,5.7127
1993-08-16,5.6796
1993-08-17,5.7043
1993-08-18,5.6733
1993-08-19,5.6382
1993-08-20,5.6072
1993-08-23,5.601
1993-08-24,5.5498
1993-08-25,5.4907
1993-08-26,5.4157
1993-08-27,5.4782
1993-08-30,5.4335
1993-08-31,5.4456
1993-09-01,5.4495
1993-09-02,5.4049
1993-09-03,5.288
1993-09-06,5.29
1993-09-07,5.2261
1993-09-08,5.224
1993-09-09,5.3037
1993-09-10,5.2774
1993-09-13,5.2633
1993-09-14,5.3554
1993-09-15,5.3634
1993-09-16,5.3592
1993-09-17,5.3791
1993-09-20,5.4216
1993-09-21,5.4316
1993-09-22,5.4234
1993-09-23,5.4274
1993-09-24,5.3866
1993-09-27,5.2857
1993-09-28,5.2776
1993-09-29,5.3459
1993-09-30,5.3741
1993-10-01,5.3293
1993-10-04,5.3212
1993-10-05,5.3332
1993-10-06,5.321
1993-10-07,5.3229
1993-10-08,5.248
1993-10-11,5.3002
1993-10-12,5.2559
1993-10-13,5.2639
1993-10-14,5.2116
1993-10-15,5.1514
1993-10-18,5.2513
1993-10-19,5.2391
1993-10-20,5.2293
1993-10-21,5.3317
1993-10-22,5.4005
1993-10-25,5.4209
1993-10-26,5.3922
1993-10-27,5.397
1993-10-28,5.4624
1993-10-29,5.4204
1993-11-01,5.4753
1993-11-02,5.604
1993-11-03,5.6344
1993-11-04,5.6897
1993-11-05,5.7275
1993-11-08,5.6477
1993-11-09,5.6226
1993-11-10,5.6745
1993-11-11,5.7022
1993-11-12,5.6455
1993-11-15,5.6475
1993-11-16,5.6245
1993-11-17,5.6349
1993-11-18,5.7021
1993-11-19,5.8251
1993-11-22,5.8713
1993-11-23,5.8645
1993-11-24,5.803
1993-11-25,5.81
1993-11-26,5.7444
1993-11-29,5.7402
1993-11-30,5.8168
1993-12-01,5.7742
1993-12-02,5.7912
1993-12-03,5.7508
1993-12-06,5.6851
1993-12-07,5.683
1993-12-08,5.6809
1993-12-09,5.6513
1993-12-10,5.7275
1993-12-13,5.7615
1993-12-14,5.8107
1993-12-15,5.8
1993-12-16,5.8107
1993-12-17,5.7659
1993-12-20,5.8087
1993-12-21,5.8151
1993-12-22,5.7063
1993-12-23,5.6893
1993-12-24,5.68
1993-12-27,5.6851
1993-12-28,5.6936
1993-12-29,5.6936
1993-12-30,5.7875
1993-12-31,5.79
1994-01-03,5.8997
1994-01-04,5.8435
1994-01-05,5.8738
1994-01-06,5.8005
1994-01-07,5.6511
1994-01-10,5.6384
1994-01-11,5.6193
1994-01-12,5.5623
1994-01-13,5.6702
1994-01-14,5.7193
1994-01-17,5.7429
1994-01-18,5.6958
1994-01-19,5.7082
1994-01-20,5.6638
1994-01-21,5.6604
1994-01-24,5.7023
1994-01-25,5.7366
1994-01-26,5.713
1994-01-27,5.6745
1994-01-28,5.6341
1994-01-31,5.6447
1994-02-01,5.741
1994-02-02,5.7067
1994-02-03,5.7712
1994-02-04,5.8776
1994-02-07,5.9191
1994-02-08,5.9718
1994-02-09,5.9214
1994-02-10,5.9231
1994-02-11,5.8792
1994-02-14,5.8938
1994-02-15,5.8708
1994-02-16,5.8917
1994-02-17,5.9905
1994-02-18,6.0817
1994-02-21,6.13
1994-02-22,6.0455
1994-02-23,6.1287
1994-02-24,6.2062
1994-02-25,6.189
1994-02-28,6.1331
1994-03-01,6.2778
1994-03-02,6.2584
1994-03-03,6.3412
1994-03-04,6.3616
1994-03-07,6.3126
1994-03-08,6.3547
1994-03-09,6.3592
1994-03-10,6.4739
1994-03-11,6.4498
1994-03-14,6.4787
1994-03-15,6.448
1994-03-16,6.369
1994-03-17,6.404
1994-03-18,6.502
1994-03-21,6.56
1994-03-22,6.431
1994-03-23,6.493
1994-03-24,6.556
1994-03-25,6.637
1994-03-28,6.619
1994-03-29,6.724
1994-03-30,6.767
1994-03-31,6.738
1994-04-01,6.816
1994-04-04,7.143
1994-04-05,6.941
1994-04-06,6.913
1994-04-07,6.872
1994-04-08,6.932
1994-04-11,6.905
1994-04-12,6.878
1994-04-13,6.929
1994-04-14,6.962
1994-04-15,6.958
1994-04-18,7.146
1994-04-19,7.09
1994-04-20,7.033
1994-04-21,6.903
1994-04-22,6.931
1994-04-25,6.866
1994-04-26,6.829
1994-04-27,6.83
1994-04-28,6.997
1994-04-29,7.041
1994-05-02,7.093
1994-05-03,7.117
1994-05-04,7.117
1994-05-05,7.113
1994-05-06,7.353
1994-05-09,7.486
1994-05-10,7.316
1994-05-11,7.437
1994-05-12,7.357
1994-05-13,7.281
1994-05-16,7.232
1994-05-17,7.047
1994-05-18,7.021
1994-05-19,6.955
1994-05-20,7.021
1994-05-23,7.192
1994-05-24,7.165
1994-05-25,7.112
1994-05-26,7.099
1994-05-27,7.116
1994-05-30,7.13
1994-05-31,7.152
1994-06-01,7.121
1994-06-02,7.063
1994-06-03,6.989
1994-06-06,6.915
1994-06-07,6.945
1994-06-08,6.958
1994-06-09,6.967
1994-06-10,7.019
1994-06-13,7.063
1994-06-14,7.001
1994-06-15,7.089
1994-06-16,7.04
1994-06-17,7.128
1994-06-20,7.15
1994-06-21,7.208
1994-06-22,7.115
1994-06-23,7.088
1994-06-24,7.213
1994-06-27,7.168
1994-06-28,7.235
1994-06-29,7.23
1994-06-30,7.325
1994-07-01,7.325
1994-07-04,7.311
1994-07-05,7.302
1994-07-06,7.289
1994-07-07,7.302
1994-07-08,7.42
1994-07-11,7.466
1994-07-12,7.42
1994-07-13,7.393
1994-07-14,7.234
1994-07-15,7.248
1994-07-18,7.19
1994-07-19,7.14
1994-07-20,7.23
1994-07-21,7.252
1994-07-22,7.279
1994-07-25,7.248
1994-07-26,7.261
1994-07-27,7.343
1994-07-28,7.284
1994-07-29,7.113
1994-08-01,7.113
1994-08-02,7.104
1994-08-03,7.082
1994-08-04,7.113
1994-08-05,7.275
1994-08-08,7.284
1994-08-09,7.307
1994-08-10,7.297
1994-08-11,7.357
1994-08-12,7.295
1994-08-15,7.303
1994-08-16,7.148
1994-08-17,7.174
1994-08-18,7.277
1994-08-19,7.259
1994-08-22,7.317
1994-08-23,7.29
1994-08-24,7.205
1994-08-25,7.276
1994-08-26,7.232
1994-08-29,7.236
1994-08-30,7.193
1994-08-31,7.178
1994-09-01,7.174
1994-09-02,7.2
1994-09-05,7.207
1994-09-06,7.258
1994-09-07,7.289
1994-09-08,7.28
1994-09-09,7.434
1994-09-12,7.456
1994-09-13,7.42
1994-09-14,7.402
1994-09-15,7.339
1994-09-16,7.507
1994-09-19,7.488
1994-09-20,7.516
1994-09-21,7.566
1994-09-22,7.548
1994-09-23,7.562
1994-09-26,7.562
1994-09-27,7.599
1994-09-28,7.58
1994-09-29,7.622
1994-09-30,7.608
1994-10-03,7.655
1994-10-04,7.688
1994-10-05,7.767
1994-10-06,7.772
1994-10-07,7.693
1994-10-10,7.68
1994-10-11,7.651
1994-10-12,7.702
1994-10-13,7.646
1994-10-14,7.604
1994-10-17,7.604
1994-10-18,7.642
1994-10-19,7.674
1994-10-20,7.801
1994-10-21,7.788
1994-10-24,7.849
1994-10-25,7.859
1994-10-26,7.888
1994-10-27,7.874
1994-10-28,7.845
1994-10-31,7.812
1994-11-01,7.907
1994-11-02,7.955
1994-11-03,7.96
1994-11-04,8.023
1994-11-07,8.033
1994-11-08,7.985
1994-11-09,7.966
1994-11-10,7.985
1994-11-11,7.999
1994-11-14,7.921
1994-11-15,7.916
1994-11-16,7.971
1994-11-17,8.008
1994-11-18,8.013
1994-11-21,8.013
1994-11-22,7.888
1994-11-23,7.806
1994-11-24,7.8
1994-11-25,7.797
1994-11-28,7.883
1994-11-29,7.934
1994-11-30,7.906
1994-12-01,7.929
1994-12-02,7.805
1994-12-05,7.828
1994-12-06,7.741
1994-12-07,7.801
1994-12-08,7.796
1994-12-09,7.796
1994-12-12,7.864
1994-12-13,7.823
1994-12-14,7.805
1994-12-15,7.805
1994-12-16,7.809
1994-12-19,7.809
1994-12-20,7.804
1994-12-21,7.804
1994-12-22,7.846
1994-12-23,7.845
1994-12-26,7.841
1994-12-27,7.758
1994-12-28,7.799
1994-12-29,7.799
1994-12-30,7.831
1995-01-02,7.831
1995-01-03,7.873
1995-01-04,7.818
1995-01-05,7.859
1995-01-06,7.863
1995-01-09,7.877
1995-01-10,7.836
1995-01-11,7.785
1995-01-12,7.794
1995-01-13,7.68
1995-01-16,7.684
1995-01-17,7.68
1995-01-18,7.698
1995-01-19,7.739
1995-01-20,7.808
1995-01-23,7.826
1995-01-24,7.849
1995-01-25,7.798
1995-01-26,7.748
1995-01-27,7.616
1995-01-30,7.64
1995-01-31,7.579
1995-02-01,7.665
1995-02-02,7.665
1995-02-03,7.507
1995-02-06,7.534
1995-02-07,7.52
1995-02-08,7.516
1995-02-09,7.576
1995-02-10,7.613
1995-02-13,7.604
1995-02-14,7.491
1995-02-15,7.424
1995-02-16,7.41
1995-02-17,7.423
1995-02-20,7.423
1995-02-21,7.441
1995-02-22,7.334
1995-02-23,7.321
1995-02-24,7.312
1995-02-27,7.22
1995-02-28,7.205
1995-03-01,7.227
1995-03-02,7.289
1995-03-03,7.342
1995-03-06,7.413
1995-03-07,7.431
1995-03-08,7.342
1995-03-09,7.275
1995-03-10,7.222
1995-03-13,7.182
1995-03-14,7.108
1995-03-15,7.09
1995-03-16,7.09
1995-03-17,7.107
1995-03-20,7.12
1995-03-21,7.186
1995-03-22,7.199
1995-03-23,7.186
1995-03-24,7.084
1995-03-27,7.049
1995-03-28,7.141
1995-03-29,7.128
1995-03-30,7.16
1995-03-31,7.198
1995-04-03,7.132
1995-04-04,7.123
1995-04-05,7.101
1995-04-06,7.07
1995-04-07,7.105
1995-04-10,7.114
1995-04-11,7.083
1995-04-12,7.048
1995-04-13,7.026
1995-04-14,7.021
1995-04-17,7.03
1995-04-18,7.043
1995-04-19,7.034
1995-04-20,7.012
1995-04-21,7.003
1995-04-24,6.99
1995-04-25,6.994
1995-04-26,7.011
1995-04-27,7.042
1995-04-28,7.055
1995-05-01,7.063
1995-05-02,7.02
1995-05-03,6.932
1995-05-04,6.859
1995-05-05,6.687
1995-05-08,6.695
1995-05-09,6.593
1995-05-10,6.678
1995-05-11,6.677
1995-05-12,6.669
1995-05-15,6.617
1995-05-16,6.543
1995-05-17,6.547
1995-05-18,6.595
1995-05-19,6.63
1995-05-22,6.634
1995-05-23,6.556
1995-05-24,6.414
1995-05-25,6.384
1995-05-26,6.405
1995-05-29,6.42
1995-05-30,6.282
1995-05-31,6.286
1995-06-01,6.202
1995-06-02,6.097
1995-06-05,6.072
1995-06-06,6.092
1995-06-07,6.193
1995-06-08,6.268
1995-06-09,6.4
1995-06-12,6.353
1995-06-13,6.121
1995-06-14,6.154
1995-06-15,6.179
1995-06-16,6.2
1995-06-19,6.141
1995-06-20,6.162
1995-06-21,6.112
1995-06-22,6.024
1995-06-23,6.053
1995-06-26,6.12
1995-06-27,6.145
1995-06-28,6.082
1995-06-29,6.246
1995-06-30,6.207
1995-07-03,6.207
1995-07-04,6.2
1995-07-05,6.186
1995-07-06,6.027
1995-07-07,6.047
1995-07-10,6.039
1995-07-11,6.118
1995-07-12,6.093
1995-07-13,6.089
1995-07-14,6.156
1995-07-17,6.228
1995-07-18,6.304
1995-07-19,6.412
1995-07-20,6.412
1995-07-21,6.533
1995-07-24,6.446
1995-07-25,6.411
1995-07-26,6.459
1995-07-27,6.42
1995-07-28,6.472
1995-07-31,6.424
1995-08-01,6.476
1995-08-02,6.437
1995-08-03,6.524
1995-08-04,6.494
1995-08-07,6.463
1995-08-08,6.459
1995-08-09,6.481
1995-08-10,6.504
1995-08-11,6.608
1995-08-14,6.582
1995-08-15,6.552
1995-08-16,6.539
1995-08-17,6.565
1995-08-18,6.56
1995-08-21,6.53
1995-08-22,6.56
1995-08-23,6.582
1995-08-24,6.47
1995-08-25,6.35
1995-08-28,6.345
1995-08-29,6.362
1995-08-30,6.328
1995-08-31,6.286
1995-09-01,6.231
1995-09-04,6.21
1995-09-05,6.184
1995-09-06,6.184
1995-09-07,6.226
1995-09-08,6.222
1995-09-11,6.226
1995-09-12,6.159
1995-09-13,6.184
1995-09-14,6.1
1995-09-15,6.129
1995-09-18,6.179
1995-09-19,6.137
1995-09-20,6.108
1995-09-21,6.208
1995-09-22,6.242
1995-09-25,6.246
1995-09-26,6.263
1995-09-27,6.267
1995-09-28,6.267
1995-09-29,6.182
1995-10-02,6.144
1995-10-03,6.123
1995-10-04,6.09
1995-10-05,6.073
1995-10-06,6.068
1995-10-09,6.077
1995-10-10,6.093
1995-10-11,6.085
1995-10-12,6.043
1995-10-13,5.963
1995-10-16,5.955
1995-10-17,5.938
1995-10-18,5.992
1995-10-19,5.971
1995-10-20,6.042
1995-10-23,6.079
1995-10-24,6.008
1995-10-25,6
1995-10-26,6.071
1995-10-27,6.041
1995-10-30,6.033
1995-10-31,6.024
1995-11-01,5.978
1995-11-02,5.895
1995-11-03,5.936
1995-11-06,5.961
1995-11-07,5.982
1995-11-08,5.927
1995-11-09,5.961
1995-11-10,5.994
1995-11-13,5.96
1995-11-14,5.948
1995-11-15,5.985
1995-11-16,5.91
1995-11-17,5.91
1995-11-20,5.934
1995-11-21,5.947
1995-11-22,5.938
1995-11-23,5.938
1995-11-24,5.912
1995-11-27,5.879
1995-11-28,5.879
1995-11-29,5.829
1995-11-30,5.745
1995-12-01,5.704
1995-12-04,5.638
1995-12-05,5.679
1995-12-06,5.675
1995-12-07,5.733
1995-12-08,5.724
1995-12-11,5.708
1995-12-12,5.724
1995-12-13,5.749
1995-12-14,5.757
1995-12-15,5.761
1995-12-18,5.862
1995-12-19,5.749
1995-12-20,5.761
1995-12-21,5.744
1995-12-22,5.711
1995-12-25,5.69
1995-12-26,5.686
1995-12-27,5.657
1995-12-28,5.628
1995-12-29,5.575
1996-01-01,5.57
1996-01-02,5.59
1996-01-03,5.57
1996-01-04,5.64
1996-01-05,5.68
1996-01-08,5.69
1996-01-09,5.739
1996-01-10,5.827
1996-01-11,5.76
1996-01-12,5.74
1996-01-15,5.74
1996-01-16,5.63
1996-01-17,5.58
1996-01-18,5.52
1996-01-19,5.53
1996-01-22,5.61
1996-01-23,5.65
1996-01-24,5.61
1996-01-25,5.7
1996-01-26,5.63
1996-01-29,5.69
1996-01-30,5.62
1996-01-31,5.58
1996-02-01,5.6
1996-02-02,5.67
1996-02-05,5.69
1996-02-06,5.65
1996-02-07,5.67
1996-02-08,5.66
1996-02-09,5.662
1996-02-12,5.59
1996-02-13,5.58
1996-02-14,5.63
1996-02-15,5.7
1996-02-16,5.78
1996-02-19,5.76
1996-02-20,6.01
1996-02-21,5.969
1996-02-22,5.9
1996-02-23,5.97
1996-02-26,6.02
1996-02-27,6.07
1996-02-28,6.09
1996-02-29,6.1
1996-03-01,5.97
1996-03-04,5.9
1996-03-05,5.95
1996-03-06,6.06
1996-03-07,6.08
1996-03-08,6.42
1996-03-11,6.33
1996-03-12,6.36
1996-03-13,6.359
1996-03-14,6.359
1996-03-15,6.45
1996-03-18,6.42
1996-03-19,6.417
1996-03-20,6.31
1996-03-21,6.29
1996-03-22,6.33
1996-03-25,6.24
1996-03-26,6.241
1996-03-27,6.35
1996-03-28,6.41
1996-03-29,6.33
1996-04-01,6.28
1996-04-02,6.23
1996-04-03,6.26
1996-04-04,6.35
1996-04-05,6.56
1996-04-08,6.606
1996-04-09,6.551
1996-04-10,6.666
1996-04-11,6.666
1996-04-12,6.5
1996-04-15,6.46
1996-04-16,6.48
1996-04-17,6.53
1996-04-18,6.56
1996-04-19,6.52
1996-04-22,6.49
1996-04-23,6.52
1996-04-24,6.59
1996-04-25,6.54
1996-04-26,6.53
1996-04-29,6.61
1996-04-30,6.67
1996-05-01,6.675
1996-05-02,6.86
1996-05-03,6.89
1996-05-06,6.84
1996-05-07,6.85
1996-05-08,6.74
1996-05-09,6.85
1996-05-10,6.74
1996-05-13,6.72
1996-05-14,6.64
1996-05-15,6.641
1996-05-16,6.72
1996-05-17,6.65
1996-05-20,6.649
1996-05-21,6.66
1996-05-22,6.64
1996-05-23,6.68
1996-05-24,6.66
1996-05-27,6.57
1996-05-28,6.67
1996-05-29,6.79
1996-05-30,6.791
1996-05-31,6.85
1996-06-03,6.87
1996-06-04,6.86
1996-06-05,6.81
1996-06-06,6.74
1996-06-07,6.9
1996-06-10,7.01
1996-06-11,6.993
1996-06-12,7.07
1996-06-13,7
1996-06-14,6.94
1996-06-17,6.9
1996-06-18,6.94
1996-06-19,6.95
1996-06-20,6.97
1996-06-21,6.95
1996-06-24,6.935
1996-06-25,6.896
1996-06-26,6.94
1996-06-27,6.83
1996-06-28,6.72
1996-07-01,6.75
1996-07-02,6.79
1996-07-03,6.77
1996-07-04,6.76
1996-07-05,7.06
1996-07-08,7.056
1996-07-09,6.99
1996-07-10,6.92
1996-07-11,6.88
1996-07-12,6.86
1996-07-15,6.89
1996-07-16,6.85
1996-07-17,6.84
1996-07-18,6.73
1996-07-19,6.8
1996-07-22,6.84
1996-07-23,6.81
1996-07-24,6.88
1996-07-25,6.846
1996-07-26,6.855
1996-07-29,6.938
1996-07-30,6.88
1996-07-31,6.8
1996-08-01,6.64
1996-08-02,6.51
1996-08-05,6.54
1996-08-06,6.541
1996-08-07,6.55
1996-08-08,6.56
1996-08-09,6.49
1996-08-12,6.48
1996-08-13,6.58
1996-08-14,6.57
1996-08-15,6.6
1996-08-16,6.55
1996-08-19,6.58
1996-08-20,6.57
1996-08-21,6.62
1996-08-22,6.62
1996-08-23,6.757
1996-08-26,6.8
1996-08-27,6.78
1996-08-28,6.79
1996-08-29,6.85
1996-08-30,6.945
1996-09-02,6.94
1996-09-03,6.89
1996-09-04,6.93
1996-09-05,6.99
1996-09-06,6.93
1996-09-09,6.88
1996-09-10,6.93
1996-09-11,6.92
1996-09-12,6.87
1996-09-13,6.73
1996-09-16,6.726
1996-09-17,6.83
1996-09-18,6.82
1996-09-19,6.85
1996-09-20,6.84
1996-09-23,6.82
1996-09-24,6.75
1996-09-25,6.69
1996-09-26,6.66
1996-09-27,6.68
1996-09-30,6.7
1996-10-01,6.64
1996-10-02,6.6
1996-10-03,6.599
1996-10-04,6.49
1996-10-07,6.53
1996-10-08,6.55
1996-10-09,6.551
1996-10-10,6.61
1996-10-11,6.56
1996-10-14,6.579
1996-10-15,6.55
1996-10-16,6.56
1996-10-17,6.5
1996-10-18,6.504
1996-10-21,6.52
1996-10-22,6.57
1996-10-23,6.55
1996-10-24,6.57
1996-10-25,6.54
1996-10-28,6.56
1996-10-29,6.39
1996-10-30,6.414
1996-10-31,6.34
1996-11-01,6.38
1996-11-04,6.35
1996-11-05,6.27
1996-11-06,6.29
1996-11-07,6.226
1996-11-08,6.23
1996-11-11,6.28
1996-11-12,6.19
1996-11-13,6.2
1996-11-14,6.15
1996-11-15,6.19
1996-11-18,6.2
1996-11-19,6.16
1996-11-20,6.13
1996-11-21,6.14
1996-11-22,6.141
1996-11-25,6.13
1996-11-26,6.14
1996-11-27,6.12
1996-11-28,6.11
1996-11-29,6.05
1996-12-02,6.06
1996-12-03,6.06
1996-12-04,6.1
1996-12-05,6.22
1996-12-06,6.25
1996-12-09,6.19
1996-12-10,6.22
1996-12-11,6.39
1996-12-12,6.38
1996-12-13,6.32
1996-12-16,6.37
1996-12-17,6.42
1996-12-18,6.46
1996-12-19,6.33
1996-12-20,6.36
1996-12-23,6.34
1996-12-24,6.342
1996-12-25,6.33
1996-12-26,6.342
1996-12-27,6.29
1996-12-30,6.3
1996-12-31,6.43
1997-01-01,6.41
1997-01-02,6.52
1997-01-03,6.5
1997-01-06,6.54
1997-01-07,6.55
1997-01-08,6.59
1997-01-09,6.5
1997-01-10,6.61
1997-01-13,6.62
1997-01-14,6.52
1997-01-15,6.52
1997-01-16,6.56
1997-01-17,6.55
1997-01-20,6.54
1997-01-21,6.511
1997-01-22,6.56
1997-01-23,6.59
1997-01-24,6.63
1997-01-27,6.68
1997-01-28,6.64
1997-01-29,6.62
1997-01-30,6.59
1997-01-31,6.5
1997-02-03,6.45
1997-02-04,6.43
1997-02-05,6.47
1997-02-06,6.46
1997-02-07,6.398
1997-02-10,6.4
1997-02-11,6.41
1997-02-12,6.411
1997-02-13,6.31
1997-02-14,6.27
1997-02-17,6.29
1997-02-18,6.28
1997-02-19,6.31
1997-02-20,6.39
1997-02-21,6.37
1997-02-24,6.39
1997-02-25,6.391
1997-02-26,6.53
1997-02-27,6.56
1997-02-28,6.556
1997-03-03,6.57
1997-03-04,6.6
1997-03-05,6.57
1997-03-06,6.62
1997-03-07,6.54
1997-03-10,6.55
1997-03-11,6.58
1997-03-12,6.61
1997-03-13,6.7
1997-03-14,6.69
1997-03-17,6.72
1997-03-18,6.721
1997-03-19,6.74
1997-03-20,6.73
1997-03-21,6.75
1997-03-24,6.7
1997-03-25,6.77
1997-03-26,6.78
1997-03-27,6.91
1997-03-28,6.91
1997-03-31,6.907
1997-04-01,6.88
1997-04-02,6.87
1997-04-03,6.86
1997-04-04,6.9
1997-04-07,6.85
1997-04-08,6.89
1997-04-09,6.899
1997-04-10,6.91
1997-04-11,6.97
1997-04-14,6.98
1997-04-15,6.88
1997-04-16,6.89
1997-04-17,6.85
1997-04-18,6.83
1997-04-21,6.868
1997-04-22,6.83
1997-04-23,6.88
1997-04-24,6.93
1997-04-25,6.94
1997-04-28,6.91
1997-04-29,6.76
1997-04-30,6.72
1997-05-01,6.68
1997-05-02,6.66
1997-05-05,6.648
1997-05-06,6.666
1997-05-07,6.757
1997-05-08,6.738
1997-05-09,6.668
1997-05-12,6.66
1997-05-13,6.716
1997-05-14,6.673
1997-05-15,6.66
1997-05-16,6.699
1997-05-19,6.712
1997-05-20,6.677
1997-05-21,6.729
1997-05-22,6.751
1997-05-23,6.747
1997-05-26,6.72
1997-05-27,6.79
1997-05-28,6.795
1997-05-29,6.742
1997-05-30,6.663
1997-06-02,6.659
1997-06-03,6.616
1997-06-04,6.624
1997-06-05,6.616
1997-06-06,6.49
1997-06-09,6.542
1997-06-10,6.568
1997-06-11,6.572
1997-06-12,6.49
1997-06-13,6.43
1997-06-16,6.4
1997-06-17,6.43
1997-06-18,6.396
1997-06-19,6.378
1997-06-20,6.383
1997-06-23,6.421
1997-06-24,6.408
1997-06-25,6.446
1997-06-26,6.489
1997-06-27,6.455
1997-06-30,6.502
1997-07-01,6.442
1997-07-02,6.407
1997-07-03,6.305
1997-07-04,6.3
1997-07-07,6.258
1997-07-08,6.267
1997-07-09,6.254
1997-07-10,6.241
1997-07-11,6.224
1997-07-14,6.253
1997-07-15,6.253
1997-07-16,6.19
1997-07-17,6.194
1997-07-18,6.244
1997-07-21,6.261
1997-07-22,6.126
1997-07-23,6.151
1997-07-24,6.16
1997-07-25,6.181
1997-07-28,6.13
1997-07-29,6.105
1997-07-30,6.046
1997-07-31,6.013
1997-08-01,6.184
1997-08-04,6.222
1997-08-05,6.235
1997-08-06,6.213
1997-08-07,6.244
1997-08-08,6.369
1997-08-11,6.338
1997-08-12,6.403
1997-08-13,6.343
1997-08-14,6.257
1997-08-15,6.24
1997-08-18,6.21
1997-08-19,6.197
1997-08-20,6.244
1997-08-21,6.3
1997-08-22,6.356
1997-08-25,6.39
1997-08-26,6.373
1997-08-27,6.377
1997-08-28,6.3
1997-08-29,6.339
1997-09-01,6.33
1997-09-02,6.282
1997-09-03,6.33
1997-09-04,6.334
1997-09-05,6.352
1997-09-08,6.326
1997-09-09,6.334
1997-09-10,6.369
1997-09-11,6.391
1997-09-12,6.287
1997-09-15,6.278
1997-09-16,6.107
1997-09-17,6.099
1997-09-18,6.116
1997-09-19,6.094
1997-09-22,6.065
1997-09-23,6.094
1997-09-24,6.039
1997-09-25,6.124
1997-09-26,6.081
1997-09-29,6.098
1997-09-30,6.103
1997-10-01,6.035
1997-10-02,6.001
1997-10-03,5.988
1997-10-06,5.958
1997-10-07,5.925
1997-10-08,6.085
1997-10-09,6.073
1997-10-10,6.145
1997-10-13,6.149
1997-10-14,6.068
1997-10-15,6.106
1997-10-16,6.098
1997-10-17,6.162
1997-10-20,6.145
1997-10-21,6.128
1997-10-22,6.115
1997-10-23,6.017
1997-10-24,5.983
1997-10-27,5.807
1997-10-28,5.987
1997-10-29,5.882
1997-10-30,5.815
1997-10-31,5.835
1997-11-03,5.907
1997-11-04,5.949
1997-11-05,5.919
1997-11-06,5.902
1997-11-07,5.906
1997-11-10,5.902
1997-11-11,5.902
1997-11-12,5.86
1997-11-13,5.814
1997-11-14,5.877
1997-11-17,5.834
1997-11-18,5.843
1997-11-19,5.818
1997-11-20,5.847
1997-11-21,5.809
1997-11-24,5.838
1997-11-25,5.842
1997-11-26,5.851
1997-11-27,5.848
1997-11-28,5.88
1997-12-01,5.855
1997-12-02,5.85
1997-12-03,5.825
1997-12-04,5.846
1997-12-05,5.914
1997-12-08,5.956
1997-12-09,5.926
1997-12-10,5.884
1997-12-11,5.799
1997-12-12,5.732
1997-12-15,5.778
1997-12-16,5.774
1997-12-17,5.812
1997-12-18,5.753
1997-12-19,5.736
1997-12-22,5.707
1997-12-23,5.702
1997-12-24,5.748
1997-12-25,5.73
1997-12-26,5.744
1997-12-29,5.761
1997-12-30,5.794
1997-12-31,5.744
1998-01-01,5.73
1998-01-02,5.647
1998-01-05,5.51
1998-01-06,5.469
1998-01-07,5.527
1998-01-08,5.469
1998-01-09,5.419
1998-01-12,5.374
1998-01-13,5.431
1998-01-14,5.456
1998-01-15,5.464
1998-01-16,5.538
1998-01-19,5.529
1998-01-20,5.583
1998-01-21,5.538
1998-01-22,5.571
1998-01-23,5.692
1998-01-26,5.624
1998-01-27,5.683
1998-01-28,5.691
1998-01-29,5.566
1998-01-30,5.516
1998-02-02,5.57
1998-02-03,5.553
1998-02-04,5.549
1998-02-05,5.632
1998-02-06,5.619
1998-02-09,5.649
1998-02-10,5.632
1998-02-11,5.573
1998-02-12,5.516
1998-02-13,5.484
1998-02-16,5.55
1998-02-17,5.438
1998-02-18,5.488
1998-02-19,5.516
1998-02-20,5.541
1998-02-23,5.578
1998-02-24,5.67
1998-02-25,5.611
1998-02-26,5.653
1998-02-27,5.624
1998-03-02,5.699
1998-03-03,5.779
1998-03-04,5.724
1998-03-05,5.779
1998-03-06,5.72
1998-03-09,5.657
1998-03-10,5.653
1998-03-11,5.636
1998-03-12,5.561
1998-03-13,5.582
1998-03-16,5.545
1998-03-17,5.561
1998-03-18,5.574
1998-03-19,5.57
1998-03-20,5.566
1998-03-23,5.574
1998-03-24,5.557
1998-03-25,5.645
1998-03-26,5.67
1998-03-27,5.683
1998-03-30,5.708
1998-03-31,5.658
1998-04-01,5.586
1998-04-02,5.549
1998-04-03,5.482
1998-04-06,5.507
1998-04-07,5.532
1998-04-08,5.574
1998-04-09,5.591
1998-04-10,5.58
1998-04-13,5.649
1998-04-14,5.616
1998-04-15,5.595
1998-04-16,5.582
1998-04-17,5.591
1998-04-20,5.645
1998-04-21,5.675
1998-04-22,5.679
1998-04-23,5.7
1998-04-24,5.662
1998-04-27,5.786
1998-04-28,5.807
1998-04-29,5.812
1998-04-30,5.82
1998-05-01,5.663
1998-05-03,5.6630
1998-05-04,5.663
1998-05-05,5.709
1998-05-06,5.65
1998-05-07,5.684
1998-05-08,5.71
1998-05-09,5.7100
1998-05-10,5.7100
1998-05-11,5.769
1998-05-12,5.714
1998-05-13,5.796
1998-05-14,5.687
1998-05-15,5.683
1998-05-16,5.6830
1998-05-17,5.6830
1998-05-18,5.65
1998-05-19,5.654
1998-05-20,5.612
1998-05-21,5.654
1998-05-22,5.641
1998-05-23,5.6410
1998-05-25,5.641
1998-05-26,5.575
1998-05-27,5.583
1998-05-28,5.571
1998-05-29,5.558
1998-05-30,5.5580
1998-05-31,5.5580
1998-06-01,5.534
1998-06-02,5.554
1998-06-03,5.55
1998-06-04,5.591
1998-06-05,5.579
1998-06-06,5.5790
1998-06-07,5.5790
1998-06-08,5.571
1998-06-09,5.583
1998-06-10,5.513
1998-06-11,5.447
1998-06-12,5.431
1998-06-13,5.4310
1998-06-14,5.4310
1998-06-15,5.358
1998-06-16,5.447
1998-06-17,5.529
1998-06-18,5.504
1998-06-19,5.467
1998-06-20,5.4630
1998-06-21,5.4630
1998-06-22,5.447
1998-06-23,5.455
1998-06-24,5.459
1998-06-25,5.471
1998-06-26,5.459
1998-06-27,5.4590
1998-06-29,5.459
1998-06-30,5.45
1998-07-01,5.463
1998-07-02,5.417
1998-07-03,5.413
1998-07-04,5.4130
1998-07-05,5.4130
1998-07-06,5.393
1998-07-07,5.417
1998-07-08,5.429
1998-07-09,5.405
1998-07-10,5.413
1998-07-11,5.4130
1998-07-12,5.4130
1998-07-13,5.47
1998-07-14,5.483
1998-07-15,5.479
1998-07-16,5.503
1998-07-17,5.511
1998-07-18,5.5110
1998-07-19,5.5110
1998-07-20,5.474
1998-07-21,5.437
1998-07-22,5.458
1998-07-23,5.437
1998-07-24,5.453
1998-07-25,5.4530
1998-07-26,5.4530
1998-07-27,5.47
1998-07-28,5.495
1998-07-29,5.524
1998-07-30,5.503
1998-07-31,5.494
1998-08-03,5.449
1998-08-04,5.42
1998-08-05,5.441
1998-08-06,5.445
1998-08-07,5.403
1998-08-09,5.4030
1998-08-10,5.403
1998-08-11,5.383
1998-08-12,5.391
1998-08-13,5.444
1998-08-14,5.399
1998-08-15,5.3990
1998-08-17,5.39
1998-08-18,5.411
1998-08-19,5.411
1998-08-20,5.378
1998-08-21,5.292
1998-08-22,5.2920
1998-08-24,5.287
1998-08-25,5.234
1998-08-26,5.206
1998-08-27,5.081
1998-08-28,5.064
1998-08-29,5.0640
1998-08-31,5.048
1998-09-01,5.064
1998-09-02,5.068
1998-09-03,5.028
1998-09-04,5.011
1998-09-06,5.0110
1998-09-07,5.011
1998-09-08,5.067
1998-09-09,4.923
1998-09-10,4.781
1998-09-11,4.796
1998-09-12,4.8400
1998-09-14,4.859
1998-09-15,4.891
1998-09-16,4.871
1998-09-17,4.776
1998-09-18,4.705
1998-09-19,4.6900
1998-09-21,4.67
1998-09-22,4.716
1998-09-23,4.673
1998-09-24,4.634
1998-09-25,4.576
1998-09-28,4.591
1998-09-29,4.575
1998-09-30,4.429
1998-10-01,4.289
1998-10-02,4.292
1998-10-05,4.164
1998-10-06,4.197
1998-10-07,4.359
1998-10-08,4.481
1998-10-09,4.752
1998-10-12,4.799
1998-10-13,4.72
1998-10-14,4.611
1998-10-15,4.514
1998-10-16,4.448
1998-10-19,4.467
1998-10-20,4.54
1998-10-21,4.57
1998-10-22,4.617
1998-10-23,4.703
1998-10-26,4.675
1998-10-27,4.6
1998-10-28,4.561
1998-10-29,4.503
1998-10-30,4.603
1998-11-02,4.764
1998-11-03,4.736
1998-11-04,4.887
1998-11-05,4.85
1998-11-06,4.942
1998-11-09,4.866
1998-11-10,4.83
1998-11-11,4.846
1998-11-12,4.782
1998-11-13,4.814
1998-11-16,4.866
1998-11-17,4.878
1998-11-18,4.854
1998-11-19,4.85
1998-11-20,4.814
1998-11-23,4.862
1998-11-24,4.834
1998-11-25,4.83
1998-11-26,4.832
1998-11-27,4.81
1998-11-30,4.718
1998-12-01,4.655
1998-12-02,4.592
1998-12-03,4.541
1998-12-04,4.627
1998-12-07,4.662
1998-12-08,4.591
1998-12-09,4.572
1998-12-10,4.521
1998-12-11,4.623
1998-12-14,4.576
1998-12-15,4.623
1998-12-16,4.556
1998-12-17,4.583
1998-12-18,4.567
1998-12-21,4.642
1998-12-22,4.702
1998-12-23,4.801
1998-12-24,4.85
1998-12-25,4.85
1998-12-28,4.757
1998-12-29,4.682
1998-12-30,4.642
1998-12-31,4.658
1999-01-01,4.64
1999-01-04,4.677
1999-01-05,4.745
1999-01-06,4.709
1999-01-07,4.773
1999-01-08,4.87
1999-01-11,4.903
1999-01-12,4.81
1999-01-13,4.709
1999-01-14,4.606
1999-01-15,4.685
1999-01-18,4.65
1999-01-19,4.713
1999-01-20,4.749
1999-01-21,4.685
1999-01-22,4.629
1999-01-25,4.665
1999-01-26,4.693
1999-01-27,4.673
1999-01-28,4.661
1999-01-29,4.653
1999-02-01,4.753
1999-02-02,4.802
1999-02-03,4.83
1999-02-04,4.875
1999-02-05,4.945
1999-02-08,4.924
1999-02-09,4.879
1999-02-10,4.932
1999-02-11,4.928
1999-02-12,5.061
1999-02-15,5.07
1999-02-16,5.019
1999-02-17,4.974
1999-02-18,5.057
1999-02-19,5.078
1999-02-22,5.02
1999-02-23,5.103
1999-02-24,5.179
1999-02-25,5.353
1999-02-26,5.294
1999-03-01,5.392
1999-03-02,5.315
1999-03-03,5.384
1999-03-04,5.419
1999-03-05,5.32
1999-03-08,5.269
1999-03-09,5.172
1999-03-10,5.201
1999-03-11,5.197
1999-03-12,5.147
1999-03-15,5.155
1999-03-16,5.109
1999-03-17,5.122
1999-03-18,5.101
1999-03-19,5.181
1999-03-22,5.203
1999-03-23,5.16
1999-03-24,5.156
1999-03-25,5.216
1999-03-26,5.208
1999-03-29,5.259
1999-03-30,5.191
1999-03-31,5.242
1999-04-01,5.276
1999-04-02,5.28
1999-04-05,5.187
1999-04-06,5.124
1999-04-07,5.128
1999-04-08,5.04
1999-04-09,5.057
1999-04-12,5.053
1999-04-13,5.103
1999-04-14,5.133
1999-04-15,5.167
1999-04-16,5.219
1999-04-19,5.142
1999-04-20,5.138
1999-04-21,5.045
1999-04-22,5.249
1999-04-23,5.25
1999-04-26,5.22
1999-04-27,5.207
1999-04-28,5.263
1999-04-29,5.216
1999-04-30,5.35
1999-05-03,5.359
1999-05-04,5.407
1999-05-05,5.398
1999-05-06,5.504
1999-05-07,5.54
1999-05-10,5.536
1999-05-11,5.58
1999-05-12,5.567
1999-05-13,5.41
1999-05-14,5.628
1999-05-17,5.64
1999-05-18,5.661
1999-05-19,5.595
1999-05-20,5.599
1999-05-21,5.512
1999-05-24,5.479
1999-05-25,5.471
1999-05-26,5.553
1999-05-27,5.628
1999-05-28,5.624
1999-05-31,5.71
1999-06-01,5.762
1999-06-02,5.779
1999-06-03,5.805
1999-06-04,5.809
1999-06-07,5.796
1999-06-08,5.826
1999-06-09,5.89
1999-06-10,5.929
1999-06-11,6.037
1999-06-14,5.963
1999-06-15,5.981
1999-06-16,5.925
1999-06-17,5.788
1999-06-18,5.827
1999-06-21,5.891
1999-06-22,5.925
1999-06-23,6.033
1999-06-24,6.038
1999-06-25,6.029
1999-06-28,5.947
1999-06-29,5.926
1999-06-30,5.785
1999-07-01,5.84
1999-07-02,5.836
1999-07-05,5.8
1999-07-06,5.87
1999-07-07,5.888
1999-07-08,5.823
1999-07-09,5.832
1999-07-12,5.73
1999-07-13,5.704
1999-07-14,5.734
1999-07-15,5.726
1999-07-16,5.671
1999-07-19,5.667
1999-07-20,5.637
1999-07-21,5.654
1999-07-22,5.781
1999-07-23,5.842
1999-07-26,5.846
1999-07-27,5.812
1999-07-28,5.794
1999-07-29,5.876
1999-07-30,5.902
1999-08-02,5.924
1999-08-03,5.955
1999-08-04,5.937
1999-08-05,5.864
1999-08-06,6.038
1999-08-09,6.131
1999-08-10,6.162
1999-08-11,6.038
1999-08-12,6.08
1999-08-13,5.979
1999-08-16,5.966
1999-08-17,5.879
1999-08-18,5.87
1999-08-19,5.895
1999-08-20,5.87
1999-08-23,5.891
1999-08-24,5.82
1999-08-25,5.713
1999-08-26,5.766
1999-08-27,5.861
1999-08-30,5.957
1999-08-31,5.974
1999-09-01,5.983
1999-09-02,6.008
1999-09-03,5.886
1999-09-06,5.88
1999-09-07,5.949
1999-09-08,5.928
1999-09-09,5.966
1999-09-10,5.902
1999-09-13,5.898
1999-09-14,5.961
1999-09-15,5.923
1999-09-16,5.898
1999-09-17,5.869
1999-09-20,5.906
1999-09-21,5.927
1999-09-22,5.915
1999-09-23,5.798
1999-09-24,5.773
1999-09-27,5.831
1999-09-28,5.91
1999-09-29,5.961
1999-09-30,5.881
1999-10-01,5.973
1999-10-04,5.931
1999-10-05,6.037
1999-10-06,6.067
1999-10-07,6.041
1999-10-08,6.037
1999-10-11,6.041
1999-10-12,6.058
1999-10-13,6.11
1999-10-14,6.17
1999-10-15,6.075
1999-10-18,6.149
1999-10-19,6.179
1999-10-20,6.175
1999-10-21,6.192
1999-10-22,6.196
1999-10-25,6.205
1999-10-26,6.235
1999-10-27,6.196
1999-10-28,6.119
1999-10-29,6.028
1999-11-01,6.05
1999-11-02,6.024
1999-11-03,5.999
1999-11-04,5.956
1999-11-05,5.926
1999-11-08,5.935
1999-11-09,5.956
1999-11-10,5.981
1999-11-11,5.986
1999-11-12,5.93
1999-11-15,5.922
1999-11-16,5.96
1999-11-17,6.037
1999-11-18,6.059
1999-11-19,6.067
1999-11-22,6.089
1999-11-23,6.08
1999-11-24,6.085
1999-11-25,6.08
1999-11-26,6.119
1999-11-29,6.206
1999-11-30,6.193
1999-12-01,6.207
1999-12-02,6.233
1999-12-03,6.167
1999-12-06,6.141
1999-12-07,6.102
1999-12-08,6.137
1999-12-09,6.128
1999-12-10,6.072
1999-12-13,6.102
1999-12-14,6.216
1999-12-15,6.238
1999-12-16,6.304
1999-12-17,6.291
1999-12-20,6.358
1999-12-21,6.376
1999-12-22,6.394
1999-12-23,6.421
1999-12-24,6.417
1999-12-27,6.399
1999-12-28,6.417
1999-12-29,6.39
1999-12-30,6.368
1999-12-31,6.435
2000-01-03,6.594
2000-01-04,6.499
2000-01-05,6.599
2000-01-06,6.54
2000-01-07,6.513
2000-01-10,6.554
2000-01-11,6.659
2000-01-12,6.701
2000-01-13,6.632
2000-01-14,6.688
2000-01-17,6.679
2000-01-18,6.753
2000-01-19,6.73
2000-01-20,6.79
2000-01-21,6.772
2000-01-24,6.689
2000-01-25,6.694
2000-01-26,6.666
2000-01-27,6.699
2000-01-28,6.575
2000-01-31,6.662
2000-02-01,6.626
2000-02-02,6.575
2000-02-03,6.448
2000-02-04,6.558
2000-02-07,6.645
2000-02-08,6.618
2000-02-09,6.581
2000-02-10,6.673
2000-02-11,6.595
2000-02-14,6.56
2000-02-15,6.552
2000-02-16,6.543
2000-02-17,6.56
2000-02-18,6.483
2000-02-21,6.58
2000-02-22,6.363
2000-02-23,6.422
2000-02-24,6.367
2000-02-25,6.337
2000-02-28,6.418
2000-02-29,6.409
2000-03-01,6.384
2000-03-02,6.388
2000-03-03,6.379
2000-03-06,6.413
2000-03-07,6.371
2000-03-08,6.392
2000-03-09,6.349
2000-03-10,6.387
2000-03-13,6.37
2000-03-14,6.294
2000-03-15,6.285
2000-03-16,6.247
2000-03-17,6.204
2000-03-20,6.192
2000-03-21,6.141
2000-03-22,6.12
2000-03-23,6.087
2000-03-24,6.191
2000-03-27,6.187
2000-03-28,6.153
2000-03-29,6.149
2000-03-30,6.048
2000-03-31,6.002
2000-04-03,5.965
2000-04-04,5.887
2000-04-05,5.87
2000-04-06,5.923
2000-04-07,5.845
2000-04-10,5.7695
2000-04-11,5.8828
2000-04-12,5.9473
2000-04-13,5.9297
2000-04-14,5.8602
2000-04-17,6.0391
2000-04-18,6.0469
2000-04-19,5.9961
2000-04-20,6
2000-04-21,5.98
2000-04-24,6.0195
2000-04-25,6.12
2000-04-26,6.13
2000-04-27,5.977
2000-04-28,6.2182
2000-05-01,6.26
2000-05-02,6.31
2000-05-03,6.39
2000-05-04,5.977
2000-05-05,6.5113
2000-05-08,6.56
2000-05-09,6.52
2000-05-10,6.44
2000-05-11,5.977
2000-05-12,6.5245
2000-05-15,6.45
2000-05-16,6.41
2000-05-17,6.47
2000-05-18,5.977
2000-05-19,6.4982
2000-05-22,6.42
2000-05-23,6.44
2000-05-24,6.46
2000-05-25,5.977
2000-05-26,6.3273
2000-05-29,6.32
2000-05-30,6.37
2000-05-31,6.29
2000-06-01,6.2
2000-06-02,6.1692
2000-06-05,6.1172
2000-06-06,6.125
2000-06-07,6.1484
2000-06-08,6.1289
2000-06-09,6.1262
2000-06-12,6.0781
2000-06-13,6.1094
2000-06-14,6.0469
2000-06-15,6.0469
2000-06-16,5.9796
2000-06-19,6
2000-06-20,6.0195
2000-06-21,6.1094
2000-06-22,6.1055
2000-06-23,6.1852
2000-06-26,6.1016
2000-06-27,6.0898
2000-06-28,6.1055
2000-06-29,6.0352
2000-06-30,6.027
2000-07-03,5.9908
2000-07-04,5.98
2000-07-05,5.9844
2000-07-06,6.0469
2000-07-07,6.0148
2000-07-10,6.043
2000-07-11,6.0547
2000-07-12,6.0781
2000-07-13,6.0078
2000-07-14,6.1005
2000-07-17,6.1484
2000-07-18,6.1445
2000-07-19,6.1641
2000-07-20,6.0117
2000-07-21,5.9977
2000-07-24,6.0273
2000-07-25,6.0313
2000-07-26,6.0273
2000-07-27,6
2000-07-28,6.0356
2000-07-31,6.0391
2000-08-01,5.9883
2000-08-02,5.9336
2000-08-03,5.9531
2000-08-04,5.9055
2000-08-07,5.9609
2000-08-08,5.918
2000-08-09,5.918
2000-08-10,5.7617
2000-08-11,5.7906
2000-08-14,5.7695
2000-08-15,5.8008
2000-08-16,5.8359
2000-08-17,5.8203
2000-08-18,5.7769
2000-08-21,5.7852
2000-08-22,5.7773
2000-08-23,5.7266
2000-08-24,5.7188
2000-08-25,5.733
2000-08-28,5.7695
2000-08-29,5.8125
2000-08-30,5.793
2000-08-31,5.7266
2000-09-01,5.685
2000-09-04,5.68
2000-09-05,5.6875
2000-09-06,5.7266
2000-09-07,5.75
2000-09-08,5.7368
2000-09-11,5.7734
2000-09-12,5.7773
2000-09-13,5.7305
2000-09-14,5.793
2000-09-15,5.8373
2000-09-18,5.8711
2000-09-19,5.8555
2000-09-20,5.9023
2000-09-21,5.8477
2000-09-22,5.8479
2000-09-25,5.8359
2000-09-26,5.8008
2000-09-27,5.8203
2000-09-28,5.8242
2000-09-29,5.8078
2000-10-02,5.8281
2000-10-03,5.8594
2000-10-04,5.8945
2000-10-05,5.8555
2000-10-06,5.8205
2000-10-09,5.8203
2000-10-10,5.7969
2000-10-11,5.7734
2000-10-12,5.7031
2000-10-13,5.732
2000-10-16,5.7305
2000-10-17,5.6758
2000-10-18,5.6914
2000-10-19,5.6563
2000-10-20,5.6377
2000-10-23,5.5938
2000-10-24,5.625
2000-10-25,5.6875
2000-10-26,5.6914
2000-10-27,5.7276
2000-10-30,5.7344
2000-10-31,5.7578
2000-11-01,5.7422
2000-11-02,5.7422
2000-11-03,5.827
2000-11-06,5.8438
2000-11-07,5.8675
2000-11-08,5.8555
2000-11-09,5.8047
2000-11-10,5.7974
2000-11-13,5.7695
2000-11-14,5.7656
2000-11-15,5.7109
2000-11-16,5.6641
2000-11-17,5.7064
2000-11-20,5.6719
2000-11-21,5.6641
2000-11-22,5.6289
2000-11-23,5.59
2000-11-24,5.6368
2000-11-27,5.625
2000-11-28,5.5859
2000-11-29,5.5195
2000-11-30,5.4766
2000-12-01,5.5175
2000-12-04,5.5547
2000-12-05,5.4258
2000-12-06,5.3203
2000-12-07,5.3086
2000-12-08,5.2986
2000-12-11,5.3594
2000-12-12,5.3516
2000-12-13,5.2578
2000-12-14,5.2148
2000-12-15,5.1801
2000-12-18,5.1719
2000-12-19,5.1914
2000-12-20,5.0391
2000-12-21,5.0391
2000-12-22,5.0142
2000-12-25,4.99
2000-12-26,5.0547
2000-12-27,5.1055
2000-12-28,5.1211
2000-12-29,5.1116
2001-01-01,5.1
2001-01-02,4.918
2001-01-03,5.1523
2001-01-04,5.0391
2001-01-05,4.9286
2001-01-08,4.9563
2001-01-09,4.9922
2001-01-10,5.0977
2001-01-11,5.1094
2001-01-12,5.2546
2001-01-15,5.24
2001-01-16,5.2305
2001-01-17,5.1758
2001-01-18,5.1133
2001-01-19,5.1702
2001-01-22,5.2266
2001-01-23,5.2852
2001-01-24,5.3047
2001-01-25,5.2461
2001-01-26,5.2658
2001-01-29,5.3125
2001-01-30,5.2305
2001-01-31,5.0273
2001-02-01,5.0859
2001-02-02,5.1585
2001-02-05,5.168
2001-02-06,5.1836
2001-02-07,5.1133
2001-02-08,5.0859
2001-02-09,5.0321
2001-02-12,5.0508
2001-02-13,5.0625
2001-02-14,5.1563
2001-02-15,5.168
2001-02-16,5.1108
2001-02-19,5.22
2001-02-20,5.1055
2001-02-21,5.1289
2001-02-22,5.1563
2001-02-23,5.1007
2001-02-26,5.0391
2001-02-27,4.9531
2001-02-28,4.9023
2001-03-01,4.8828
2001-03-02,4.9455
2001-03-05,4.9766
2001-03-06,4.9727
2001-03-07,4.8984
2001-03-08,4.9053
2001-03-09,4.9392
2001-03-12,4.8945
2001-03-13,4.9336
2001-03-14,4.8281
2001-03-15,4.793
2001-03-16,4.7679
2001-03-19,4.8125
2001-03-20,4.7617
2001-03-21,4.7736
2001-03-22,4.7461
2001-03-23,4.813
2001-03-26,4.8672
2001-03-27,5.0078
2001-03-28,4.9688
2001-03-29,4.9961
2001-03-30,4.9146
2001-04-02,4.9727
2001-04-03,4.9219
2001-04-04,4.9258
2001-04-05,4.9766
2001-04-06,4.8903
2001-04-09,4.9258
2001-04-10,5.082
2001-04-11,5.125
2001-04-12,5.1772
2001-04-13,5.16
2001-04-16,5.2539
2001-04-17,5.2148
2001-04-18,5.1443
2001-04-19,5.2969
2001-04-20,5.2938
2001-04-23,5.1758
2001-04-24,5.2109
2001-04-25,5.2578
2001-04-26,5.1836
2001-04-27,5.3236
2001-04-30,5.3359
2001-05-01,5.2852
2001-05-02,5.2891
2001-05-03,5.2148
2001-05-04,5.2091
2001-05-07,5.1914
2001-05-08,5.2461
2001-05-09,5.168
2001-05-10,5.2891
2001-05-11,5.4414
2001-05-14,5.4336
2001-05-15,5.4922
2001-05-16,5.4531
2001-05-17,5.4023
2001-05-18,5.4012
2001-05-21,5.3828
2001-05-22,5.4023
2001-05-23,5.3906
2001-05-24,5.4922
2001-05-25,5.5023
2001-05-28,5.5
2001-05-29,5.5195
2001-05-30,5.5078
2001-05-31,5.3828
2001-06-01,5.3748
2001-06-04,5.3398
2001-06-05,5.2734
2001-06-06,5.2617
2001-06-07,5.3242
2001-06-08,5.367
2001-06-11,5.2852
2001-06-12,5.25
2001-06-13,5.2695
2001-06-14,5.2305
2001-06-15,5.2427
2001-06-18,5.2578
2001-06-19,5.2383
2001-06-20,5.2109
2001-06-21,5.1758
2001-06-22,5.1236
2001-06-25,5.125
2001-06-26,5.2227
2001-06-27,5.2422
2001-06-28,5.3398
2001-06-29,5.3475
2001-07-02,5.3246
2001-07-03,5.3802
2001-07-04,5.38
2001-07-05,5.4035
2001-07-06,5.3402
2001-07-09,5.3327
2001-07-10,5.2723
2001-07-11,5.2909
2001-07-12,5.2427
2001-07-13,5.2279
2001-07-16,5.1733
2001-07-17,5.2092
2001-07-18,5.089
2001-07-19,5.1099
2001-07-20,5.1273
2001-07-23,5.1038
2001-07-24,5.1143
2001-07-25,5.188
2001-07-26,5.1339
2001-07-27,5.0961
2001-07-30,5.0737
2001-07-31,5.0554
2001-08-01,5.0722
2001-08-02,5.1458
2001-08-03,5.1643
2001-08-06,5.1571
2001-08-07,5.172
2001-08-08,5.05
2001-08-09,5.0346
2001-08-10,4.9845
2001-08-13,4.972
2001-08-14,4.972
2001-08-15,5.004
2001-08-16,4.9405
2001-08-17,4.8407
2001-08-20,4.9085
2001-08-21,4.8702
2001-08-22,4.9024
2001-08-23,4.884
2001-08-24,4.9278
2001-08-27,4.9281
2001-08-28,4.8441
2001-08-29,4.7656
2001-08-30,4.8123
2001-08-31,4.84
2001-09-03,4.81
2001-09-04,4.9579
2001-09-05,4.9629
2001-09-06,4.871
2001-09-07,4.788
2001-09-10,4.8424
2001-09-11,4.762
2001-09-12,4.83
2001-09-13,4.635
2001-09-14,4.56
2001-09-17,4.622
2001-09-18,4.7227
2001-09-19,4.6953
2001-09-20,4.7422
2001-09-21,4.6905
2001-09-24,4.7188
2001-09-25,4.707
2001-09-26,4.6328
2001-09-27,4.5586
2001-09-28,4.5902
2001-10-01,4.5391
2001-10-02,4.5078
2001-10-03,4.4688
2001-10-04,4.5039
2001-10-05,4.5078
2001-10-08,4.5038
2001-10-09,4.5938
2001-10-10,4.6016
2001-10-11,4.6641
2001-10-12,4.6752
2001-10-15,4.6016
2001-10-16,4.5625
2001-10-17,4.5664
2001-10-18,4.5742
2001-10-19,4.6195
2001-10-22,4.6406
2001-10-23,4.6484
2001-10-24,4.5957
2001-10-25,4.5469
2001-10-26,4.5211
2001-10-29,4.4844
2001-10-30,4.4141
2001-10-31,4.2422
2001-11-01,4.2344
2001-11-02,4.3544
2001-11-05,4.3106
2001-11-06,4.2627
2001-11-07,4.1866
2001-11-08,4.2901
2001-11-09,4.3106
2001-11-12,4.3
2001-11-13,4.3815
2001-11-14,4.5281
2001-11-15,4.7839
2001-11-16,4.8482
2001-11-19,4.8043
2001-11-20,4.8648
2001-11-21,4.9622
2001-11-22,4.95
2001-11-23,5.0113
2001-11-26,5.0159
2001-11-27,4.9255
2001-11-28,4.9356
2001-11-29,4.7647
2001-11-30,4.7537
2001-12-03,4.6915
2001-12-04,4.6666
2001-12-05,4.9045
2001-12-06,5.0109
2001-12-07,5.1646
2001-12-10,5.1044
2001-12-11,5.0583
2001-12-12,5.0099
2001-12-13,5.0744
2001-12-14,5.1901
2001-12-17,5.1844
2001-12-18,5.1291
2001-12-19,5.042
2001-12-20,5.0363
2001-12-21,5.086
2001-12-24,5.1403
2001-12-25,5.13
2001-12-26,5.2001
2001-12-27,5.0722
2001-12-28,5.1134
2001-12-31,5.0292
2002-01-01,5.04
2002-01-02,5.16
2002-01-03,5.1114
2002-01-04,5.1251
2002-01-07,5.0491
2002-01-08,5.0834
2002-01-09,5.0476
2002-01-10,4.9751
2002-01-11,4.8758
2002-01-14,4.884
2002-01-15,4.8451
2002-01-16,4.841
2002-01-17,4.9308
2002-01-18,4.8927
2002-01-21,4.89
2002-01-22,4.9189
2002-01-23,5.0276
2002-01-24,5.0053
2002-01-25,5.0695
2002-01-28,5.0747
2002-01-29,4.9401
2002-01-30,5.0127
2002-01-31,5.0456
2002-02-01,4.9841
2002-02-04,4.907
2002-02-05,4.8962
2002-02-06,4.9272
2002-02-07,4.9375
2002-02-08,4.881
2002-02-11,4.9159
2002-02-12,4.9776
2002-02-13,4.9922
2002-02-14,4.9455
2002-02-15,4.863
2002-02-18,4.91
2002-02-19,4.8709
2002-02-20,4.8913
2002-02-21,4.8594
2002-02-22,4.8349
2002-02-25,4.8528
2002-02-26,4.9309
2002-02-27,4.8334
2002-02-28,4.8737
2002-03-01,4.9837
2002-03-04,4.9994
2002-03-05,5.0045
2002-03-06,5.0522
2002-03-07,5.2292
2002-03-08,5.3251
2002-03-11,5.3205
2002-03-12,5.3106
2002-03-13,5.2789
2002-03-14,5.4099
2002-03-15,5.3333
2002-03-18,5.3012
2002-03-19,5.2887
2002-03-20,5.4063
2002-03-21,5.3659
2002-03-22,5.4033
2002-03-25,5.4068
2002-03-26,5.3426
2002-03-27,5.3438
2002-03-28,5.406
2002-03-29,5.41
2002-04-01,5.4261
2002-04-02,5.3417
2002-04-03,5.28
2002-04-04,5.2602
2002-04-05,5.2066
2002-04-08,5.2626
2002-04-09,5.2027
2002-04-10,5.2377
2002-04-11,5.2086
2002-04-12,5.1567
2002-04-15,5.1383
2002-04-16,5.1922
2002-04-17,5.2319
2002-04-18,5.1991
2002-04-19,5.2007
2002-04-22,5.1775
2002-04-23,5.1636
2002-04-24,5.1139
2002-04-25,5.0958
2002-04-26,5.0577
2002-04-29,5.1203
2002-04-30,5.0893
2002-05-01,5.0579
2002-05-02,5.0962
2002-05-03,5.0564
2002-05-06,5.0674
2002-05-07,5.0566
2002-05-08,5.2188
2002-05-09,5.1661
2002-05-10,5.1188
2002-05-13,5.2234
2002-05-14,5.2797
2002-05-15,5.246
2002-05-16,5.1707
2002-05-17,5.2559
2002-05-20,5.1987
2002-05-21,5.1528
2002-05-22,5.1169
2002-05-23,5.1503
2002-05-24,5.1461
2002-05-27,5.14
2002-05-28,5.1297
2002-05-29,5.0658
2002-05-30,5.0255
2002-05-31,5.0446
2002-06-03,4.9982
2002-06-04,5.0298
2002-06-05,5.0515
2002-06-06,4.9844
2002-06-07,5.0651
2002-06-10,5.0306
2002-06-11,4.9768
2002-06-12,4.9629
2002-06-13,4.9023
2002-06-14,4.8008
2002-06-17,4.8466
2002-06-18,4.8358
2002-06-19,4.7303
2002-06-20,4.789
2002-06-21,4.7636
2002-06-24,4.8302
2002-06-25,4.8195
2002-06-26,4.7463
2002-06-27,4.8226
2002-06-28,4.8088
2002-07-01,4.7828
2002-07-02,4.73
2002-07-03,4.7578
2002-07-04,4.74
2002-07-05,4.862
2002-07-08,4.7975
2002-07-09,4.7298
2002-07-10,4.6167
2002-07-11,4.6382
2002-07-12,4.574
2002-07-15,4.6285
2002-07-16,4.6835
2002-07-17,4.6865
2002-07-18,4.6138
2002-07-19,4.5184
2002-07-22,4.4462
2002-07-23,4.4084
2002-07-24,4.4594
2002-07-25,4.3825
2002-07-26,4.3865
2002-07-29,4.5644
2002-07-30,4.588
2002-07-31,4.4593
2002-08-01,4.3932
2002-08-02,4.2947
2002-08-05,4.2091
2002-08-06,4.3311
2002-08-07,4.3063
2002-08-08,4.3969
2002-08-09,4.2575
2002-08-12,4.2133
2002-08-13,4.0876
2002-08-14,4.1213
2002-08-15,4.1826
2002-08-16,4.3269
2002-08-19,4.2862
2002-08-20,4.1513
2002-08-21,4.2015
2002-08-22,4.3204
2002-08-23,4.2377
2002-08-26,4.2314
2002-08-27,4.2782
2002-08-28,4.214
2002-08-29,4.1417
2002-08-30,4.1297
2002-09-02,4.13
2002-09-03,3.9651
2002-09-04,3.9632
2002-09-05,3.9311
2002-09-06,4.0153
2002-09-09,4.0604
2002-09-10,3.9946
2002-09-11,4.0608
2002-09-12,3.9637
2002-09-13,3.9083
2002-09-16,3.913
2002-09-17,3.8205
2002-09-18,3.8419
2002-09-19,3.7798
2002-09-20,3.7845
2002-09-23,3.6948
2002-09-24,3.6469
2002-09-25,3.7531
2002-09-26,3.7738
2002-09-27,3.663
2002-09-30,3.6001
2002-10-01,3.7175
2002-10-02,3.6708
2002-10-03,3.6881
2002-10-04,3.6693
2002-10-07,3.6149
2002-10-08,3.6335
2002-10-09,3.5704
2002-10-10,3.6589
2002-10-11,3.8035
2002-10-14,3.792
2002-10-15,3.9942
2002-10-16,4.0466
2002-10-17,4.2021
2002-10-18,4.1091
2002-10-21,4.2565
2002-10-22,4.2608
2002-10-23,4.2287
2002-10-24,4.1181
2002-10-25,4.0973
2002-10-28,4.0894
2002-10-29,3.9406
2002-10-30,3.9633
2002-10-31,3.8949
2002-11-01,4.0052
2002-11-04,4.0451
2002-11-05,4.0729
2002-11-06,4.0801
2002-11-07,3.8822
2002-11-08,3.8426
2002-11-11,3.8426
2002-11-12,3.851
2002-11-13,3.8407
2002-11-14,4.0623
2002-11-15,4.0325
2002-11-18,3.9894
2002-11-19,3.9827
2002-11-20,4.0599
2002-11-21,4.1561
2002-11-22,4.1834
2002-11-25,4.1767
2002-11-26,4.0696
2002-11-27,4.257
2002-11-28,4.23
2002-11-29,4.2109
2002-12-02,4.2312
2002-12-03,4.2037
2002-12-04,4.1525
2002-12-05,4.137
2002-12-06,4.089
2002-12-09,4.0368
2002-12-10,4.0556
2002-12-11,4.0252
2002-12-12,4.0262
2002-12-13,4.0711
2002-12-16,4.1597
2002-12-17,4.1241
2002-12-18,4.0382
2002-12-19,3.9406
2002-12-20,3.9636
2002-12-23,3.9688
2002-12-24,3.9467
2002-12-25,3.92
2002-12-26,3.9088
2002-12-27,3.8106
2002-12-30,3.7921
2002-12-31,3.8181
2003-01-01,3.82
2003-01-02,4.031
2003-01-03,4.0193
2003-01-06,4.0548
2003-01-07,4.0082
2003-01-08,4.0213
2003-01-09,4.1741
2003-01-10,4.1398
2003-01-13,4.1227
2003-01-14,4.0811
2003-01-15,4.0607
2003-01-16,4.0831
2003-01-17,4.0174
2003-01-20,4.01
2003-01-21,3.9733
2003-01-22,3.9153
2003-01-23,3.9409
2003-01-24,3.9365
2003-01-27,3.9664
2003-01-28,3.9732
2003-01-29,4.0232
2003-01-30,3.9708
2003-01-31,3.9659
2003-02-03,3.9984
2003-02-04,3.9271
2003-02-05,4.0018
2003-02-06,3.9455
2003-02-07,3.9319
2003-02-10,3.9702
2003-02-11,3.959
2003-02-12,3.9125
2003-02-13,3.886
2003-02-14,3.9629
2003-02-17,3.93
2003-02-18,3.9513
2003-02-19,3.8849
2003-02-20,3.8692
2003-02-21,3.8925
2003-02-24,3.8502
2003-02-25,3.8203
2003-02-26,3.7664
2003-02-27,3.739
2003-02-28,3.692
2003-03-03,3.6751
2003-03-04,3.6485
2003-03-05,3.6307
2003-03-06,3.6544
2003-03-07,3.622
2003-03-10,3.5643
2003-03-11,3.5819
2003-03-12,3.586
2003-03-13,3.7503
2003-03-14,3.7008
2003-03-17,3.8398
2003-03-18,3.9077
2003-03-19,3.9862
2003-03-20,3.9554
2003-03-21,4.1076
2003-03-24,3.9689
2003-03-25,3.9443
2003-03-26,3.9361
2003-03-27,3.926
2003-03-28,3.9111
2003-03-31,3.8019
2003-04-01,3.81
2003-04-02,3.9313
2003-04-03,3.913
2003-04-04,3.957
2003-04-07,3.9803
2003-04-08,3.9372
2003-04-09,3.8976
2003-04-10,3.9411
2003-04-11,3.9745
2003-04-14,4.016
2003-04-15,3.9897
2003-04-16,3.9431
2003-04-17,3.9586
2003-04-18,3.96
2003-04-21,3.9869
2003-04-22,3.9674
2003-04-23,3.9792
2003-04-24,3.9257
2003-04-25,3.8904
2003-04-28,3.9044
2003-04-29,3.9306
2003-04-30,3.8397
2003-05-01,3.8426
2003-05-02,3.9267
2003-05-05,3.8802
2003-05-06,3.7877
2003-05-07,3.6775
2003-05-08,3.6826
2003-05-09,3.6819
2003-05-12,3.6386
2003-05-13,3.6081
2003-05-14,3.5228
2003-05-15,3.5325
2003-05-16,3.421
2003-05-19,3.4878
2003-05-20,3.3574
2003-05-21,3.399
2003-05-22,3.3157
2003-05-23,3.3348
2003-05-26,3.31
2003-05-27,3.4185
2003-05-28,3.4263
2003-05-29,3.3375
2003-05-30,3.3728
2003-06-02,3.4122
2003-06-03,3.3316
2003-06-04,3.295
2003-06-05,3.3452
2003-06-06,3.354
2003-06-09,3.279
2003-06-10,3.193
2003-06-11,3.213
2003-06-12,3.1657
2003-06-13,3.1157
2003-06-16,3.1743
2003-06-17,3.2637
2003-06-18,3.3642
2003-06-19,3.341
2003-06-20,3.3671
2003-06-23,3.3127
2003-06-24,3.2518
2003-06-25,3.4045
2003-06-26,3.5468
2003-06-27,3.5454
2003-06-30,3.5161
2003-07-01,3.55
2003-07-02,3.5372
2003-07-03,3.6555
2003-07-04,3.64
2003-07-07,3.7363
2003-07-08,3.7186
2003-07-09,3.6827
2003-07-10,3.6555
2003-07-11,3.6293
2003-07-14,3.7254
2003-07-15,3.9821
2003-07-16,3.9209
2003-07-17,3.9234
2003-07-18,4.0016
2003-07-21,4.2095
2003-07-22,4.1252
2003-07-23,4.1074
2003-07-24,4.1671
2003-07-25,4.1781
2003-07-28,4.2848
2003-07-29,4.4406
2003-07-30,4.3095
2003-07-31,4.4085
2003-08-01,4.39
2003-08-04,4.2859
2003-08-05,4.395
2003-08-06,4.2699
2003-08-07,4.2193
2003-08-08,4.2384
2003-08-11,4.3569
2003-08-12,4.4275
2003-08-13,4.5627
2003-08-14,4.4571
2003-08-15,4.44
2003-08-18,4.4597
2003-08-19,4.3653
2003-08-20,4.439
2003-08-21,4.4761
2003-08-22,4.44
2003-08-25,4.5289
2003-08-26,4.4772
2003-08-27,4.5374
2003-08-28,4.418
2003-08-29,4.4
2003-09-01,4.4576
2003-09-02,4.6058
2003-09-03,4.5973
2003-09-04,4.5079
2003-09-05,4.33
2003-09-08,4.4291
2003-09-09,4.3597
2003-09-10,4.2745
2003-09-11,4.3185
2003-09-12,4.17
2003-09-15,4.2696
2003-09-16,4.2808
2003-09-17,4.1821
2003-09-18,4.1646
2003-09-19,4.12
2003-09-22,4.2198
2003-09-23,4.2081
2003-09-24,4.136
2003-09-25,4.0878
2003-09-26,3.99
2003-09-29,4.0789
2003-09-30,3.9395
2003-10-01,3.9343
2003-10-02,3.9959
2003-10-03,3.9992
2003-10-06,4.1724
2003-10-07,4.2607
2003-10-08,4.2386
2003-10-09,4.2941
2003-10-10,4.2321
2003-10-13,4.269
2003-10-14,4.3468
2003-10-15,4.334
2003-10-16,4.4623
2003-10-17,4.3789
2003-10-20,4.3867
2003-10-21,4.3455
2003-10-22,4.2543
2003-10-23,4.3163
2003-10-24,4.2099
2003-10-27,4.2641
2003-10-28,4.1793
2003-10-29,4.3045
2003-10-30,4.3481
2003-10-31,4.2858
2003-11-03,4.3442
2003-11-04,4.2986
2003-11-05,4.3522
2003-11-06,4.4121
2003-11-07,4.3878
2003-11-10,4.4443
2003-11-11,4.4002
2003-11-12,4.4018
2003-11-13,4.273
2003-11-14,4.2162
2003-11-17,4.1978
2003-11-18,4.1459
2003-11-19,4.2388
2003-11-20,4.1574
2003-11-21,4.1145
2003-11-24,4.2319
2003-11-25,4.187
2003-11-26,4.2493
2003-11-27,4.22
2003-11-28,4.2384
2003-12-01,4.3861
2003-12-02,4.3812
2003-12-03,4.4033
2003-12-04,4.3669
2003-12-05,4.183
2003-12-08,4.2711
2003-12-09,4.3538
2003-12-10,4.319
2003-12-11,4.236
2003-12-12,4.1844
2003-12-15,4.2593
2003-12-16,4.2146
2003-12-17,4.1845
2003-12-18,4.1285
2003-12-19,4.1269
2003-12-22,4.1718
2003-12-23,4.2612
2003-12-24,4.1864
2003-12-25,4.19
2003-12-26,4.1504
2003-12-29,4.2436
2003-12-30,4.2597
2003-12-31,4.2519
2004-01-01,4.2534
2004-01-02,4.2539
2004-01-05,4.3803
2004-01-06,4.2739
2004-01-07,4.2455
2004-01-08,4.269
2004-01-09,4.0797
2004-01-12,4.038
2004-01-13,4.0072
2004-01-14,3.9957
2004-01-15,3.9745
2004-01-16,3.9291
2004-01-19,4.01
2004-01-20,4.0626
2004-01-21,4.024
2004-01-22,3.9664
2004-01-23,3.9192
2004-01-26,4.133
2004-01-27,4.0874
2004-01-28,4.1924
2004-01-29,4.1827
2004-01-30,4.1266
2004-02-02,4.1474
2004-02-03,4.0988
2004-02-04,4.1201
2004-02-05,4.1688
2004-02-06,4.0733
2004-02-09,4.0597
2004-02-10,4.116
2004-02-11,4.0287
2004-02-12,4.0484
2004-02-13,4.0137
2004-02-16,4.053
2004-02-17,4.0402
2004-02-18,4.0575
2004-02-19,4.0363
2004-02-20,4.032
2004-02-23,4.0387
2004-02-24,4.0306
2004-02-25,4.0152
2004-02-26,4.0402
2004-02-27,3.9716
2004-03-01,3.9754
2004-03-02,4.0556
2004-03-03,4.0536
2004-03-04,4.0228
2004-03-05,3.7847
2004-03-08,3.7703
2004-03-09,3.7249
2004-03-10,3.7308
2004-03-11,3.7116
2004-03-12,3.6803
2004-03-15,3.7657
2004-03-16,3.6832
2004-03-17,3.7168
2004-03-18,3.7251
2004-03-19,3.7411
2004-03-22,3.7239
2004-03-23,3.6939
2004-03-24,3.713
2004-03-25,3.7425
2004-03-26,3.7406
2004-03-29,3.892
2004-03-30,3.8963
2004-03-31,3.8405
2004-04-01,3.89
2004-04-02,3.8752
2004-04-05,4.2163
2004-04-06,4.1494
2004-04-07,4.1651
2004-04-08,4.1475
2004-04-09,4.2
2004-04-12,4.2304
2004-04-13,4.3539
2004-04-14,4.366
2004-04-15,4.4003
2004-04-16,4.3218
2004-04-19,4.3865
2004-04-20,4.4669
2004-04-21,4.431
2004-04-22,4.3868
2004-04-23,4.3571
2004-04-26,4.4477
2004-04-27,4.3852
2004-04-28,4.5023
2004-04-29,4.4454
2004-04-30,4.4875
2004-05-03,4.5018
2004-05-04,4.5675
2004-05-05,4.5876
2004-05-06,4.6022
2004-05-07,4.5369
2004-05-10,4.8005
2004-05-11,4.7482
2004-05-12,4.8219
2004-05-13,4.8643
2004-05-14,4.7703
2004-05-17,4.6946
2004-05-18,4.7321
2004-05-19,4.7757
2004-05-20,4.7078
2004-05-21,4.6812
2004-05-24,4.734
2004-05-25,4.728
2004-05-26,4.6647
2004-05-27,4.6077
2004-05-28,4.592
2004-05-31,4.63
2004-06-01,4.7031
2004-06-02,4.7497
2004-06-03,4.7218
2004-06-04,4.6813
2004-06-07,4.7635
2004-06-08,4.7675
2004-06-09,4.8075
2004-06-10,4.8015
2004-06-11,4.79
2004-06-14,4.8759
2004-06-15,4.6839
2004-06-16,4.7236
2004-06-17,4.6838
2004-06-18,4.7175
2004-06-21,4.6857
2004-06-22,4.7215
2004-06-23,4.6996
2004-06-24,4.6539
2004-06-25,4.6321
2004-06-28,4.7373
2004-06-29,4.6895
2004-06-30,4.5826
2004-07-01,4.5687
2004-07-02,4.4162
2004-07-05,4.46
2004-07-06,4.4763
2004-07-07,4.4783
2004-07-08,4.4762
2004-07-09,4.4586
2004-07-12,4.4486
2004-07-13,4.472
2004-07-14,4.4856
2004-07-15,4.4836
2004-07-16,4.3471
2004-07-19,4.3586
2004-07-20,4.452
2004-07-21,4.4676
2004-07-22,4.4499
2004-07-23,4.4303
2004-07-26,4.4888
2004-07-27,4.6192
2004-07-28,4.5894
2004-07-29,4.5794
2004-07-30,4.4729
2004-08-02,4.453
2004-08-03,4.4295
2004-08-04,4.4235
2004-08-05,4.4039
2004-08-06,4.2513
2004-08-09,4.2638
2004-08-10,4.2928
2004-08-11,4.2772
2004-08-12,4.2577
2004-08-13,4.2017
2004-08-16,4.2635
2004-08-17,4.1921
2004-08-18,4.2422
2004-08-19,4.2403
2004-08-20,4.1997
2004-08-23,4.291
2004-08-24,4.277
2004-08-25,4.269
2004-08-26,4.213
2004-08-27,4.188
2004-08-30,4.178
2004-08-31,4.119
2004-09-01,4.117
2004-09-02,4.2168
2004-09-03,4.289
2004-09-06,4.289
2004-09-07,4.24
2004-09-08,4.166
2004-09-09,4.197
2004-09-10,4.13
2004-09-13,4.141
2004-09-14,4.128
2004-09-15,4.166
2004-09-16,4.078
2004-09-17,4.053
2004-09-20,4.06
2004-09-21,4.047
2004-09-22,3.984
2004-09-23,4.022
2004-09-24,4.033
2004-09-27,3.995
2004-09-28,4.006
2004-09-29,4.09
2004-09-30,4.123
2004-10-01,4.189
2004-10-04,4.166
2004-10-05,4.173
2004-10-06,4.226
2004-10-07,4.246
2004-10-08,4.129
2004-10-11,4.138
2004-10-12,4.084
2004-10-13,4.059
2004-10-14,4.024
2004-10-15,3.994
2004-10-18,4.045
2004-10-19,4.036
2004-10-20,3.984
2004-10-21,4.007
2004-10-22,3.978
2004-10-25,3.976
2004-10-26,4.001
2004-10-27,4.085
2004-10-28,4.054
2004-10-29,4.022
2004-11-01,4.074
2004-11-02,4.054
2004-11-03,4.046
2004-11-04,4.077
2004-11-05,4.177
2004-11-08,4.222
2004-11-09,4.23
2004-11-10,4.251
2004-11-11,4.243
2004-11-12,4.175
2004-11-15,4.192
2004-11-16,4.209
2004-11-17,4.127
2004-11-18,4.117
2004-11-19,4.102
2004-11-22,4.182
2004-11-23,4.188
2004-11-24,4.203
2004-11-25,4.2
2004-11-26,4.178
2004-11-29,4.324
2004-11-30,4.353
2004-12-01,4.369
2004-12-02,4.414
2004-12-03,4.256
2004-12-06,4.228
2004-12-07,4.226
2004-12-08,4.12
2004-12-09,4.174
2004-12-10,4.157
2004-12-13,4.153
2004-12-14,4.13
2004-12-15,4.078
2004-12-16,4.189
2004-12-17,4.168
2004-12-20,4.189
2004-12-21,4.172
2004-12-22,4.201
2004-12-23,4.22
2004-12-24,4.22
2004-12-27,4.302
2004-12-28,4.296
2004-12-29,4.33
2004-12-30,4.257
2004-12-31,4.218
2005-01-03,4.218
2005-01-04,4.296
2005-01-05,4.285
2005-01-06,4.265
2005-01-07,4.273
2005-01-10,4.275
2005-01-11,4.244
2005-01-12,4.238
2005-01-13,4.167
2005-01-14,4.22
2005-01-17,4.21
2005-01-18,4.193
2005-01-19,4.173
2005-01-20,4.173
2005-01-21,4.146
2005-01-24,4.126
2005-01-25,4.198
2005-01-26,4.2
2005-01-27,4.224
2005-01-28,4.146
2005-01-31,4.132
2005-02-01,4.144
2005-02-02,4.147
2005-02-03,4.169
2005-02-04,4.085
2005-02-07,4.056
2005-02-08,4.023
2005-02-09,3.99
2005-02-10,4.091
2005-02-11,4.092
2005-02-14,4.077
2005-02-15,4.102
2005-02-16,4.16
2005-02-17,4.185
2005-02-18,4.264
2005-02-21,4.27
2005-02-22,4.291
2005-02-23,4.268
2005-02-24,4.287
2005-02-25,4.268
2005-02-28,4.383
2005-03-01,4.371
2005-03-02,4.381
2005-03-03,4.385
2005-03-04,4.317
2005-03-07,4.314
2005-03-08,4.397
2005-03-09,4.528
2005-03-10,4.469
2005-03-11,4.55
2005-03-14,4.516
2005-03-15,4.551
2005-03-16,4.506
2005-03-17,4.466
2005-03-18,4.511
2005-03-21,4.529
2005-03-22,4.645
2005-03-23,4.588
2005-03-24,4.603
2005-03-25,4.59
2005-03-28,4.644
2005-03-29,4.577
2005-03-30,4.554
2005-03-31,4.486
2005-04-01,4.454
2005-04-04,4.462
2005-04-05,4.474
2005-04-06,4.426
2005-04-07,4.488
2005-04-08,4.474
2005-04-11,4.436
2005-04-12,4.36
2005-04-13,4.368
2005-04-14,4.318
2005-04-15,4.248
2005-04-18,4.274
2005-04-19,4.219
2005-04-20,4.191
2005-04-21,4.3
2005-04-22,4.247
2005-04-25,4.253
2005-04-26,4.269
2005-04-27,4.231
2005-04-28,4.146
2005-04-29,4.206
2005-05-02,4.192
2005-05-03,4.168
2005-05-04,4.192
2005-05-05,4.16
2005-05-06,4.262
2005-05-09,4.288
2005-05-10,4.202
2005-05-11,4.21
2005-05-12,4.176
2005-05-13,4.127
2005-05-16,4.135
2005-05-17,4.121
2005-05-18,4.098
2005-05-19,4.119
2005-05-20,4.125
2005-05-23,4.071
2005-05-24,4.035
2005-05-25,4.09
2005-05-26,4.086
2005-05-27,4.075
2005-05-30,4.1
2005-05-31,3.987
2005-06-01,3.892
2005-06-02,3.911
2005-06-03,3.981
2005-06-06,3.956
2005-06-07,3.907
2005-06-08,3.943
2005-06-09,3.954
2005-06-10,4.057
2005-06-13,4.092
2005-06-14,4.113
2005-06-15,4.111
2005-06-16,4.071
2005-06-17,4.074
2005-06-20,4.117
2005-06-21,4.047
2005-06-22,3.946
2005-06-23,3.957
2005-06-24,3.919
2005-06-27,3.909
2005-06-28,3.974
2005-06-29,3.986
2005-06-30,3.919
2005-07-01,4.051
2005-07-04,4.03
2005-07-05,4.111
2005-07-06,4.074
2005-07-07,4.066
2005-07-08,4.095
2005-07-11,4.099
2005-07-12,4.15
2005-07-13,4.16
2005-07-14,4.179
2005-07-15,4.171
2005-07-18,4.226
2005-07-19,4.183
2005-07-20,4.158
2005-07-21,4.284
2005-07-22,4.222
2005-07-25,4.25
2005-07-26,4.23
2005-07-27,4.256
2005-07-28,4.195
2005-07-29,4.284
2005-08-01,4.316
2005-08-02,4.34
2005-08-03,4.296
2005-08-04,4.318
2005-08-05,4.392
2005-08-08,4.426
2005-08-09,4.392
2005-08-10,4.396
2005-08-11,4.328
2005-08-12,4.248
2005-08-15,4.289
2005-08-16,4.213
2005-08-17,4.275
2005-08-18,4.206
2005-08-19,4.211
2005-08-22,4.213
2005-08-23,4.184
2005-08-24,4.171
2005-08-25,4.161
2005-08-26,4.192
2005-08-29,4.174
2005-08-30,4.094
2005-08-31,4.016
2005-09-01,4.033
2005-09-02,4.046
2005-09-05,4.02
2005-09-06,4.103
2005-09-07,4.141
2005-09-08,4.145
2005-09-09,4.122
2005-09-12,4.176
2005-09-13,4.132
2005-09-14,4.172
2005-09-15,4.215
2005-09-16,4.277
2005-09-19,4.253
2005-09-20,4.244
2005-09-21,4.168
2005-09-22,4.185
2005-09-23,4.255
2005-09-26,4.296
2005-09-27,4.285
2005-09-28,4.259
2005-09-29,4.302
2005-09-30,4.332
2005-10-03,4.387
2005-10-04,4.373
2005-10-05,4.348
2005-10-06,4.395
2005-10-07,4.362
2005-10-10,4.362
2005-10-11,4.397
2005-10-12,4.445
2005-10-13,4.469
2005-10-14,4.483
2005-10-17,4.499
2005-10-18,4.475
2005-10-19,4.467
2005-10-20,4.437
2005-10-21,4.39
2005-10-24,4.448
2005-10-25,4.544
2005-10-26,4.587
2005-10-27,4.554
2005-10-28,4.567
2005-10-31,4.559
2005-11-01,4.569
2005-11-02,4.61
2005-11-03,4.655
2005-11-04,4.667
2005-11-07,4.63
2005-11-08,4.559
2005-11-09,4.643
2005-11-10,4.562
2005-11-11,4.579
2005-11-14,4.61
2005-11-15,4.563
2005-11-16,4.478
2005-11-17,4.465
2005-11-18,4.498
2005-11-21,4.463
2005-11-22,4.431
2005-11-23,4.474
2005-11-24,4.47
2005-11-25,4.435
2005-11-28,4.41
2005-11-29,4.48
2005-11-30,4.49
2005-12-01,4.517
2005-12-02,4.517
2005-12-05,4.575
2005-12-06,4.488
2005-12-07,4.519
2005-12-08,4.468
2005-12-09,4.535
2005-12-12,4.553
2005-12-13,4.525
2005-12-14,4.464
2005-12-15,4.464
2005-12-16,4.439
2005-12-19,4.444
2005-12-20,4.466
2005-12-21,4.496
2005-12-22,4.433
2005-12-23,4.382
2005-12-26,4.38
2005-12-27,4.344
2005-12-28,4.38
2005-12-29,4.36
2005-12-30,4.399
2006-01-02,4.39
2006-01-03,4.37
2006-01-04,4.348
2006-01-05,4.358
2006-01-06,4.383
2006-01-09,4.375
2006-01-10,4.43
2006-01-11,4.458
2006-01-12,4.41
2006-01-13,4.355
2006-01-16,4.357
2006-01-17,4.33
2006-01-18,4.338
2006-01-19,4.377
2006-01-20,4.351
2006-01-23,4.361
2006-01-24,4.394
2006-01-25,4.481
2006-01-26,4.525
2006-01-27,4.517
2006-01-30,4.531
2006-01-31,4.521
2006-02-01,4.561
2006-02-02,4.563
2006-02-03,4.531
2006-02-06,4.547
2006-02-07,4.573
2006-02-08,4.591
2006-02-09,4.549
2006-02-10,4.59
2006-02-13,4.583
2006-02-14,4.612
2006-02-15,4.6
2006-02-16,4.588
2006-02-17,4.539
2006-02-20,4.541
2006-02-21,4.571
2006-02-22,4.527
2006-02-23,4.561
2006-02-24,4.577
2006-02-27,4.594
2006-02-28,4.557
2006-03-01,4.587
2006-03-02,4.634
2006-03-03,4.684
2006-03-06,4.754
2006-03-07,4.728
2006-03-08,4.732
2006-03-09,4.732
2006-03-10,4.761
2006-03-13,4.773
2006-03-14,4.698
2006-03-15,4.731
2006-03-16,4.648
2006-03-17,4.676
2006-03-20,4.662
2006-03-21,4.725
2006-03-22,4.705
2006-03-23,4.737
2006-03-24,4.675
2006-03-27,4.709
2006-03-28,4.794
2006-03-29,4.806
2006-03-30,4.861
2006-03-31,4.853
2006-04-03,4.866
2006-04-04,4.868
2006-04-05,4.847
2006-04-06,4.901
2006-04-07,4.986
2006-04-10,4.957
2006-04-11,4.926
2006-04-12,4.982
2006-04-13,5.053
2006-04-14,5.03
2006-04-17,5.009
2006-04-18,4.987
2006-04-19,5.028
2006-04-20,5.047
2006-04-21,5.016
2006-04-24,4.985
2006-04-25,5.073
2006-04-26,5.111
2006-04-27,5.073
2006-04-28,5.057
2006-05-01,5.143
2006-05-02,5.114
2006-05-03,5.148
2006-05-04,5.161
2006-05-05,5.106
2006-05-08,5.117
2006-05-09,5.13
2006-05-10,5.13
2006-05-11,5.162
2006-05-12,5.2
2006-05-15,5.161
2006-05-16,5.103
2006-05-17,5.149
2006-05-18,5.063
2006-05-19,5.066
2006-05-22,5.044
2006-05-23,5.018
2006-05-24,5.042
2006-05-25,5.076
2006-05-26,5.052
2006-05-29,5.052
2006-05-30,5.078
2006-05-31,5.121
2006-06-01,5.104
2006-06-02,4.996
2006-06-05,5.026
2006-06-06,5.004
2006-06-07,5.024
2006-06-08,4.998
2006-06-09,4.979
2006-06-12,4.983
2006-06-13,4.969
2006-06-14,5.07
2006-06-15,5.1
2006-06-16,5.135
2006-06-19,5.139
2006-06-20,5.157
2006-06-21,5.159
2006-06-22,5.212
2006-06-23,5.224
2006-06-26,5.241
2006-06-27,5.208
2006-06-28,5.251
2006-06-29,5.2
2006-06-30,5.145
2006-07-03,5.155
2006-07-04,5.153
2006-07-05,5.227
2006-07-06,5.185
2006-07-07,5.134
2006-07-10,5.13
2006-07-11,5.106
2006-07-12,5.106
2006-07-13,5.067
2006-07-14,5.069
2006-07-17,5.067
2006-07-18,5.136
2006-07-19,5.055
2006-07-20,5.028
2006-07-21,5.049
2006-07-24,5.049
2006-07-25,5.069
2006-07-26,5.038
2006-07-27,5.04
2006-07-28,4.994
2006-07-31,4.988
2006-08-01,4.981
2006-08-02,4.967
2006-08-03,4.963
2006-08-04,4.899
2006-08-07,4.923
2006-08-08,4.923
2006-08-09,4.941
2006-08-10,4.939
2006-08-11,4.975
2006-08-14,5.001
2006-08-15,4.935
2006-08-16,4.865
2006-08-17,4.869
2006-08-18,4.847
2006-08-21,4.817
2006-08-22,4.811
2006-08-23,4.813
2006-08-24,4.807
2006-08-25,4.783
2006-08-28,4.7931
2006-08-29,4.7851
2006-08-30,4.7554
2006-08-31,4.7317
2006-09-01,4.7236
2006-09-04,4.72
2006-09-05,4.7849
2006-09-06,4.7988
2006-09-07,4.7928
2006-09-08,4.7768
2006-09-11,4.8046
2006-09-12,4.7747
2006-09-13,4.7648
2006-09-14,4.7926
2006-09-15,4.7965
2006-09-18,4.8104
2006-09-19,4.7387
2006-09-20,4.7347
2006-09-21,4.6419
2006-09-22,4.5907
2006-09-25,4.5438
2006-09-26,4.5867
2006-09-27,4.6042
2006-09-28,4.6179
2006-09-29,4.6335
2006-10-02,4.6118
2006-10-03,4.6156
2006-10-04,4.5626
2006-10-05,4.6096
2006-10-06,4.6962
2006-10-09,4.698
2006-10-10,4.7579
2006-10-11,4.7818
2006-10-12,4.7758
2006-10-13,4.8017
2006-10-16,4.7817
2006-10-17,4.7736
2006-10-18,4.7576
2006-10-19,4.7896
2006-10-20,4.7915
2006-10-23,4.8337
2006-10-24,4.8277
2006-10-25,4.7694
2006-10-26,4.7214
2006-10-27,4.6774
2006-10-30,4.6754
2006-10-31,4.604
2006-11-01,4.5704
2006-11-02,4.5999
2006-11-03,4.723
2006-11-06,4.697
2006-11-07,4.6671
2006-11-08,4.6412
2006-11-09,4.625
2006-11-10,4.5935
2006-11-13,4.6132
2006-11-14,4.568
2006-11-15,4.623
2006-11-16,4.6743
2006-11-17,4.6032
2006-11-20,4.5993
2006-11-21,4.5776
2006-11-22,4.5619
2006-11-23,4.57
2006-11-24,4.5598
2006-11-27,4.5324
2006-11-28,4.505
2006-11-29,4.5245
2006-11-30,4.462
2006-12-01,4.4385
2006-12-04,4.4287
2006-12-05,4.4462
2006-12-06,4.489
2006-12-07,4.487
2006-12-08,4.5476
2006-12-11,4.5221
2006-12-12,4.4927
2006-12-13,4.587
2006-12-14,4.6008
2006-12-15,4.5988
2006-12-18,4.5849
2006-12-19,4.5928
2006-12-20,4.6007
2006-12-21,4.5473
2006-12-22,4.6284
2006-12-25,4.62
2006-12-26,4.6045
2006-12-27,4.6542
2006-12-28,4.6862
2006-12-29,4.7002
2007-01-01,4.71
2007-01-02,4.6842
2007-01-03,4.6622
2007-01-04,4.6084
2007-01-05,4.6462
2007-01-08,4.6582
2007-01-09,4.6622
2007-01-10,4.6903
2007-01-11,4.7385
2007-01-12,4.7831
2007-01-15,4.779
2007-01-16,4.7528
2007-01-17,4.7852
2007-01-18,4.7488
2007-01-19,4.7833
2007-01-22,4.761
2007-01-23,4.8097
2007-01-24,4.8139
2007-01-25,4.8792
2007-01-26,4.8774
2007-01-29,4.8938
2007-01-30,4.8754
2007-01-31,4.8141
2007-02-01,4.8407
2007-02-02,4.8265
2007-02-05,4.8102
2007-02-06,4.7695
2007-02-07,4.7493
2007-02-08,4.7379
2007-02-09,4.7857
2007-02-12,4.8098
2007-02-13,4.8118
2007-02-14,4.7418
2007-02-15,4.71
2007-02-16,4.6961
2007-02-19,4.692
2007-02-20,4.6802
2007-02-21,4.6941
2007-02-22,4.7339
2007-02-23,4.6723
2007-02-26,4.6307
2007-02-27,4.5128
2007-02-28,4.5775
2007-03-01,4.5519
2007-03-02,4.5028
2007-03-05,4.495
2007-03-06,4.536
2007-03-07,4.4929
2007-03-08,4.5183
2007-03-09,4.591
2007-03-12,4.5614
2007-03-13,4.4907
2007-03-14,4.5397
2007-03-15,4.5436
2007-03-16,4.5494
2007-03-19,4.5691
2007-03-20,4.5553
2007-03-21,4.5375
2007-03-22,4.5888
2007-03-23,4.6165
2007-03-26,4.6066
2007-03-27,4.6046
2007-03-28,4.6244
2007-03-29,4.6443
2007-03-30,4.6483
2007-04-02,4.6463
2007-04-03,4.6702
2007-04-04,4.6542
2007-04-05,4.6842
2007-04-06,4.757
2007-04-09,4.7506
2007-04-10,4.7244
2007-04-11,4.7365
2007-04-12,4.7405
2007-04-13,4.7648
2007-04-16,4.7366
2007-04-17,4.6863
2007-04-18,4.6562
2007-04-19,4.6682
2007-04-20,4.6743
2007-04-23,4.6462
2007-04-24,4.6242
2007-04-25,4.6602
2007-04-26,4.7005
2007-04-27,4.6985
2007-04-30,4.6282
2007-05-01,4.6422
2007-05-02,4.6502
2007-05-03,4.6824
2007-05-04,4.6442
2007-05-07,4.6322
2007-05-08,4.6382
2007-05-09,4.6717
2007-05-10,4.6419
2007-05-11,4.6757
2007-05-14,4.6996
2007-05-15,4.7096
2007-05-16,4.7156
2007-05-17,4.7597
2007-05-18,4.8062
2007-05-21,4.7881
2007-05-22,4.8325
2007-05-23,4.8488
2007-05-24,4.8448
2007-05-25,4.8654
2007-05-28,4.862
2007-05-29,4.8878
2007-05-30,4.8695
2007-05-31,4.892
2007-06-01,4.9557
2007-06-04,4.9291
2007-06-05,4.997
2007-06-06,4.9703
2007-06-07,5.1405
2007-06-08,5.1074
2007-06-11,5.1682
2007-06-12,5.2971
2007-06-13,5.2021
2007-06-14,5.2254
2007-06-15,5.169
2007-06-18,5.1376
2007-06-19,5.0876
2007-06-20,5.1379
2007-06-21,5.1863
2007-06-22,5.1363
2007-06-25,5.0862
2007-06-26,5.0842
2007-06-27,5.0865
2007-06-28,5.1096
2007-06-29,5.0265
2007-07-02,4.9892
2007-07-03,5.0455
2007-07-04,5.044
2007-07-05,5.144
2007-07-06,5.1866
2007-07-09,5.1361
2007-07-10,5.0295
2007-07-11,5.0902
2007-07-12,5.1302
2007-07-13,5.097
2007-07-16,5.0427
2007-07-17,5.0533
2007-07-18,5.0387
2007-07-19,5.0201
2007-07-20,4.9539
2007-07-23,4.9539
2007-07-24,4.9085
2007-07-25,4.9024
2007-07-26,4.8059
2007-07-27,4.7672
2007-07-30,4.8061
2007-07-31,4.7327
2007-08-01,4.794
2007-08-02,4.7715
2007-08-03,4.6781
2007-08-06,4.7391
2007-08-07,4.7841
2007-08-08,4.885
2007-08-09,4.7798
2007-08-10,4.8116
2007-08-13,4.7659
2007-08-14,4.7243
2007-08-15,4.7282
2007-08-16,4.7025
2007-08-17,4.6886
2007-08-20,4.6296
2007-08-21,4.5963
2007-08-22,4.6491
2007-08-23,4.6589
2007-08-24,4.6136
2007-08-27,4.5705
2007-08-28,4.5062
2007-08-29,4.5646
2007-08-30,4.5119
2007-08-31,4.5272
2007-09-03,4.54
2007-09-04,4.5525
2007-09-05,4.4649
2007-09-06,4.5192
2007-09-07,4.3874
2007-09-10,4.322
2007-09-11,4.3737
2007-09-12,4.416
2007-09-13,4.4663
2007-09-14,4.4564
2007-09-17,4.466
2007-09-18,4.4698
2007-09-19,4.5439
2007-09-20,4.6996
2007-09-21,4.6302
2007-09-24,4.6381
2007-09-25,4.6301
2007-09-26,4.6242
2007-09-27,4.5689
2007-09-28,4.5944
2007-10-01,4.5491
2007-10-02,4.5275
2007-10-03,4.5608
2007-10-04,4.5156
2007-10-05,4.6376
2007-10-08,4.64
2007-10-09,4.6535
2007-10-10,4.6554
2007-10-11,4.6435
2007-10-12,4.6872
2007-10-15,4.6812
2007-10-16,4.6572
2007-10-17,4.5542
2007-10-18,4.4991
2007-10-19,4.3973
2007-10-22,4.4128
2007-10-23,4.4127
2007-10-24,4.3466
2007-10-25,4.3872
2007-10-26,4.4026
2007-10-29,4.385
2007-10-30,4.3868
2007-10-31,4.4728
2007-11-01,4.3478
2007-11-02,4.3184
2007-11-05,4.3377
2007-11-06,4.3804
2007-11-07,4.3007
2007-11-08,4.2888
2007-11-09,4.2095
2007-11-12,4.229
2007-11-13,4.2694
2007-11-14,4.2539
2007-11-15,4.1403
2007-11-16,4.1747
2007-11-19,4.0771
2007-11-20,4.0942
2007-11-21,4.0161
2007-11-22,4.011
2007-11-23,4.0065
2007-11-26,3.8447
2007-11-27,3.9515
2007-11-28,4.0461
2007-11-29,3.9325
2007-11-30,3.9492
2007-12-03,3.8534
2007-12-04,3.902
2007-12-05,3.9547
2007-12-06,4.0171
2007-12-07,4.1087
2007-12-10,4.1625
2007-12-11,3.9732
2007-12-12,4.0913
2007-12-13,4.2127
2007-12-14,4.2418
2007-12-17,4.1507
2007-12-18,4.1217
2007-12-19,4.0335
2007-12-20,4.0545
2007-12-21,4.1718
2007-12-24,4.2144
2007-12-25,4.21
2007-12-26,4.2827
2007-12-27,4.2027
2007-12-28,4.077
2007-12-31,4.0347
2008-01-01,4.03
2008-01-02,3.9071
2008-01-03,3.8937
2008-01-04,3.8746
2008-01-07,3.8349
2008-01-08,3.7803
2008-01-09,3.8253
2008-01-10,3.8893
2008-01-11,3.7948
2008-01-14,3.7722
2008-01-15,3.6806
2008-01-16,3.7401
2008-01-17,3.6303
2008-01-18,3.6371
2008-01-21,3.633
2008-01-22,3.4187
2008-01-23,3.6054
2008-01-24,3.7111
2008-01-25,3.5568
2008-01-28,3.5825
2008-01-29,3.6806
2008-01-30,3.6414
2008-01-31,3.5968
2008-02-01,3.5963
2008-02-04,3.6444
2008-02-05,3.5664
2008-02-06,3.594
2008-02-07,3.7703
2008-02-08,3.6503
2008-02-11,3.6182
2008-02-12,3.6617
2008-02-13,3.7359
2008-02-14,3.8221
2008-02-15,3.7647
2008-02-18,3.77
2008-02-19,3.9076
2008-02-20,3.8921
2008-02-21,3.786
2008-02-22,3.8054
2008-02-25,3.91
2008-02-26,3.8577
2008-02-27,3.8519
2008-02-28,3.6716
2008-02-29,3.5186
2008-03-03,3.5524
2008-03-04,3.6299
2008-03-05,3.6832
2008-03-06,3.594
2008-03-07,3.5411
2008-03-10,3.4661
2008-03-11,3.5997
2008-03-12,3.4399
2008-03-13,3.5261
2008-03-14,3.4716
2008-03-17,3.2988
2008-03-18,3.5035
2008-03-19,3.3301
2008-03-20,3.341
2008-03-21,3.32
2008-03-24,3.5582
2008-03-25,3.511
2008-03-26,3.464
2008-03-27,3.5242
2008-03-28,3.4414
2008-03-31,3.445
2008-04-01,3.5583
2008-04-02,3.6058
2008-04-03,3.5944
2008-04-04,3.47
2008-04-07,3.545
2008-04-08,3.564
2008-04-09,3.481
2008-04-10,3.5451
2008-04-11,3.477
2008-04-14,3.5128
2008-04-15,3.6061
2008-04-16,3.7137
2008-04-17,3.7253
2008-04-18,3.7081
2008-04-21,3.7313
2008-04-22,3.6985
2008-04-23,3.7373
2008-04-24,3.8347
2008-04-25,3.8722
2008-04-28,3.8311
2008-04-29,3.8253
2008-04-30,3.7337
2008-05-01,3.7688
2008-05-02,3.8591
2008-05-05,3.8729
2008-05-06,3.9224
2008-05-07,3.8495
2008-05-08,3.7823
2008-05-09,3.7786
2008-05-12,3.7993
2008-05-13,3.9131
2008-05-14,3.9188
2008-05-15,3.82
2008-05-16,3.8541
2008-05-19,3.8351
2008-05-20,3.7803
2008-05-21,3.8067
2008-05-22,3.9226
2008-05-23,3.8501
2008-05-26,3.842
2008-05-27,3.9207
2008-05-28,3.9994
2008-05-29,4.0788
2008-05-30,4.0673
2008-06-02,3.9668
2008-06-03,3.8939
2008-06-04,3.9822
2008-06-05,4.0441
2008-06-06,3.9284
2008-06-09,4.0248
2008-06-10,4.0968
2008-06-11,4.0754
2008-06-12,4.2148
2008-06-13,4.2605
2008-06-16,4.2785
2008-06-17,4.1993
2008-06-18,4.1422
2008-06-19,4.2093
2008-06-20,4.168
2008-06-23,4.1661
2008-06-24,4.1033
2008-06-25,4.1033
2008-06-26,4.0311
2008-06-27,3.969
2008-06-30,3.9749
2008-07-01,4.0079
2008-07-02,3.9594
2008-07-03,3.9905
2008-07-04,3.975
2008-07-07,3.9092
2008-07-08,3.888
2008-07-09,3.817
2008-07-10,3.7997
2008-07-11,3.9731
2008-07-14,3.8629
2008-07-15,3.8284
2008-07-16,3.9383
2008-07-17,3.9966
2008-07-18,4.0887
2008-07-21,4.0397
2008-07-22,4.1046
2008-07-23,4.1204
2008-07-24,3.9987
2008-07-25,4.1029
2008-07-28,4.0066
2008-07-29,4.0439
2008-07-30,4.0498
2008-07-31,3.9579
2008-08-01,3.9424
2008-08-04,3.9697
2008-08-05,4.0225
2008-08-06,4.0599
2008-08-07,3.9276
2008-08-08,3.9352
2008-08-11,3.9981
2008-08-12,3.9011
2008-08-13,3.939
2008-08-14,3.8973
2008-08-15,3.8443
2008-08-18,3.8179
2008-08-19,3.8367
2008-08-20,3.8047
2008-08-21,3.8328
2008-08-22,3.8742
2008-08-25,3.7856
2008-08-26,3.7799
2008-08-27,3.7649
2008-08-28,3.7836
2008-08-29,3.8247
2008-09-01,3.81
2008-09-02,3.7383
2008-09-03,3.7046
2008-09-04,3.6282
2008-09-05,3.6986
2008-09-08,3.6948
2008-09-09,3.5741
2008-09-10,3.637
2008-09-11,3.648
2008-09-12,3.7224
2008-09-15,3.3904
2008-09-16,3.4394
2008-09-17,3.421
2008-09-18,3.5492
2008-09-19,3.8162
2008-09-22,3.8465
2008-09-23,3.8048
2008-09-24,3.8123
2008-09-25,3.854
2008-09-26,3.8577
2008-09-29,3.576
2008-09-30,3.822
2008-10-01,3.742
2008-10-02,3.626
2008-10-03,3.598
2008-10-06,3.461
2008-10-07,3.51
2008-10-08,3.655
2008-10-09,3.783
2008-10-10,3.88
2008-10-13,3.9
2008-10-14,4.085
2008-10-15,3.949
2008-10-16,3.97
2008-10-17,3.936
2008-10-20,3.863
2008-10-21,3.737
2008-10-22,3.598
2008-10-23,3.688
2008-10-24,3.678
2008-10-27,3.684
2008-10-28,3.849
2008-10-29,3.862
2008-10-30,3.966
2008-10-31,3.974
2008-11-03,3.914
2008-11-04,3.723
2008-11-05,3.702
2008-11-06,3.694
2008-11-07,3.797
2008-11-10,3.76
2008-11-11,3.75
2008-11-12,3.737
2008-11-13,3.852
2008-11-14,3.731
2008-11-17,3.647
2008-11-18,3.527
2008-11-19,3.34
2008-11-20,3.003
2008-11-21,3.24
2008-11-24,3.331
2008-11-25,3.113
2008-11-26,2.987
2008-11-27,2.996
2008-11-28,2.922
2008-12-01,2.726
2008-12-02,2.701
2008-12-03,2.655
2008-12-04,2.555
2008-12-05,2.714
2008-12-08,2.745
2008-12-09,2.65
2008-12-10,2.696
2008-12-11,2.609
2008-12-12,2.572
2008-12-15,2.516
2008-12-16,2.261
2008-12-17,2.203
2008-12-18,2.064
2008-12-19,2.13
2008-12-22,2.18
2008-12-23,2.184
2008-12-24,2.188
2008-12-25,2.19
2008-12-26,2.134
2008-12-29,2.114
2008-12-30,2.055
2008-12-31,2.219
2009-01-01,2.25
2009-01-02,2.362
2009-01-05,2.476
2009-01-06,2.457
2009-01-07,2.496
2009-01-08,2.441
2009-01-09,2.398
2009-01-12,2.314
2009-01-13,2.297
2009-01-14,2.206
2009-01-15,2.204
2009-01-16,2.341
2009-01-19,2.494
2009-01-20,2.379
2009-01-21,2.55
2009-01-22,2.601
2009-01-23,2.615
2009-01-26,2.646
2009-01-27,2.584
2009-01-28,2.668
2009-01-29,2.869
2009-01-30,2.851
2009-02-02,2.726
2009-02-03,2.886
2009-02-04,2.939
2009-02-05,2.908
2009-02-06,2.997
2009-02-09,2.988
2009-02-10,2.807
2009-02-11,2.797
2009-02-12,2.788
2009-02-13,2.895
2009-02-16,2.9
2009-02-17,2.653
2009-02-18,2.768
2009-02-19,2.855
2009-02-20,2.797
2009-02-23,2.759
2009-02-24,2.8
2009-02-25,2.932
2009-02-26,3
2009-02-27,3.02
2009-03-02,2.864
2009-03-03,2.886
2009-03-04,2.976
2009-03-05,2.813
2009-03-06,2.875
2009-03-09,2.864
2009-03-10,3.01
2009-03-11,2.912
2009-03-12,2.865
2009-03-13,2.896
2009-03-16,2.957
2009-03-17,3.014
2009-03-18,2.547
2009-03-19,2.609
2009-03-20,2.634
2009-03-23,2.654
2009-03-24,2.706
2009-03-25,2.799
2009-03-26,2.746
2009-03-27,2.764
2009-03-30,2.714
2009-03-31,2.668
2009-04-01,2.65
2009-04-02,2.766
2009-04-03,2.902
2009-04-06,2.932
2009-04-07,2.9
2009-04-08,2.863
2009-04-09,2.922
2009-04-10,2.92
2009-04-13,2.863
2009-04-14,2.79
2009-04-15,2.768
2009-04-16,2.839
2009-04-17,2.954
2009-04-20,2.856
2009-04-21,2.902
2009-04-22,2.941
2009-04-23,2.93
2009-04-24,3.003
2009-04-27,2.914
2009-04-28,3.009
2009-04-29,3.107
2009-04-30,3.119
2009-05-01,3.157
2009-05-04,3.157
2009-05-05,3.161
2009-05-06,3.194
2009-05-07,3.34
2009-05-08,3.289
2009-05-11,3.165
2009-05-12,3.178
2009-05-13,3.112
2009-05-14,3.092
2009-05-15,3.134
2009-05-18,3.234
2009-05-19,3.245
2009-05-20,3.188
2009-05-21,3.379
2009-05-22,3.45
2009-05-25,3.44
2009-05-26,3.547
2009-05-27,3.738
2009-05-28,3.612
2009-05-29,3.461
2009-06-01,3.68
2009-06-02,3.613
2009-06-03,3.536
2009-06-04,3.716
2009-06-05,3.84
2009-06-08,3.897
2009-06-09,3.862
2009-06-10,3.947
2009-06-11,3.862
2009-06-12,3.792
2009-06-15,3.715
2009-06-16,3.649
2009-06-17,3.686
2009-06-18,3.808
2009-06-19,3.773
2009-06-22,3.685
2009-06-23,3.625
2009-06-24,3.695
2009-06-25,3.544
2009-06-26,3.529
2009-06-29,3.479
2009-06-30,3.536
2009-07-01,3.548
2009-07-02,3.502
2009-07-03,3.49
2009-07-06,3.51
2009-07-07,3.454
2009-07-08,3.306
2009-07-09,3.412
2009-07-10,3.297
2009-07-13,3.359
2009-07-14,3.474
2009-07-15,3.614
2009-07-16,3.573
2009-07-17,3.655
2009-07-20,3.612
2009-07-21,3.484
2009-07-22,3.544
2009-07-23,3.665
2009-07-24,3.658
2009-07-27,3.725
2009-07-28,3.686
2009-07-29,3.664
2009-07-30,3.615
2009-07-31,3.481
2009-08-03,3.631
2009-08-04,3.687
2009-08-05,3.762
2009-08-06,3.756
2009-08-07,3.856
2009-08-10,3.773
2009-08-11,3.672
2009-08-12,3.711
2009-08-13,3.604
2009-08-14,3.569
2009-08-17,3.472
2009-08-18,3.517
2009-08-19,3.455
2009-08-20,3.428
2009-08-21,3.569
2009-08-24,3.474
2009-08-25,3.438
2009-08-26,3.435
2009-08-27,3.464
2009-08-28,3.449
2009-08-31,3.403
2009-09-01,3.368
2009-09-02,3.307
2009-09-03,3.34
2009-09-04,3.445
2009-09-07,3.43
2009-09-08,3.48
2009-09-09,3.477
2009-09-10,3.355
2009-09-11,3.349
2009-09-14,3.424
2009-09-15,3.447
2009-09-16,3.475
2009-09-17,3.384
2009-09-18,3.469
2009-09-21,3.48
2009-09-22,3.443
2009-09-23,3.415
2009-09-24,3.379
2009-09-25,3.32
2009-09-28,3.278
2009-09-29,3.293
2009-09-30,3.305
2009-10-01,3.181
2009-10-02,3.219
2009-10-05,3.219
2009-10-06,3.257
2009-10-07,3.186
2009-10-08,3.248
2009-10-09,3.391
2009-10-12,3.386
2009-10-13,3.339
2009-10-14,3.423
2009-10-15,3.464
2009-10-16,3.41
2009-10-19,3.387
2009-10-20,3.341
2009-10-21,3.393
2009-10-22,3.421
2009-10-23,3.49
2009-10-26,3.558
2009-10-27,3.452
2009-10-28,3.415
2009-10-29,3.496
2009-10-30,3.388
2009-11-02,3.424
2009-11-03,3.469
2009-11-04,3.52
2009-11-05,3.527
2009-11-06,3.501
2009-11-09,3.484
2009-11-10,3.478
2009-11-11,3.444
2009-11-12,3.444
2009-11-13,3.423
2009-11-16,3.349
2009-11-17,3.323
2009-11-18,3.366
2009-11-19,3.342
2009-11-20,3.369
2009-11-23,3.353
2009-11-24,3.305
2009-11-25,3.268
2009-11-26,3.27
2009-11-27,3.207
2009-11-30,3.198
2009-12-01,3.284
2009-12-02,3.314
2009-12-03,3.379
2009-12-04,3.478
2009-12-07,3.429
2009-12-08,3.39
2009-12-09,3.433
2009-12-10,3.5
2009-12-11,3.55
2009-12-14,3.554
2009-12-15,3.594
2009-12-16,3.599
2009-12-17,3.482
2009-12-18,3.546
2009-12-21,3.68
2009-12-22,3.758
2009-12-23,3.754
2009-12-24,3.805
2009-12-25,3.8
2009-12-28,3.848
2009-12-29,3.803
2009-12-30,3.793
2009-12-31,3.837
2010-01-01,3.83
2010-01-04,3.823
2010-01-05,3.765
2010-01-06,3.829
2010-01-07,3.827
2010-01-08,3.836
2010-01-11,3.82
2010-01-12,3.717
2010-01-13,3.793
2010-01-14,3.742
2010-01-15,3.676
2010-01-18,3.68
2010-01-19,3.7
2010-01-20,3.653
2010-01-21,3.595
2010-01-22,3.601
2010-01-25,3.63
2010-01-26,3.621
2010-01-27,3.65
2010-01-28,3.642
2010-01-29,3.588
2010-02-01,3.656
2010-02-02,3.639
2010-02-03,3.707
2010-02-04,3.61
2010-02-05,3.571
2010-02-08,3.562
2010-02-09,3.641
2010-02-10,3.69
2010-02-11,3.721
2010-02-12,3.695
2010-02-15,3.69
2010-02-16,3.663
2010-02-17,3.738
2010-02-18,3.807
2010-02-19,3.776
2010-02-22,3.796
2010-02-23,3.689
2010-02-24,3.693
2010-02-25,3.634
2010-02-26,3.619
2010-03-01,3.608
2010-03-02,3.61
2010-03-03,3.621
2010-03-04,3.606
2010-03-05,3.685
2010-03-08,3.721
2010-03-09,3.701
2010-03-10,3.721
2010-03-11,3.727
2010-03-12,3.703
2010-03-15,3.697
2010-03-16,3.653
2010-03-17,3.642
2010-03-18,3.676
2010-03-19,3.693
2010-03-22,3.661
2010-03-23,3.689
2010-03-24,3.851
2010-03-25,3.882
2010-03-26,3.851
2010-03-29,3.868
2010-03-30,3.859
2010-03-31,3.833
2010-04-01,3.868
2010-04-02,3.943
2010-04-05,3.988
2010-04-06,3.956
2010-04-07,3.863
2010-04-08,3.89
2010-04-09,3.882
2010-04-12,3.838
2010-04-13,3.82
2010-04-14,3.865
2010-04-15,3.836
2010-04-16,3.77
2010-04-19,3.803
2010-04-20,3.797
2010-04-21,3.743
2010-04-22,3.77
2010-04-23,3.817
2010-04-26,3.809
2010-04-27,3.693
2010-04-28,3.767
2010-04-29,3.732
2010-04-30,3.659
2010-05-03,3.692
2010-05-04,3.598
2010-05-05,3.546
2010-05-06,3.405
2010-05-07,3.42
2010-05-10,3.541
2010-05-11,3.531
2010-05-12,3.571
2010-05-13,3.537
2010-05-14,3.457
2010-05-17,3.491
2010-05-18,3.353
2010-05-19,3.37
2010-05-20,3.216
2010-05-21,3.236
2010-05-24,3.198
2010-05-25,3.16
2010-05-26,3.192
2010-05-27,3.357
2010-05-28,3.303
2010-05-31,3.29
2010-06-01,3.263
2010-06-02,3.347
2010-06-03,3.369
2010-06-04,3.208
2010-06-07,3.146
2010-06-08,3.189
2010-06-09,3.178
2010-06-10,3.325
2010-06-11,3.233
2010-06-14,3.262
2010-06-15,3.308
2010-06-16,3.264
2010-06-17,3.192
2010-06-18,3.225
2010-06-21,3.247
2010-06-22,3.165
2010-06-23,3.125
2010-06-24,3.135
2010-06-25,3.11
2010-06-28,3.023
2010-06-29,2.953
2010-06-30,2.935
2010-07-01,2.954
2010-07-02,2.977
2010-07-05,2.97
2010-07-06,2.936
2010-07-07,2.984
2010-07-08,3.038
2010-07-09,3.057
2010-07-12,3.066
2010-07-13,3.123
2010-07-14,3.05
2010-07-15,2.994
2010-07-16,2.927
2010-07-19,2.963
2010-07-20,2.957
2010-07-21,2.882
2010-07-22,2.932
2010-07-23,3
2010-07-26,2.996
2010-07-27,3.049
2010-07-28,2.996
2010-07-29,2.987
2010-07-30,2.905
2010-08-02,2.968
2010-08-03,2.908
2010-08-04,2.955
2010-08-05,2.901
2010-08-06,2.822
2010-08-09,2.829
2010-08-10,2.768
2010-08-11,2.69
2010-08-12,2.747
2010-08-13,2.679
2010-08-16,2.573
2010-08-17,2.641
2010-08-18,2.638
2010-08-19,2.575
2010-08-20,2.616
2010-08-23,2.6
2010-08-24,2.493
2010-08-25,2.539
2010-08-26,2.481
2010-08-27,2.647
2010-08-30,2.53
2010-08-31,2.47
2010-09-01,2.58
2010-09-02,2.627
2010-09-03,2.713
2010-09-06,2.714
2010-09-07,2.598
2010-09-08,2.654
2010-09-09,2.757
2010-09-10,2.795
2010-09-13,2.746
2010-09-14,2.679
2010-09-15,2.723
2010-09-16,2.763
2010-09-17,2.743
2010-09-20,2.704
2010-09-21,2.576
2010-09-22,2.555
2010-09-23,2.551
2010-09-24,2.607
2010-09-27,2.531
2010-09-28,2.469
2010-09-29,2.501
2010-09-30,2.512
2010-10-01,2.513
2010-10-04,2.479
2010-10-05,2.472
2010-10-06,2.392
2010-10-07,2.385
2010-10-08,2.395
2010-10-11,2.389
2010-10-12,2.433
2010-10-13,2.422
2010-10-14,2.506
2010-10-15,2.567
2010-10-18,2.515
2010-10-19,2.481
2010-10-20,2.484
2010-10-21,2.542
2010-10-22,2.561
2010-10-25,2.567
2010-10-26,2.645
2010-10-27,2.729
2010-10-28,2.667
2010-10-29,2.603
2010-11-01,2.628
2010-11-02,2.592
2010-11-03,2.579
2010-11-04,2.491
2010-11-05,2.539
2010-11-08,2.557
2010-11-09,2.663
2010-11-10,2.648
2010-11-11,2.6
2010-11-12,2.785
2010-11-15,2.961
2010-11-16,2.842
2010-11-17,2.882
2010-11-18,2.901
2010-11-19,2.877
2010-11-22,2.806
2010-11-23,2.782
2010-11-24,2.912
2010-11-25,2.91
2010-11-26,2.87
2010-11-29,2.826
2010-11-30,2.797
2010-12-01,2.966
2010-12-02,2.998
2010-12-03,3.007
2010-12-06,2.929
2010-12-07,3.141
2010-12-08,3.272
2010-12-09,3.213
2010-12-10,3.323
2010-12-13,3.279
2010-12-14,3.473
2010-12-15,3.538
2010-12-16,3.434
2010-12-17,3.338
2010-12-20,3.34
2010-12-21,3.303
2010-12-22,3.348
2010-12-23,3.397
2010-12-24,3.3933
2010-12-27,3.327
2010-12-28,3.491
2010-12-29,3.357
2010-12-30,3.367
2010-12-31,3.288
2011-01-03,3.336
2011-01-04,3.338
2011-01-05,3.463
2011-01-06,3.403
2011-01-07,3.326
2011-01-10,3.287
2011-01-11,3.34
2011-01-12,3.381
2011-01-13,3.303
2011-01-14,3.331
2011-01-17,3.3
2011-01-18,3.37
2011-01-19,3.337
2011-01-20,3.455
2011-01-21,3.408
2011-01-24,3.404
2011-01-25,3.33
2011-01-26,3.421
2011-01-27,3.389
2011-01-28,3.329
2011-01-31,3.374
2011-02-01,3.435
2011-02-02,3.479
2011-02-03,3.547
2011-02-04,3.64
2011-02-07,3.64
2011-02-08,3.737
2011-02-09,3.652
2011-02-10,3.702
2011-02-11,3.638
2011-02-14,3.621
2011-02-15,3.604
2011-02-16,3.623
2011-02-17,3.576
2011-02-18,3.582
2011-02-21,3.56
2011-02-22,3.459
2011-02-23,3.483
2011-02-24,3.45
2011-02-25,3.416
2011-02-28,3.422
2011-03-01,3.403
2011-03-02,3.471
2011-03-03,3.555
2011-03-04,3.494
2011-03-07,3.516
2011-03-08,3.546
2011-03-09,3.469
2011-03-10,3.362
2011-03-11,3.402
2011-03-14,3.365
2011-03-15,3.301
2011-03-16,3.204
2011-03-17,3.257
2011-03-18,3.268
2011-03-21,3.326
2011-03-22,3.328
2011-03-23,3.345
2011-03-24,3.407
2011-03-25,3.441
2011-03-28,3.439
2011-03-29,3.487
2011-03-30,3.444
2011-03-31,3.468
2011-04-01,3.45
2011-04-04,3.425
2011-04-05,3.487
2011-04-06,3.549
2011-04-07,3.549
2011-04-08,3.583
2011-04-11,3.587
2011-04-12,3.492
2011-04-13,3.458
2011-04-14,3.496
2011-04-15,3.414
2011-04-18,3.38
2011-04-19,3.365
2011-04-20,3.408
2011-04-21,3.395
2011-04-22,3.3907
2011-04-25,3.363
2011-04-26,3.309
2011-04-27,3.359
2011-04-28,3.312
2011-04-29,3.29
2011-05-02,3.281
2011-05-03,3.251
2011-05-04,3.221
2011-05-05,3.154
2011-05-06,3.148
2011-05-09,3.157
2011-05-10,3.214
2011-05-11,3.157
2011-05-12,3.226
2011-05-13,3.169
2011-05-16,3.147
2011-05-17,3.114
2011-05-18,3.184
2011-05-19,3.173
2011-05-20,3.147
2011-05-23,3.129
2011-05-24,3.116
2011-05-25,3.129
2011-05-26,3.059
2011-05-27,3.072
2011-05-30,3.05
2011-05-31,3.059
2011-06-01,2.944
2011-06-02,3.032
2011-06-03,2.991
2011-06-06,2.997
2011-06-07,2.995
2011-06-08,2.946
2011-06-09,2.997
2011-06-10,2.973
2011-06-13,2.984
2011-06-14,3.101
2011-06-15,2.975
2011-06-16,2.926
2011-06-17,2.944
2011-06-20,2.956
2011-06-21,2.98
2011-06-22,2.98
2011-06-23,2.914
2011-06-24,2.871
2011-06-27,2.929
2011-06-28,3.034
2011-06-29,3.121
2011-06-30,3.16
2011-07-01,3.182
2011-07-04,3.19
2011-07-05,3.119
2011-07-06,3.11
2011-07-07,3.141
2011-07-08,3.025
2011-07-11,2.924
2011-07-12,2.877
2011-07-13,2.884
2011-07-14,2.953
2011-07-15,2.908
2011-07-18,2.92
2011-07-19,2.878
2011-07-20,2.931
2011-07-21,3.014
2011-07-22,2.964
2011-07-25,3.004
2011-07-26,2.955
2011-07-27,2.982
2011-07-28,2.955
2011-07-29,2.793
2011-08-01,2.753
2011-08-02,2.613
2011-08-03,2.615
2011-08-04,2.407
2011-08-05,2.563
2011-08-08,2.316
2011-08-09,2.275
2011-08-10,2.095
2011-08-11,2.333
2011-08-12,2.26
2011-08-15,2.308
2011-08-16,2.225
2011-08-17,2.167
2011-08-18,2.068
2011-08-19,2.068
2011-08-22,2.109
2011-08-23,2.158
2011-08-24,2.294
2011-08-25,2.234
2011-08-26,2.19
2011-08-29,2.264
2011-08-30,2.176
2011-08-31,2.234
2011-09-01,2.132
2011-09-02,1.994
2011-09-05,1.97
2011-09-06,1.982
2011-09-07,2.041
2011-09-08,1.977
2011-09-09,1.915
2011-09-12,1.947
2011-09-13,1.992
2011-09-14,1.992
2011-09-15,2.083
2011-09-16,2.057
2011-09-19,1.956
2011-09-20,1.937
2011-09-21,1.856
2011-09-22,1.718
2011-09-23,1.83
2011-09-26,1.904
2011-09-27,1.98
2011-09-28,1.987
2011-09-29,2.002
2011-09-30,1.917
2011-10-03,1.749
2011-10-04,1.817
2011-10-05,1.891
2011-10-06,1.992
2011-10-07,2.076
2011-10-10,2.16
2011-10-11,2.158
2011-10-12,2.212
2011-10-13,2.182
2011-10-14,2.251
2011-10-17,2.155
2011-10-18,2.175
2011-10-19,2.157
2011-10-20,2.187
2011-10-21,2.216
2011-10-24,2.234
2011-10-25,2.114
2011-10-26,2.207
2011-10-27,2.385
2011-10-28,2.324
2011-10-31,2.116
2011-11-01,1.991
2011-11-02,1.989
2011-11-03,2.073
2011-11-04,2.038
2011-11-07,2.02
2011-11-08,2.079
2011-11-09,1.966
2011-11-10,2.057
2011-11-11,2.057
2011-11-14,2.045
2011-11-15,2.049
2011-11-16,2
2011-11-17,1.965
2011-11-18,2.005
2011-11-21,1.965
2011-11-22,1.922
2011-11-23,1.888
2011-11-24,1.87
2011-11-25,1.965
2011-11-28,1.97
2011-11-29,1.988
2011-11-30,2.072
2011-12-01,2.086
2011-12-02,2.033
2011-12-05,2.033
2011-12-06,2.086
2011-12-07,2.033
2011-12-08,1.97
2011-12-09,2.063
2011-12-12,2.017
2011-12-13,1.963
2011-12-14,1.904
2011-12-15,1.911
2011-12-16,1.851
2011-12-19,1.81
2011-12-20,1.927
2011-12-21,1.97
2011-12-22,1.953
2011-12-23,2.021
2011-12-26,2.02
2011-12-27,2.002
2011-12-28,1.921
2011-12-29,1.899
2011-12-30,1.876
2012-01-02,1.87
2012-01-03,1.956
2012-01-04,1.984
2012-01-05,1.996
2012-01-06,1.958
2012-01-09,1.956
2012-01-10,1.963
2012-01-11,1.905
2012-01-12,1.926
2012-01-13,1.87
2012-01-16,1.876
2012-01-17,1.858
2012-01-18,1.898
2012-01-19,1.982
2012-01-20,2.025
2012-01-23,2.058
2012-01-24,2.063
2012-01-25,2.002
2012-01-26,1.94
2012-01-27,1.891
2012-01-30,1.846
2012-01-31,1.795
2012-02-01,1.83
2012-02-02,1.823
2012-02-03,1.924
2012-02-06,1.901
2012-02-07,1.977
2012-02-08,1.982
2012-02-09,2.036
2012-02-10,1.984
2012-02-13,1.977
2012-02-14,1.938
2012-02-15,1.933
2012-02-16,1.984
2012-02-17,2
2012-02-20,2.03
2012-02-21,2.061
2012-02-22,2.002
2012-02-23,1.997
2012-02-24,1.977
2012-02-27,1.926
2012-02-28,1.941
2012-02-29,1.974
2012-03-01,2.03
2012-03-02,1.979
2012-03-05,2.007
2012-03-06,1.95
2012-03-07,1.972
2012-03-08,2.016
2012-03-09,2.03
2012-03-12,2.037
2012-03-13,2.126
2012-03-14,2.274
2012-03-15,2.279
2012-03-16,2.2976
2012-03-19,2.375
2012-03-20,2.363
2012-03-21,2.296
2012-03-22,2.282
2012-03-23,2.234
2012-03-26,2.253
2012-03-27,2.187
2012-03-28,2.201
2012-03-29,2.159
2012-03-30,2.214
2012-04-02,2.18
2012-04-03,2.293
2012-04-04,2.223
2012-04-05,2.181
2012-04-06,2.047
2012-04-09,2.047
2012-04-10,1.986
2012-04-11,2.037
2012-04-12,2.056
2012-04-13,1.989
2012-04-16,1.982
2012-04-17,1.996
2012-04-18,1.975
2012-04-19,1.968
2012-04-20,1.959
2012-04-23,1.94
2012-04-24,1.974
2012-04-25,1.987
2012-04-26,1.947
2012-04-27,1.936
2012-04-30,1.919
2012-05-01,1.945
2012-05-02,1.928
2012-05-03,1.933
2012-05-04,1.879
2012-05-07,1.873
2012-05-08,1.842
2012-05-09,1.826
2012-05-10,1.874
2012-05-11,1.841
2012-05-14,1.769
2012-05-15,1.77
2012-05-16,1.759
2012-05-17,1.69
2012-05-18,1.723
2012-05-21,1.743
2012-05-22,1.777
2012-05-23,1.733
2012-05-24,1.783
2012-05-25,1.747
2012-05-28,1.74
2012-05-29,1.748
2012-05-30,1.619
2012-05-31,1.563
2012-06-01,1.459
2012-06-04,1.524
2012-06-05,1.573
2012-06-06,1.661
2012-06-07,1.644
2012-06-08,1.632
2012-06-11,1.586
2012-06-12,1.664
2012-06-13,1.599
2012-06-14,1.642
2012-06-15,1.586
2012-06-18,1.574
2012-06-19,1.62
2012-06-20,1.65
2012-06-21,1.62
2012-06-22,1.676
2012-06-25,1.604
2012-06-26,1.628
2012-06-27,1.621
2012-06-28,1.584
2012-06-29,1.643
2012-07-02,1.587
2012-07-03,1.628
2012-07-04,1.59
2012-07-05,1.599
2012-07-06,1.549
2012-07-09,1.513
2012-07-10,1.502
2012-07-11,1.515
2012-07-12,1.478
2012-07-13,1.491
2012-07-16,1.471
2012-07-17,1.508
2012-07-18,1.494
2012-07-19,1.511
2012-07-20,1.458
2012-07-23,1.438
2012-07-24,1.391
2012-07-25,1.398
2012-07-26,1.438
2012-07-27,1.545
2012-07-30,1.5
2012-07-31,1.47
2012-08-01,1.524
2012-08-02,1.478
2012-08-03,1.568
2012-08-06,1.565
2012-08-07,1.628
2012-08-08,1.651
2012-08-09,1.695
2012-08-10,1.659
2012-08-13,1.666
2012-08-14,1.733
2012-08-15,1.817
2012-08-16,1.835
2012-08-17,1.814
2012-08-20,1.811
2012-08-21,1.802
2012-08-22,1.695
2012-08-23,1.674
2012-08-24,1.686
2012-08-27,1.652
2012-08-28,1.637
2012-08-29,1.652
2012-08-30,1.628
2012-08-31,1.548
2012-09-03,1.55
2012-09-04,1.574
2012-09-05,1.596
2012-09-06,1.676
2012-09-07,1.668
2012-09-10,1.654
2012-09-11,1.701
2012-09-12,1.758
2012-09-13,1.721
2012-09-14,1.87
2012-09-17,1.843
2012-09-18,1.812
2012-09-19,1.7735
2012-09-20,1.765
2012-09-21,1.755
2012-09-24,1.715
2012-09-25,1.671
2012-09-26,1.61
2012-09-27,1.656
2012-09-28,1.633
2012-10-01,1.618
2012-10-02,1.62
2012-10-03,1.616
2012-10-04,1.673
2012-10-05,1.732
2012-10-08,1.7
2012-10-09,1.713
2012-10-10,1.68
2012-10-11,1.668
2012-10-12,1.656
2012-10-15,1.668
2012-10-16,1.722
2012-10-17,1.822
2012-10-18,1.831
2012-10-19,1.766
2012-10-22,1.815
2012-10-23,1.761
2012-10-24,1.794
2012-10-25,1.812
2012-10-26,1.749
2012-10-29,1.721
2012-10-30,1.73
2012-10-31,1.694
2012-11-01,1.73
2012-11-02,1.717
2012-11-05,1.679
2012-11-06,1.751
2012-11-07,1.644
2012-11-08,1.618
2012-11-09,1.613
2012-11-12,1.57
2012-11-13,1.594
2012-11-14,1.589
2012-11-15,1.594
2012-11-16,1.584
2012-11-19,1.613
2012-11-20,1.668
2012-11-21,1.68
2012-11-22,1.68
2012-11-23,1.693
2012-11-26,1.666
2012-11-27,1.639
2012-11-28,1.633
2012-11-29,1.62
2012-11-30,1.613
2012-12-03,1.622
2012-12-04,1.605
2012-12-05,1.591
2012-12-06,1.586
2012-12-07,1.623
2012-12-10,1.618
2012-12-11,1.656
2012-12-12,1.702
2012-12-13,1.732
2012-12-14,1.704
2012-12-17,1.773
2012-12-18,1.821
2012-12-19,1.807
2012-12-20,1.8
2012-12-21,1.77
2012-12-24,1.776
2012-12-25,1.77
2012-12-26,1.749
2012-12-27,1.734
2012-12-28,1.701
2012-12-31,1.757
2013-01-01,1.75
2013-01-02,1.835
2013-01-03,1.911
2013-01-04,1.903
2013-01-07,1.901
2013-01-08,1.864
2013-01-09,1.86
2013-01-10,1.899
2013-01-11,1.866
2013-01-14,1.848
2013-01-15,1.836
2013-01-16,1.819
2013-01-17,1.884
2013-01-18,1.84
2013-01-21,1.86
2013-01-22,1.844
2013-01-23,1.828
2013-01-24,1.852
2013-01-25,1.949
2013-01-28,1.965
2013-01-29,1.999
2013-01-30,1.992
2013-01-31,1.985
2013-02-01,2.025
2013-02-04,1.957
2013-02-05,2.005
2013-02-06,1.964
2013-02-07,1.959
2013-02-08,1.95
2013-02-11,1.964
2013-02-12,1.979
2013-02-13,2.028
2013-02-14,1.998
2013-02-15,2.005
2013-02-18,2.01
2013-02-19,2.028
2013-02-20,2.01
2013-02-21,1.974
2013-02-22,1.962
2013-02-25,1.865
2013-02-26,1.886
2013-02-27,1.9
2013-02-28,1.881
2013-03-01,1.845
2013-03-04,1.879
2013-03-05,1.898
2013-03-06,1.939
2013-03-07,1.995
2013-03-08,2.049
2013-03-11,2.061
2013-03-12,2.019
2013-03-13,2.023
2013-03-14,2.037
2013-03-15,1.991
2013-03-18,1.955
2013-03-19,1.904
2013-03-20,1.958
2013-03-21,1.915
2013-03-22,1.927
2013-03-25,1.92
2013-03-26,1.911
2013-03-27,1.845
2013-03-28,1.852
2013-03-29,1.8486
2013-04-01,1.835
2013-04-02,1.862
2013-04-03,1.816
2013-04-04,1.766
2013-04-05,1.714
2013-04-08,1.745
2013-04-09,1.752
2013-04-10,1.805
2013-04-11,1.791
2013-04-12,1.721
2013-04-15,1.688
2013-04-16,1.722
2013-04-17,1.698
2013-04-18,1.686
2013-04-19,1.705
2013-04-22,1.695
2013-04-23,1.707
2013-04-24,1.703
2013-04-25,1.71
2013-04-26,1.665
2013-04-29,1.667
2013-04-30,1.673
2013-05-01,1.632
2013-05-02,1.624
2013-05-03,1.74
2013-05-06,1.764
2013-05-07,1.78
2013-05-08,1.767
2013-05-09,1.814
2013-05-10,1.9
2013-05-13,1.917
2013-05-14,1.982
2013-05-15,1.94
2013-05-16,1.879
2013-05-17,1.954
2013-05-20,1.965
2013-05-21,1.93
2013-05-22,2.037
2013-05-23,2.016
2013-05-24,2.011
2013-05-27,2.03
2013-05-28,2.167
2013-05-29,2.119
2013-05-30,2.119
2013-05-31,2.132
2013-06-03,2.128
2013-06-04,2.15
2013-06-05,2.091
2013-06-06,2.079
2013-06-07,2.179
2013-06-10,2.213
2013-06-11,2.19
2013-06-12,2.228
2013-06-13,2.149
2013-06-14,2.129
2013-06-17,2.178
2013-06-18,2.185
2013-06-19,2.355
2013-06-20,2.421
2013-06-21,2.542
2013-06-24,2.544
2013-06-25,2.612
2013-06-26,2.541
2013-06-27,2.474
2013-06-28,2.487
2013-07-01,2.477
2013-07-02,2.471
2013-07-03,2.503
2013-07-04,2.49
2013-07-05,2.736
2013-07-08,2.638
2013-07-09,2.64
2013-07-10,2.674
2013-07-11,2.572
2013-07-12,2.592
2013-07-15,2.543
2013-07-16,2.532
2013-07-17,2.491
2013-07-18,2.534
2013-07-19,2.482
2013-07-22,2.484
2013-07-23,2.507
2013-07-24,2.584
2013-07-25,2.577
2013-07-26,2.564
2013-07-29,2.599
2013-07-30,2.606
2013-07-31,2.588
2013-08-01,2.708
2013-08-02,2.598
2013-08-05,2.64
2013-08-06,2.642
2013-08-07,2.599
2013-08-08,2.587
2013-08-09,2.58
2013-08-12,2.622
2013-08-13,2.721
2013-08-14,2.712
2013-08-15,2.764
2013-08-16,2.825
2013-08-19,2.882
2013-08-20,2.818
2013-08-21,2.892
2013-08-22,2.892
2013-08-23,2.818
2013-08-26,2.787
2013-08-27,2.709
2013-08-28,2.765
2013-08-29,2.762
2013-08-30,2.789
2013-09-02,2.74
2013-09-03,2.863
2013-09-04,2.897
2013-09-05,2.996
2013-09-06,2.938
2013-09-09,2.914
2013-09-10,2.966
2013-09-11,2.912
2013-09-12,2.905
2013-09-13,2.89
2013-09-16,2.862
2013-09-17,2.849
2013-09-18,2.691
2013-09-19,2.752
2013-09-20,2.736
2013-09-23,2.701
2013-09-24,2.655
2013-09-25,2.626
2013-09-26,2.648
2013-09-27,2.628
2013-09-30,2.615
2013-10-01,2.65
2013-10-02,2.619
2013-10-03,2.605
2013-10-04,2.645
2013-10-07,2.63
2013-10-08,2.638
2013-10-09,2.661
2013-10-10,2.685
2013-10-11,2.682
2013-10-14,2.71
2013-10-15,2.72
2013-10-16,2.671
2013-10-17,2.587
2013-10-18,2.589
2013-10-21,2.609
2013-10-22,2.512
2013-10-23,2.485
2013-10-24,2.521
2013-10-25,2.503
2013-10-28,2.512
2013-10-29,2.507
2013-10-30,2.527
2013-10-31,2.543
2013-11-01,2.62
2013-11-04,2.602
2013-11-05,2.662
2013-11-06,2.64
2013-11-07,2.613
2013-11-08,2.746
2013-11-11,2.75
2013-11-12,2.768
2013-11-13,2.7162
2013-11-14,2.702
2013-11-15,2.707
2013-11-18,2.678
2013-11-19,2.712
2013-11-20,2.791
2013-11-21,2.784
2013-11-22,2.754
2013-11-25,2.741
2013-11-26,2.696
2013-11-27,2.736
2013-11-28,2.73
2013-11-29,2.741
2013-12-02,2.801
2013-12-03,2.775
2013-12-04,2.841
2013-12-05,2.863
2013-12-06,2.881
2013-12-09,2.857
2013-12-10,2.797
2013-12-11,2.844
2013-12-12,2.877
2013-12-13,2.868
2013-12-16,2.877
2013-12-17,2.843
2013-12-18,2.887
2013-12-19,2.925
2013-12-20,2.885
2013-12-23,2.929
2013-12-24,2.983
2013-12-25,2.98
2013-12-26,2.991
2013-12-27,3.006
2013-12-30,2.976
2013-12-31,3.006
2014-01-01,3
2014-01-02,2.985
2014-01-03,2.995
2014-01-06,2.961
2014-01-07,2.937
2014-01-08,2.993
2014-01-09,2.965
2014-01-10,2.86
2014-01-13,2.825
2014-01-14,2.869
2014-01-15,2.884
2014-01-16,2.845
2014-01-17,2.827
2014-01-20,2.82
2014-01-21,2.823
2014-01-22,2.86
2014-01-23,2.774
2014-01-24,2.735
2014-01-27,2.766
2014-01-28,2.748
2014-01-29,2.675
2014-01-30,2.695
2014-01-31,2.666
2014-02-03,2.582
2014-02-04,2.624
2014-02-05,2.668
2014-02-06,2.702
2014-02-07,2.675
2014-02-10,2.678
2014-02-11,2.717
2014-02-12,2.763
2014-02-13,2.736
2014-02-14,2.745
2014-02-17,2.71
2014-02-18,2.71
2014-02-19,2.734
2014-02-20,2.754
2014-02-21,2.734
2014-02-24,2.75
2014-02-25,2.701
2014-02-26,2.674
2014-02-27,2.642
2014-02-28,2.66
2014-03-03,2.608
2014-03-04,2.69
2014-03-05,2.696
2014-03-06,2.737
2014-03-07,2.792
2014-03-10,2.784
2014-03-11,2.766
2014-03-12,2.726
2014-03-13,2.653
2014-03-14,2.645
2014-03-17,2.697
2014-03-18,2.679
2014-03-19,2.772
2014-03-20,2.775
2014-03-21,2.75
2014-03-24,2.735
2014-03-25,2.735
2014-03-26,2.703
2014-03-27,2.672
2014-03-28,2.712
2014-03-31,2.724
2014-04-01,2.759
2014-04-02,2.803
2014-04-03,2.79
2014-04-04,2.726
2014-04-07,2.695
2014-04-08,2.681
2014-04-09,2.686
2014-04-10,2.628
2014-04-11,2.619
2014-04-14,2.639
2014-04-15,2.628
2014-04-16,2.637
2014-04-17,2.721
2014-04-18,2.7215
2014-04-21,2.715
2014-04-22,2.726
2014-04-23,2.686
2014-04-24,2.688
2014-04-25,2.666
2014-04-28,2.7077
2014-04-29,2.695
2014-04-30,2.648
2014-05-01,2.606
2014-05-02,2.593
2014-05-05,2.611
2014-05-06,2.595
2014-05-07,2.59
2014-05-08,2.602
2014-05-09,2.623
2014-05-12,2.656
2014-05-13,2.618
2014-05-14,2.544
2014-05-15,2.502
2014-05-16,2.518
2014-05-19,2.536
2014-05-20,2.509
2014-05-21,2.536
2014-05-22,2.555
2014-05-23,2.534
2014-05-26,2.53
2014-05-27,2.518
2014-05-28,2.438
2014-05-29,2.447
2014-05-30,2.457
2014-06-02,2.534
2014-06-03,2.593
2014-06-04,2.606
2014-06-05,2.584
2014-06-06,2.597
2014-06-09,2.613
2014-06-10,2.637
2014-06-11,2.64
2014-06-12,2.586
2014-06-13,2.604
2014-06-16,2.599
2014-06-17,2.653
2014-06-18,2.615
2014-06-19,2.622
2014-06-20,2.624
2014-06-23,2.621
2014-06-24,2.586
2014-06-25,2.559
2014-06-26,2.523
2014-06-27,2.532
2014-06-30,2.516
2014-07-01,2.565
2014-07-02,2.628
2014-07-03,2.648
2014-07-04,2.6383
2014-07-07,2.617
2014-07-08,2.565
2014-07-09,2.545
2014-07-10,2.534
2014-07-11,2.52
2014-07-14,2.549
2014-07-15,2.55
2014-07-16,2.538
2014-07-17,2.475
2014-07-18,2.484
2014-07-21,2.475
2014-07-22,2.466
2014-07-23,2.464
2014-07-24,2.509
2014-07-25,2.469
2014-07-28,2.491
2014-07-29,2.462
2014-07-30,2.552
2014-07-31,2.558
2014-08-01,2.505
2014-08-04,2.491
2014-08-05,2.483
2014-08-06,2.474
2014-08-07,2.424
2014-08-08,2.415
2014-08-11,2.42
2014-08-12,2.442
2014-08-13,2.413
2014-08-14,2.398
2014-08-15,2.345
2014-08-18,2.387
2014-08-19,2.407
2014-08-20,2.428
2014-08-21,2.407
2014-08-22,2.403
2014-08-25,2.389
2014-08-26,2.393
2014-08-27,2.361
2014-08-28,2.334
2014-08-29,2.345
2014-09-01,2.3431
2014-09-02,2.419
2014-09-03,2.41
2014-09-04,2.448
2014-09-05,2.46
2014-09-08,2.469
2014-09-09,2.5
2014-09-10,2.536
2014-09-11,2.532
2014-09-12,2.614
2014-09-15,2.591
2014-09-16,2.589
2014-09-17,2.6
2014-09-18,2.629
2014-09-19,2.587
2014-09-22,2.567
2014-09-23,2.533
2014-09-24,2.569
2014-09-25,2.511
2014-09-26,2.535
2014-09-29,2.491
2014-09-30,2.508
2014-10-01,2.402
2014-10-02,2.436
2014-10-03,2.447
2014-10-06,2.425
2014-10-07,2.35
2014-10-08,2.33
2014-10-09,2.327
2014-10-10,2.305
2014-10-13,2.2804
2014-10-14,2.206
2014-10-15,2.092
2014-10-16,2.155
2014-10-17,2.199
2014-10-20,2.183
2014-10-21,2.208
2014-10-22,2.23
2014-10-23,2.277
2014-10-24,2.273
2014-10-27,2.257
2014-10-28,2.284
2014-10-29,2.323
2014-10-30,2.305
2014-10-31,2.335
2014-11-03,2.348
2014-11-04,2.342
2014-11-05,2.35
2014-11-06,2.377
2014-11-07,2.312
2014-11-10,2.359
2014-11-11,2.3604
2014-11-12,2.359
2014-11-13,2.345
2014-11-14,2.32
2014-11-17,2.34
2014-11-18,2.322
2014-11-19,2.351
2014-11-20,2.333
2014-11-21,2.315
2014-11-24,2.308
2014-11-25,2.261
2014-11-26,2.234
2014-11-27,2.2447
2014-11-28,2.196
2014-12-01,2.218
2014-12-02,2.285
2014-12-03,2.285
2014-12-04,2.257
2014-12-05,2.307
2014-12-08,2.257
2014-12-09,2.22
2014-12-10,2.169
2014-12-11,2.178
2014-12-12,2.103
2014-12-15,2.116
2014-12-16,2.071
2014-12-17,2.15
2014-12-18,2.204
2014-12-19,2.176
2014-12-22,2.162
2014-12-23,2.257
2014-12-24,2.262
2014-12-25,2.2632
2014-12-26,2.25
2014-12-29,2.207
2014-12-30,2.19
2014-12-31,2.174
2015-01-01,2.1712
2015-01-02,2.123
2015-01-05,2.037
2015-01-06,1.963
2015-01-07,1.952
2015-01-08,2.016
2015-01-09,1.969
2015-01-12,1.912
2015-01-13,1.89
2015-01-14,1.835
2015-01-15,1.775
2015-01-16,1.815
2015-01-19,1.8368
2015-01-20,1.807
2015-01-21,1.851
2015-01-22,1.896
2015-01-23,1.818
2015-01-26,1.827
2015-01-27,1.825
2015-01-28,1.728
2015-01-29,1.753
2015-01-30,1.68
2015-02-02,1.673
2015-02-03,1.78
2015-02-04,1.795
2015-02-05,1.815
2015-02-06,1.938
2015-02-09,1.948
2015-02-10,1.991
2015-02-11,1.988
2015-02-12,1.986
2015-02-13,2.021
2015-02-16,2.0504
2015-02-17,2.143
2015-02-18,2.068
2015-02-19,2.112
2015-02-20,2.133
2015-02-23,2.057
2015-02-24,1.986
2015-02-25,1.969
2015-02-26,2.014
2015-02-27,2.002
2015-03-02,2.084
2015-03-03,2.122
2015-03-04,2.121
2015-03-05,2.11
2015-03-06,2.24
2015-03-09,2.195
2015-03-10,2.128
2015-03-11,2.11
2015-03-12,2.096
2015-03-13,2.11
2015-03-16,2.098
2015-03-17,2.059
2015-03-18,1.949
2015-03-19,1.976
2015-03-20,1.93
2015-03-23,1.915
2015-03-24,1.878
2015-03-25,1.92
2015-03-26,2.009
2015-03-27,1.948
2015-03-30,1.961
2015-03-31,1.934
2015-04-01,1.868
2015-04-02,1.904
2015-04-03,1.8416
2015-04-06,1.902
2015-04-07,1.893
2015-04-08,1.895
2015-04-09,1.958
2015-04-10,1.953
2015-04-13,1.939
2015-04-14,1.904
2015-04-15,1.9
2015-04-16,1.878
2015-04-17,1.85
2015-04-20,1.897
2015-04-21,1.914
2015-04-22,1.972
2015-04-23,1.947
2015-04-24,1.917
2015-04-27,1.924
2015-04-28,1.973
2015-04-29,2.035
2015-04-30,2.044
2015-05-01,2.117
2015-05-04,2.135
2015-05-05,2.176
2015-05-06,2.24
2015-05-07,2.184
2015-05-08,2.15
2015-05-11,2.272
2015-05-12,2.262
2015-05-13,2.282
2015-05-14,2.239
2015-05-15,2.141
2015-05-18,2.228
2015-05-19,2.262
2015-05-20,2.25
2015-05-21,2.186
2015-05-22,2.229
2015-05-25,2.2092
2015-05-26,2.135
2015-05-27,2.135
2015-05-28,2.13
2015-05-29,2.095
2015-06-01,2.192
2015-06-02,2.266
2015-06-03,2.366
2015-06-04,2.307
2015-06-05,2.4
2015-06-08,2.381
2015-06-09,2.417
2015-06-10,2.478
2015-06-11,2.384
2015-06-12,2.385
2015-06-15,2.358
2015-06-16,2.316
2015-06-17,2.308
2015-06-18,2.351
2015-06-19,2.267
2015-06-22,2.362
2015-06-23,2.409
2015-06-24,2.371
2015-06-25,2.393
2015-06-26,2.476
2015-06-29,2.331
2015-06-30,2.333
2015-07-01,2.418
2015-07-02,2.391
2015-07-03,2.3823
2015-07-06,2.278
2015-07-07,2.231
2015-07-08,2.206
2015-07-09,2.301
2015-07-10,2.415
2015-07-13,2.43
2015-07-14,2.399
2015-07-15,2.348
2015-07-16,2.352
2015-07-17,2.349
2015-07-20,2.374
2015-07-21,2.342
2015-07-22,2.322
2015-07-23,2.278
2015-07-24,2.273
2015-07-27,2.228
2015-07-28,2.25
2015-07-29,2.277
2015-07-30,2.268
2015-07-31,2.205
2015-08-03,2.152
2015-08-04,2.211
2015-08-05,2.268
2015-08-06,2.234
2015-08-07,2.175
2015-08-10,2.238
2015-08-11,2.139
2015-08-12,2.13
2015-08-13,2.187
2015-08-14,2.198
2015-08-17,2.152
2015-08-18,2.196
2015-08-19,2.129
2015-08-20,2.084
2015-08-21,2.05
2015-08-24,1.998
2015-08-25,2.133
2015-08-26,2.172
2015-08-27,2.166
2015-08-28,2.184
2015-08-31,2.2
2015-09-01,2.172
2015-09-02,2.193
2015-09-03,2.168
2015-09-04,2.128
2015-09-07,2.1244
2015-09-08,2.193
2015-09-09,2.181
2015-09-10,2.222
2015-09-11,2.183
2015-09-14,2.18
2015-09-15,2.281
2015-09-16,2.303
2015-09-17,2.217
2015-09-18,2.132
2015-09-21,2.214
2015-09-22,2.127
2015-09-23,2.144
2015-09-24,2.12
2015-09-25,2.168
2015-09-28,2.095
2015-09-29,2.053
2015-09-30,2.06
2015-10-01,2.042
2015-10-02,1.989
2015-10-05,2.056
2015-10-06,2.035
2015-10-07,2.06
2015-10-08,2.108
2015-10-09,2.099
2015-10-12,2.0881
2015-10-13,2.055
2015-10-14,1.982
2015-10-15,2.021
2015-10-16,2.023
2015-10-19,2.028
2015-10-20,2.071
2015-10-21,2.03
2015-10-22,2.025
2015-10-23,2.083
2015-10-26,2.058
2015-10-27,2.028
2015-10-28,2.092
2015-10-29,2.172
2015-10-30,2.151
2015-11-02,2.185
2015-11-03,2.22
2015-11-04,2.23
2015-11-05,2.245
2015-11-06,2.333
2015-11-09,2.342
2015-11-10,2.322
2015-11-11,2.3301
2015-11-12,2.319
2015-11-13,2.28
2015-11-16,2.273
2015-11-17,2.261
2015-11-18,2.269
2015-11-19,2.246
2015-11-20,2.262
2015-11-22,2.2640
2015-11-23,2.25
2015-11-24,2.243
2015-11-25,2.232
2015-11-26,2.234
2015-11-27,2.225
2015-11-29,2.2170
2015-11-30,2.218
2015-12-01,2.157
2015-12-02,2.178
2015-12-03,2.328
2015-12-04,2.275
2015-12-06,2.2850
2015-12-07,2.225
2015-12-08,2.238
2015-12-09,2.208
2015-12-10,2.238
2015-12-11,2.139
2015-12-13,2.1480
2015-12-14,2.225
2015-12-15,2.266
2015-12-16,2.289
2015-12-17,2.238
2015-12-18,2.197
2015-12-20,2.2020
2015-12-21,2.197
2015-12-22,2.239
2015-12-23,2.264
2015-12-24,2.243
2015-12-25,2.241
2015-12-27,2.2550
2015-12-28,2.225
2015-12-29,2.307
2015-12-30,2.305
2015-12-31,2.275
2016-01-01,2.2694
2016-01-03,2.2910
2016-01-04,2.245
2016-01-05,2.25
2016-01-06,2.177
2016-01-07,2.153
2016-01-08,2.131
2016-01-10,2.1160
2016-01-11,2.158
2016-01-12,2.1
2016-01-13,2.066
2016-01-14,2.098
2016-01-15,2.033
2016-01-18,2.0347
2016-01-19,2.036
2016-01-20,1.982
2016-01-21,2.019
2016-01-22,2.048
2016-01-24,2.0590
2016-01-25,2.022
2016-01-26,1.996
2016-01-27,2.003
2016-01-28,1.985
2016-01-29,1.93
2016-01-31,1.9330
2016-02-01,1.966
2016-02-02,1.864
2016-02-03,1.881
2016-02-04,1.864
2016-02-05,1.848
2016-02-07,1.8530
2016-02-08,1.735
2016-02-09,1.729
2016-02-10,1.705
2016-02-11,1.644
2016-02-12,1.746
2016-02-14,1.7460
2016-02-15,1.7481
2016-02-16,1.777
2016-02-17,1.817
2016-02-18,1.76
2016-02-19,1.748
2016-02-21,1.7480
2016-02-22,1.766
2016-02-23,1.745
2016-02-24,1.742
2016-02-25,1.697
2016-02-26,1.764
2016-02-28,1.7570
2016-02-29,1.74
2016-03-01,1.835
2016-03-02,1.848
2016-03-03,1.83
2016-03-04,1.883
2016-03-06,1.8790
2016-03-07,1.904
2016-03-08,1.834
2016-03-09,1.892
2016-03-10,1.929
2016-03-11,1.977
2016-03-13,1.9770
2016-03-14,1.963
2016-03-15,1.959
2016-03-16,1.938
2016-03-17,1.903
2016-03-18,1.871
2016-03-20,1.8770
2016-03-21,1.921
2016-03-22,1.935
2016-03-23,1.875
2016-03-24,1.893
2016-03-25,1.9000
2016-03-27,1.9140
2016-03-28,1.872
2016-03-29,1.812
2016-03-30,1.83
2016-03-31,1.784
2016-04-01,1.791
2016-04-03,1.7650
2016-04-04,1.779
2016-04-05,1.727
2016-04-06,1.753
2016-04-07,1.689
2016-04-08,1.722
2016-04-10,1.7320
2016-04-11,1.724
2016-04-12,1.781
2016-04-13,1.762
2016-04-14,1.781
2016-04-15,1.752
2016-04-17,1.7260
2016-04-18,1.771
2016-04-19,1.783
2016-04-20,1.852
2016-04-21,1.87
2016-04-22,1.888
2016-04-24,1.8910
2016-04-25,1.902
2016-04-26,1.931
2016-04-27,1.86
2016-04-28,1.838
2016-04-29,1.819
2016-05-01,1.8280
2016-05-02,1.865
2016-05-03,1.8
2016-05-04,1.784
2016-05-05,1.747
2016-05-06,1.777
2016-05-08,1.7890
2016-05-09,1.76
2016-05-10,1.76
2016-05-11,1.737
2016-05-12,1.758
2016-05-13,1.705
2016-05-15,1.7020
2016-05-16,1.753
2016-05-17,1.759
2016-05-18,1.883
2016-05-19,1.845
2016-05-20,1.849
2016-05-22,1.8370
2016-05-23,1.84
2016-05-24,1.859
2016-05-25,1.87
2016-05-26,1.823
2016-05-27,1.835
2016-05-30,1.8510
2016-05-31,1.834
2016-06-01,1.846
2016-06-02,1.811
2016-06-03,1.704
2016-06-05,1.7060
2016-06-06,1.723
2016-06-07,1.713
2016-06-08,1.707
2016-06-09,1.68
2016-06-10,1.639
2016-06-12,1.6230
2016-06-13,1.616
2016-06-14,1.611
2016-06-15,1.594
2016-06-16,1.563
2016-06-17,1.618
2016-06-19,1.6560
2016-06-20,1.67
2016-06-21,1.697
2016-06-22,1.687
2016-06-23,1.739
2016-06-24,1.579
2016-06-26,1.5090
2016-06-27,1.46
2016-06-28,1.461
2016-06-29,1.476
2016-06-30,1.492
2016-07-01,1.461
2016-07-04,1.4441
2016-07-05,1.367
2016-07-06,1.385
2016-07-07,1.387
2016-07-08,1.365
2016-07-10,1.3660
2016-07-11,1.434
2016-07-12,1.513
2016-07-13,1.467
2016-07-14,1.53
2016-07-15,1.594
2016-07-17,1.5580
2016-07-18,1.587
2016-07-19,1.558
2016-07-20,1.58
2016-07-21,1.565
2016-07-22,1.568
2016-07-24,1.5730
2016-07-25,1.573
2016-07-26,1.561
2016-07-27,1.515
2016-07-28,1.511
2016-07-29,1.458
2016-07-31,1.4630
2016-08-01,1.497
2016-08-02,1.537
2016-08-03,1.542
2016-08-04,1.502
2016-08-05,1.582
2016-08-06,1.5900
2016-08-07,1.5950
2016-08-08,1.585
2016-08-09,1.545
2016-08-10,1.509
2016-08-11,1.571
2016-08-12,1.515
2016-08-13,1.5100
2016-08-14,1.5120
2016-08-15,1.552
2016-08-16,1.576
2016-08-17,1.561
2016-08-18,1.536
2016-08-19,1.58
2016-08-21,1.5970
2016-08-22,1.539
2016-08-23,1.553
2016-08-24,1.559
2016-08-25,1.576
2016-08-26,1.633
2016-08-28,1.6260
2016-08-29,1.566
2016-08-30,1.57
2016-08-31,1.568
2016-09-01,1.57
2016-09-02,1.597
2016-09-05,1.6090
2016-09-06,1.543
2016-09-07,1.539
2016-09-08,1.616
2016-09-09,1.671
2016-09-11,1.6700
2016-09-12,1.672
2016-09-13,1.734
2016-09-14,1.687
2016-09-15,1.703
2016-09-16,1.701
2016-09-17,1.6940
2016-09-18,1.6940
2016-09-19,1.698
2016-09-20,1.687
2016-09-21,1.668
2016-09-22,1.632
2016-09-23,1.615
2016-09-24,1.6200
2016-09-25,1.6150
2016-09-26,1.589
2016-09-27,1.556
2016-09-28,1.567
2016-09-29,1.556
2016-09-30,1.606
2016-10-02,1.6000
2016-10-03,1.624
2016-10-04,1.683
2016-10-05,1.716
2016-10-06,1.742
2016-10-07,1.736
2016-10-10,1.7650
2016-10-11,1.759
2016-10-12,1.778
2016-10-13,1.738
2016-10-14,1.792
2016-10-15,1.8050
2016-10-16,1.7890
2016-10-17,1.766
2016-10-18,1.748
2016-10-19,1.752
2016-10-20,1.747
2016-10-21,1.74
2016-10-23,1.7400
2016-10-24,1.763
2016-10-25,1.758
2016-10-26,1.79
2016-10-27,1.843
2016-10-28,1.845
2016-10-30,1.8410
2016-10-31,1.834
2016-11-01,1.82
2016-11-02,1.799
2016-11-03,1.812
2016-11-04,1.783
2016-11-06,1.8300
2016-11-07,1.828
2016-11-08,1.862
2016-11-09,2.072
2016-11-10,2.118
2016-11-13,2.1730
2016-11-14,2.222
2016-11-15,2.238
2016-11-16,2.223
2016-11-17,2.278
2016-11-18,2.337
2016-11-20,2.3530
2016-11-21,2.337
2016-11-22,2.319
2016-11-23,2.355
2016-11-24,2.3820
2016-11-25,2.37
2016-11-27,2.3410
2016-11-28,2.32
2016-11-29,2.302
2016-11-30,2.367
2016-12-01,2.441
2016-12-02,2.39
2016-12-04,2.3650
2016-12-05,2.387
2016-12-06,2.394
2016-12-07,2.347
2016-12-08,2.389
2016-12-09,2.464
2016-12-11,2.4880
2016-12-12,2.479
2016-12-13,2.48
2016-12-14,2.523
2016-12-15,2.578
2016-12-16,2.597
2016-12-18,2.5820
2016-12-19,2.54
2016-12-20,2.568
2016-12-21,2.544
2016-12-22,2.551
2016-12-23,2.539
2016-12-26,2.5430
2016-12-27,2.563
2016-12-28,2.508
2016-12-29,2.477
2016-12-30,2.432
2017-01-02,2.4460
2017-01-03,2.454
2017-01-04,2.452
2017-01-05,2.368
2017-01-06,2.418
2017-01-08,2.4210
2017-01-09,2.376
2017-01-10,2.379
2017-01-11,2.37
2017-01-12,2.361
2017-01-13,2.38
2017-01-16,2.3780
2017-01-17,2.327
2017-01-18,2.387
2017-01-19,2.459
2017-01-20,2.467
2017-01-22,2.4390
2017-01-23,2.401
2017-01-24,2.471
2017-01-25,2.523
2017-01-26,2.508
2017-01-27,2.481
2017-01-29,2.4790
2017-01-30,2.483
2017-01-31,2.451
2017-02-01,2.474
2017-02-02,2.47
2017-02-03,2.491
2017-02-05,2.4720
2017-02-06,2.413
2017-02-07,2.389
2017-02-08,2.351
2017-02-09,2.397
2017-02-10,2.409
2017-02-12,2.4250
2017-02-13,2.434
2017-02-14,2.47
2017-02-15,2.502
2017-02-16,2.45
2017-02-17,2.425
2017-02-20,2.4360
2017-02-21,2.429
2017-02-22,2.418
2017-02-23,2.388
2017-02-24,2.317
2017-02-26,2.3220
2017-02-27,2.367
2017-02-28,2.358
2017-03-01,2.462
2017-03-02,2.489
2017-03-03,2.492
2017-03-05,2.4760
2017-03-06,2.493
2017-03-07,2.511
2017-03-08,2.551
2017-03-09,2.598
2017-03-10,2.582
2017-03-12,2.5820
2017-03-13,2.607
2017-03-14,2.595
2017-03-15,2.504
2017-03-16,2.524
2017-03-17,2.5
2017-03-18,2.5000
2017-03-19,2.5000
2017-03-20,2.472
2017-03-21,2.434
2017-03-22,2.396
2017-03-23,2.418
2017-03-24,2.4
2017-03-26,2.3840
2017-03-27,2.375
2017-03-28,2.409
2017-03-29,2.387
2017-03-30,2.418
2017-03-31,2.395
2017-04-02,2.3950
2017-04-03,2.35
2017-04-04,2.35
2017-04-05,2.357
2017-04-06,2.343
2017-04-07,2.373
2017-04-09,2.3820
2017-04-10,2.361
2017-04-11,2.298
2017-04-12,2.296
2017-04-13,2.228
2017-04-16,2.1980
2017-04-17,2.252
2017-04-18,2.179
2017-04-19,2.202
2017-04-20,2.241
2017-04-21,2.236
2017-04-22,2.2460
2017-04-24,2.273
2017-04-25,2.329
2017-04-26,2.311
2017-04-27,2.296
2017-04-28,2.282
2017-04-30,2.2800
2017-05-01,2.327
2017-05-02,2.296
2017-05-03,2.309
2017-05-04,2.356
2017-05-05,2.352
2017-05-07,2.3600
2017-05-08,2.376
2017-05-09,2.407
2017-05-10,2.414
2017-05-11,2.4
2017-05-12,2.333
2017-05-14,2.3240
2017-05-15,2.338
2017-05-16,2.327
2017-05-17,2.216
2017-05-18,2.233
2017-05-19,2.245
2017-05-21,2.2470
2017-05-22,2.254
2017-05-23,2.283
2017-05-24,2.266
2017-05-25,2.255
2017-05-26,2.25
2017-05-29,2.2430
2017-05-30,2.215
2017-05-31,2.198
2017-06-01,2.217
2017-06-02,2.159
2017-06-04,2.1590
2017-06-05,2.18
2017-06-06,2.147
2017-06-07,2.18
2017-06-08,2.194
2017-06-09,2.199
2017-06-11,2.2110
2017-06-12,2.213
2017-06-13,2.207
2017-06-14,2.138
2017-06-15,2.162
2017-06-16,2.157
2017-06-18,2.1570
2017-06-19,2.188
2017-06-20,2.153
2017-06-21,2.155
2017-06-22,2.153
2017-06-23,2.144
2017-06-25,2.1460
2017-06-26,2.137
2017-06-27,2.198
2017-06-28,2.223
2017-06-29,2.267
2017-06-30,2.302
2017-07-01,2.3040
2017-07-02,2.3160
2017-07-03,2.346
2017-07-04,2.3340
2017-07-05,2.334
2017-07-06,2.369
2017-07-07,2.393
2017-07-10,2.371
2017-07-11,2.362
2017-07-12,2.327
2017-07-13,2.348
2017-07-14,2.319
2017-07-17,2.309
2017-07-18,2.263
2017-07-19,2.268
2017-07-20,2.266
2017-07-21,2.232
2017-07-24,2.253
2017-07-25,2.326
2017-07-26,2.282
2017-07-27,2.31
2017-07-28,2.287
2017-07-31,2.292
2017-08-01,2.251
2017-08-02,2.262
2017-08-03,2.228
2017-08-04,2.269
2017-08-06,2.2640
2017-08-07,2.257
2017-08-08,2.282
2017-08-09,2.241
2017-08-10,2.211
2017-08-11,2.187
2017-08-14,2.218
2017-08-15,2.266
2017-08-16,2.225
2017-08-17,2.197
2017-08-18,2.194
2017-08-21,2.18
2017-08-22,2.215
2017-08-23,2.171
2017-08-24,2.194
2017-08-25,2.171
2017-08-28,2.159
2017-08-29,2.136
2017-08-30,2.145
2017-08-31,2.122
2017-09-01,2.157
2017-09-03,2.1660
2017-09-04,2.1657
2017-09-05,2.07
2017-09-06,2.106
2017-09-07,2.061
2017-09-08,2.061
2017-09-11,2.125
2017-09-12,2.171
2017-09-13,2.195
2017-09-14,2.199
2017-09-15,2.202
2017-09-17,2.2020
2017-09-18,2.23
2017-09-19,2.243
2017-09-20,2.276
2017-09-21,2.278
2017-09-22,2.262
2017-09-25,2.22
2017-09-26,2.229
2017-09-27,2.309
2017-09-28,2.307
2017-09-29,2.326
2017-10-02,2.337
2017-10-03,2.332
2017-10-04,2.332
2017-10-05,2.35
2017-10-06,2.368
2017-10-10,2.345
2017-10-11,2.345
2017-10-12,2.323
2017-10-13,2.28
2017-10-16,2.309
2017-10-17,2.298
2017-10-18,2.339
2017-10-19,2.321
2017-10-20,2.381
2017-10-22,2.3830
2017-10-23,2.375
2017-10-24,2.406
2017-10-25,2.444
2017-10-26,2.454
2017-10-27,2.428
2017-10-29,2.4150
2017-10-30,2.37
2017-10-31,2.376
2017-11-01,2.376
2017-11-02,2.349
2017-11-03,2.343
2017-11-06,2.32
2017-11-07,2.307
2017-11-08,2.325
2017-11-09,2.331
2017-11-10,2.4
2017-11-13,2.4
2017-11-14,2.381
2017-11-15,2.335
2017-11-16,2.361
2017-11-17,2.354
2017-11-20,2.37
2017-11-21,2.361
2017-11-22,2.322
2017-11-23,2.3187
2017-11-24,2.34
2017-11-27,2.328
2017-11-28,2.337
2017-11-29,2.376
2017-11-30,2.415
2017-12-01,2.363
2017-12-04,2.379
2017-12-05,2.356
2017-12-06,2.33
2017-12-07,2.376
2017-12-08,2.383
2017-12-11,2.385
2017-12-12,2.403
2017-12-13,2.349
2017-12-14,2.346
2017-12-15,2.355
2017-12-16,2.3510
2017-12-18,2.392
2017-12-19,2.463
2017-12-20,2.497
2017-12-21,2.483
2017-12-22,2.488
2017-12-26,2.467
2017-12-27,2.412
2017-12-28,2.432
2017-12-29,2.411
2018-01-01,2.4054
2018-01-02,2.465
2018-01-03,2.445
2018-01-04,2.453
2018-01-05,2.476
2018-01-07,2.4760
2018-01-08,2.482
2018-01-09,2.546
2018-01-10,2.549
2018-01-11,2.531
2018-01-12,2.552
2018-01-15,2.5462
2018-01-16,2.544
2018-01-17,2.578
2018-01-18,2.611
2018-01-19,2.639
2018-01-22,2.663
2018-01-23,2.622
2018-01-24,2.654
2018-01-25,2.621
2018-01-26,2.662
2018-01-29,2.699
2018-01-30,2.725
2018-01-31,2.72
2018-02-01,2.773
2018-02-02,2.852
2018-02-05,2.794
2018-02-06,2.766
2018-02-07,2.843
2018-02-08,2.849
2018-02-09,2.831
2018-02-11,2.8570
2018-02-12,2.855
2018-02-13,2.84
2018-02-14,2.913
2018-02-15,2.893
2018-02-16,2.877
2018-02-18,2.8730
2018-02-19,2.8749
2018-02-20,2.893
2018-02-21,2.941
2018-02-22,2.917
2018-02-23,2.871
2018-02-26,2.859
2018-02-27,2.908
2018-02-28,2.868
2018-03-01,2.802
2018-03-02,2.857
2018-03-05,2.879
2018-03-06,2.877
2018-03-07,2.883
2018-03-08,2.866
2018-03-09,2.894
2018-03-12,2.87
2018-03-13,2.848
2018-03-14,2.817
2018-03-15,2.824
2018-03-16,2.848
2018-03-19,2.845
2018-03-20,2.881
2018-03-21,2.907
2018-03-22,2.832
2018-03-23,2.826
2018-03-26,2.841
2018-03-27,2.788
2018-03-28,2.775
2018-03-29,2.744
2018-03-30,2.7389
2018-04-02,2.732
2018-04-03,2.783
2018-04-04,2.79
2018-04-05,2.832
2018-04-06,2.775
2018-04-09,2.786
2018-04-10,2.797
2018-04-11,2.79
2018-04-12,2.834
2018-04-13,2.828
2018-04-16,2.832
2018-04-17,2.814
2018-04-18,2.867
2018-04-19,2.914
2018-04-20,2.951
2018-04-23,2.973
2018-04-24,2.983
2018-04-25,3.024
2018-04-26,2.99
2018-04-27,2.957
2018-04-29,2.9590
2018-04-30,2.936
2018-05-01,2.976
2018-05-02,2.964
2018-05-03,2.946
2018-05-04,2.944
2018-05-06,2.9530
2018-05-07,2.95
2018-05-08,2.968
2018-05-09,3.004
2018-05-10,2.971
2018-05-11,2.971
2018-05-13,2.9750
2018-05-14,2.995
2018-05-15,3.08
2018-05-16,3.095
2018-05-17,3.109
2018-05-18,3.067
2018-05-20,3.0800
2018-05-21,3.065
2018-05-22,3.065
2018-05-23,3.003
2018-05-24,2.981
2018-05-25,2.935
2018-05-28,2.9313
2018-05-29,2.768
2018-05-30,2.844
2018-05-31,2.822
2018-06-01,2.895
2018-06-03,2.9060
2018-06-04,2.937
2018-06-05,2.919
2018-06-06,2.975
2018-06-07,2.933
2018-06-08,2.935
2018-06-10,2.9520
2018-06-11,2.957
2018-06-12,2.957
2018-06-13,2.979
2018-06-14,2.946
2018-06-15,2.924
2018-06-17,2.9210
2018-06-18,2.926
2018-06-19,2.893
2018-06-20,2.928
2018-06-21,2.897
2018-06-22,2.9
2018-06-24,2.8910
2018-06-25,2.875
2018-06-26,2.88
2018-06-27,2.827
2018-06-28,2.847
2018-06-29,2.851
2018-07-01,2.8560
2018-07-02,2.867
2018-07-03,2.838
2018-07-04,2.8309
2018-07-05,2.84
2018-07-06,2.831
2018-07-08,2.8250
2018-07-09,2.86
2018-07-10,2.873
2018-07-11,2.844
2018-07-12,2.853
2018-07-13,2.831
2018-07-15,2.8290
2018-07-16,2.856
2018-07-17,2.862
2018-07-18,2.875
2018-07-19,2.847
2018-07-20,2.893
2018-07-22,2.8930
2018-07-23,2.965
2018-07-24,2.95
2018-07-25,2.936
2018-07-26,2.975
2018-07-27,2.962
2018-07-29,2.9600
2018-07-30,2.975
2018-07-31,2.964
2018-08-01,3.003
2018-08-02,2.986
2018-08-03,2.952
2018-08-05,2.9560
2018-08-06,2.938
2018-08-07,2.973
2018-08-08,2.971
2018-08-09,2.935
2018-08-10,2.859
2018-08-12,2.8640
2018-08-13,2.877
2018-08-14,2.895
2018-08-15,2.851
2018-08-16,2.871
2018-08-17,2.873
2018-08-19,2.8680
2018-08-20,2.823
2018-08-21,2.844
2018-08-22,2.824
2018-08-23,2.821
2018-08-24,2.826
2018-08-26,2.8210
2018-08-27,2.85
2018-08-28,2.884
2018-08-29,2.882
2018-08-30,2.86
2018-08-31,2.853
2018-09-03,2.8620
2018-09-04,2.902
2018-09-05,2.902
2018-09-06,2.877
2018-09-07,2.942
2018-09-09,2.9420
2018-09-10,2.937
2018-09-11,2.979
2018-09-12,2.963
2018-09-13,2.964
2018-09-14,2.994
2018-09-16,3.0000
2018-09-17,3.001
2018-09-18,3.048
2018-09-19,3.083
2018-09-20,3.078
2018-09-21,3.068
2018-09-23,3.0660
2018-09-24,3.078
2018-09-25,3.102
2018-09-26,3.061
2018-09-27,3.055
2018-09-28,3.056
2018-09-30,3.0690
2018-10-01,3.08
2018-10-02,3.056
2018-10-03,3.161
2018-10-04,3.195
2018-10-05,3.227
2018-10-08,3.2310
2018-10-09,3.208
2018-10-10,3.225
2018-10-11,3.131
2018-10-12,3.141
2018-10-14,3.1590
2018-10-15,3.163
2018-10-16,3.156
2018-10-17,3.179
2018-10-18,3.175
2018-10-19,3.202
2018-10-21,3.1920
2018-10-22,3.194
2018-10-23,3.166
2018-10-24,3.124
2018-10-25,3.136
2018-10-26,3.076
2018-10-28,3.0830
2018-10-29,3.087
2018-10-30,3.109
2018-10-31,3.159
2018-11-01,3.144
2018-11-02,3.214
2018-11-04,3.2100
2018-11-05,3.199
2018-11-06,3.214
2018-11-07,3.213
2018-11-08,3.232
2018-11-09,3.189
2018-11-12,3.1510
2018-11-13,3.145
2018-11-14,3.12
2018-11-15,3.118
2018-11-16,3.074
2018-11-18,3.0570
2018-11-19,3.059
2018-11-20,3.048
2018-11-21,3.061
2018-11-22,3.0650
2018-11-23,3.054
2018-11-25,3.0480
2018-11-26,3.07
2018-11-27,3.057
2018-11-28,3.044
2018-11-29,3.035
2018-11-30,3.013
2018-12-02,3.0390
2018-12-03,2.991
2018-12-04,2.923
2018-12-05,2.9170
2018-12-06,2.876
2018-12-07,2.85
2018-12-09,2.8290
2018-12-10,2.856
2018-12-11,2.881
2018-12-12,2.906
2018-12-13,2.911
2018-12-14,2.889
2018-12-16,2.8930
2018-12-17,2.857
2018-12-18,2.823
2018-12-19,2.776
2018-12-20,2.789
2018-12-21,2.792
2018-12-23,2.7880
2018-12-24,2.753
2018-12-25,2.7510
2018-12-26,2.797
2018-12-27,2.743
2018-12-28,2.738
2018-12-30,2.7160
2018-12-31,2.691
2019-01-01,2.6860
2019-01-02,2.661
2019-01-03,2.553
2019-01-04,2.659
2019-01-06,2.6680
2019-01-07,2.682
2019-01-08,2.715
2019-01-09,2.728
2019-01-10,2.731
2019-01-11,2.699
2019-01-13,2.6990
2019-01-14,2.71
2019-01-15,2.708
2019-01-16,2.729
2019-01-17,2.747
2019-01-18,2.782
2019-01-21,2.7730
2019-01-22,2.732
2019-01-23,2.755
2019-01-24,2.712
2019-01-25,2.751
2019-01-27,2.7550
2019-01-28,2.744
2019-01-29,2.712
2019-01-30,2.695
2019-01-31,2.635
2019-02-01,2.691
2019-02-03,2.6910
2019-02-04,2.724
2019-02-05,2.704
2019-02-06,2.7
2019-02-07,2.654
2019-02-08,2.632
2019-02-10,2.6340
2019-02-11,2.661
2019-02-12,2.684
2019-02-13,2.706
2019-02-14,2.659
2019-02-15,2.666
2019-02-18,2.6730
2019-02-19,2.645
2019-02-20,2.652
2019-02-21,2.688
2019-02-22,2.655
2019-02-24,2.6660
2019-02-25,2.673
2019-02-26,2.636
2019-02-27,2.693
2019-02-28,2.711
2019-03-01,2.755
2019-03-03,2.7660
2019-03-04,2.722
2019-03-05,2.722
2019-03-06,2.692
2019-03-07,2.636
2019-03-08,2.625
2019-03-10,2.6300
2019-03-11,2.641
2019-03-12,2.605
2019-03-13,2.61
2019-03-14,2.63
2019-03-15,2.593
2019-03-17,2.5940
2019-03-18,2.601
2019-03-19,2.612
2019-03-20,2.537
2019-03-21,2.539
2019-03-22,2.455
2019-03-24,2.4510
2019-03-25,2.418
2019-03-26,2.412
2019-03-27,2.372
2019-03-28,2.389
2019-03-29,2.414
2019-03-31,2.4280
2019-04-01,2.497
2019-04-02,2.479
2019-04-03,2.517
2019-04-04,2.51
2019-04-05,2.499
2019-04-07,2.5030
2019-04-08,2.519
2019-04-09,2.499
2019-04-10,2.477
2019-04-11,2.504
2019-04-12,2.56
2019-04-14,2.5560
2019-04-15,2.553
2019-04-16,2.594
2019-04-17,2.592
2019-04-18,2.558
2019-04-21,2.5600
2019-04-22,2.59
2019-04-23,2.57
2019-04-24,2.522
2019-04-25,2.534
2019-04-26,2.504
2019-04-29,2.536
2019-04-30,2.507
2019-05-01,2.511
2019-05-02,2.552
2019-05-03,2.53
2019-05-05,2.5300
2019-05-06,2.5
2019-05-07,2.448
2019-05-08,2.482
2019-05-09,2.457
2019-05-10,2.455
2019-05-12,2.4350
2019-05-13,2.405
2019-05-14,2.419
2019-05-15,2.379
2019-05-16,2.405
2019-05-17,2.393
2019-05-19,2.4010
2019-05-20,2.414
2019-05-21,2.426
2019-05-22,2.393
2019-05-23,2.296
2019-05-24,2.329
2019-05-27,2.3100
2019-05-28,2.268
2019-05-29,2.236
2019-05-30,2.225
2019-05-31,2.142
2019-06-02,2.1250
2019-06-03,2.081
2019-06-04,2.121
2019-06-05,2.123
2019-06-06,2.123
2019-06-07,2.084
2019-06-09,2.1210
2019-06-10,2.141
2019-06-11,2.14
2019-06-12,2.127
2019-06-13,2.091
2019-06-14,2.094
2019-06-16,2.0920
2019-06-17,2.086
2019-06-18,2.058
2019-06-19,2.027
2019-06-20,2.001
2019-06-21,2.066
2019-06-23,2.0590
2019-06-24,2.019
2019-06-25,1.992
2019-06-26,2.049
2019-06-27,2.005
2019-06-28,2
2019-06-30,2.0450
2019-07-01,2.033
2019-07-02,1.977
2019-07-03,1.955
2019-07-04,1.9480
2019-07-05,2.044
2019-07-07,2.0430
2019-07-08,2.034
2019-07-09,2.056
2019-07-10,2.061
2019-07-11,2.12
2019-07-12,2.106
2019-07-14,2.1240
2019-07-15,2.092
2019-07-16,2.12
2019-07-17,2.061
2019-07-18,2.04
2019-07-19,2.05
2019-07-21,2.0590
2019-07-22,2.043
2019-07-23,2.074
2019-07-24,2.05
2019-07-25,2.074
2019-07-26,2.081
2019-07-28,2.0690
2019-07-29,2.055
2019-07-30,2.061
2019-07-31,2.021
2019-08-01,1.892
2019-08-02,1.855
2019-08-04,1.8500
2019-08-05,1.736
2019-08-06,1.739
2019-08-07,1.682
2019-08-08,1.715
2019-08-09,1.734
2019-08-11,1.7450
2019-08-12,1.64
2019-08-13,1.68
2019-08-14,1.581
2019-08-15,1.527
2019-08-16,1.54
2019-08-18,1.5740
2019-08-19,1.598
2019-08-20,1.559
2019-08-21,1.577
2019-08-22,1.61
2019-08-23,1.527
2019-08-25,1.4760
2019-08-26,1.544
2019-08-27,1.49
2019-08-28,1.468
2019-08-29,1.516
2019-08-30,1.506
2019-09-02,1.5060
2019-09-03,1.466
2019-09-04,1.459
2019-09-05,1.565
2019-09-06,1.55
2019-09-08,1.5600
2019-09-09,1.622
2019-09-10,1.702
2019-09-11,1.733
2019-09-12,1.791
2019-09-13,1.899
2019-09-15,1.9010
2019-09-16,1.843
2019-09-17,1.814
2019-09-18,1.784
2019-09-19,1.774
2019-09-20,1.753
2019-09-22,1.7220
2019-09-23,1.708
2019-09-24,1.635
2019-09-25,1.732
2019-09-26,1.685
2019-09-27,1.673
2019-09-29,1.6840
2019-09-30,1.673
2019-10-01,1.644
2019-10-02,1.597
2019-10-03,1.536
2019-10-04,1.514
2019-10-06,1.5150
2019-10-07,1.553
2019-10-08,1.539
2019-10-09,1.587
2019-10-10,1.656
2019-10-11,1.753
2019-10-14,1.7150
2019-10-15,1.769
2019-10-16,1.745
2019-10-17,1.755
2019-10-18,1.75
2019-10-20,1.7400
2019-10-21,1.792
2019-10-22,1.766
2019-10-23,1.759
2019-10-24,1.766
2019-10-25,1.801
2019-10-27,1.8050
2019-10-28,1.853
2019-10-29,1.835
2019-10-30,1.796
2019-10-31,1.691
2019-11-01,1.728
2019-11-03,1.7140
2019-11-04,1.788
2019-11-05,1.865
2019-11-06,1.812
2019-11-07,1.922
2019-11-08,1.933
2019-11-11,1.9230
2019-11-12,1.909
2019-11-13,1.869
2019-11-14,1.815
2019-11-15,1.834
2019-11-17,1.8240
2019-11-18,1.808
2019-11-19,1.786
2019-11-20,1.738
2019-11-21,1.772
2019-11-22,1.774
2019-11-24,1.7790
2019-11-25,1.764
2019-11-26,1.74
2019-11-27,1.767
2019-11-28,1.7780
2019-11-29,1.776
2019-12-01,1.7950
2019-12-02,1.836
2019-12-03,1.709
2019-12-04,1.781
2019-12-05,1.795
2019-12-06,1.843
2019-12-08,1.8430
2019-12-09,1.831
2019-12-10,1.831
2019-12-11,1.79
2019-12-12,1.899
2019-12-13,1.821
2019-12-15,1.8330
2019-12-16,1.889
2019-12-17,1.889
2019-12-18,1.924
2019-12-19,1.908
2019-12-20,1.917
2019-12-22,1.9210
2019-12-23,1.935
2019-12-24,1.908
2019-12-25,1.9070
2019-12-26,1.905
2019-12-27,1.873
2019-12-29,1.8730
2019-12-30,1.895
2019-12-31,1.91
2020-01-01,1.9210
2020-01-02,1.882
2020-01-03,1.788
2020-01-05,1.7670
2020-01-06,1.811
2020-01-07,1.825
2020-01-08,1.874
2020-01-09,1.858
2020-01-10,1.827
2020-01-12,1.8200
2020-01-13,1.848
2020-01-14,1.818
2020-01-15,1.788
2020-01-16,1.809
2020-01-17,1.835
2020-01-20,1.8230
2020-01-21,1.769
2020-01-22,1.771
2020-01-23,1.739
2020-01-24,1.68
2020-01-26,1.6290
2020-01-27,1.605
2020-01-28,1.641
2020-01-29,1.594
2020-01-30,1.555
2020-01-31,1.519
2020-02-02,1.5150
2020-02-03,1.52
2020-02-04,1.601
2020-02-05,1.649
2020-02-06,1.644
2020-02-07,1.577
2020-02-09,1.5590
2020-02-10,1.547
2020-02-11,1.59
2020-02-12,1.63
2020-02-13,1.617
2020-02-14,1.588
2020-02-17,1.5780
2020-02-18,1.556
2020-02-19,1.57
2020-02-20,1.525
2020-02-21,1.47
2020-02-23,1.4730
2020-02-24,1.377
2020-02-25,1.33
2020-02-26,1.31
2020-02-27,1.299
2020-02-28,1.126
2020-03-01,1.1030
2020-03-02,1.088
2020-03-03,1.017
2020-03-04,0.992
2020-03-05,0.925
2020-03-06,0.707
2020-03-08,0.5020
2020-03-09,0.498
2020-03-10,0.752
2020-03-11,0.822
2020-03-12,0.852
2020-03-13,0.954
2020-03-15,0.6810
2020-03-16,0.728
2020-03-17,0.996
2020-03-18,1.258
2020-03-19,1.129
2020-03-20,0.938
2020-03-22,0.7930
2020-03-23,0.767
2020-03-24,0.818
2020-03-25,0.856
2020-03-26,0.808
2020-03-27,0.744
2020-03-29,0.6650
2020-03-30,0.671
2020-03-31,0.699
2020-04-01,0.635
2020-04-02,0.627
2020-04-03,0.589
2020-04-05,0.6130
2020-04-06,0.678
2020-04-07,0.734
2020-04-08,0.764
2020-04-09,0.722
2020-04-12,0.7250
2020-04-13,0.749
2020-04-14,0.75
2020-04-15,0.641
2020-04-16,0.611
2020-04-17,0.656
2020-04-19,0.6430
2020-04-20,0.626
2020-04-21,0.571
2020-04-22,0.619
2020-04-23,0.611
2020-04-24,0.596
2020-04-26,0.6050
2020-04-27,0.654
2020-04-28,0.61
2020-04-29,0.627
2020-04-30,0.625
2020-05-01,0.64
2020-05-03,0.6180
2020-05-04,0.637
2020-05-05,0.657
2020-05-06,0.713
2020-05-07,0.631
2020-05-08,0.681
2020-05-10,0.6930
2020-05-11,0.726
2020-05-12,0.679
2020-05-13,0.651
2020-05-14,0.619
2020-05-15,0.64
2020-05-17,0.6430
2020-05-18,0.742
2020-05-19,0.711
2020-05-20,0.679
2020-05-21,0.677
2020-05-22,0.659
2020-05-25,0.6590
2020-05-26,0.698
2020-05-27,0.677
2020-05-28,0.705
2020-05-29,0.644
2020-05-31,0.6410
2020-06-01,0.662
2020-06-02,0.68
2020-06-03,0.761
2020-06-04,0.82
2020-06-05,0.905
2020-06-07,0.9000
2020-06-08,0.884
2020-06-09,0.829
2020-06-10,0.748
2020-06-11,0.653
2020-06-12,0.699
2020-06-15,0.702
2020-06-16,0.754
2020-06-17,0.733
2020-06-18,0.694
2020-06-19,0.699
2020-06-21,0.6940
2020-06-22,0.704
2020-06-23,0.709
2020-06-24,0.684
2020-06-25,0.674
2020-06-26,0.638
2020-06-28,0.6320
2020-06-29,0.636
2020-06-30,0.653
2020-07-01,0.682
2020-07-02,0.671
2020-07-05,0.6760
2020-07-06,0.684
2020-07-07,0.648
2020-07-08,0.653
2020-07-09,0.605
2020-07-10,0.633
2020-07-13,0.64
2020-07-14,0.614
2020-07-15,0.63
2020-07-16,0.612
2020-07-17,0.628
2020-07-20,0.62
2020-07-21,0.607
2020-07-22,0.595
2020-07-23,0.582
2020-07-24,0.589
2020-07-26,0.5940
2020-07-27,0.609
2020-07-28,0.581
2020-07-29,0.581
2020-07-30,0.541
2020-07-31,0.536
2020-08-02,0.5330
2020-08-03,0.563
2020-08-04,0.513
2020-08-05,0.543
2020-08-06,0.536
2020-08-07,0.562
2020-08-09,0.5660
2020-08-10,0.574
2020-08-11,0.658
2020-08-12,0.67
2020-08-13,0.716
2020-08-14,0.709
2020-08-16,0.7130
2020-08-17,0.683
2020-08-18,0.669
2020-08-19,0.675
2020-08-20,0.644
2020-08-21,0.64
2020-08-23,0.6320
2020-08-24,0.646
2020-08-25,0.682
2020-08-26,0.687
2020-08-27,0.746
2020-08-28,0.729
2020-08-30,0.7240
2020-08-31,0.693
2020-09-01,0.671
2020-09-02,0.651
2020-09-03,0.622
2020-09-04,0.723
2020-09-07,0.7200
2020-09-08,0.684
2020-09-09,0.703
2020-09-10,0.684
2020-09-11,0.667
2020-09-13,0.6710
2020-09-14,0.669
2020-09-15,0.679
2020-09-16,0.687
2020-09-17,0.682
2020-09-18,0.694
2020-09-21,0.671
2020-09-22,0.664
2020-09-23,0.676
2020-09-24,0.664
2020-09-25,0.659
2020-09-27,0.6580
2020-09-28,0.663
2020-09-29,0.645
2020-09-30,0.677
2020-10-01,0.677
2020-10-02,0.694
2020-10-04,0.7060
2020-10-05,0.762
2020-10-06,0.74
2020-10-07,0.785
2020-10-08,0.767
2020-10-09,0.775
2020-10-12,0.7640
2020-10-13,0.727
2020-10-14,0.722
2020-10-15,0.734
2020-10-16,0.744
2020-10-18,0.7610
2020-10-19,0.762
2020-10-20,0.797
2020-10-21,0.816
2020-10-22,0.848
2020-10-23,0.841
2020-10-26,0.803
2020-10-27,0.778
2020-10-28,0.781
2020-10-29,0.836
2020-10-30,0.859
2020-11-01,0.8590
2020-11-02,0.848
2020-11-03,0.881
2020-11-04,0.768
2020-11-05,0.778
2020-11-06,0.82
2020-11-08,0.8300
2020-11-09,0.958
2020-11-10,0.972
2020-11-11,0.9770
2020-11-12,0.886
2020-11-13,0.893
2020-11-15,0.9010
2020-11-16,0.906
2020-11-17,0.872
2020-11-18,0.882
2020-11-19,0.855
2020-11-20,0.829
2020-11-22,0.8240
2020-11-23,0.859
2020-11-24,0.882
2020-11-25,0.878
2020-11-26,0.8590
2020-11-27,0.842
2020-11-29,0.8440
2020-11-30,0.842
2020-12-01,0.934
2020-12-02,0.946
2020-12-03,0.921
2020-12-04,0.969
2020-12-07,0.928
2020-12-08,0.913
2020-12-09,0.941
2020-12-10,0.908
2020-12-11,0.891
2020-12-13,0.9100
2020-12-14,0.891
2020-12-15,0.921
2020-12-16,0.92
2020-12-17,0.93
2020-12-18,0.948
2020-12-20,0.9380
2020-12-21,0.941
2020-12-22,0.918
2020-12-23,0.955
2020-12-24,0.93
2020-12-27,0.9380
2020-12-28,0.933
2020-12-29,0.935
2020-12-30,0.926
2020-12-31,0.912
2021-01-03,0.9300
2021-01-04,0.917
2021-01-05,0.955
2021-01-06,1.042
2021-01-07,1.071
2021-01-08,1.107
2021-01-10,1.1190
2021-01-11,1.134
2021-01-12,1.138
2021-01-13,1.088
2021-01-14,1.129
2021-01-15,1.097
2021-01-18,1.1000
2021-01-19,1.092
2021-01-20,1.09
2021-01-21,1.107
2021-01-22,1.091
2021-01-24,1.0960
2021-01-25,1.04
2021-01-26,1.04
2021-01-27,1.014
2021-01-28,1.055
2021-01-29,1.094
2021-01-31,1.0710
2021-02-01,1.077
2021-02-02,1.107
2021-02-03,1.131
2021-02-04,1.139
2021-02-05,1.17
2021-02-07,1.1740
2021-02-08,1.16
2021-02-09,1.157
2021-02-10,1.133
2021-02-11,1.158
2021-02-12,1.2
2021-02-15,1.2500
2021-02-16,1.299
2021-02-17,1.299
2021-02-18,1.287
2021-02-19,1.345
2021-02-21,1.3620
2021-02-22,1.369
2021-02-23,1.364
2021-02-24,1.389
2021-02-25,1.515
2021-02-26,1.456
2021-02-28,1.3950
2021-03-01,1.446
2021-03-02,1.415
2021-03-03,1.47
2021-03-04,1.55
2021-03-05,1.554
2021-03-07,1.5990
2021-03-08,1.594
2021-03-09,1.544
2021-03-10,1.52
2021-03-11,1.527
2021-03-12,1.635
2021-03-14,1.6370
2021-03-15,1.607
2021-03-16,1.623
2021-03-17,1.641
2021-03-18,1.729
2021-03-19,1.732
2021-03-21,1.7070
2021-03-22,1.682
2021-03-23,1.638
2021-03-24,1.614
2021-03-25,1.614
2021-03-26,1.66
2021-03-28,1.6720
2021-03-29,1.721
2021-03-30,1.726
2021-03-31,1.746
2021-04-01,1.679
2021-04-02,1.673
2021-04-04,1.7050
2021-04-05,1.72
2021-04-06,1.656
2021-04-07,1.654
2021-04-08,1.632
2021-04-09,1.666
2021-04-11,1.6740
2021-04-12,1.676
2021-04-13,1.623
2021-04-14,1.636
2021-04-15,1.53
2021-04-16,1.573
2021-04-18,1.5781
2021-04-19,1.599
2021-04-20,1.562
2021-04-21,1.564
2021-04-22,1.556
2021-04-23,1.567
2021-04-25,1.5630
2021-04-26,1.57
2021-04-27,1.622
2021-04-28,1.62
2021-04-29,1.64
2021-04-30,1.631
2021-05-02,1.6260
2021-05-03,1.606
2021-05-04,1.592
2021-05-05,1.584
2021-05-06,1.561
2021-05-07,1.579
2021-05-09,1.5840
2021-05-10,1.602
2021-05-11,1.624
2021-05-12,1.695
2021-05-13,1.668
2021-05-14,1.635
2021-05-16,1.6330
2021-05-17,1.64
2021-05-18,1.642
2021-05-19,1.683
2021-05-20,1.634
2021-05-21,1.632
2021-05-23,1.6200
2021-05-24,1.608
2021-05-25,1.564
2021-05-26,1.574
2021-05-27,1.61
2021-05-28,1.593
2021-05-31,1.6079
2021-06-01,1.615
2021-06-02,1.591
2021-06-03,1.627
2021-06-04,1.56
2021-06-06,1.5690
2021-06-07,1.57
2021-06-08,1.528
2021-06-09,1.489
2021-06-10,1.459
2021-06-11,1.462
2021-06-13,1.4600
2021-06-14,1.501
2021-06-15,1.499
2021-06-16,1.569
2021-06-17,1.511
2021-06-18,1.45
2021-06-20,1.4410
2021-06-21,1.485
2021-06-22,1.472
2021-06-23,1.487
2021-06-24,1.487
2021-06-25,1.536
2021-06-27,1.5280
2021-06-28,1.478
2021-06-29,1.48
2021-06-30,1.444
2021-07-01,1.48
2021-07-02,1.432
2021-07-05,1.4356
2021-07-06,1.37
2021-07-07,1.321
2021-07-08,1.288
2021-07-09,1.356
2021-07-11,1.3630
2021-07-12,1.363
2021-07-13,1.415
2021-07-14,1.356
2021-07-15,1.297
2021-07-16,1.299
2021-07-18,1.2690
2021-07-19,1.181
2021-07-20,1.209
2021-07-21,1.282
2021-07-22,1.267
2021-07-23,1.285
2021-07-25,1.2830
2021-07-26,1.276
2021-07-27,1.234
2021-07-28,1.263
2021-07-29,1.269
2021-07-30,1.239
2021-08-02,1.172
2021-08-03,1.174
2021-08-04,1.184
2021-08-05,1.217
2021-08-06,1.288
2021-08-09,1.317
2021-08-10,1.342
2021-08-11,1.339
2021-08-12,1.367
2021-08-13,1.297
2021-08-15,1.2830
2021-08-16,1.257
2021-08-17,1.258
2021-08-18,1.273
2021-08-19,1.242
2021-08-20,1.26
2021-08-22,1.2600
2021-08-23,1.255
2021-08-24,1.29
2021-08-25,1.344
2021-08-26,1.344
2021-08-27,1.312
2021-08-29,1.3090
2021-08-30,1.284
2021-08-31,1.302
2021-09-01,1.302
2021-09-02,1.294
2021-09-03,1.322
2021-09-06,1.3342
2021-09-07,1.371
2021-09-08,1.334
2021-09-09,1.3
2021-09-10,1.341
2021-09-12,1.3410
2021-09-13,1.324
2021-09-14,1.279
2021-09-15,1.304
2021-09-16,1.331
2021-09-17,1.37
2021-09-19,1.3630
2021-09-20,1.309
2021-09-21,1.324
2021-09-22,1.331
2021-09-23,1.41
2021-09-24,1.461
2021-09-26,1.4650
2021-09-27,1.484
2021-09-28,1.536
2021-09-29,1.539
2021-09-30,1.527
2021-10-01,1.467
2021-10-03,1.4600
2021-10-04,1.481
2021-10-05,1.531
2021-10-06,1.524
2021-10-07,1.571
2021-10-08,1.605
2021-10-11,1.6280
2021-10-12,1.58
2021-10-13,1.549
2021-10-14,1.519
2021-10-15,1.576
2021-10-17,1.5890
2021-10-18,1.584
2021-10-19,1.634
2021-10-20,1.635
2021-10-21,1.675
2021-10-22,1.655
2021-10-24,1.6480
2021-10-25,1.635
2021-10-26,1.618
2021-10-27,1.529
2021-10-28,1.569
2021-10-29,1.556
2021-10-31,1.5770
2021-11-01,1.573
2021-11-02,1.547
2021-11-03,1.579
2021-11-04,1.524
2021-11-05,1.453
2021-11-07,1.4620
2021-11-08,1.497
2021-11-09,1.432
2021-11-10,1.558
2021-11-11,1.5780
2021-11-12,1.584
2021-11-14,1.5730
2021-11-15,1.621
2021-11-16,1.634
2021-11-17,1.604
2021-11-18,1.587
2021-11-19,1.536
2021-11-21,1.5580
2021-11-22,1.625
2021-11-23,1.665
2021-11-24,1.644
2021-11-25,1.6031
2021-11-26,1.485
2021-11-28,1.5310
2021-11-29,1.529
2021-11-30,1.441
2021-12-01,1.434
2021-12-02,1.449
2021-12-03,1.341
2021-12-05,1.3800
2021-12-06,1.434
2021-12-07,1.48
2021-12-08,1.509
2021-12-09,1.487
2021-12-10,1.489
2021-12-12,1.4920
2021-12-13,1.424
2021-12-14,1.439
2021-12-15,1.462
2021-12-16,1.422
2021-12-17,1.402
2021-12-19,1.3770
2021-12-20,1.419
2021-12-21,1.487
2021-12-22,1.458
2021-12-23,1.493
2021-12-26,1.4860
2021-12-27,1.481
2021-12-28,1.481
2021-12-29,1.543
2021-12-30,1.515
2021-12-31,1.498
2022-01-02,1.5120
2022-01-03,1.63
2022-01-04,1.666
2022-01-05,1.703
2022-01-06,1.733
2022-01-07,1.769
2022-01-09,1.7650
2022-01-10,1.78
2022-01-11,1.746
2022-01-12,1.725
2022-01-13,1.709
2022-01-14,1.772
2022-01-17,1.8126
2022-01-18,1.868
2022-01-19,1.827
2022-01-20,1.834
2022-01-21,1.747
2022-01-23,1.7720
2022-01-24,1.735
2022-01-25,1.785
2022-01-26,1.846
2022-01-27,1.808
2022-01-28,1.78
2022-01-30,1.7910
2022-01-31,1.782
2022-02-01,1.8
2022-02-02,1.766
2022-02-03,1.827
2022-02-04,1.932
2022-02-06,1.9100
2022-02-07,1.916
2022-02-08,1.956
2022-02-09,1.929
2022-02-10,2.029
2022-02-11,1.951
2022-02-14,1.996
2022-02-15,2.045
2022-02-16,2.045
2022-02-17,1.974
2022-02-18,1.93
2022-02-21,1.8730
2022-02-22,1.948
2022-02-23,1.977
2022-02-24,1.972
2022-02-25,1.984
2022-02-27,1.8940
2022-02-28,1.839
2022-03-01,1.711
2022-03-02,1.865
2022-03-03,1.844
2022-03-04,1.722
2022-03-06,1.6830
2022-03-07,1.749
2022-03-08,1.871
2022-03-09,1.948
2022-03-10,2.009
2022-03-11,2.006
2022-03-13,2.0390
2022-03-14,2.14
2022-03-15,2.16
2022-03-16,2.187
2022-03-17,2.192
2022-03-18,2.148
2022-03-20,2.1530
2022-03-21,2.317
2022-03-22,2.377
2022-03-23,2.321
2022-03-24,2.341
2022-03-25,2.493
2022-03-27,2.4710
2022-03-28,2.477
2022-03-29,2.4
2022-03-30,2.358
2022-03-31,2.325
2022-04-01,2.375
2022-04-03,2.4010
2022-04-04,2.412
2022-04-05,2.554
2022-04-06,2.609
2022-04-07,2.654
2022-04-08,2.715
2022-04-10,2.7230
2022-04-11,2.782
2022-04-12,2.727
2022-04-13,2.689
2022-04-14,2.808
2022-04-17,2.8470
2022-04-18,2.862
2022-04-19,2.915
2022-04-20,2.836
2022-04-21,2.917
2022-04-22,2.906
2022-04-24,2.8870
2022-04-25,2.827
2022-04-26,2.772
2022-04-27,2.818
2022-04-28,2.863
2022-04-29,2.885
2022-05-01,2.9340
2022-05-02,2.996
2022-05-03,2.958
2022-05-04,2.915
2022-05-05,3.068
2022-05-06,3.124
2022-05-08,3.1420
2022-05-09,3.079
2022-05-10,2.993
2022-05-11,2.919
2022-05-12,2.817
2022-05-13,2.933
2022-05-15,2.9420
2022-05-16,2.879
2022-05-17,2.97
2022-05-18,2.884
2022-05-19,2.855
2022-05-20,2.787
2022-05-22,2.8080
2022-05-23,2.859
2022-05-24,2.76
2022-05-25,2.747
2022-05-26,2.758
2022-05-27,2.749
2022-05-30,2.8097
2022-05-31,2.844
2022-06-01,2.931
2022-06-02,2.915
2022-06-03,2.955
2022-06-05,2.9370
2022-06-06,3.038
2022-06-07,2.97
2022-06-08,3.029
2022-06-09,3.042
2022-06-10,3.157
2022-06-12,3.1740
2022-06-13,3.371
2022-06-14,3.483
2022-06-15,3.395
2022-06-16,3.305
2022-06-17,3.239
2022-06-20,3.2786
2022-06-21,3.305
2022-06-22,3.156
2022-06-23,3.07
2022-06-24,3.124
2022-06-26,3.1340
2022-06-27,3.194
2022-06-28,3.207
2022-06-29,3.093
2022-06-30,2.974
2022-07-01,2.904
2022-07-04,2.9372
2022-07-05,2.811
2022-07-06,2.911
2022-07-07,3.008
2022-07-08,3.101
2022-07-10,3.0970
2022-07-11,2.991
2022-07-12,2.958
2022-07-13,2.906
2022-07-14,2.959
2022-07-15,2.93
2022-07-17,2.9280
2022-07-18,2.96
2022-07-19,3.019
2022-07-20,3.036
2022-07-21,2.908
2022-07-22,2.781
2022-07-24,2.7850
2022-07-25,2.82
2022-07-26,2.787
2022-07-27,2.732
2022-07-28,2.681
2022-07-29,2.642
2022-07-31,2.6700
2022-08-01,2.605
2022-08-02,2.741
2022-08-03,2.748
2022-08-04,2.676
2022-08-05,2.84
2022-08-07,2.8320
2022-08-08,2.763
2022-08-09,2.797
2022-08-10,2.786
2022-08-11,2.888
2022-08-12,2.849
2022-08-14,2.8421
2022-08-15,2.791
2022-08-16,2.824
2022-08-17,2.895
2022-08-18,2.88
2022-08-19,2.989
2022-08-21,2.9870
2022-08-22,3.035
2022-08-23,3.054
2022-08-24,3.106
2022-08-25,3.024
2022-08-26,3.035
2022-08-28,3.0710
2022-08-29,3.11
2022-08-30,3.11
2022-08-31,3.132
2022-09-01,3.265
2022-09-02,3.191
2022-09-05,3.2253
2022-09-06,3.34
2022-09-07,3.265
2022-09-08,3.292
2022-09-09,3.321
2022-09-11,3.3150
2022-09-12,3.362
2022-09-13,3.423
2022-09-14,3.412
2022-09-15,3.459
2022-09-16,3.447
2022-09-18,3.4550
2022-09-19,3.489
2022-09-20,3.573
2022-09-21,3.512
2022-09-22,3.708
2022-09-23,3.697
2022-09-25,3.7390
2022-09-26,3.88
2022-09-27,3.963
2022-09-28,3.707
2022-09-29,3.747
2022-09-30,3.804
2022-10-02,3.8100
2022-10-03,3.651
2022-10-04,3.617
2022-10-05,3.759
2022-10-06,3.824
2022-10-07,3.885
2022-10-10,3.9508
2022-10-11,3.939
2022-10-12,3.902
2022-10-13,3.954
2022-10-14,4.006
2022-10-16,4.0020
2022-10-17,4.015
2022-10-18,3.998
2022-10-19,4.129
2022-10-20,4.226
2022-10-21,4.212
2022-10-23,4.2080
2022-10-24,4.232
2022-10-25,4.11
2022-10-26,4.015
2022-10-27,3.939
2022-10-28,4.01
2022-10-30,4.0180
2022-10-31,4.077
2022-11-01,4.052
2022-11-02,4.061
2022-11-03,4.124
2022-11-04,4.158
2022-11-06,4.1630
2022-11-07,4.214
2022-11-08,4.128
2022-11-09,4.151
2022-11-10,3.829
2022-11-13,3.8970
2022-11-14,3.867
2022-11-15,3.799
2022-11-16,3.694
2022-11-17,3.773
2022-11-18,3.818
2022-11-20,3.8140
2022-11-21,3.827
2022-11-22,3.758
2022-11-23,3.7001
2022-11-24,3.6610
2022-11-25,3.702
2022-11-27,3.6940
2022-11-28,3.702
2022-11-29,3.748
2022-11-30,3.701
2022-12-01,3.527
2022-12-02,3.503
2022-12-04,3.5170
2022-12-05,3.599
2022-12-06,3.513
2022-12-07,3.408
2022-12-08,3.493
2022-12-09,3.567
2022-12-11,3.5880
2022-12-12,3.611
2022-12-13,3.503
2022-12-14,3.503
2022-12-15,3.45
2022-12-16,3.482
2022-12-18,3.5110
2022-12-19,3.583
2022-12-20,3.684
2022-12-21,3.684
2022-12-22,3.671
2022-12-23,3.747
2022-12-26,3.7434
2022-12-27,3.858
2022-12-28,3.886
2022-12-29,3.835
2022-12-30,3.831
2023-01-02,3.8790
2023-01-03,3.792
2023-01-04,3.709
2023-01-05,3.722
2023-01-06,3.571
2023-01-08,3.5600
2023-01-09,3.517
2023-01-10,3.619
2023-01-11,3.556
2023-01-12,3.447
2023-01-13,3.511
2023-01-16,3.5237
2023-01-17,3.535
2023-01-18,3.375
2023-01-19,3.399
2023-01-20,3.484
2023-01-22,3.4860
2023-01-23,3.523
2023-01-24,3.467
2023-01-25,3.462
2023-01-26,3.491
2023-01-27,3.518
2023-01-29,3.5110
2023-01-30,3.551
2023-01-31,3.529
2023-02-01,3.398
2023-02-02,3.398
2023-02-03,3.532
2023-02-05,3.5620
2023-02-06,3.632
2023-02-07,3.674
2023-02-08,3.653
2023-02-09,3.683
2023-02-10,3.743
2023-02-12,3.7416
2023-02-13,3.719
2023-02-14,3.761
2023-02-15,3.807
2023-02-16,3.843
2023-02-17,3.828
2023-02-20,3.8495
2023-02-21,3.953
2023-02-22,3.923
2023-02-23,3.881
2023-02-24,3.949
2023-02-26,3.9354
2023-02-27,3.922
2023-02-28,3.914
2023-03-01,3.996
2023-03-02,4.073
2023-03-03,3.963
2023-03-05,3.9674
2023-03-06,3.983
2023-03-07,3.975
2023-03-08,3.976
2023-03-09,3.923
2023-03-10,3.695
2023-03-12,3.7524
2023-03-13,3.515
2023-03-14,3.636
2023-03-15,3.494
2023-03-16,3.583
2023-03-17,3.397
2023-03-19,3.4716
2023-03-20,3.477
2023-03-21,3.606
2023-03-22,3.5
2023-03-23,3.404
2023-03-24,3.378
2023-03-26,3.4004
2023-03-27,3.528
2023-03-28,3.568
2023-03-29,3.566
2023-03-30,3.551
2023-03-31,3.49
2023-04-02,3.5223
2023-04-03,3.432
2023-04-04,3.337
2023-04-05,3.287
2023-04-06,3.29
2023-04-07,3.383
2023-04-09,3.3738
2023-04-10,3.415
2023-04-11,3.434
2023-04-12,3.421
2023-04-13,3.451
2023-04-14,3.522
2023-04-16,3.5299
2023-04-17,3.591
2023-04-18,3.572
2023-04-19,3.602
2023-04-20,3.545
2023-04-21,3.572
2023-04-23,3.5699
2023-04-24,3.515
2023-04-25,3.398
2023-04-26,3.43
2023-04-27,3.528
2023-04-28,3.452
2023-04-30,3.4503
2023-05-01,3.574
2023-05-02,3.439
2023-05-03,3.403
2023-05-04,3.352
2023-05-05,3.446
2023-05-07,3.4502
2023-05-08,3.519
2023-05-09,3.522
2023-05-10,3.441
2023-05-11,3.397
2023-05-12,3.463
2023-05-14,3.4662
2023-05-15,3.508
2023-05-16,3.549
2023-05-17,3.581
2023-05-18,3.648
2023-05-19,3.692
2023-05-21,3.6810
2023-05-22,3.719
2023-05-23,3.698
2023-05-24,3.719
2023-05-25,3.815
2023-05-26,3.82
2023-05-28,3.8190
2023-05-29,3.7712
2023-05-30,3.696
2023-05-31,3.637
2023-06-01,3.608
2023-06-02,3.693
2023-06-04,3.7042
2023-06-05,3.693
2023-06-06,3.7
2023-06-07,3.784
2023-06-08,3.714
2023-06-09,3.745
2023-06-11,3.7471
2023-06-12,3.765
2023-06-13,3.839
2023-06-14,3.798
2023-06-15,3.728
2023-06-16,3.769
2023-06-18,3.7600
2023-06-19,3.8197
2023-06-20,3.727
2023-06-21,3.723
2023-06-22,3.799
2023-06-23,3.739
2023-06-25,3.7230
2023-06-26,3.719
2023-06-27,3.768
2023-06-28,3.712
2023-06-29,3.854
2023-06-30,3.819
2023-07-02,3.8464
2023-07-03,3.858
2023-07-04,3.8408
2023-07-05,3.945
2023-07-06,4.041
2023-07-07,4.048
2023-07-09,4.0636
2023-07-10,4.006
2023-07-11,3.982
2023-07-12,3.861
2023-07-13,3.759
2023-07-14,3.82
2023-07-16,3.8240
2023-07-17,3.797
2023-07-18,3.789
2023-07-19,3.742
2023-07-20,3.854
2023-07-21,3.839
2023-07-23,3.8487
2023-07-24,3.857
2023-07-25,3.912
2023-07-26,3.851
2023-07-27,4.012
2023-07-28,3.969
2023-07-30,3.9646
2023-07-31,3.957
2023-08-01,4.047
2023-08-02,4.078
2023-08-03,4.189
2023-08-04,4.062
2023-08-06,4.0479
2023-08-07,4.078
2023-08-08,4.024
2023-08-09,4.012
2023-08-10,4.082
2023-08-11,4.168
2023-08-13,4.1737
2023-08-14,4.182
2023-08-15,4.221
2023-08-16,4.258
2023-08-17,4.308
2023-08-18,4.251
2023-08-20,4.2605
2023-08-21,4.342
2023-08-22,4.328
2023-08-23,4.198
2023-08-24,4.235
2023-08-25,4.239
2023-08-27,4.2532
2023-08-28,4.212
2023-08-29,4.122
2023-08-30,4.118
2023-08-31,4.091
2023-09-01,4.173
2023-09-03,4.1870
2023-09-04,4.2063
2023-09-05,4.268
2023-09-06,4.29
2023-09-07,4.262
2023-09-08,4.256
2023-09-10,4.2879
2023-09-11,4.288
2023-09-12,4.264
2023-09-13,4.248
2023-09-14,4.29
2023-09-15,4.322
2023-09-17,4.3340
2023-09-18,4.3026
2023-09-19,4.367
2023-09-20,4.347
2023-09-21,4.48
2023-09-22,4.44
2023-09-24,4.4418
2023-09-25,4.542
2023-09-26,4.558
2023-09-27,4.626
2023-09-28,4.597
2023-09-29,4.571
2023-10-01,4.6122
2023-10-02,4.683
2023-10-03,4.802
2023-10-04,4.735
2023-10-05,4.716
2023-10-06,4.782
2023-10-08,4.7250
2023-10-09,4.6280
2023-10-10,4.655
2023-10-11,4.597
2023-10-12,4.711
2023-10-13,4.629
2023-10-15,4.6497
2023-10-16,4.71
2023-10-17,4.847
2023-10-18,4.902
2023-10-19,4.988
2023-10-20,4.924
2023-10-22,4.9606
2023-10-23,4.838
2023-10-24,4.84
2023-10-25,4.953
2023-10-26,4.845
2023-10-27,4.845
2023-10-29,4.8749
2023-10-30,4.877
2023-10-31,4.875
2023-11-01,4.791
2023-11-02,4.669
2023-11-03,4.558
2023-11-05,4.5910
2023-11-06,4.662
2023-11-07,4.571
2023-11-08,4.523
2023-11-09,4.63
2023-11-10,4.628
2023-11-12,4.6538
2023-11-13,4.632
2023-11-14,4.441
2023-11-15,4.537
2023-11-16,4.445
2023-11-17,4.441
2023-11-19,4.4608
2023-11-20,4.422
2023-11-21,4.418
2023-11-22,4.416
2023-11-23,4.4529
2023-11-24,4.484
2023-11-26,4.4920
2023-11-27,4.388
2023-11-28,4.336
2023-11-29,4.271
2023-11-30,4.35
2023-12-01,4.224
2023-12-03,4.2223
2023-12-04,4.286
2023-12-05,4.171
2023-12-06,4.121
2023-12-07,4.129
2023-12-08,4.245
2023-12-10,4.2429
2023-12-11,4.239
2023-12-12,4.206
2023-12-13,4.033
2023-12-14,3.93
2023-12-15,3.928
2023-12-17,3.9297
2023-12-18,3.956
2023-12-19,3.922
2023-12-20,3.877
2023-12-21,3.894
2023-12-22,3.908
2023-12-25,3.9024
2023-12-26,3.886
2023-12-27,3.789
2023-12-28,3.85
2023-12-29,3.86
2024-01-01,3.8980
2024-01-02,3.944
2024-01-03,3.907
2024-01-04,3.991
2024-01-05,4.042
2024-01-07,4.0610
2024-01-08,4.002
2024-01-09,4.017
2024-01-10,4.03
2024-01-11,3.975
2024-01-12,3.95
2024-01-14,3.9680
2024-01-15,3.9860
2024-01-16,4.066
2024-01-17,4.104
2024-01-18,4.144
2024-01-19,4.146
2024-01-21,4.1379
2024-01-22,4.094
2024-01-23,4.142
2024-01-24,4.178
2024-01-25,4.132
2024-01-26,4.16
2024-01-28,4.1412
2024-01-29,4.091
2024-01-30,4.057
2024-01-31,3.965
2024-02-01,3.863
2024-02-02,4.031
2024-02-04,4.0523
2024-02-05,4.164
2024-02-06,4.092
2024-02-07,4.108
2024-02-08,4.17
2024-02-09,4.187
2024-02-11,4.1740
2024-02-12,4.17
2024-02-13,4.316
2024-02-14,4.267
2024-02-15,4.24
2024-02-16,4.295
2024-02-18,4.2960
2024-02-19,4.3205
2024-02-20,4.275
2024-02-21,4.323
2024-02-22,4.327
2024-02-23,4.26
2024-02-25,4.2578
2024-02-26,4.299
2024-02-27,4.315
2024-02-28,4.274
2024-02-29,4.252
2024-03-01,4.182
2024-03-03,4.1934
2024-03-04,4.219
2024-03-05,4.137
2024-03-06,4.104
2024-03-07,4.092
2024-03-08,4.088
2024-03-10,4.0846
2024-03-11,4.104
2024-03-12,4.155
2024-03-13,4.192
2024-03-14,4.298
2024-03-15,4.304
2024-03-17,4.3083
2024-03-18,4.34
2024-03-19,4.294
2024-03-20,4.268
2024-03-21,4.264
2024-03-22,4.199
2024-03-24,4.1961
2024-03-25,4.242
2024-03-26,4.234
2024-03-27,4.196
2024-03-28,4.194
2024-03-29,4.21
2024-03-31,4.1925
2024-04-01,4.329
2024-04-02,4.359
2024-04-03,4.355
2024-04-04,4.309
2024-04-05,4.406
2024-04-07,4.4136
2024-04-08,4.424
2024-04-09,4.368
2024-04-10,4.541
2024-04-11,4.595
2024-04-12,4.5175
2024-04-14,4.5358
2024-04-15,4.6096
2024-04-16,4.6695
2024-04-17,4.5894
2024-04-18,4.6368
2024-04-19,4.6228
2024-04-21,4.6310
2024-04-22,4.6105
2024-04-23,4.6066
2024-04-24,4.6479
2024-04-25,4.704
2024-04-26,4.663
2024-04-28,4.6460
2024-04-29,4.6136
2024-04-30,4.6819
2024-05-01,4.6407
2024-05-02,4.5893
2024-05-03,4.509
2024-05-05,4.4975
2024-05-06,4.4935
2024-05-07,4.457
2024-05-08,4.4924
2024-05-09,4.4649
2024-05-10,4.5003
2024-05-12,4.4924
2024-05-13,4.4865
2024-05-14,4.4472
2024-05-15,4.3361
2024-05-16,4.3672
2024-05-17,4.4218
2024-05-19,4.4150
2024-05-20,4.4472
2024-05-21,4.4139
2024-05-22,4.4257
2024-05-23,4.4787
2024-05-24,4.4669
2024-05-26,4.4510
2024-05-27,4.461
2024-05-28,4.548
2024-05-29,4.6157
2024-05-30,4.55
2024-05-31,4.5025
2024-06-02,4.4926
2024-06-03,4.3923
2024-06-04,4.3298
2024-06-05,4.2774
2024-06-06,4.2929
2024-06-07,4.4335
2024-06-09,4.4512
2024-06-10,4.465
2024-06-11,4.4021
2024-06-12,4.3063
2024-06-13,4.25
2024-06-14,4.2209
2024-06-16,4.2441
2024-06-17,4.2848
2024-06-18,4.2188
2024-06-19,4.2362
2024-06-20,4.2614
2024-06-21,4.2574
2024-06-23,4.2554
2024-06-24,4.238
2024-06-25,4.2457
2024-06-26,4.3313
2024-06-27,4.2864
2024-06-28,4.3921
2024-06-30,4.4119
2024-07-01,4.4593
2024-07-02,4.4277
2024-07-03,4.3547
2024-07-04,4.3724
2024-07-05,4.2784
2024-07-07,4.2920
2024-07-08,4.2822
2024-07-09,4.2978
2024-07-10,4.2861
2024-07-11,4.2121
2024-07-12,4.1867
2024-07-14,4.2410
2024-07-15,4.237
2024-07-16,4.163
2024-07-17,4.161
2024-07-18,4.205
2024-07-19,4.242
2024-07-21,4.2175
2024-07-22,4.256
2024-07-23,4.255
2024-07-24,4.293
2024-07-25,4.247
2024-07-26,4.2
2024-07-28,4.1958
2024-07-29,4.179
2024-07-30,4.139
2024-07-31,4.035
2024-08-01,3.982
2024-08-02,3.793
2024-08-04,3.7885
2024-08-05,3.798
2024-08-06,3.897
2024-08-07,3.954
2024-08-08,3.997
2024-08-09,3.946
2024-08-11,3.9560
2024-08-12,3.908
2024-08-13,3.846
2024-08-14,3.84
2024-08-15,3.915
2024-08-16,3.885
2024-08-18,3.9092
2024-08-19,3.876
2024-08-20,3.81
2024-08-21,3.805
2024-08-22,3.857
2024-08-23,3.804
2024-08-25,3.7895
2024-08-26,3.818
2024-08-27,3.831
2024-08-28,3.84
2024-08-29,3.865
2024-08-30,3.908
2024-09-01,3.9070
2024-09-02,3.911
2024-09-03,3.836
2024-09-04,3.759
2024-09-05,3.733
2024-09-06,3.713
2024-09-08,3.7343
2024-09-09,3.704
2024-09-10,3.65
2024-09-11,3.658
2024-09-12,3.678
2024-09-13,3.657
2024-09-15,3.6520
2024-09-16,3.623
2024-09-17,3.659
2024-09-18,3.705
2024-09-19,3.715
2024-09-20,3.744
2024-09-22,3.7490
2024-09-23,3.751
2024-09-24,3.733
2024-09-25,3.788
2024-09-26,3.8
2024-09-27,3.754
2024-09-29,3.7544
2024-09-30,3.787
2024-10-01,3.737
2024-10-02,3.788
2024-10-03,3.852
2024-10-04,3.962
2024-10-06,3.9827
2024-10-07,4.033
2024-10-08,4.017
2024-10-09,4.069
2024-10-10,4.065
2024-10-11,4.105
2024-10-13,4.1070
2024-10-14,4.103
2024-10-15,4.037
2024-10-16,4.018
2024-10-17,4.096
2024-10-18,4.082
2024-10-20,4.0966
2024-10-21,4.206
2024-10-22,4.214
2024-10-23,4.243
2024-10-24,4.217
2024-10-25,4.246
2024-10-27,4.2660
2024-10-28,4.286
2024-10-29,4.259
2024-10-30,4.303
2024-10-31,4.29
2024-11-01,4.397
2024-11-03,4.3160
2024-11-04,4.289
2024-11-05,4.286
2024-11-06,4.435
2024-11-07,4.342
2024-11-08,4.31
2024-11-10,4.3320
2024-11-11,4.31
2024-11-12,4.44
2024-11-13,4.468
2024-11-14,4.443
2024-11-15,4.444
2024-11-17,4.4414
2024-11-18,4.421
2024-11-19,4.402
2024-11-20,4.409
2024-11-21,4.425
2024-11-22,4.411
2024-11-24,4.3414
2024-11-25,4.279
2024-11-26,4.31
2024-11-27,4.264
2024-11-28,4.2576
2024-11-29,4.175
2024-12-01,4.2071
2024-12-02,4.198
2024-12-03,4.228
2024-12-04,4.181
2024-12-05,4.175
2024-12-06,4.17
2024-12-08,4.1529
2024-12-09,4.203
2024-12-10,4.225
2024-12-11,4.275
2024-12-12,4.334
2024-12-13,4.396
2024-12-15,4.3868
2024-12-16,4.405
2024-12-17,4.405
2024-12-18,4.519
2024-12-19,4.575
2024-12-20,4.519
2024-12-22,4.5262
2024-12-23,4.593
2024-12-24,4.589
2024-12-25,4.5970
2024-12-26,4.582
2024-12-27,4.63
2024-12-29,4.6314
2024-12-30,4.543
2024-12-31,4.576
2025-01-01,4.574
2025-01-02,4.568
2025-01-03,4.602
2025-01-05,4.6230
2025-01-06,4.636
2025-01-07,4.687
2025-01-08,4.706
2025-01-09,4.688
2025-01-10,4.769
2025-01-12,4.7670
2025-01-13,4.787
2025-01-14,4.793
2025-01-15,4.657
2025-01-16,4.617
2025-01-17,4.63
2025-01-19,4.6300
2025-01-20,4.651
2025-01-21,4.582
2025-01-22,4.616
2025-01-23,4.646
2025-01-24,4.634
2025-01-26,4.5990
2025-01-27,4.541
2025-01-28,4.538
2025-01-29,4.544
2025-01-30,4.519
2025-01-31,4.541
2025-02-02,4.5630
2025-02-03,4.564
2025-02-04,4.51
2025-02-05,4.432
2025-02-06,4.445
2025-02-07,4.496
2025-02-09,4.4830
2025-02-10,4.498
2025-02-11,4.532
2025-02-12,4.629
2025-02-13,4.536
2025-02-14,4.48
2025-02-16,4.4820
2025-02-17,4.479
2025-02-18,4.556
2025-02-19,4.538
2025-02-20,4.511
2025-02-21,4.43
2025-02-23,4.4400
2025-02-24,4.41
2025-02-25,4.301
2025-02-26,4.263
2025-02-27,4.265
2025-02-28,4.22
2025-03-02,4.2450
2025-03-03,4.159
2025-03-04,4.248
2025-03-05,4.281
2025-03-06,4.276
2025-03-07,4.301
2025-03-09,4.2628
2025-03-10,4.216
2025-03-11,4.285
2025-03-12,4.315
2025-03-13,4.273
2025-03-14,4.317
2025-03-16,4.2890
2025-03-17,4.306
2025-03-18,4.29
2025-03-19,4.237
2025-03-20,4.235
2025-03-21,4.258
2025-03-23,4.2710
2025-03-24,4.346
2025-03-25,4.321
2025-03-26,4.357
2025-03-27,4.366
2025-03-28,4.239
2025-03-30,4.2149
2025-03-31,4.21
2025-04-01,4.177
2025-04-02,4.195
2025-04-03,4.055
2025-04-04,4.009
2025-04-06,3.8760
2025-04-07,4.177
2025-04-08,4.304
2025-04-09,4.396
2025-04-10,4.392
2025-04-11,4.494
2025-04-13,4.4830
2025-04-14,4.378
2025-04-15,4.339
2025-04-16,4.282
2025-04-17,4.327
2025-04-20,4.3404
2025-04-21,4.414
2025-04-22,4.389
2025-04-23,4.393
2025-04-24,4.305
2025-04-25,4.24
2025-04-27,4.2400
2025-04-28,4.211
2025-04-29,4.181
2025-04-30,4.164
2025-05-01,4.221
2025-05-02,4.314
2025-05-04,4.2910
2025-05-05,4.349
2025-05-06,4.302
2025-05-07,4.274
2025-05-08,4.381
2025-05-09,4.389
2025-05-11,4.4098
2025-05-12,4.474
2025-05-13,4.473
2025-05-14,4.538
2025-05-15,4.435
2025-05-16,4.484
2025-05-18,4.4809
2025-05-19,4.454
2025-05-20,4.491
2025-05-21,4.605
2025-05-22,4.54
2025-05-23,4.518
2025-05-25,4.5590
2025-05-26,4.51
2025-05-27,4.449
2025-05-28,4.483
2025-05-29,4.424
2025-05-30,4.408
2025-06-01,4.4150
2025-06-02,4.45
2025-06-03,4.47
2025-06-04,4.359
2025-06-05,4.391
2025-06-06,4.512
2025-06-08,4.5180
2025-06-09,4.478
2025-06-10,4.48
2025-06-11,4.427
2025-06-12,4.368
2025-06-13,4.406
2025-06-15,4.4200
2025-06-16,4.456
2025-06-17,4.388
2025-06-18,4.396
2025-06-19,4.386
2025-06-20,4.383
2025-06-22,4.3750
2025-06-23,4.349
2025-06-24,4.296
2025-06-25,4.292
2025-06-26,4.239
2025-06-27,4.285
2025-06-29,4.2830
2025-06-30,4.228
2025-07-01,4.243
2025-07-02,4.284
2025-07-03,4.351
2025-07-04,4.3280
2025-07-06,4.3240
2025-07-07,4.385
2025-07-08,4.41
2025-07-09,4.34
2025-07-10,4.351
2025-07-11,4.412
2025-07-13,4.4160
2025-07-14,4.439
2025-07-15,4.488
2025-07-16,4.463
2025-07-17,4.457
2025-07-18,4.423
2025-07-20,4.4290
2025-07-21,4.384
2025-07-22,4.35
2025-07-23,4.388
2025-07-24,4.402
2025-07-25,4.392
2025-07-27,4.4020
2025-07-28,4.417
2025-07-29,4.326
2025-07-30,4.379
2025-07-31,4.375
2025-08-01,4.225
2025-08-03,4.2050
2025-08-04,4.197
2025-08-05,4.218
2025-08-06,4.232
2025-08-07,4.259
2025-08-08,4.286
2025-08-10,4.2760
2025-08-11,4.289
2025-08-12,4.294
2025-08-13,4.245
2025-08-14,4.29
2025-08-15,4.321
2025-08-17,4.3180
2025-08-18,4.34
2025-08-19,4.309
2025-08-20,4.299
2025-08-21,4.33
2025-08-22,4.264
2025-08-24,4.2660
2025-08-25,4.276
2025-08-26,4.268
2025-08-27,4.239
2025-08-28,4.209
2025-08-29,4.233
2025-08-31,4.2370
2025-09-01,4.26
2025-09-02,4.263
2025-09-03,4.221
2025-09-04,4.162
2025-09-05,4.077
2025-09-07,4.0930
2025-09-08,4.043
2025-09-09,4.087
2025-09-10,4.053
2025-09-11,4.03
2025-09-12,4.07
2025-09-14,4.0780
2025-09-15,4.044
2025-09-16,4.035
2025-09-17,4.085
2025-09-18,4.108
2025-09-19,4.131
2025-09-22,4.153
2025-09-23,4.107
2025-09-24,4.152
2025-09-25,4.168
2025-09-26,4.176
2025-09-28,4.1690
2025-09-29,4.144
2025-09-30,4.152
2025-10-01,4.102
2025-10-02,4.086
2025-10-03,4.121
2025-10-05,4.1480
2025-10-06,4.152
2025-10-07,4.131
2025-10-08,4.121
2025-10-09,4.144
2025-10-10,4.036
2025-10-12,4.0760
2025-10-13,4.053
2025-10-14,4.033
2025-10-15,4.033
2025-10-16,3.973
2025-10-17,4.014
2025-10-19,4.0150
2025-10-20,3.983
2025-10-21,3.974
2025-10-22,3.951
2025-10-23,4.005
2025-10-24,4.023
2025-10-26,4.0250
2025-10-27,3.979
2025-10-28,3.98
2025-10-29,4.076
2025-10-30,4.099
2025-10-31,4.079
2025-11-02,4.0930
2025-11-03,4.113
2025-11-04,4.089
2025-11-05,4.16
2025-11-06,4.088
2025-11-07,4.104
2025-11-09,4.1280
2025-11-10,4.121
2025-11-11,4.127
2025-11-12,4.075
2025-11-13,4.126
2025-11-14,4.147
2025-11-16,4.1540
2025-11-17,4.143
2025-11-18,4.113
2025-11-19,4.142
2025-11-20,4.088
2025-11-21,4.068
2025-11-23,4.0640
2025-11-24,4.032
2025-11-25,4
2025-11-26,3.999
2025-11-27,3.989
2025-11-28,4.018
2025-11-30,4.0310
2025-12-01,4.092
2025-12-02,4.095
2025-12-03,4.067
2025-12-04,4.102
2025-12-05,4.141
2025-12-07,4.1440
2025-12-08,4.167
2025-12-09,4.19
2025-12-10,4.155
2025-12-11,4.161
2025-12-12,4.184
2025-12-14,4.1820
2025-12-15,4.181
2025-12-16,4.145
2025-12-17,4.163
2025-12-18,4.125
2025-12-19,4.144
2025-12-21,4.1540
2025-12-22,4.164
2025-12-23,4.17
2025-12-24,4.135
2025-12-25,4.126
2025-12-26,4.137
2025-12-28,4.1280
2025-12-29,4.111
2025-12-30,4.127
2025-12-31,4.172
2026-01-01,4.168
2026-01-02,4.195
2026-01-04,4.1930
2026-01-05,4.167
2026-01-06,4.169
2026-01-07,4.159
2026-01-08,4.176
2026-01-09,4.175
2026-01-11,4.1790
2026-01-12,4.182
2026-01-13,4.184
2026-01-14,4.136
2026-01-15,4.178
2026-01-16,4.227
2026-01-18,4.2240
2026-01-19,4.226
2026-01-20,4.3
2026-01-21,4.245
2026-01-22,4.246
2026-01-23,4.233
2026-01-25,4.2170
2026-01-26,4.217
2026-01-27,4.25
2026-01-28,4.246
2026-01-29,4.24
2026-01-30,4.238
2026-02-01,4.2460
2026-02-02,4.279
2026-02-03,4.267
2026-02-04,4.28
2026-02-05,4.184
2026-02-06,4.217
2026-02-08,4.2230
2026-02-09,4.212
2026-02-10,4.148
2026-02-11,4.177
2026-02-12,4.104
2026-02-13,4.052
2026-02-15,4.0540
2026-02-16,4.048
2026-02-17,4.064
2026-02-18,4.081
2026-02-19,4.08
2026-02-20,4.091
2026-02-22,4.0960
2026-02-23,4.037
2026-02-24,4.038
2026-02-25,4.049
2026-02-26,4.008
2026-02-27,3.952
2026-03-01,3.9290
2026-03-02,4.04
2026-03-03,4.072
2026-03-04,4.104
2026-03-05,4.14
2026-03-06,4.133
2026-03-08,4.1910
2026-03-09,4.1
2026-03-10,4.164
2026-03-11,4.231
2026-03-12,4.269
2026-03-13,4.282
2026-03-15,4.2620
2026-03-16,4.224
2026-03-17,4.203
2026-03-18,4.265
2026-03-19,4.253
2026-03-20,4.387
2026-03-22,4.4120
2026-03-23,4.351
2026-03-24,4.369
2026-03-25,4.335
2026-03-26,4.424
2026-03-27,4.438
2026-03-29,4.4140
2026-03-30,4.356
2026-03-31,4.318
2026-04-01,4.322
2026-04-02,4.311
2026-04-03,4.32
2026-04-05,4.3630
2026-04-06,4.344
2026-04-07,4.3
2026-04-08,4.301
2026-04-09,4.281
2026-04-10,4.34
2026-04-12,4.3590
2026-04-13,4.293
2026-04-14,4.254
2026-04-15,4.288
2026-04-16,4.32
2026-04-17,4.251
2026-04-19,4.2770
2026-04-20,4.254
2026-04-21,4.299
2026-04-22,4.307
2026-04-23,4.329
2026-04-24,4.307
2026-04-26,4.3280
2026-04-27,4.345
2026-04-28,4.353
2026-04-29,4.434
2026-04-30,4.375
2026-05-01,4.379
2026-05-03,4.3640
2026-05-04,4.442
2026-05-05,4.429
2026-05-06,4.351
2026-05-07,4.395
2026-05-08,4.359
2026-05-10,4.3860
2026-05-11,4.413
2026-05-12,4.457
2026-05-13,4.469
2026-05-14,4.489
2026-05-15,4.596
2026-05-18,4.593
2026-05-19,4.671
2026-05-20,4.592
2026-05-21,4.573
2026-05-22,4.563
2026-05-25,4.489
2026-05-26,4.493
2026-05-27,4.488
2026-05-28,4.448
2026-05-29,4.443
2026-06-01,4.453
2026-06-02,4.446
2026-06-03,4.5
2026-06-04,4.481
2026-06-05,4.522
2026-06-08,4.568
2026-06-09,4.522
2026-06-10,4.559
2026-06-11,4.472
2026-06-12,4.489
2026-06-15,4.481
2026-06-16,4.445
2026-06-17,4.5
2026-06-18,4.46
2026-06-22,4.516
2026-06-23,4.502
2026-06-24,4.391
2026-06-25,4.395
2026-06-26,4.371
2026-06-29,4.379
2026-06-30,4.469
2026-07-01,4.485
2026-07-02,4.49
2026-07-06,4.474
2026-07-07,4.556
2026-07-08,4.577
2026-07-09,4.558
2026-07-10,4.562
2026-07-13,4.62
2026-07-14,4.592
2026-07-15,4.555
2026-07-16,4.564
